ISOTime,flow
01/01/2015,0.044295625
02/01/2015,0.043547768
03/01/2015,0.044295625
04/01/2015,0.043547768
05/01/2015,0.039207432
06/01/2015,0.037816186
07/01/2015,0.038508357
08/01/2015,0.036452488
09/01/2015,0.033162905
10/01/2015,0.031894593
11/01/2015,0.031894593
12/01/2015,0.03065324
13/01/2015,0.03065324
14/01/2015,0.03065324
15/01/2015,0.031270555
16/01/2015,0.03065324
17/01/2015,0.031270555
18/01/2015,0.031270555
19/01/2015,0.031894593
20/01/2015,0.031270555
21/01/2015,0.028250884
22/01/2015,0.028250884
23/01/2015,0.028250884
24/01/2015,0.027089621
25/01/2015,0.025954791
26/01/2015,0.024301825
27/01/2015,0.025397249
28/01/2015,0.028250884
29/01/2015,0.024301825
30/01/2015,0.02651891
31/01/2015,0.0227076
01/02/2015,0.0227076
02/02/2015,0.113782049
03/02/2015,0.241385861
04/02/2015,0.111246914
05/02/2015,0.062557166
06/02/2015,0.051344847
07/02/2015,0.043547768
08/02/2015,0.039913427
09/02/2015,0.037816186
10/02/2015,0.035116206
11/02/2015,0.031894593
12/02/2015,0.031270555
13/02/2015,0.033162905
14/02/2015,0.031894593
15/02/2015,0.029438714
16/02/2015,0.030042631
17/02/2015,0.02766694
18/02/2015,0.028250884
19/02/2015,0.02766694
20/02/2015,0.024846265
21/02/2015,0.024846265
22/02/2015,0.031270555
23/02/2015,0.0227076
24/02/2015,0.021677199
25/02/2015,0.024301825
26/02/2015,0.0227076
27/02/2015,0.020672578
28/02/2015,0.020179893
01/03/2015,0.024301825
02/03/2015,0.022189169
03/03/2015,0.022189169
04/03/2015,0.020179893
05/03/2015,0.019693604
06/03/2015,0.020179893
07/03/2015,0.018740149
08/03/2015,0.017357524
09/03/2015,0.018272949
10/03/2015,0.021171674
11/03/2015,0.021171674
12/03/2015,0.020179893
13/03/2015,0.023763912
14/03/2015,0.051344847
15/03/2015,0.045812458
16/03/2015,0.038508357
17/03/2015,0.033162905
18/03/2015,0.036452488
19/03/2015,0.035116206
20/03/2015,0.031270555
21/03/2015,0.02884147
22/03/2015,0.028250884
23/03/2015,0.025954791
24/03/2015,0.025397249
25/03/2015,0.025397249
26/03/2015,0.025397249
27/03/2015,0.035116206
28/03/2015,0.02766694
29/03/2015,0.025397249
30/03/2015,0.023232509
31/03/2015,0.02884147
01/04/2015,0.031894593
02/04/2015,0.02651891
03/04/2015,0.024846265
04/04/2015,0.024846265
05/04/2015,0.022189169
06/04/2015,0.023763912
07/04/2015,0.07401537
08/04/2015,0.20740993
09/04/2015,0.171516893
10/04/2015,0.139513101
11/04/2015,0.094404351
12/04/2015,0.181368553
13/04/2015,0.111246914
14/04/2015,0.082259712
15/04/2015,0.07401537
16/04/2015,0.066256857
17/04/2015,0.064392157
18/04/2015,0.064392157
19/04/2015,0.065320785
20/04/2015,0.062557166
21/04/2015,0.064392157
22/04/2015,0.063470956
23/04/2015,0.062557166
24/04/2015,0.062557166
25/04/2015,0.064392157
26/04/2015,0.062557166
27/04/2015,0.062557166
28/04/2015,0.062557166
29/04/2015,0.062557166
30/04/2015,0.062557166
01/05/2015,0.061650771
02/05/2015,0.061650771
03/05/2015,0.077049615
04/05/2015,0.073019159
05/05/2015,0.062557166
06/05/2015,0.058098809
07/05/2015,0.058098809
08/05/2015,0.057229141
09/05/2015,0.05636677
10/05/2015,0.058098809
11/05/2015,0.057229141
12/05/2015,0.057229141
13/05/2015,0.058098809
14/05/2015,0.058098809
15/05/2015,0.058098809
16/05/2015,0.161982722
17/05/2015,0.479633914
18/05/2015,0.482605661
19/05/2015,0.184723604
20/05/2015,0.108744304
21/05/2015,0.086566689
22/05/2015,0.086566689
23/05/2015,0.080152622
24/05/2015,0.081202314
25/05/2015,0.078076288
26/05/2015,0.079110618
27/05/2015,0.077049615
28/05/2015,0.077049615
29/05/2015,0.076030581
30/05/2015,0.079110618
31/05/2015,0.078076288
01/06/2015,0.077049615
02/06/2015,0.096714557
03/06/2015,0.095555495
04/06/2015,0.081202314
05/06/2015,0.078076288
06/06/2015,0.079110618
07/06/2015,0.081202314
08/06/2015,0.078076288
09/06/2015,0.077049615
10/06/2015,0.07401537
11/06/2015,0.072030523
12/06/2015,0.072030523
13/06/2015,0.072030523
14/06/2015,0.070075909
15/06/2015,0.069109898
16/06/2015,0.068151397
17/06/2015,0.070075909
18/06/2015,0.099056503
19/06/2015,0.385059743
20/06/2015,0.184723604
21/06/2015,0.897941893
22/06/2015,0.428015474
23/06/2015,0.231644805
24/06/2015,0.188114456
25/06/2015,0.171516893
26/06/2015,0.161982722
27/06/2015,0.152762504
28/06/2015,0.145316262
29/06/2015,0.139513101
30/06/2015,0.135249778
01/07/2015,0.133845545
02/07/2015,0.146788363
03/07/2015,0.161982722
04/07/2015,0.13808354
05/07/2015,0.136662438
06/07/2015,0.140951138
07/07/2015,0.186414547
08/07/2015,0.165125721
09/07/2015,0.136662438
10/07/2015,0.131062291
11/07/2015,0.126950197
12/07/2015,0.12158392
13/07/2015,0.120263048
14/07/2015,0.117646025
15/07/2015,0.116349842
16/07/2015,0.112510408
17/07/2015,0.111246914
18/07/2015,0.115061855
19/07/2015,0.116349842
20/07/2015,0.442000432
21/07/2015,0.291470311
22/07/2015,0.196749073
23/07/2015,0.25136336
24/07/2015,0.191541239
25/07/2015,0.168303734
26/07/2015,0.15733359
27/07/2015,0.152762504
28/07/2015,0.186414547
29/07/2015,0.181368553
30/07/2015,0.176402816
31/07/2015,0.362081491
01/08/2015,0.227814129
02/08/2015,0.176402816
03/08/2015,0.165125721
04/08/2015,0.161982722
05/08/2015,0.15733359
06/08/2015,0.15733359
07/08/2015,0.165125721
08/08/2015,0.249348846
09/08/2015,0.241385861
10/08/2015,0.272035876
11/08/2015,0.220264763
12/08/2015,0.183041612
13/08/2015,0.176402816
14/08/2015,0.171516893
15/08/2015,0.166710342
16/08/2015,0.160424312
17/08/2015,0.218400656
18/08/2015,0.205610309
19/08/2015,0.265732981
20/08/2015,0.433577089
21/08/2015,0.398191801
22/08/2015,0.374743003
23/08/2015,0.272035876
24/08/2015,0.245348373
25/08/2015,0.24336238
26/08/2015,0.222138147
27/08/2015,0.209218715
28/08/2015,0.222138147
29/08/2015,0.216545811
30/08/2015,0.282734987
31/08/2015,0.241385861
01/09/2015,0.25136336
02/09/2015,0.212863839
03/09/2015,0.200266258
04/09/2015,0.202038489
05/09/2015,0.342360003
06/09/2015,0.25136336
07/09/2015,0.218400656
08/09/2015,0.202038489
09/09/2015,0.193268146
10/09/2015,0.227814129
11/09/2015,0.261579349
12/09/2015,0.444829858
13/09/2015,0.406197758
14/09/2015,0.300363247
15/09/2015,0.257464204
16/09/2015,0.231644805
17/09/2015,0.216545811
18/09/2015,0.205610309
19/09/2015,0.195004085
20/09/2015,0.183041612
21/09/2015,0.178049171
22/09/2015,0.179704412
23/09/2015,0.171516893
24/09/2015,0.165125721
25/09/2015,0.161982722
26/09/2015,0.155801245
27/09/2015,0.152762504
28/09/2015,0.148269022
29/09/2015,0.146788363
30/09/2015,0.143852702
01/10/2015,0.139513101
02/10/2015,0.133845545
03/10/2015,0.129683238
04/10/2015,0.129683238
05/10/2015,0.136662438
06/10/2015,0.126950197
07/10/2015,0.118950421
08/10/2015,0.117646025
09/10/2015,0.112510408
10/10/2015,0.108744304
11/10/2015,0.106274089
12/10/2015,0.103836138
13/10/2015,0.103836138
14/10/2015,0.106274089
15/10/2015,0.102629221
16/10/2015,0.097881555
17/10/2015,0.097881555
18/10/2015,0.100239419
19/10/2015,0.106274089
20/10/2015,0.099056503
21/10/2015,0.094404351
22/10/2015,0.094404351
23/10/2015,0.09326111
24/10/2015,0.090998267
25/10/2015,0.088766838
26/10/2015,0.086566689
27/10/2015,0.086566689
28/10/2015,0.090998267
29/10/2015,0.086566689
30/10/2015,0.087662861
31/10/2015,0.160424312
01/11/2015,0.109991552
02/11/2015,0.220264763
03/11/2015,0.151256076
04/11/2015,0.117646025
05/11/2015,0.106274089
06/11/2015,0.109991552
07/11/2015,0.105051089
08/11/2015,0.095555495
09/11/2015,0.089878634
10/11/2015,0.083324832
11/11/2015,0.081202314
12/11/2015,0.078076288
13/11/2015,0.07401537
14/11/2015,0.071049445
15/11/2015,0.070075909
16/11/2015,0.069109898
17/11/2015,0.071049445
18/11/2015,0.075019172
19/11/2015,0.076030581
20/11/2015,0.069109898
21/11/2015,0.064392157
22/11/2015,0.061650771
23/11/2015,0.062557166
24/11/2015,0.061650771
25/11/2015,0.05897579
26/11/2015,0.057229141
27/11/2015,0.055511678
28/11/2015,0.05382327
29/11/2015,0.05298992
30/11/2015,0.05466385
01/12/2015,0.05298992
02/12/2015,0.05298992
03/12/2015,0.049728502
04/12/2015,0.049728502
05/12/2015,0.108744304
06/12/2015,0.117646025
07/12/2015,0.086566689
08/12/2015,0.070075909
09/12/2015,0.061650771
10/12/2015,0.055511678
11/12/2015,0.05298992
12/12/2015,0.051344847
13/12/2015,0.049728502
14/12/2015,0.052163785
15/12/2015,0.05298992
16/12/2015,0.04893106
17/12/2015,0.04735756
18/12/2015,0.046581467
19/12/2015,0.044295625
20/12/2015,0.043547768
21/12/2015,0.042806929
22/12/2015,0.039913427
23/12/2015,0.039207432
24/12/2015,0.036452488
25/12/2015,0.032525371
26/12/2015,0.031270555
27/12/2015,0.039207432
28/12/2015,0.031270555
29/12/2015,0.03065324
30/12/2015,0.030042631
31/12/2015,0.028250884
01/01/2016,0.025954791
02/01/2016,0.03065324
03/01/2016,0.025954791
04/01/2016,0.025954791
05/01/2016,0.028250884
06/01/2016,0.02884147
07/01/2016,0.027089621
08/01/2016,0.024301825
09/01/2016,0.0227076
10/01/2016,0.025397249
11/01/2016,0.028250884
12/01/2016,0.029438714
13/01/2016,0.027089621
14/01/2016,0.023232509
15/01/2016,0.021171674
16/01/2016,0.020672578
17/01/2016,0.020672578
18/01/2016,0.023763912
19/01/2016,0.034458306
20/01/2016,0.064392157
21/01/2016,0.037816186
22/01/2016,0.030042631
23/01/2016,0.02884147
24/01/2016,0.028250884
25/01/2016,0.075019172
26/01/2016,0.05298992
27/01/2016,0.034458306
28/01/2016,0.029438714
29/01/2016,0.028250884
30/01/2016,0.033807211
31/01/2016,0.05298992
01/02/2016,0.036452488
02/02/2016,0.03065324
03/02/2016,0.031270555
04/02/2016,0.025954791
05/02/2016,0.023763912
06/02/2016,0.021677199
07/02/2016,0.021677199
08/02/2016,0.019213695
09/02/2016,0.018272949
10/02/2016,0.018272949
11/02/2016,0.017357524
12/02/2016,0.017357524
13/02/2016,0.016031578
14/02/2016,0.014761867
15/02/2016,0.01781208
16/02/2016,0.016031578
17/02/2016,0.014761867
18/02/2016,0.013547949
19/02/2016,0.012769448
20/02/2016,0.012015418
21/02/2016,0.016909267
22/02/2016,0.021171674
23/02/2016,0.020672578
24/02/2016,0.020672578
25/02/2016,0.018740149
26/02/2016,0.016909267
27/02/2016,0.017357524
28/02/2016,0.01646729
29/02/2016,0.019213695
01/03/2016,0.021677199
02/03/2016,0.019213695
03/03/2016,0.01646729
04/03/2016,0.015178883
05/03/2016,0.014761867
06/03/2016,0.016031578
07/03/2016,0.014761867
08/03/2016,0.013946416
09/03/2016,0.012389382
10/03/2016,0.011647537
11/03/2016,0.012015418
12/03/2016,0.011647537
13/03/2016,0.011285725
14/03/2016,0.010580241
15/03/2016,0.012769448
16/03/2016,0.015602114
17/03/2016,0.012769448
18/03/2016,0.008607723
19/03/2016,0.012389382
20/03/2016,0.01781208
21/03/2016,0.01435105
22/03/2016,0.013155632
23/03/2016,0.013155632
24/03/2016,0.013946416
25/03/2016,0.013547949
26/03/2016,0.055511678
27/03/2016,0.124250468
28/03/2016,0.040626357
29/03/2016,0.028250884
30/03/2016,0.024301825
31/03/2016,0.022189169
01/04/2016,0.021677199
02/04/2016,0.024301825
03/04/2016,0.021677199
04/04/2016,0.021171674
05/04/2016,0.020672578
06/04/2016,0.019213695
07/04/2016,0.018740149
08/04/2016,0.018272949
09/04/2016,0.025397249
10/04/2016,0.072030523
11/04/2016,0.038508357
12/04/2016,0.045812458
13/04/2016,0.039207432
14/04/2016,0.031894593
15/04/2016,0.02884147
16/04/2016,0.027089621
17/04/2016,0.028250884
18/04/2016,0.033162905
19/04/2016,0.163549853
20/04/2016,0.064392157
21/04/2016,0.044295625
22/04/2016,0.037130901
23/04/2016,0.033162905
24/04/2016,0.031270555
25/04/2016,0.052163785
26/04/2016,0.069109898
27/04/2016,0.049728502
28/04/2016,0.04893106
29/04/2016,0.058098809
30/04/2016,0.051344847
01/05/2016,0.044295625
02/05/2016,0.040626357
03/05/2016,0.040626357
04/05/2016,0.039913427
05/05/2016,0.037816186
06/05/2016,0.046581467
07/05/2016,0.330366461
08/05/2016,0.103836138
09/05/2016,0.065320785
10/05/2016,0.057229141
11/05/2016,0.05298992
12/05/2016,0.05298992
13/05/2016,0.052163785
14/05/2016,0.077049615
15/05/2016,0.063470956
16/05/2016,0.05382327
17/05/2016,0.049728502
18/05/2016,0.04893106
19/05/2016,0.049728502
20/05/2016,0.049728502
21/05/2016,0.534831274
22/05/2016,0.300363247
23/05/2016,0.140951138
24/05/2016,0.307137013
25/05/2016,0.166710342
26/05/2016,0.140951138
27/05/2016,0.113782049
28/05/2016,0.118950421
29/05/2016,0.107505156
30/05/2016,0.097881555
31/05/2016,0.094404351
01/06/2016,0.089878634
02/06/2016,0.086566689
03/06/2016,0.085478305
04/06/2016,0.124250468
05/06/2016,0.094404351
06/06/2016,0.095555495
07/06/2016,0.293678728
08/06/2016,0.133845545
09/06/2016,0.106274089
10/06/2016,0.102629221
11/06/2016,0.100239419
12/06/2016,0.129683238
13/06/2016,0.479633914
14/06/2016,0.188114456
15/06/2016,0.143852702
16/06/2016,0.131062291
17/06/2016,0.125596177
18/06/2016,0.120263048
19/06/2016,0.128312545
20/06/2016,0.166710342
21/06/2016,0.146788363
22/06/2016,0.133845545
23/06/2016,0.133845545
24/06/2016,0.118950421
25/06/2016,0.191541239
26/06/2016,0.152762504
27/06/2016,0.124250468
28/06/2016,0.202038489
29/06/2016,0.205610309
30/06/2016,0.136662438
01/07/2016,0.124250468
02/07/2016,0.12158392
03/07/2016,0.120263048
04/07/2016,0.115061855
05/07/2016,0.112510408
06/07/2016,0.111246914
07/07/2016,0.112510408
08/07/2016,0.171516893
09/07/2016,0.442000432
10/07/2016,0.631530015
11/07/2016,0.274156226
12/07/2016,0.216545811
13/07/2016,0.200266258
14/07/2016,0.196749073
15/07/2016,0.188114456
16/07/2016,0.332744846
17/07/2016,0.696522541
18/07/2016,0.430790898
19/07/2016,0.289271745
20/07/2016,0.26782427
21/07/2016,0.425250802
22/07/2016,0.35958028
23/07/2016,0.28057566
24/07/2016,0.261579349
25/07/2016,0.253387413
26/07/2016,0.2394188
27/07/2016,0.224020825
28/07/2016,0.220264763
29/07/2016,0.220264763
30/07/2016,0.216545811
31/07/2016,0.255421022
01/08/2016,0.222138147
02/08/2016,0.205610309
03/08/2016,0.203819834
04/08/2016,0.23746118
05/08/2016,0.233574199
06/08/2016,0.235512985
07/08/2016,0.330366461
08/08/2016,0.450521274
09/08/2016,0.38766511
10/08/2016,0.337532068
11/08/2016,0.300363247
12/08/2016,0.32095405
13/08/2016,0.269925229
14/08/2016,0.257464204
15/08/2016,0.287083013
16/08/2016,0.29812518
17/08/2016,0.450521274
18/08/2016,0.550811889
19/08/2016,0.403518507
20/08/2016,0.419753646
21/08/2016,0.40888763
22/08/2016,0.411588138
23/08/2016,0.339940938
24/08/2016,0.304869147
25/08/2016,0.284904099
26/08/2016,0.291470311
27/08/2016,1.151840973
28/08/2016,0.749780117
29/08/2016,0.557283979
30/08/2016,0.464940542
31/08/2016,0.531669239
01/09/2016,0.479633914
02/09/2016,0.425250802
03/09/2016,0.382464865
04/09/2016,0.349678529
05/09/2016,0.327998206
06/09/2016,0.323292016
07/09/2016,0.428015474
08/09/2016,0.40888763
09/09/2016,0.342360003
10/09/2016,0.32095405
11/09/2016,0.304869147
12/09/2016,0.282734987
13/09/2016,0.26782427
14/09/2016,0.257464204
15/09/2016,0.259516974
16/09/2016,0.29812518
17/09/2016,0.255421022
18/09/2016,0.261579349
19/09/2016,0.433577089
20/09/2016,0.330366461
21/09/2016,0.309414843
22/09/2016,0.309414843
23/09/2016,0.327998206
24/09/2016,0.293678728
25/09/2016,0.406197758
26/09/2016,0.357089395
27/09/2016,0.382464865
28/09/2016,0.398191801
29/09/2016,0.330366461
30/09/2016,0.325640063
01/10/2016,0.349678529
02/10/2016,0.309414843
03/10/2016,0.287083013
04/10/2016,0.289271745
05/10/2016,0.274156226
06/10/2016,0.263651346
07/10/2016,0.25136336
08/10/2016,0.332744846
09/10/2016,0.347228782
10/10/2016,0.282734987
11/10/2016,0.261579349
12/10/2016,0.249348846
13/10/2016,0.241385861
14/10/2016,0.233574199
15/10/2016,0.263651346
16/10/2016,0.241385861
17/10/2016,0.222138147
18/10/2016,0.211036679
19/10/2016,0.203819834
20/10/2016,0.211036679
21/10/2016,0.189823348
22/10/2016,0.184723604
23/10/2016,0.183041612
24/10/2016,0.178049171
25/10/2016,0.171516893
26/10/2016,0.168303734
27/10/2016,0.165125721
28/10/2016,0.166710342
29/10/2016,0.176402816
30/10/2016,0.168303734
31/10/2016,0.15733359
01/11/2016,0.154277555
02/11/2016,0.151256076
03/11/2016,0.148269022
04/11/2016,0.143852702
05/11/2016,0.142397666
06/11/2016,0.13808354
07/11/2016,0.133845545
08/11/2016,0.136662438
09/11/2016,0.132449721
10/11/2016,0.129683238
11/11/2016,0.128312545
12/11/2016,0.124250468
13/11/2016,0.122913055
14/11/2016,0.118950421
15/11/2016,0.117646025
16/11/2016,0.155801245
17/11/2016,0.166710342
18/11/2016,0.132449721
19/11/2016,0.12158392
20/11/2016,0.113782049
21/11/2016,0.109991552
22/11/2016,0.107505156
23/11/2016,0.105051089
24/11/2016,0.10143032
25/11/2016,0.096714557
26/11/2016,0.094404351
27/11/2016,0.092125754
28/11/2016,0.090998267
29/11/2016,0.088766838
30/11/2016,0.088766838
01/12/2016,0.087662861
02/12/2016,0.085478305
03/12/2016,0.083324832
04/12/2016,0.083324832
05/12/2016,0.079110618
06/12/2016,0.077049615
07/12/2016,0.076030581
08/12/2016,0.07401537
09/12/2016,0.073019159
10/12/2016,0.071049445
11/12/2016,0.072030523
12/12/2016,0.143852702
13/12/2016,0.117646025
14/12/2016,0.089878634
15/12/2016,0.079110618
16/12/2016,0.073019159
17/12/2016,0.069109898
18/12/2016,0.069109898
19/12/2016,0.069109898
20/12/2016,0.067200389
21/12/2016,0.063470956
22/12/2016,0.061650771
23/12/2016,0.059860099
24/12/2016,0.060751754
25/12/2016,0.058098809
26/12/2016,0.055511678
27/12/2016,0.05466385
28/12/2016,0.055511678
29/12/2016,0.055511678
30/12/2016,0.057229141
31/12/2016,0.058098809
01/01/2017,0.055511678
02/01/2017,0.052163785
03/01/2017,0.050533092
04/01/2017,0.04893106
05/01/2017,0.049728502
06/01/2017,0.04735756
07/01/2017,0.04735756
08/01/2017,0.04735756
09/01/2017,0.048140752
10/01/2017,0.045812458
11/01/2017,0.043547768
12/01/2017,0.042073092
13/01/2017,0.04134624
14/01/2017,0.040626357
15/01/2017,0.039207432
16/01/2017,0.037130901
17/01/2017,0.039913427
18/01/2017,0.038508357
19/01/2017,0.036452488
20/01/2017,0.034458306
21/01/2017,0.035116206
22/01/2017,0.034458306
23/01/2017,0.032525371
24/01/2017,0.031894593
25/01/2017,0.032525371
26/01/2017,0.029438714
27/01/2017,0.03065324
28/01/2017,0.036452488
29/01/2017,0.031894593
30/01/2017,0.145316262
31/01/2017,0.357089395
01/02/2017,0.184723604
02/02/2017,0.111246914
03/02/2017,0.088766838
04/02/2017,0.077049615
05/02/2017,0.069109898
06/02/2017,0.061650771
07/02/2017,0.059860099
08/02/2017,0.05636677
09/02/2017,0.109991552
10/02/2017,1.469483887
11/02/2017,0.485588471
12/02/2017,1.187648186
13/02/2017,1.653067377
14/02/2017,0.385059743
15/02/2017,0.193268146
16/02/2017,0.169905912
17/02/2017,0.152762504
18/02/2017,0.140951138
19/02/2017,0.133845545
20/02/2017,0.129683238
21/02/2017,0.124250468
22/02/2017,0.116349842
23/02/2017,0.112510408
24/02/2017,0.108744304
25/02/2017,0.106274089
26/02/2017,0.106274089
27/02/2017,0.102629221
28/02/2017,0.097881555
01/03/2017,0.096714557
02/03/2017,0.152762504
03/03/2017,0.124250468
04/03/2017,0.108744304
05/03/2017,0.097881555
06/03/2017,0.092125754
07/03/2017,0.088766838
08/03/2017,0.084397691
09/03/2017,0.080152622
10/03/2017,0.079110618
11/03/2017,0.075019172
12/03/2017,0.085478305
13/03/2017,0.115061855
14/03/2017,0.099056503
15/03/2017,0.090998267
16/03/2017,0.082259712
17/03/2017,0.079110618
18/03/2017,0.080152622
19/03/2017,0.079110618
20/03/2017,0.078076288
21/03/2017,0.089878634
22/03/2017,0.105051089
23/03/2017,0.090998267
24/03/2017,0.082259712
25/03/2017,0.079110618
26/03/2017,0.077049615
27/03/2017,0.073019159
28/03/2017,0.072030523
29/03/2017,0.070075909
30/03/2017,0.067200389
31/03/2017,0.066256857
01/04/2017,0.066256857
02/04/2017,0.065320785
03/04/2017,0.063470956
04/04/2017,0.062557166
05/04/2017,0.061650771
06/04/2017,0.062557166
07/04/2017,0.060751754
08/04/2017,0.059860099
09/04/2017,0.059860099
10/04/2017,0.05897579
11/04/2017,0.058098809
12/04/2017,0.060751754
13/04/2017,0.063470956
14/04/2017,0.067200389
15/04/2017,0.067200389
16/04/2017,0.067200389
17/04/2017,0.067200389
18/04/2017,0.070075909
19/04/2017,0.070075909
20/04/2017,0.066256857
21/04/2017,0.065320785
22/04/2017,0.062557166
23/04/2017,0.062557166
24/04/2017,0.061650771
25/04/2017,0.059860099
26/04/2017,0.05636677
27/04/2017,0.05298992
28/04/2017,0.055511678
29/04/2017,0.05466385
30/04/2017,0.05466385
01/05/2017,0.057229141
02/05/2017,0.05466385
03/05/2017,0.057229141
04/05/2017,0.05466385
05/05/2017,0.118950421
06/05/2017,0.085478305
07/05/2017,0.064392157
08/05/2017,0.05897579
09/05/2017,0.05897579
10/05/2017,0.05636677
11/05/2017,0.05466385
12/05/2017,0.055511678
13/05/2017,0.055511678
14/05/2017,0.058098809
15/05/2017,0.100239419
16/05/2017,0.094404351
17/05/2017,0.068151397
18/05/2017,0.062557166
19/05/2017,0.077049615
20/05/2017,0.178049171
21/05/2017,0.369647241
22/05/2017,0.235512985
23/05/2017,0.169905912
24/05/2017,0.155801245
25/05/2017,0.122913055
26/05/2017,0.115061855
27/05/2017,0.113782049
28/05/2017,0.111246914
29/05/2017,0.108744304
30/05/2017,0.106274089
31/05/2017,0.103836138
01/06/2017,0.100239419
02/06/2017,0.099056503
03/06/2017,0.099056503
04/06/2017,0.097881555
05/06/2017,0.094404351
06/06/2017,0.090998267
07/06/2017,0.083324832
08/06/2017,0.079110618
09/06/2017,0.077049615
10/06/2017,0.076030581
11/06/2017,0.076030581
12/06/2017,0.075019172
13/06/2017,0.07401537
14/06/2017,0.189823348
15/06/2017,0.106274089
16/06/2017,0.089878634
17/06/2017,0.086566689
18/06/2017,0.083324832
19/06/2017,0.082259712
20/06/2017,0.082259712
21/06/2017,0.082259712
22/06/2017,0.570365755
23/06/2017,0.227814129
24/06/2017,0.146788363
25/06/2017,0.125596177
26/06/2017,0.117646025
27/06/2017,0.120263048
28/06/2017,0.111246914
29/06/2017,0.106274089
30/06/2017,0.107505156
01/07/2017,0.241385861
02/07/2017,0.282734987
03/07/2017,0.169905912
04/07/2017,0.169905912
05/07/2017,0.357089395
06/07/2017,0.282734987
07/07/2017,0.304869147
08/07/2017,0.229724788
09/07/2017,0.189823348
10/07/2017,0.179704412
11/07/2017,0.189823348
12/07/2017,0.211036679
13/07/2017,0.257464204
14/07/2017,0.198503125
15/07/2017,0.186414547
16/07/2017,0.209218715
17/07/2017,0.173136693
18/07/2017,0.165125721
19/07/2017,0.253387413
20/07/2017,0.473723542
21/07/2017,0.289271745
22/07/2017,0.293678728
23/07/2017,0.337532068
24/07/2017,0.390280983
25/07/2017,0.323292016
26/07/2017,0.509851159
27/07/2017,0.491587342
28/07/2017,0.56707807
29/07/2017,0.56380189
30/07/2017,0.580297999
31/07/2017,0.730484247
01/08/2017,1.092028784
02/08/2017,0.63856061
03/08/2017,0.528518528
04/08/2017,0.494603438
05/08/2017,0.436374064
06/08/2017,0.38766511
07/08/2017,0.354608819
08/08/2017,0.40888763
09/08/2017,2.004056781
10/08/2017,1.405522383
11/08/2017,0.884965626
12/08/2017,1.857198351
13/08/2017,1.469483887
14/08/2017,1.684987431
15/08/2017,1.394083235
16/08/2017,1.053245082
17/08/2017,0.817705834
18/08/2017,0.707733527
19/08/2017,0.719053948
20/08/2017,0.65993728
21/08/2017,0.570365755
22/08/2017,0.528518528
23/08/2017,0.491587342
24/08/2017,0.459140057
25/08/2017,0.442000432
26/08/2017,0.422496865
27/08/2017,0.406197758
28/08/2017,0.395544312
29/08/2017,0.392907379
30/08/2017,0.390280983
31/08/2017,0.450521274
01/09/2017,0.700247404
02/09/2017,0.63856061
03/09/2017,0.506779261
04/09/2017,0.442000432
05/09/2017,0.411588138
06/09/2017,0.395544312
07/09/2017,0.382464865
08/09/2017,0.367114956
09/09/2017,0.357089395
10/09/2017,0.364593044
11/09/2017,0.422496865
12/09/2017,0.422496865
13/09/2017,0.35958028
14/09/2017,0.342360003
15/09/2017,0.330366461
16/09/2017,0.314000466
17/09/2017,0.302611231
18/09/2017,0.29812518
19/09/2017,0.29812518
20/09/2017,0.38766511
21/09/2017,0.40888763
22/09/2017,0.628032449
23/09/2017,0.586977318
24/09/2017,0.554042214
25/09/2017,0.821814241
26/09/2017,0.722851817
27/09/2017,0.56707807
28/09/2017,0.550811889
29/09/2017,0.547592986
30/09/2017,0.45625622
01/10/2017,0.414299299
02/10/2017,0.392907379
03/10/2017,0.364593044
04/10/2017,0.339940938
05/10/2017,0.325640063
06/10/2017,0.32095405
07/10/2017,0.325640063
08/10/2017,0.314000466
09/10/2017,0.302611231
10/10/2017,0.300363247
11/10/2017,0.295897012
12/10/2017,0.28057566
13/10/2017,0.276286296
14/10/2017,0.28057566
15/10/2017,0.276286296
16/10/2017,0.302611231
17/10/2017,0.364593044
18/10/2017,0.395544312
19/10/2017,0.318626147
20/10/2017,0.284904099
21/10/2017,0.269925229
22/10/2017,0.269925229
23/10/2017,0.257464204
24/10/2017,0.245348373
25/10/2017,0.233574199
26/10/2017,0.25136336
27/10/2017,0.24336238
28/10/2017,0.235512985
29/10/2017,0.227814129
30/10/2017,0.216545811
31/10/2017,0.209218715
01/11/2017,0.202038489
02/11/2017,0.196749073
03/11/2017,0.195004085
04/11/2017,0.189823348
05/11/2017,0.184723604
06/11/2017,0.178049171
07/11/2017,0.174765328
08/11/2017,0.176402816
09/11/2017,0.176402816
10/11/2017,0.166710342
11/11/2017,0.163549853
12/11/2017,0.158874607
13/11/2017,0.15733359
14/11/2017,0.149758254
15/11/2017,0.146788363
16/11/2017,0.146788363
17/11/2017,0.149758254
18/11/2017,0.155801245
19/11/2017,0.149758254
20/11/2017,0.143852702
21/11/2017,0.139513101
22/11/2017,0.132449721
23/11/2017,0.131062291
24/11/2017,0.128312545
25/11/2017,0.126950197
26/11/2017,0.126950197
27/11/2017,0.125596177
28/11/2017,0.12158392
29/11/2017,0.117646025
30/11/2017,0.112510408
01/12/2017,0.108744304
02/12/2017,0.107505156
03/12/2017,0.102629221
04/12/2017,0.131062291
05/12/2017,0.122913055
06/12/2017,0.107505156
07/12/2017,0.100239419
08/12/2017,0.094404351
09/12/2017,0.096714557
10/12/2017,0.095555495
11/12/2017,0.087662861
12/12/2017,0.085478305
13/12/2017,0.084397691
14/12/2017,0.082259712
15/12/2017,0.082259712
16/12/2017,0.082259712
17/12/2017,0.102629221
18/12/2017,0.257464204
19/12/2017,0.189823348
20/12/2017,0.128312545
21/12/2017,0.115061855
22/12/2017,0.100239419
23/12/2017,0.088766838
24/12/2017,0.082259712
25/12/2017,0.082259712
26/12/2017,0.083324832
27/12/2017,0.080152622
28/12/2017,0.075019172
29/12/2017,0.073019159
30/12/2017,0.071049445
31/12/2017,0.070075909
01/01/2018,0.067200389
02/01/2018,0.065320785
03/01/2018,0.064392157
04/01/2018,0.065320785
05/01/2018,0.071049445
06/01/2018,0.067200389
07/01/2018,0.066256857
08/01/2018,0.065320785
09/01/2018,0.062557166
10/01/2018,0.063470956
11/01/2018,0.062557166
12/01/2018,0.057229141
13/01/2018,0.05636677
14/01/2018,0.05636677
15/01/2018,0.362081491
16/01/2018,1.49318436
17/01/2018,0.482605661
18/01/2018,0.385059743
19/01/2018,0.314000466
20/01/2018,0.342360003
21/01/2018,0.269925229
22/01/2018,0.229724788
23/01/2018,0.20740993
24/01/2018,0.188114456
25/01/2018,0.173136693
26/01/2018,0.161982722
27/01/2018,0.15733359
28/01/2018,0.148269022
29/01/2018,0.13808354
30/01/2018,0.133845545
31/01/2018,0.128312545
01/02/2018,0.126950197
02/02/2018,0.124250468
03/02/2018,0.126950197
04/02/2018,0.118950421
05/02/2018,0.113782049
06/02/2018,0.108744304
07/02/2018,0.105051089
08/02/2018,0.097881555
09/02/2018,0.096714557
10/02/2018,0.096714557
11/02/2018,0.095555495
12/02/2018,0.09326111
13/02/2018,0.089878634
14/02/2018,0.089878634
15/02/2018,0.088766838
16/02/2018,0.087662861
17/02/2018,0.087662861
18/02/2018,0.086566689
19/02/2018,0.084397691
20/02/2018,0.080152622
21/02/2018,0.078076288
22/02/2018,0.079110618
23/02/2018,0.077049615
24/02/2018,0.073019159
25/02/2018,0.07401537
26/02/2018,0.076030581
27/02/2018,0.07401537
28/02/2018,0.070075909
01/03/2018,0.067200389
02/03/2018,0.072030523
03/03/2018,0.067200389
04/03/2018,0.066256857
05/03/2018,0.065320785
06/03/2018,0.062557166
07/03/2018,0.060751754
08/03/2018,0.061650771
09/03/2018,0.062557166
10/03/2018,0.060751754
11/03/2018,0.05636677
12/03/2018,0.05636677
13/03/2018,0.055511678
14/03/2018,0.055511678
15/03/2018,0.057229141
16/03/2018,0.05636677
17/03/2018,0.05382327
18/03/2018,0.055511678
19/03/2018,0.057229141
20/03/2018,0.060751754
21/03/2018,0.059860099
22/03/2018,0.055511678
23/03/2018,0.050533092
24/03/2018,0.04735756
25/03/2018,0.048140752
26/03/2018,0.051344847
27/03/2018,0.05382327
28/03/2018,0.049728502
29/03/2018,0.04893106
30/03/2018,0.04893106
31/03/2018,0.04735756
01/04/2018,0.04735756
02/04/2018,0.04735756
03/04/2018,0.045812458
04/04/2018,0.045050516
05/04/2018,0.044295625
06/04/2018,0.043547768
07/04/2018,0.044295625
08/04/2018,0.04735756
09/04/2018,0.046581467
10/04/2018,0.045812458
11/04/2018,0.046581467
12/04/2018,0.050533092
13/04/2018,0.052163785
14/04/2018,0.050533092
15/04/2018,0.049728502
16/04/2018,0.04893106
17/04/2018,0.049728502
18/04/2018,0.058098809
19/04/2018,0.060751754
20/04/2018,0.055511678
21/04/2018,0.05382327
22/04/2018,0.078076288
23/04/2018,0.078076288
24/04/2018,0.063470956
25/04/2018,0.058098809
26/04/2018,0.05466385
27/04/2018,0.052163785
28/04/2018,0.049728502
29/04/2018,0.049728502
30/04/2018,0.04735756
01/05/2018,0.044295625
02/05/2018,0.04893106
03/05/2018,0.063470956
04/05/2018,0.059860099
05/05/2018,0.05636677
06/05/2018,0.059860099
07/05/2018,0.05897579
08/05/2018,0.05636677
09/05/2018,0.05298992
10/05/2018,0.050533092
11/05/2018,0.050533092
12/05/2018,0.052163785
13/05/2018,0.05466385
14/05/2018,0.05466385
15/05/2018,0.061650771
16/05/2018,0.042806929
17/05/2018,0.037816186
18/05/2018,0.039913427
19/05/2018,0.039913427
20/05/2018,0.039913427
21/05/2018,0.040626357
22/05/2018,0.040626357
23/05/2018,0.04134624
24/05/2018,0.050533092
25/05/2018,0.450521274
26/05/2018,0.385059743
27/05/2018,0.188114456
28/05/2018,0.136662438
29/05/2018,0.109991552
30/05/2018,0.097881555
31/05/2018,0.118950421
01/06/2018,0.126950197
02/06/2018,0.099056503
03/06/2018,0.092125754
04/06/2018,0.09326111
05/06/2018,0.15733359
06/06/2018,0.214700211
07/06/2018,0.419753646
08/06/2018,0.227814129
09/06/2018,0.165125721
10/06/2018,0.859360407
11/06/2018,0.330366461
12/06/2018,0.289271745
13/06/2018,0.274156226
14/06/2018,0.220264763
15/06/2018,0.200266258
16/06/2018,0.193268146
17/06/2018,0.183041612
18/06/2018,0.349678529
19/06/2018,0.25136336
20/06/2018,0.284904099
21/06/2018,0.233574199
22/06/2018,0.205610309
23/06/2018,0.195004085
24/06/2018,0.184723604
25/06/2018,0.178049171
26/06/2018,0.179704412
27/06/2018,0.364593044
28/06/2018,0.362081491
29/06/2018,0.263651346
30/06/2018,0.225912814
01/07/2018,0.214700211
02/07/2018,0.390280983
03/07/2018,0.516028601
04/07/2018,0.447670133
05/07/2018,0.547592986
06/07/2018,0.442000432
07/07/2018,0.354608819
08/07/2018,0.309414843
09/07/2018,0.289271745
10/07/2018,0.274156226
11/07/2018,0.265732981
12/07/2018,0.253387413
13/07/2018,0.339940938
14/07/2018,0.354608819
15/07/2018,0.621072698
16/07/2018,0.512934267
17/07/2018,0.433577089
18/07/2018,0.37988046
19/07/2018,0.344789279
20/07/2018,0.32095405
21/07/2018,0.753676245
22/07/2018,0.880665985
23/07/2018,0.597083358
24/07/2018,0.607294265
25/07/2018,0.722851817
26/07/2018,1.048457977
27/07/2018,0.80952686
28/07/2018,0.685420549
29/07/2018,0.576975703
30/07/2018,0.522251014
31/07/2018,0.467857223
01/08/2018,0.777313059
02/08/2018,1.578011282
03/08/2018,1.354503685
04/08/2018,2.75938417
05/08/2018,1.87774902
06/08/2018,1.146781041
07/08/2018,0.955522688
08/08/2018,0.893603563
09/08/2018,1.743411078
10/08/2018,1.64040625
11/08/2018,1.167103715
12/08/2018,0.924243956
13/08/2018,0.797352745
14/08/2018,1.299187098
15/08/2018,1.082251485
16/08/2018,0.893603563
17/08/2018,0.797352745
18/08/2018,0.681744029
19/08/2018,0.635039396
20/08/2018,0.617610481
21/08/2018,0.711494819
22/08/2018,0.805456258
23/08/2018,0.667158235
24/08/2018,0.583631865
25/08/2018,0.554042214
26/08/2018,0.534831274
27/08/2018,0.519134178
28/08/2018,0.867844179
29/08/2018,1.691417385
30/08/2018,1.723797767
31/08/2018,1.087133334
01/09/2018,0.859360407
02/09/2018,0.722851817
03/09/2018,0.652764111
04/09/2018,0.635039396
05/09/2018,0.635039396
06/09/2018,0.60047532
07/09/2018,0.715268287
08/09/2018,0.74589633
09/09/2018,0.642093672
10/09/2018,0.631530015
11/09/2018,0.621072698
12/09/2018,0.56380189
13/09/2018,0.541189383
14/09/2018,0.525379125
15/09/2018,0.473723542
16/09/2018,0.462034826
17/09/2018,0.442000432
18/09/2018,0.419753646
19/09/2018,0.40888763
20/09/2018,0.414299299
21/09/2018,0.406197758
22/09/2018,0.38766511
23/09/2018,0.369647241
24/09/2018,0.354608819
25/09/2018,0.344789279
26/09/2018,0.357089395
27/09/2018,0.35958028
28/09/2018,0.349678529
29/09/2018,0.398191801
30/09/2018,0.447670133
01/10/2018,0.377306511
02/10/2018,0.362081491
03/10/2018,0.352138535
04/10/2018,0.411588138
05/10/2018,0.38766511
06/10/2018,0.364593044
07/10/2018,0.342360003
08/10/2018,0.325640063
09/10/2018,0.32095405
10/10/2018,0.362081491
11/10/2018,0.325640063
12/10/2018,0.300363247
13/10/2018,0.354608819
14/10/2018,0.593703048
15/10/2018,0.491587342
16/10/2018,0.38766511
17/10/2018,0.344789279
18/10/2018,0.339940938
19/10/2018,0.339940938
20/10/2018,0.318626147
21/10/2018,0.304869147
22/10/2018,0.287083013
23/10/2018,0.274156226
24/10/2018,0.26782427
25/10/2018,0.259516974
26/10/2018,0.249348846
27/10/2018,0.24336238
28/10/2018,0.231644805
29/10/2018,0.225912814
30/10/2018,0.216545811
31/10/2018,0.211036679
01/11/2018,0.205610309
02/11/2018,0.205610309
03/11/2018,0.202038489
04/11/2018,0.200266258
05/11/2018,0.202038489
06/11/2018,0.195004085
07/11/2018,0.189823348
08/11/2018,0.188114456
09/11/2018,0.191541239
10/11/2018,0.184723604
11/11/2018,0.178049171
12/11/2018,0.171516893
13/11/2018,0.171516893
14/11/2018,0.169905912
15/11/2018,0.160424312
16/11/2018,0.154277555
17/11/2018,0.154277555
18/11/2018,0.151256076
19/11/2018,0.143852702
20/11/2018,0.139513101
21/11/2018,0.13808354
22/11/2018,0.139513101
23/11/2018,0.136662438
24/11/2018,0.131062291
25/11/2018,0.128312545
26/11/2018,0.126950197
27/11/2018,0.124250468
28/11/2018,0.122913055
29/11/2018,0.118950421
30/11/2018,0.113782049
01/12/2018,0.113782049
02/12/2018,0.115061855
03/12/2018,0.116349842
04/12/2018,0.113782049
05/12/2018,0.113782049
06/12/2018,0.117646025
07/12/2018,0.113782049
08/12/2018,0.107505156
09/12/2018,0.107505156
10/12/2018,0.106274089
11/12/2018,0.100239419
12/12/2018,0.10143032
13/12/2018,0.097881555
14/12/2018,0.096714557
15/12/2018,0.095555495
16/12/2018,0.095555495
17/12/2018,0.088766838
18/12/2018,0.087662861
19/12/2018,0.085478305
20/12/2018,0.084397691
21/12/2018,0.079110618
22/12/2018,0.078076288
23/12/2018,0.076030581
24/12/2018,0.073019159
25/12/2018,0.071049445
26/12/2018,0.070075909
27/12/2018,0.068151397
28/12/2018,0.068151397
29/12/2018,0.063470956
30/12/2018,0.065320785
31/12/2018,0.069109898
01/01/2019,0.063470956
02/01/2019,0.061650771
03/01/2019,0.063470956
04/01/2019,0.060751754
05/01/2019,0.058098809
06/01/2019,0.057229141
07/01/2019,0.057229141
08/01/2019,0.055511678
09/01/2019,0.057229141
10/01/2019,0.058098809
11/01/2019,0.061650771
12/01/2019,0.065320785
13/01/2019,0.067200389
14/01/2019,0.075019172
15/01/2019,0.068151397
16/01/2019,0.059860099
17/01/2019,0.065320785
18/01/2019,0.062557166
19/01/2019,0.059860099
20/01/2019,0.060751754
21/01/2019,0.062557166
22/01/2019,0.060751754
23/01/2019,0.057229141
24/01/2019,0.05466385
25/01/2019,0.05382327
26/01/2019,0.049728502
27/01/2019,0.048140752
28/01/2019,0.048140752
29/01/2019,0.051344847
30/01/2019,0.043547768
31/01/2019,0.040626357
01/02/2019,0.039207432
02/02/2019,0.038508357
03/02/2019,0.037816186
04/02/2019,0.037816186
05/02/2019,0.037816186
06/02/2019,0.035780928
07/02/2019,0.036452488
08/02/2019,0.031894593
09/02/2019,0.030042631
10/02/2019,0.032525371
11/02/2019,0.032525371
12/02/2019,0.032525371
13/02/2019,0.031894593
14/02/2019,0.034458306
15/02/2019,0.033162905
16/02/2019,0.030042631
17/02/2019,0.032525371
18/02/2019,0.033162905
19/02/2019,0.030042631
20/02/2019,0.02884147
21/02/2019,0.032525371
22/02/2019,0.034458306
23/02/2019,0.033807211
24/02/2019,0.033162905
25/02/2019,0.031894593
26/02/2019,0.031270555
27/02/2019,0.02884147
28/02/2019,0.02884147
01/03/2019,0.02884147
02/03/2019,0.028250884
03/03/2019,0.02766694
04/03/2019,0.02651891
05/03/2019,0.024301825
06/03/2019,0.024301825
07/03/2019,0.028250884
08/03/2019,0.031894593
09/03/2019,0.035116206
10/03/2019,0.035780928
11/03/2019,0.031894593
12/03/2019,0.02884147
13/03/2019,0.028250884
14/03/2019,0.027089621
15/03/2019,0.023763912
16/03/2019,0.025397249
17/03/2019,0.027089621
18/03/2019,0.02651891
19/03/2019,0.024846265
20/03/2019,0.025397249
21/03/2019,0.025397249
22/03/2019,0.025954791
23/03/2019,0.029438714
24/03/2019,0.025954791
25/03/2019,0.023232509
26/03/2019,0.023763912
27/03/2019,0.033162905
28/03/2019,0.033807211
29/03/2019,0.024846265
30/03/2019,0.024301825
31/03/2019,0.028250884
01/04/2019,0.02766694
02/04/2019,0.028250884
03/04/2019,0.02651891
04/04/2019,0.02651891
05/04/2019,0.02651891
06/04/2019,0.027089621
07/04/2019,0.025954791
08/04/2019,0.025397249
09/04/2019,0.023763912
10/04/2019,0.027089621
11/04/2019,0.024846265
12/04/2019,0.023763912
13/04/2019,0.022189169
14/04/2019,0.024846265
15/04/2019,0.044295625
16/04/2019,0.042073092
17/04/2019,0.035780928
18/04/2019,0.031894593
19/04/2019,0.227814129
20/04/2019,0.122913055
21/04/2019,0.07401537
22/04/2019,0.060751754
23/04/2019,0.058098809
24/04/2019,0.051344847
25/04/2019,0.04735756
26/04/2019,0.044295625
27/04/2019,0.044295625
28/04/2019,0.04134624
29/04/2019,0.04134624
30/04/2019,0.042806929
01/05/2019,0.040626357
02/05/2019,0.039913427
03/05/2019,0.040626357
04/05/2019,0.044295625
05/05/2019,0.045812458
06/05/2019,0.062557166
07/05/2019,0.052163785
08/05/2019,0.04735756
09/05/2019,0.043547768
10/05/2019,0.04134624
11/05/2019,0.04134624
12/05/2019,0.042073092
13/05/2019,0.040626357
14/05/2019,0.042073092
15/05/2019,0.048140752
16/05/2019,0.046581467
17/05/2019,0.04893106
18/05/2019,0.045812458
19/05/2019,0.045050516
20/05/2019,0.081202314
21/05/2019,0.065320785
22/05/2019,0.05298992
23/05/2019,0.050533092
24/05/2019,0.049728502
25/05/2019,0.04893106
26/05/2019,0.04735756
27/05/2019,0.045050516
28/05/2019,0.043547768
29/05/2019,0.04134624
30/05/2019,0.04134624
31/05/2019,0.039913427
01/06/2019,0.039913427
02/06/2019,0.037816186
03/06/2019,0.037816186
04/06/2019,0.036452488
05/06/2019,0.035116206
06/06/2019,0.034458306
07/06/2019,0.209218715
08/06/2019,0.128312545
09/06/2019,0.149758254
10/06/2019,0.233574199
11/06/2019,0.259516974
12/06/2019,0.196749073
13/06/2019,0.129683238
14/06/2019,0.131062291
15/06/2019,0.146788363
16/06/2019,0.117646025
17/06/2019,0.102629221
18/06/2019,0.095555495
19/06/2019,0.092125754
20/06/2019,0.088766838
21/06/2019,0.087662861
22/06/2019,0.133845545
23/06/2019,0.652764111
24/06/2019,0.278426101
25/06/2019,0.183041612
26/06/2019,0.216545811
27/06/2019,0.444829858
28/06/2019,0.367114956
29/06/2019,0.247343856
30/06/2019,0.235512985
01/07/2019,0.342360003
02/07/2019,0.253387413
03/07/2019,0.235512985
04/07/2019,0.525379125
05/07/2019,1.417019863
06/07/2019,0.765438829
07/07/2019,0.547592986
08/07/2019,0.425250802
09/07/2019,0.367114956
10/07/2019,0.398191801
11/07/2019,0.369647241
12/07/2019,0.325640063
13/07/2019,0.291470311
14/07/2019,0.26782427
15/07/2019,0.253387413
16/07/2019,0.23746118
17/07/2019,0.231644805
18/07/2019,0.227814129
19/07/2019,0.269925229
20/07/2019,0.37988046
21/07/2019,0.369647241
22/07/2019,0.354608819
23/07/2019,0.29812518
24/07/2019,0.272035876
25/07/2019,0.263651346
26/07/2019,0.257464204
27/07/2019,0.282734987
28/07/2019,0.261579349
29/07/2019,0.235512985
30/07/2019,0.224020825
31/07/2019,0.214700211
01/08/2019,0.205610309
02/08/2019,0.202038489
03/08/2019,0.209218715
04/08/2019,0.249348846
05/08/2019,0.261579349
06/08/2019,0.323292016
07/08/2019,0.261579349
08/08/2019,0.2394188
09/08/2019,0.2394188
10/08/2019,0.224020825
11/08/2019,0.214700211
12/08/2019,0.203819834
13/08/2019,0.249348846
14/08/2019,0.433577089
15/08/2019,0.398191801
16/08/2019,0.398191801
17/08/2019,0.68910913
18/08/2019,0.45625622
19/08/2019,0.35958028
20/08/2019,0.32095405
21/08/2019,0.295897012
22/08/2019,0.327998206
23/08/2019,0.753676245
24/08/2019,0.49763066
25/08/2019,0.38766511
26/08/2019,0.335133376
27/08/2019,0.304869147
28/08/2019,0.293678728
29/08/2019,0.323292016
30/08/2019,0.889278146
31/08/2019,0.805456258
01/09/2019,0.722851817
02/09/2019,0.652764111
03/09/2019,0.590334373
04/09/2019,0.525379125
05/09/2019,0.433577089
06/09/2019,0.385059743
07/09/2019,0.354608819
08/09/2019,0.332744846
09/09/2019,0.318626147
10/09/2019,0.309414843
11/09/2019,0.293678728
12/09/2019,0.28057566
13/09/2019,0.274156226
14/09/2019,0.265732981
15/09/2019,0.259516974
16/09/2019,0.249348846
17/09/2019,0.245348373
18/09/2019,0.249348846
19/09/2019,0.316308291
20/09/2019,0.272035876
21/09/2019,0.25136336
22/09/2019,0.23746118
23/09/2019,0.231644805
24/09/2019,0.222138147
25/09/2019,0.214700211
26/09/2019,0.209218715
27/09/2019,0.205610309
28/09/2019,0.202038489
29/09/2019,0.198503125
30/09/2019,0.195004085
01/10/2019,0.188114456
02/10/2019,0.183041612
03/10/2019,0.179704412
04/10/2019,0.209218715
05/10/2019,0.24336238
06/10/2019,0.203819834
07/10/2019,0.186414547
08/10/2019,0.178049171
09/10/2019,0.174765328
10/10/2019,0.169905912
11/10/2019,0.168303734
12/10/2019,0.174765328
13/10/2019,0.163549853
14/10/2019,0.161982722
15/10/2019,0.154277555
16/10/2019,0.149758254
17/10/2019,0.148269022
18/10/2019,0.148269022
19/10/2019,0.143852702
20/10/2019,0.143852702
21/10/2019,0.140951138
22/10/2019,0.139513101
23/10/2019,0.139513101
24/10/2019,0.135249778
25/10/2019,0.132449721
26/10/2019,0.128312545
27/10/2019,0.125596177
28/10/2019,0.122913055
29/10/2019,0.118950421
30/10/2019,0.133845545
31/10/2019,0.225912814
01/11/2019,0.241385861
02/11/2019,0.205610309
03/11/2019,0.176402816
04/11/2019,0.15733359
05/11/2019,0.145316262
06/11/2019,0.135249778
07/11/2019,0.126950197
08/11/2019,0.12158392
09/11/2019,0.116349842
10/11/2019,0.113782049
11/11/2019,0.111246914
12/11/2019,0.100239419
13/11/2019,0.097881555
14/11/2019,0.095555495
15/11/2019,0.09326111
16/11/2019,0.086566689
17/11/2019,0.086566689
18/11/2019,0.086566689
19/11/2019,0.085478305
20/11/2019,0.083324832
21/11/2019,0.077049615
22/11/2019,0.078076288
23/11/2019,0.067200389
24/11/2019,0.051344847
25/11/2019,0.043547768
26/11/2019,0.04134624
27/11/2019,0.042073092
28/11/2019,0.04134624
29/11/2019,0.037816186
30/11/2019,0.037816186
01/12/2019,0.037130901
02/12/2019,0.042073092
03/12/2019,0.04134624
04/12/2019,0.049728502
05/12/2019,0.055511678
06/12/2019,0.051344847
07/12/2019,0.052163785
08/12/2019,0.051344847
09/12/2019,0.050533092
10/12/2019,0.048140752
11/12/2019,0.044295625
12/12/2019,0.042073092
13/12/2019,0.044295625
14/12/2019,0.044295625
15/12/2019,0.039913427
16/12/2019,0.04134624
17/12/2019,0.039913427
18/12/2019,0.039207432
19/12/2019,0.04134624
20/12/2019,0.042073092
21/12/2019,0.039207432
22/12/2019,0.038508357
23/12/2019,0.039913427
24/12/2019,0.037816186
25/12/2019,0.033807211
26/12/2019,0.032525371
27/12/2019,0.02884147
28/12/2019,0.028250884
29/12/2019,0.028250884
30/12/2019,0.028250884
31/12/2019,0.02651891
01/01/2020,0.024301825
02/01/2020,0.025397249
03/01/2020,0.030042631
04/01/2020,0.02766694
05/01/2020,0.025397249
06/01/2020,0.025397249
07/01/2020,0.024846265
08/01/2020,0.024301825
09/01/2020,0.023763912
10/01/2020,0.021677199
11/01/2020,0.020179893
12/01/2020,0.020672578
13/01/2020,0.021171674
14/01/2020,0.020672578
15/01/2020,0.019213695
16/01/2020,0.010929965
17/01/2020,0.013155632
18/01/2020,0.012015418
19/01/2020,0.007411347
20/01/2020,0.009567117
21/01/2020,0.012389382
22/01/2020,0.011285725
