Date,BC BASE Flow Local (ML),BC BASE Flow Local + Upstream (ML),BC BASE TN Local (KG),BC BASE TN Local + Upstream (KG),BC BASE TP Local (KG),BC BASE TP Local + Upstream (KG),BC BASE OXY Local (KG),BC BASE OXY Local + Upstream (KG),BC Capped Flow Local (ML),BC Capped Flow Local + Upstream (ML),BC Capped TN Local (KG),BC Capped TN Local + Upstream (KG),BC Capped TP Local (KG),BC Capped TP Local + Upstream (KG),BC Capped OXY Local (KG),BC Capped OXY Local + Upstream (KG),BC Dry Flow Local (ML),BC Dry Flow Local + Upstream (ML),BC Dry TN Local (KG),BC Dry TN Local + Upstream (KG),BC Dry TP Local (KG),BC Dry TP Local + Upstream (KG),BC Dry OXY Local (KG),BC Dry OXY Local + Upstream (KG),BC Wet Flow Local (ML),BC Wet Flow Local + Upstream (ML),BC Wet TN Local (KG),BC Wet TN Local + Upstream (KG),BC Wet TP Local (KG),BC Wet TP Local + Upstream (KG),BC Wet OXY Local (KG),BC Wet OXY Local + Upstream (KG),BC Targets Flow Local (ML),BC Targets Flow Local + Upstream (ML),BC Targets TN Local (KG),BC Targets TN Local + Upstream (KG),BC Targets TP Local (KG),BC Targets TP Local + Upstream (KG),BC Targets OXY Local (KG),BC Targets OXY Local + Upstream (KG),Field Mean TN (mg/L),Field Mean TP (mg/L),Field Mean TCHLA (ug/L),Field Mean Oxygen (mg/L),Field Mean TEMP (C),Field Mean Salinity (psu),SCERM44_2015_2016_ALL Mean TN (mg/L),SCERM44_2015_2016_ALL Mean TP (mg/L),SCERM44_2015_2016_ALL Mean Oxy (mg/L),SCERM44_2015_2016_ALL Mean TCHLA (ug/L),SCERM44_2015_2016_ALL Mean Salinity (psu),SCERM44_2015_2016_Capped_ALL Mean TN (mg/L),SCERM44_2015_2016_Capped_ALL Mean TP (mg/L,)SCERM44_2015_2016_Capped_ALL Mean Oxy (mg/L),SCERM44_2015_2016_Capped_ALL Mean TCHLA (ug/L),SCERM44_2015_2016_Capped_ALL Mean Salinity (psu),SCERM44_2015_2016_Dry_ALL Mean TN (mg/L),SCERM44_2015_2016_Dry_ALL Mean TP (mg/L),SCERM44_2015_2016_Dry_ALL Mean Oxy (mg/L),SCERM44_2015_2016_Dry_ALL Mean TCHLA (ug/L),SCERM44_2015_2016_Dry_ALL Mean Salinity (psu),SCERM44_2015_2016_Target_ALL Mean TN (mg/L),SCERM44_2015_2016_Target_ALL Mean TP (mg/L),SCERM44_2015_2016_Target_ALL Mean Oxy (mg/L),SCERM44_2015_2016_Target_ALL Mean TCHLA (ug/L),SCERM44_2015_2016_Target_ALL Mean Salinity (psu),SCERM44_2017_2018_ALL Mean TN (mg/L),SCERM44_2017_2018_ALL Mean TP (mg/L),SCERM44_2017_2018_ALL Mean Oxy (mg/L),SCERM44_2017_2018_ALL Mean TCHLA (ug/L),SCERM44_2017_2018_ALL Mean Salinity (psu),SCERM44_2017_2018_Wet_ALL Mean TN (mg/L),SCERM44_2017_2018_Wet_ALL Mean TP (mg/L),SCERM44_2017_2018_Wet_ALL Mean Oxy (mg/L),SCERM44_2017_2018_Wet_ALL Mean TCHLA (ug/L),SCERM44_2017_2018_Wet_ALL Mean Salinity (psu),
01/2008,94.0291,800.7466,77.0327,898.0775,6.3582,48.4094,798.3534,5450.9922,94.0291,800.7466,52.4058,561.8313,4.2869,43.7814,798.3534,5450.9922,48.7210,280.5494,36.5015,271.5534,3.0258,12.2594,413.6901,1929.4833,73.1808,693.2045,57.9207,747.3497,4.7890,38.5781,621.9718,4681.4004,94.0291,800.7466,73.0592,748.1391,6.3582,47.9358,798.3534,5450.9922,0.4125,0.0632,4.6500,6.3452,25.8070,31.3772, NaN, NaN, NaN, NaN, NaN, NaN, NaN, NaN, NaN, NaN, NaN, NaN, NaN, NaN, NaN, NaN, NaN, NaN, NaN, NaN, NaN, NaN, NaN, NaN, NaN, NaN, NaN, NaN, NaN, NaN,
02/2008,268.9114,2082.7930,361.0456,2249.7632,27.9885,271.2788,2427.4455,14150.3233,268.9114,2082.7930,158.0343,1110.8231,11.8694,86.8114,2427.4455,14150.3233,111.6979,830.2694,125.4859,764.3037,9.9266,101.9455,1005.9143,5536.1933,477.2390,3985.3901,747.9033,4723.4142,56.8421,515.5869,4281.2670,26080.2720,268.9114,2082.7930,252.3234,1783.9626,24.6570,174.3685,2427.4455,14150.3233,0.3888,0.0740,5.5625,6.7700,24.7394,33.4879, NaN, NaN, NaN, NaN, NaN, NaN, NaN, NaN, NaN, NaN, NaN, NaN, NaN, NaN, NaN, NaN, NaN, NaN, NaN, NaN, NaN, NaN, NaN, NaN, NaN, NaN, NaN, NaN, NaN, NaN,
03/2008,124.8998,1034.7696,134.2432,1136.1173,10.6589,132.2332,867.9177,6497.8848,124.8998,1034.7696,71.0833,627.9918,5.5084,51.6180,867.9177,6497.8848,71.5565,538.3670,74.5210,517.0740,5.9223,75.6074,487.7194,3298.5466,98.5824,826.5802,90.6053,886.1435,7.3425,83.0036,707.3434,5274.0642,124.8998,1034.7696,107.7306,903.6159,10.2121,84.7978,867.9177,6497.8848,0.4590,0.0629,5.5400,6.1445,23.1014,35.1781, NaN, NaN, NaN, NaN, NaN, NaN, NaN, NaN, NaN, NaN, NaN, NaN, NaN, NaN, NaN, NaN, NaN, NaN, NaN, NaN, NaN, NaN, NaN, NaN, NaN, NaN, NaN, NaN, NaN, NaN,
04/2008,849.4675,13553.1533,1181.1322,21810.1322,91.6881,1350.3928,5680.3682,84684.9731,849.4675,13553.1533,505.8161,18291.0478,37.7562,612.2751,5680.3682,84684.9731,302.4000,2300.1235,352.3494,2158.6622,27.8470,377.2883,2006.1866,13976.5829,549.8842,4351.1645,698.6662,4414.8273,54.8294,623.7170,3672.2167,26787.8663,849.4675,13553.1533,798.6515,20231.8589,80.6792,942.3090,5680.3682,84684.9731,0.7900,0.0611,16.7125,8.0938,19.8206,26.6292, NaN, NaN, NaN, NaN, NaN, NaN, NaN, NaN, NaN, NaN, NaN, NaN, NaN, NaN, NaN, NaN, NaN, NaN, NaN, NaN, NaN, NaN, NaN, NaN, NaN, NaN, NaN, NaN, NaN, NaN,
05/2008,717.2928,6962.4058,878.3394,8910.4773,69.6393,728.5876,5427.2363,50268.5149,717.2928,6962.4058,424.4958,6479.6850,32.1372,277.2053,5427.2363,50268.5149,280.8864,2236.9651,301.4669,2016.7836,24.1194,338.4303,2124.1698,15225.6639,718.5802,6494.1178,909.0891,6568.3225,71.6484,777.4850,5430.8720,46846.2677,717.2928,6962.4058,640.0818,7849.3103,65.5399,476.0426,5427.2363,50268.5149,0.5500,0.0447,6.3500,7.5225,18.5587,28.6771, NaN, NaN, NaN, NaN, NaN, NaN, NaN, NaN, NaN, NaN, NaN, NaN, NaN, NaN, NaN, NaN, NaN, NaN, NaN, NaN, NaN, NaN, NaN, NaN, NaN, NaN, NaN, NaN, NaN, NaN,
06/2008,1721.0362,18502.2230,2545.1420,24606.2149,197.1507,1782.6740,14259.9874,156755.7521,1721.0362,18502.2230,1046.2603,15676.7911,77.7821,669.5658,14259.9874,156755.7521,737.2339,5434.1626,965.6683,5348.0466,75.6792,828.3529,6097.6053,43740.3105,1638.1094,18692.1216,2416.3587,21313.2894,187.1918,1673.0932,13571.6504,160117.2626,1721.0362,18502.2230,1671.7285,21663.8739,170.4147,1197.3607,14259.9874,156755.7521,0.5180,0.0359,9.3200,7.9100,15.7642,22.9413, NaN, NaN, NaN, NaN, NaN, NaN, NaN, NaN, NaN, NaN, NaN, NaN, NaN, NaN, NaN, NaN, NaN, NaN, NaN, NaN, NaN, NaN, NaN, NaN, NaN, NaN, NaN, NaN, NaN, NaN,
07/2008,2865.9312,90710.1072,4717.4013,264662.0072,341.5141,12186.6911,25819.8350,909080.4700,2865.9312,90710.1072,1768.2797,227927.1364,128.7022,4947.2158,25819.8350,909080.4700,1297.8403,17463.0902,1791.0927,20834.0379,140.1357,1528.9754,11695.4543,170071.4516,3102.1056,144530.5075,5146.0933,340109.1020,380.4335,19153.0202,27950.2603,1463424.7249,2865.9312,90710.1072,2971.6139,242526.6205,288.9033,5973.1748,25819.8350,909080.4700,1.1087,0.0559,3.5375,8.2286,13.4319,11.7707, NaN, NaN, NaN, NaN, NaN, NaN, NaN, NaN, NaN, NaN, NaN, NaN, NaN, NaN, NaN, NaN, NaN, NaN, NaN, NaN, NaN, NaN, NaN, NaN, NaN, NaN, NaN, NaN, NaN, NaN,
08/2008,1840.2422,95248.1549,2707.4335,232189.6260,196.8265,8295.7750,16769.4110,971362.3099,1840.2422,95248.1549,1121.7695,215298.1424,81.7676,5340.2933,16769.4110,971362.3099,988.7443,11406.9600,1269.7621,12303.3472,100.8489,575.0968,9006.6971,111108.6291,1842.5405,114914.7994,2668.9309,290100.6546,197.3235,11945.0371,16792.5119,1175131.3585,1840.2422,95248.1549,1817.6607,221851.8159,178.8820,5793.5575,16769.4110,971362.3099,1.5438,0.0696,8.9375,9.2658,13.5108,6.7548, NaN, NaN, NaN, NaN, NaN, NaN, NaN, NaN, NaN, NaN, NaN, NaN, NaN, NaN, NaN, NaN, NaN, NaN, NaN, NaN, NaN, NaN, NaN, NaN, NaN, NaN, NaN, NaN, NaN, NaN,
09/2008,1730.8512,23139.2765,2513.2349,28055.7448,186.5377,1362.0143,15421.8311,210547.3772,1730.8512,23139.2765,1051.8471,21223.9539,77.0295,646.0593,15421.8311,210547.3772,937.2672,5679.9274,1189.9833,5354.7317,94.1176,582.7945,8340.8526,50051.8651,1590.3130,19673.3750,2218.8351,20725.1786,168.9016,1133.0112,14183.4436,179975.9691,1730.8512,23139.2765,1693.8063,25026.0200,167.9523,1012.9098,15421.8311,210547.3772,0.7030,0.0311,11.4200,8.7655,16.8863,13.0490, NaN, NaN, NaN, NaN, NaN, NaN, NaN, NaN, NaN, NaN, NaN, NaN, NaN, NaN, NaN, NaN, NaN, NaN, NaN, NaN, NaN, NaN, NaN, NaN, NaN, NaN, NaN, NaN, NaN, NaN,
10/2008,1177.8480,16262.3376,1544.8488,19592.2158,119.0037,962.2738,9934.9984,130849.3668,1177.8480,16262.3376,708.6204,15063.6587,52.5938,485.0738,9934.9984,130849.3668,587.5978,3336.3878,668.2565,3075.6386,53.6636,297.0630,4956.8658,26292.3842,1011.9946,11194.5024,1267.2965,10918.0278,99.7310,672.5328,8542.5188,90029.7701,1177.8480,16262.3376,1092.8178,17469.7392,111.0393,724.7574,9934.9984,130849.3668,0.7300,0.0440,7.6625,7.6887,20.6587,14.6186, NaN, NaN, NaN, NaN, NaN, NaN, NaN, NaN, NaN, NaN, NaN, NaN, NaN, NaN, NaN, NaN, NaN, NaN, NaN, NaN, NaN, NaN, NaN, NaN, NaN, NaN, NaN, NaN, NaN, NaN,
11/2008,1084.8816,10097.0928,1422.6501,11846.8865,110.4871,840.3328,8827.3738,71002.5371,1084.8816,10097.0928,650.7962,8121.2880,48.4981,381.0001,8827.3738,71002.5371,461.7302,2300.3309,507.7429,2124.8180,40.8515,246.3333,3755.4985,16384.6437,920.9635,7629.8630,1157.9835,7268.7384,91.4511,638.0343,7493.6278,53279.9281,1084.8816,10097.0928,1005.2501,10181.1069,102.4534,628.7841,8827.3738,71002.5371,0.5863,0.0444,5.0625,6.8128,21.2028,18.0955, NaN, NaN, NaN, NaN, NaN, NaN, NaN, NaN, NaN, NaN, NaN, NaN, NaN, NaN, NaN, NaN, NaN, NaN, NaN, NaN, NaN, NaN, NaN, NaN, NaN, NaN, NaN, NaN, NaN, NaN,
12/2008,509.0861,3378.5942,556.6252,3602.2480,44.8069,278.6340,3840.7327,22022.8853,509.0861,3378.5942,297.4199,2105.2651,22.8197,146.9394,3840.7327,22022.8853,234.8784,1102.3085,228.8618,1022.1328,18.6458,110.3625,1770.9143,7218.1986,464.0544,3430.4170,503.8546,3334.8234,40.5902,269.2448,3499.2245,22121.5234,509.0861,3378.5942,437.3575,2931.3953,44.2267,222.9983,3840.7327,22022.8853,0.5280,0.0556,3.7400,6.2505,24.4692,23.8610, NaN, NaN, NaN, NaN, NaN, NaN, NaN, NaN, NaN, NaN, NaN, NaN, NaN, NaN, NaN, NaN, NaN, NaN, NaN, NaN, NaN, NaN, NaN, NaN, NaN, NaN, NaN, NaN, NaN, NaN,
01/2009,139.7261,1396.2067,120.6710,2042.1833,9.9326,83.1685,1012.7610,8728.7949,139.7261,1396.2067,78.4263,1553.0518,6.3427,69.2423,1012.7610,8728.7949,59.1840,1080.6998,45.1741,1582.6107,3.7434,53.3608,428.6050,6383.8727,117.0979,1148.2560,98.7086,1218.6878,8.1405,67.2968,848.8038,7252.1180,139.7261,1396.2067,110.4288,1834.9073,9.9326,80.3218,1012.7610,8728.7949,0.5175,0.0616,4.7250,5.9698,26.7053,29.4538, NaN, NaN, NaN, NaN, NaN, NaN, NaN, NaN, NaN, NaN, NaN, NaN, NaN, NaN, NaN, NaN, NaN, NaN, NaN, NaN, NaN, NaN, NaN, NaN, NaN, NaN, NaN, NaN, NaN, NaN,
02/2009,118.1606,4337.7725,116.9812,12322.7312,9.4099,215.0890,884.3849,24454.9901,118.1606,4337.7725,67.0640,11873.8443,5.2784,184.9852,884.3849,24454.9901,46.6733,446.7830,39.5119,422.4873,3.2132,25.2656,350.1565,2823.2707,144.0979,1292.3626,169.2870,1361.8744,13.3163,114.4827,1103.0181,8594.7570,118.1606,4337.7725,98.1699,12143.8138,9.0798,201.7764,884.3849,24454.9901,0.6412,0.0774,10.2000,6.2378,24.8149,29.0326, NaN, NaN, NaN, NaN, NaN, NaN, NaN, NaN, NaN, NaN, NaN, NaN, NaN, NaN, NaN, NaN, NaN, NaN, NaN, NaN, NaN, NaN, NaN, NaN, NaN, NaN, NaN, NaN, NaN, NaN,
03/2009,90.1411,1771.1395,76.8462,3200.5452,6.2793,122.7077,699.4812,10121.0722,90.1411,1771.1395,49.9611,2785.4127,4.0196,69.9370,699.4812,10121.0722,42.6211,410.9875,33.7557,371.4166,2.7557,50.5288,329.1230,2717.9871,65.8454,754.6867,51.8009,834.7581,4.2627,68.2589,512.6153,4971.0890,90.1411,1771.1395,70.4840,3006.1027,6.2793,87.2405,699.4812,10121.0722,0.5620,0.0712,5.6300,6.5135,22.2875,32.4293, NaN, NaN, NaN, NaN, NaN, NaN, NaN, NaN, NaN, NaN, NaN, NaN, NaN, NaN, NaN, NaN, NaN, NaN, NaN, NaN, NaN, NaN, NaN, NaN, NaN, NaN, NaN, NaN, NaN, NaN,
04/2009,68.0918,902.3011,58.0983,1069.8028,4.7316,108.5891,490.6893,5986.7638,68.0918,902.3011,37.8179,643.7357,3.0409,50.7167,490.6893,5986.7638,25.0733,327.2141,18.5137,331.5845,1.5136,36.3490,179.8463,2154.7569,51.4771,721.7856,40.9305,838.1231,3.3518,79.5305,373.0491,4778.6028,68.0918,902.3011,52.2785,856.3296,4.7018,69.9480,490.6893,5986.7638,0.4525,0.0529,4.6000,6.7480,20.5293,34.2564, NaN, NaN, NaN, NaN, NaN, NaN, NaN, NaN, NaN, NaN, NaN, NaN, NaN, NaN, NaN, NaN, NaN, NaN, NaN, NaN, NaN, NaN, NaN, NaN, NaN, NaN, NaN, NaN, NaN, NaN,
05/2009,244.2010,2599.9661,298.6422,2930.0676,23.4434,410.7336,2016.1538,18760.2091,244.2010,2599.9661,141.8888,1566.1292,10.7113,110.6851,2016.1538,18760.2091,137.2032,1450.9584,155.9249,1400.0519,12.3236,244.2944,1133.3660,10445.8832,292.4726,3281.3510,381.5839,3553.4847,29.7233,517.8106,2414.8256,23573.5063,244.2010,2599.9661,217.9121,2330.0724,21.7552,232.7291,2016.1538,18760.2091,0.4213,0.0465,4.0750,6.6300,17.7733,35.1316, NaN, NaN, NaN, NaN, NaN, NaN, NaN, NaN, NaN, NaN, NaN, NaN, NaN, NaN, NaN, NaN, NaN, NaN, NaN, NaN, NaN, NaN, NaN, NaN, NaN, NaN, NaN, NaN, NaN, NaN,
06/2009,883.6819,11573.1590,1165.6299,14363.0504,91.1814,1235.9805,7490.8274,93420.8623,883.6819,11573.1590,522.2081,9845.4483,38.9560,372.0565,7490.8274,93420.8623,503.1590,5875.8566,596.5775,5794.3136,47.1267,747.9054,4265.9188,47135.5503,901.8432,14161.0205,1195.4805,16896.7603,93.4808,1353.1790,7644.6893,116877.1108,883.6819,11573.1590,811.4370,12618.3848,83.2082,723.8388,7490.8274,93420.8623,0.5050,0.0450,7.0000,7.8213,14.9866,30.1117, NaN, NaN, NaN, NaN, NaN, NaN, NaN, NaN, NaN, NaN, NaN, NaN, NaN, NaN, NaN, NaN, NaN, NaN, NaN, NaN, NaN, NaN, NaN, NaN, NaN, NaN, NaN, NaN, NaN, NaN,
07/2009,1695.0730,110447.2195,2453.6754,257040.1911,190.5767,7989.4722,14480.3834,1034908.6121,1695.0730,110447.2195,1028.0751,241829.6006,76.5268,6040.0935,14480.3834,1034908.6121,805.9910,15743.3587,1030.0472,19005.8605,81.1110,1246.6016,6898.4012,141970.8109,1973.6525,158287.7203,2962.7191,390443.7590,229.1554,15423.0051,16872.1705,1488871.2197,1695.0730,110447.2195,1622.3519,251735.3279,166.6493,6628.4039,14480.3834,1034908.6121,1.7012,0.0426,3.8750,8.3878,13.4939,12.4869, NaN, NaN, NaN, NaN, NaN, NaN, NaN, NaN, NaN, NaN, NaN, NaN, NaN, NaN, NaN, NaN, NaN, NaN, NaN, NaN, NaN, NaN, NaN, NaN, NaN, NaN, NaN, NaN, NaN, NaN,
08/2009,2171.3098,106382.0477,3298.7031,204466.7278,244.4241,10711.9846,18173.9833,980082.8707,2171.3098,106382.0477,1332.3073,173272.2199,97.6036,4054.2336,18173.9833,980082.8707,1232.4182,25276.8902,1657.4592,30399.6668,130.3167,1630.1428,10338.7313,225021.2327,2060.8733,96359.8032,3025.1701,163020.6443,229.6972,9201.7856,17220.8647,883230.2833,2171.3098,106382.0477,2143.3506,184796.3460,214.1327,4935.6574,18173.9833,980082.8707,1.5500,0.0566,9.7400,8.6952,15.1134,5.4489, NaN, NaN, NaN, NaN, NaN, NaN, NaN, NaN, NaN, NaN, NaN, NaN, NaN, NaN, NaN, NaN, NaN, NaN, NaN, NaN, NaN, NaN, NaN, NaN, NaN, NaN, NaN, NaN, NaN, NaN,
09/2009,2016.8957,72622.1117,2966.6719,101402.9925,220.7292,6835.3865,17821.0751,671699.9281,2016.8957,72622.1117,1230.5519,77381.1552,90.1534,1901.2711,17821.0751,671699.9281,1238.0515,19499.2790,1629.9583,20550.9975,128.9146,1153.3663,10939.1018,176444.6706,1752.7363,55065.4330,2469.8461,78877.6671,188.1118,4467.7138,15487.5128,509953.9010,2016.8957,72622.1117,1971.3905,86836.1941,197.8075,2650.0423,17821.0751,671699.9281,1.0925,0.0681,20.0125,8.9806,16.0011,4.0310, NaN, NaN, NaN, NaN, NaN, NaN, NaN, NaN, NaN, NaN, NaN, NaN, NaN, NaN, NaN, NaN, NaN, NaN, NaN, NaN, NaN, NaN, NaN, NaN, NaN, NaN, NaN, NaN, NaN, NaN,
10/2009,930.5453,15245.5910,1128.7929,15743.5782,89.4187,594.2869,8280.4944,128891.9769,930.5453,15245.5910,556.3051,12633.5987,41.7955,366.5571,8280.4944,128891.9769,541.4429,3968.2483,601.4425,3500.7437,48.5674,198.8616,4816.4530,33439.8338,782.2483,13163.8090,918.3976,14187.2410,73.3669,551.2373,6962.5114,112310.7674,930.5453,15245.5910,831.5570,14208.5756,85.8938,510.3332,8280.4944,128891.9769,0.7838,0.0602,20.0875,8.3701,20.1124,10.2118, NaN, NaN, NaN, NaN, NaN, NaN, NaN, NaN, NaN, NaN, NaN, NaN, NaN, NaN, NaN, NaN, NaN, NaN, NaN, NaN, NaN, NaN, NaN, NaN, NaN, NaN, NaN, NaN, NaN, NaN,
11/2009,636.1805,7110.0115,770.7833,7647.5944,61.1500,543.2989,4616.0792,47961.2791,636.1805,7110.0115,375.7691,5243.7749,28.5591,224.7006,4616.0792,47961.2791,316.9411,1765.8691,332.1497,1628.7828,26.8632,182.3671,2312.6160,11590.0279,535.1011,7008.0077,628.9912,6616.9240,50.0790,473.5958,3884.0648,47710.4791,636.1805,7110.0115,563.4133,6497.8716,57.5591,382.6187,4616.0792,47961.2791,0.4960,0.0423,5.3500,7.4538,22.8954,20.9871, NaN, NaN, NaN, NaN, NaN, NaN, NaN, NaN, NaN, NaN, NaN, NaN, NaN, NaN, NaN, NaN, NaN, NaN, NaN, NaN, NaN, NaN, NaN, NaN, NaN, NaN, NaN, NaN, NaN, NaN,
12/2009,195.5405,1803.2371,180.3209,1969.8863,14.7736,105.6867,1341.5585,11261.7580,195.5405,1803.2371,111.1588,1277.5697,8.8668,84.2647,1341.5585,11261.7580,98.8934,526.5043,82.5674,496.7493,6.8204,27.1220,678.7323,3247.8077,157.9219,1467.2794,140.9987,1510.0646,11.5818,86.4563,1083.1252,9138.1363,195.5405,1803.2371,157.2242,1634.7558,14.7736,102.8713,1341.5585,11261.7580,0.5113,0.0584,5.4625,6.7283,26.5886,26.6929, NaN, NaN, NaN, NaN, NaN, NaN, NaN, NaN, NaN, NaN, NaN, NaN, NaN, NaN, NaN, NaN, NaN, NaN, NaN, NaN, NaN, NaN, NaN, NaN, NaN, NaN, NaN, NaN, NaN, NaN,
01/2010,62.9597,711.4954,48.6247,855.9819,4.0224,48.4506,458.3992,4522.7515,62.9597,711.4954,34.8693,511.4599,2.8868,45.4807,458.3992,4522.7515,32.9443,246.1882,23.2909,245.7199,1.9306,10.1818,239.7769,1569.4037,48.8246,631.3075,36.4103,755.1885,3.0145,40.8841,355.5203,4000.8191,62.9597,711.4954,47.6785,686.2530,4.0224,48.0453,458.3992,4522.7515,0.4375,0.0621,4.9875,6.3517,26.0744,31.1783, NaN, NaN, NaN, NaN, NaN, NaN, NaN, NaN, NaN, NaN, NaN, NaN, NaN, NaN, NaN, NaN, NaN, NaN, NaN, NaN, NaN, NaN, NaN, NaN, NaN, NaN, NaN, NaN, NaN, NaN,
02/2010,31.0522,494.5795,21.7225,653.7761,1.7981,37.3249,236.1524,3236.5284,31.0522,494.5795,16.9238,388.3260,1.4243,35.5143,236.1524,3236.5284,16.4246,169.3526,10.5869,188.7195,0.8752,7.0306,124.7886,1107.5752,22.9997,444.3034,15.5079,577.5930,1.2828,32.1927,174.7951,2893.7727,31.0522,494.5795,21.7225,514.7155,1.7981,36.7761,236.1524,3236.5284,0.5000,0.0765,7.5750,6.4923,25.8720,34.1261, NaN, NaN, NaN, NaN, NaN, NaN, NaN, NaN, NaN, NaN, NaN, NaN, NaN, NaN, NaN, NaN, NaN, NaN, NaN, NaN, NaN, NaN, NaN, NaN, NaN, NaN, NaN, NaN, NaN, NaN,
03/2010,207.8093,2218.8902,318.4198,5050.1773,24.1691,336.5908,1452.8924,14077.5827,207.8093,2218.8902,123.3494,3994.0468,9.0842,152.6192,1452.8924,14077.5827,142.2144,1344.8506,205.1593,1486.6164,15.7002,173.4091,994.8028,8577.1273,106.3670,1465.3094,138.7270,1611.1777,10.7436,146.3121,743.9928,9290.1031,207.8093,2218.8902,210.1897,4566.9956,19.9158,237.8107,1452.8924,14077.5827,0.5430,0.0652,5.7500,6.4527,24.2760,35.7713, NaN, NaN, NaN, NaN, NaN, NaN, NaN, NaN, NaN, NaN, NaN, NaN, NaN, NaN, NaN, NaN, NaN, NaN, NaN, NaN, NaN, NaN, NaN, NaN, NaN, NaN, NaN, NaN, NaN, NaN,
04/2010,197.1389,2563.6349,226.2170,6050.5711,17.8883,295.1022,1407.1790,15428.2528,197.1389,2563.6349,113.7571,5280.2261,8.6737,166.2665,1407.1790,15428.2528,82.1750,624.3091,79.8748,603.8915,6.4132,75.2029,586.3018,4208.9193,115.0675,1081.7366,121.1060,1208.1030,9.6497,136.6495,821.7550,7232.4715,197.1389,2563.6349,173.8507,5673.8992,16.8642,225.9866,1407.1790,15428.2528,0.5413,0.0730,8.4750,7.1975,20.8495,33.5692, NaN, NaN, NaN, NaN, NaN, NaN, NaN, NaN, NaN, NaN, NaN, NaN, NaN, NaN, NaN, NaN, NaN, NaN, NaN, NaN, NaN, NaN, NaN, NaN, NaN, NaN, NaN, NaN, NaN, NaN,
05/2010,541.2010,4609.0685,734.9498,5661.9085,57.0875,715.6003,4521.3903,34222.2670,541.2010,4609.0685,319.3215,3225.6392,23.8185,181.9186,4521.3903,34222.2670,309.1997,2526.7680,383.5877,2469.5720,30.0772,426.3975,2585.5706,18649.3046,608.1610,5579.8243,874.8534,6089.3267,67.4049,885.6643,5099.2869,41277.6735,541.2010,4609.0685,513.8944,4528.3671,50.9117,405.5224,4521.3903,34222.2670,0.4650,0.0507,7.4100,7.2048,17.1829,32.4778, NaN, NaN, NaN, NaN, NaN, NaN, NaN, NaN, NaN, NaN, NaN, NaN, NaN, NaN, NaN, NaN, NaN, NaN, NaN, NaN, NaN, NaN, NaN, NaN, NaN, NaN, NaN, NaN, NaN, NaN,
06/2010,519.5059,5234.3280,637.5624,7837.9553,50.3330,540.8064,4176.3279,41893.1683,519.5059,5234.3280,305.5924,5975.7123,23.1880,207.8551,4176.3279,41893.1683,254.7677,1963.9498,287.3734,1895.0833,22.8167,274.3488,2043.0681,14968.3075,481.7232,4350.8016,591.6621,4424.1825,46.6753,489.3897,3869.8713,34321.3337,519.5059,5234.3280,468.5489,6933.7459,46.4987,364.0400,4176.3279,41893.1683,0.4050,0.0334,6.0375,7.9863,15.0031,29.9935, NaN, NaN, NaN, NaN, NaN, NaN, NaN, NaN, NaN, NaN, NaN, NaN, NaN, NaN, NaN, NaN, NaN, NaN, NaN, NaN, NaN, NaN, NaN, NaN, NaN, NaN, NaN, NaN, NaN, NaN,
07/2010,1439.6918,19299.0470,2072.7302,28082.8642,160.8871,1646.8595,12254.2745,171706.5381,1439.6918,19299.0470,869.1571,21268.4129,64.7070,625.1203,12254.2745,171706.5381,698.8205,5561.2742,900.7106,5491.4765,70.6833,796.2230,5955.0776,46117.1418,1599.5750,30750.5981,2380.5489,41590.3940,183.9782,2288.7482,13617.3783,281210.0594,1439.6918,19299.0470,1398.5841,25509.3844,141.3065,1087.3911,12254.2745,171706.5381,0.6900,0.0302,11.9000,8.8085,13.9510,22.7069, NaN, NaN, NaN, NaN, NaN, NaN, NaN, NaN, NaN, NaN, NaN, NaN, NaN, NaN, NaN, NaN, NaN, NaN, NaN, NaN, NaN, NaN, NaN, NaN, NaN, NaN, NaN, NaN, NaN, NaN,
08/2010,1269.4234,13631.5872,1737.9371,15317.5206,133.9909,911.0464,10777.8280,115068.9907,1269.4234,13631.5872,769.3263,11065.8358,57.2125,383.2747,10777.8280,115068.9907,643.2912,4145.9040,803.8381,4029.1149,63.5063,490.7152,5459.7916,33220.5727,1195.8710,15737.8118,1587.5426,15824.2785,124.5853,882.0116,10156.3400,135020.5092,1269.4234,13631.5872,1210.1518,13477.3113,122.1224,652.2081,10777.8280,115068.9907,0.5700,0.0315,7.8667,8.4595,16.3178,20.3292, NaN, NaN, NaN, NaN, NaN, NaN, NaN, NaN, NaN, NaN, NaN, NaN, NaN, NaN, NaN, NaN, NaN, NaN, NaN, NaN, NaN, NaN, NaN, NaN, NaN, NaN, NaN, NaN, NaN, NaN,
09/2010,1062.0115,8449.4448,1392.7653,8698.2139,108.1749,630.2693,9600.7389,69087.6463,1062.0115,8449.4448,640.2679,5646.8548,47.8463,267.5047,9600.7389,69087.6463,530.5219,2679.8688,616.7709,2593.4872,49.3344,306.0315,4785.4053,21607.0325,905.3770,7184.9290,1140.4426,7149.7715,89.7326,525.3686,8181.6921,58863.7791,1062.0115,8449.4448,991.9353,7254.2838,101.3761,460.2261,9600.7389,69087.6463,0.4575,0.0302,4.6250,7.7644,17.9081,22.2604, NaN, NaN, NaN, NaN, NaN, NaN, NaN, NaN, NaN, NaN, NaN, NaN, NaN, NaN, NaN, NaN, NaN, NaN, NaN, NaN, NaN, NaN, NaN, NaN, NaN, NaN, NaN, NaN, NaN, NaN,
10/2010,539.8704,3188.0304,599.7022,3352.9889,48.1144,278.6931,4856.4465,21911.5186,539.8704,3188.0304,314.7199,2050.0607,24.0926,134.7951,4856.4465,21911.5186,245.5315,1075.9046,240.4748,1007.5580,19.5849,103.3971,2210.1838,7347.6158,435.6720,2329.9488,463.9987,2391.4388,37.4221,213.8957,3922.2005,15860.6547,539.8704,3188.0304,466.8027,2770.4836,47.1281,220.5288,4856.4465,21911.5186,0.4525,0.0328,7.1250,7.2250,20.8281,27.0384, NaN, NaN, NaN, NaN, NaN, NaN, NaN, NaN, NaN, NaN, NaN, NaN, NaN, NaN, NaN, NaN, NaN, NaN, NaN, NaN, NaN, NaN, NaN, NaN, NaN, NaN, NaN, NaN, NaN, NaN,
11/2010,269.9050,1527.0509,273.6697,1633.6909,22.1319,149.3084,2180.9501,9331.0062,269.9050,1527.0509,154.3308,942.1525,12.0758,76.3587,2180.9501,9331.0062,109.0714,526.3661,95.7381,493.3953,7.8537,46.9163,882.2158,3203.2684,214.0819,1290.0816,210.2583,1356.9401,17.0533,124.7383,1731.8908,7814.6403,269.9050,1527.0509,225.1267,1313.3210,21.8394,112.2217,2180.9501,9331.0062,0.4100,0.0360,4.3750,6.7556,22.6522,30.5271, NaN, NaN, NaN, NaN, NaN, NaN, NaN, NaN, NaN, NaN, NaN, NaN, NaN, NaN, NaN, NaN, NaN, NaN, NaN, NaN, NaN, NaN, NaN, NaN, NaN, NaN, NaN, NaN, NaN, NaN,
12/2010,178.0445,1304.5450,175.8405,1345.1580,14.2041,166.1907,1308.3990,7405.5437,178.0445,1304.5450,101.0463,757.1172,7.9200,61.3076,1308.3990,7405.5437,96.3446,678.5856,89.5551,608.1982,7.2577,95.9701,708.1014,3829.7189,166.2163,1336.5130,168.3262,1362.0206,13.5426,178.7233,1221.7283,7533.3915,178.0445,1304.5450,147.2218,1090.8783,14.0505,105.2924,1308.3990,7405.5437,0.4450,0.0412,5.4000,6.4623,24.0663,33.5863, NaN, NaN, NaN, NaN, NaN, NaN, NaN, NaN, NaN, NaN, NaN, NaN, NaN, NaN, NaN, NaN, NaN, NaN, NaN, NaN, NaN, NaN, NaN, NaN, NaN, NaN, NaN, NaN, NaN, NaN,
01/2011,172.4890,1431.4579,187.8567,1445.7627,14.9205,195.4002,1000.2150,7759.5451,172.4890,1431.4579,98.5675,785.8807,7.5670,59.6053,1000.2150,7759.5451,135.4061,1073.7965,148.1601,983.1272,11.7469,163.0835,779.4307,5835.6913,159.3734,1381.5533,174.4625,1384.5659,13.8417,190.8804,921.1985,7500.4568,172.4890,1431.4579,145.4375,1202.6663,14.1371,125.5967,1000.2150,7759.5451,0.4325,0.0479,5.9500,6.1655,27.0285,35.5120, NaN, NaN, NaN, NaN, NaN, NaN, NaN, NaN, NaN, NaN, NaN, NaN, NaN, NaN, NaN, NaN, NaN, NaN, NaN, NaN, NaN, NaN, NaN, NaN, NaN, NaN, NaN, NaN, NaN, NaN,
02/2011,24.1056,368.3664,16.3139,438.8090,1.3493,25.4477,160.6050,2128.9465,24.1056,368.3664,13.0503,274.3515,1.1039,20.4907,160.6050,2128.9465,12.6317,127.3277,7.9249,129.6879,0.6541,5.7745,84.2923,737.7725,18.6019,380.3760,12.3233,432.1101,1.0172,28.7290,123.5959,2175.0357,24.1056,368.3664,16.3061,361.8996,1.3493,22.1910,160.6050,2128.9465,0.4950,0.0485,8.1750,6.2200,25.6350,37.0519, NaN, NaN, NaN, NaN, NaN, NaN, NaN, NaN, NaN, NaN, NaN, NaN, NaN, NaN, NaN, NaN, NaN, NaN, NaN, NaN, NaN, NaN, NaN, NaN, NaN, NaN, NaN, NaN, NaN, NaN,
03/2011,13.9882,600.2294,8.6274,677.5340,0.7112,51.6860,94.3032,4023.7316,13.9882,600.2294,7.5126,383.4056,0.6450,28.3631,94.3032,4023.7316,7.6032,322.7990,4.4350,305.3958,0.3640,26.8174,51.2818,2226.4645,10.1693,421.0445,6.0019,495.9124,0.4930,32.6636,68.5301,2761.8575,13.9882,600.2294,8.6274,589.1935,0.7112,33.3322,94.3032,4023.7316,0.5125,0.0485,7.2250,6.0587,24.4381,38.3655, NaN, NaN, NaN, NaN, NaN, NaN, NaN, NaN, NaN, NaN, NaN, NaN, NaN, NaN, NaN, NaN, NaN, NaN, NaN, NaN, NaN, NaN, NaN, NaN, NaN, NaN, NaN, NaN, NaN, NaN,
04/2011,103.0406,1117.0138,105.2704,1112.1817,8.4095,167.0630,622.9672,7495.3608,103.0406,1117.0138,58.2050,617.2498,4.4584,47.5964,622.9672,7495.3608,44.3664,471.8563,38.6232,411.0074,3.1235,66.2905,268.4213,3161.4000,66.4762,805.4035,62.1991,818.2112,5.0044,111.8434,402.0836,5405.1129,103.0406,1117.0138,83.8578,908.6976,8.1694,94.6482,622.9672,7495.3608,0.4325,0.0407,5.8000,6.4769,21.5994,38.2243, NaN, NaN, NaN, NaN, NaN, NaN, NaN, NaN, NaN, NaN, NaN, NaN, NaN, NaN, NaN, NaN, NaN, NaN, NaN, NaN, NaN, NaN, NaN, NaN, NaN, NaN, NaN, NaN, NaN, NaN,
05/2011,384.2381,2785.2336,509.0915,2995.7042,39.5655,474.6921,2714.7935,20301.5846,384.2381,2785.2336,224.9455,1445.6818,16.6893,114.9590,2714.7935,20301.5846,235.5437,1753.9286,285.1368,1686.9277,22.3783,295.9718,1664.5789,12780.9323,475.3814,3536.6803,666.3593,3825.6881,51.4211,605.7801,3362.0442,26058.4181,384.2381,2785.2336,356.6146,2279.2582,35.7961,268.0358,2714.7935,20301.5846,0.3717,0.0330,7.3250,7.2277,18.2446,36.5517, NaN, NaN, NaN, NaN, NaN, NaN, NaN, NaN, NaN, NaN, NaN, NaN, NaN, NaN, NaN, NaN, NaN, NaN, NaN, NaN, NaN, NaN, NaN, NaN, NaN, NaN, NaN, NaN, NaN, NaN,
06/2011,1099.3968,7746.7450,1672.2479,10849.7542,128.0850,1144.6436,8164.4781,60758.9728,1099.3968,7746.7450,661.8717,6732.8528,48.9275,317.4151,8164.4781,60758.9728,611.6774,4265.6630,844.5267,4277.0217,65.3445,691.3412,4539.2290,32874.4978,1126.0771,8594.7869,1722.1744,9335.3767,131.8629,1132.9869,8362.9518,68288.1754,1099.3968,7746.7450,1093.3071,8918.1031,107.5758,676.8810,8164.4781,60758.9728,0.4375,0.0372,8.0000,8.4244,15.0644,30.8703, NaN, NaN, NaN, NaN, NaN, NaN, NaN, NaN, NaN, NaN, NaN, NaN, NaN, NaN, NaN, NaN, NaN, NaN, NaN, NaN, NaN, NaN, NaN, NaN, NaN, NaN, NaN, NaN, NaN, NaN,
07/2011,1911.6778,34448.3280,2816.4396,71563.8988,218.7054,3187.0418,14917.5602,297857.3352,1911.6778,34448.3280,1164.0562,61508.1446,86.6436,1937.0461,14917.5602,297857.3352,883.7338,8610.8486,1143.4581,8614.6492,90.0535,1012.5109,6893.4116,67905.7957,2204.1763,58318.0214,3362.8536,87280.1624,259.9464,3725.8755,17199.2742,519536.2592,1911.6778,34448.3280,1869.7741,68441.3796,191.2824,2500.2205,14917.5602,297857.3352,0.7275,0.0272,6.6500,8.6467,13.8072,19.6382, NaN, NaN, NaN, NaN, NaN, NaN, NaN, NaN, NaN, NaN, NaN, NaN, NaN, NaN, NaN, NaN, NaN, NaN, NaN, NaN, NaN, NaN, NaN, NaN, NaN, NaN, NaN, NaN, NaN, NaN,
08/2011,2271.7843,93534.8688,3423.2914,221588.1225,264.2422,6854.2039,18454.7065,833486.7963,2271.7843,93534.8688,1387.8179,208124.5190,102.9558,5714.2595,18454.7065,833486.7963,1233.2477,18389.4278,1716.8875,21608.5170,134.2858,1318.3245,10027.8649,154980.8650,2132.1187,86473.9843,3144.5563,145739.8696,243.5801,4904.9555,17310.6512,765211.0607,2271.7843,93534.8688,2230.8664,217580.6547,228.6691,6292.7180,18454.7065,833486.7963,1.5167,0.0575,18.9833,8.7684,16.0506,7.8273, NaN, NaN, NaN, NaN, NaN, NaN, NaN, NaN, NaN, NaN, NaN, NaN, NaN, NaN, NaN, NaN, NaN, NaN, NaN, NaN, NaN, NaN, NaN, NaN, NaN, NaN, NaN, NaN, NaN, NaN,
09/2011,2135.9808,37018.1750,3204.0592,47388.0450,239.8781,2145.2581,18303.1824,336307.6569,2135.9808,37018.1750,1303.9001,37196.4491,95.6882,1104.9131,18303.1824,336307.6569,1272.6374,12347.3722,1721.7378,12623.5075,135.6265,961.3212,10909.3619,107837.2100,1836.8813,28976.9443,2639.0771,31320.9232,201.2038,1582.5579,15736.3219,263528.5509,2135.9808,37018.1750,2107.9794,43474.8953,211.3623,1627.5553,18303.1824,336307.6569,1.0200,0.0532,20.8250,8.4294,17.5856,8.6837, NaN, NaN, NaN, NaN, NaN, NaN, NaN, NaN, NaN, NaN, NaN, NaN, NaN, NaN, NaN, NaN, NaN, NaN, NaN, NaN, NaN, NaN, NaN, NaN, NaN, NaN, NaN, NaN, NaN, NaN,
10/2011,1510.0819,19047.8736,2102.3942,23951.6619,162.1170,1213.4860,12067.5944,147927.0353,1510.0819,19047.8736,913.7400,18667.7643,67.7800,633.5881,12067.5944,147927.0353,799.2778,4706.9770,980.2761,4354.0578,78.1399,401.2552,6396.0058,35393.5231,1207.0771,14155.7069,1583.8536,13616.5491,124.4607,810.6835,9654.6921,109442.0932,1510.0819,19047.8736,1432.0314,21400.8478,145.8661,942.4581,12067.5944,147927.0353,0.6600,0.0353,16.3750,8.3217,20.6062,13.7661, NaN, NaN, NaN, NaN, NaN, NaN, NaN, NaN, NaN, NaN, NaN, NaN, NaN, NaN, NaN, NaN, NaN, NaN, NaN, NaN, NaN, NaN, NaN, NaN, NaN, NaN, NaN, NaN, NaN, NaN,
11/2011,943.8422,12187.2384,1194.8377,16453.8646,94.0475,1421.4115,7416.9399,89734.1502,943.8422,12187.2384,566.0411,13232.0813,42.4802,1084.5502,7416.9399,89734.1502,437.6506,2366.1850,479.4445,2162.6625,38.7148,199.7121,3441.7896,17092.5443,750.0557,10885.7866,906.5325,9958.2312,72.1513,553.1764,5893.4937,80815.4490,943.8422,12187.2384,854.4484,14987.6780,88.1389,1269.5512,7416.9399,89734.1502,0.6525,0.0365,5.0500,7.3176,22.4651,19.3157, NaN, NaN, NaN, NaN, NaN, NaN, NaN, NaN, NaN, NaN, NaN, NaN, NaN, NaN, NaN, NaN, NaN, NaN, NaN, NaN, NaN, NaN, NaN, NaN, NaN, NaN, NaN, NaN, NaN, NaN,
12/2011,837.8726,6842.8714,1136.6973,8504.4964,88.5562,646.0323,5410.1505,39221.0949,837.8726,6842.8714,498.6878,5429.9636,37.4511,241.4307,5410.1505,39221.0949,466.5859,3655.0483,593.2386,3361.0374,46.6118,359.0181,3011.5580,21285.9068,831.9370,9907.2979,1164.1854,10250.8230,90.2510,744.5959,5364.6925,58882.2783,837.8726,6842.8714,791.4594,7027.1930,79.2125,442.3113,5410.1505,39221.0949,0.5525,0.0417,3.8750,6.9488,24.6942,24.8214, NaN, NaN, NaN, NaN, NaN, NaN, NaN, NaN, NaN, NaN, NaN, NaN, NaN, NaN, NaN, NaN, NaN, NaN, NaN, NaN, NaN, NaN, NaN, NaN, NaN, NaN, NaN, NaN, NaN, NaN,
01/2012,247.7693,4062.1046,242.5624,5997.0842,19.7565,242.9507,1900.4479,20337.8173,247.7693,4062.1046,142.3846,4940.3081,11.2157,125.8785,1900.4479,20337.8173,134.0064,1330.9920,123.9007,1158.5867,10.1468,144.7452,1030.7596,6858.6978,218.8771,2340.3168,211.5394,2254.4527,17.2538,209.8111,1678.7906,12123.5840,247.7693,4062.1046,201.3095,5612.9444,19.6364,186.5561,1900.4479,20337.8173,0.5617,0.0650,7.4333,6.6357,25.8933,28.7731, NaN, NaN, NaN, NaN, NaN, NaN, NaN, NaN, NaN, NaN, NaN, NaN, NaN, NaN, NaN, NaN, NaN, NaN, NaN, NaN, NaN, NaN, NaN, NaN, NaN, NaN, NaN, NaN, NaN, NaN,
02/2012,237.8074,2092.6771,271.6066,2388.0898,21.5665,242.9709,1852.0412,10790.5499,237.8074,2092.6771,137.8041,1365.5870,10.6648,93.3057,1852.0412,10790.5499,94.8154,714.7181,92.2044,645.0370,7.4420,83.4427,738.8411,3611.9121,344.5891,4112.8042,461.2777,4350.8691,35.8583,431.3607,2696.4961,20825.9270,237.8074,2092.6771,208.7504,1908.6911,20.2198,156.0467,1852.0412,10790.5499,0.5400,0.0530,4.8500,6.4571,24.9984,31.2395, NaN, NaN, NaN, NaN, NaN, NaN, NaN, NaN, NaN, NaN, NaN, NaN, NaN, NaN, NaN, NaN, NaN, NaN, NaN, NaN, NaN, NaN, NaN, NaN, NaN, NaN, NaN, NaN, NaN, NaN,
03/2012,65.3357,678.1104,50.3473,795.6130,4.1690,44.1535,432.8936,3517.4171,65.3357,678.1104,36.1569,483.6026,2.9971,40.8780,432.8936,3517.4171,23.3971,201.6749,15.7708,204.9203,1.3075,8.0590,155.0154,1049.8173,63.3139,693.1958,48.8390,800.5797,4.0477,43.1461,419.4402,3604.0358,65.3357,678.1104,49.8211,652.7124,4.1690,43.5112,432.8936,3517.4171,0.4642,0.0390,4.7833,6.7237,23.9237,34.1773, NaN, NaN, NaN, NaN, NaN, NaN, NaN, NaN, NaN, NaN, NaN, NaN, NaN, NaN, NaN, NaN, NaN, NaN, NaN, NaN, NaN, NaN, NaN, NaN, NaN, NaN, NaN, NaN, NaN, NaN,
04/2012,439.8970,2843.2253,617.5671,3137.4697,47.5976,450.4731,3140.9306,16045.0049,439.8970,2843.2253,260.1642,1511.1281,19.4028,120.9744,3140.9306,16045.0049,167.1408,1136.7302,196.0416,1077.6881,15.4176,174.9324,1193.4172,6352.9151,302.4432,2076.8054,381.5998,2225.3167,29.8189,302.9255,2156.5082,11718.9791,439.8970,2843.2253,429.5341,2369.1494,41.5016,259.6263,3140.9306,16045.0049,0.4300,0.0407,6.3500,7.0200,21.0200,33.6719, NaN, NaN, NaN, NaN, NaN, NaN, NaN, NaN, NaN, NaN, NaN, NaN, NaN, NaN, NaN, NaN, NaN, NaN, NaN, NaN, NaN, NaN, NaN, NaN, NaN, NaN, NaN, NaN, NaN, NaN,
05/2012,507.7987,2912.7773,583.9088,3124.9163,46.5598,400.5684,3838.2217,17945.0509,507.7987,2912.7773,296.2912,1630.1034,22.6070,134.8042,3838.2217,17945.0509,205.8739,1408.4323,211.5806,1303.1265,16.9732,206.5026,1550.7391,8439.8778,532.1808,4425.5894,632.8930,4593.3128,50.1868,496.0763,4018.4650,26491.1444,507.7987,2912.7773,446.7262,2440.2765,44.9316,261.4595,3838.2217,17945.0509,0.4275,0.0393,7.0000,7.3425,17.8163,32.0047, NaN, NaN, NaN, NaN, NaN, NaN, NaN, NaN, NaN, NaN, NaN, NaN, NaN, NaN, NaN, NaN, NaN, NaN, NaN, NaN, NaN, NaN, NaN, NaN, NaN, NaN, NaN, NaN, NaN, NaN,
06/2012,1342.6733,17718.7478,1846.2685,26826.3882,144.5779,1898.6282,10465.1808,131578.0698,1342.6733,17718.7478,807.7416,20367.8266,60.3872,716.6579,10465.1808,131578.0698,623.7130,6503.8464,754.8341,6122.1941,59.8267,942.7774,4849.5444,45080.6695,1305.0634,21688.5514,1792.0656,25523.3855,140.3699,1884.9588,10170.1631,164079.2847,1342.6733,17718.7478,1272.4832,24317.4032,131.7998,1202.5070,10465.1808,131578.0698,0.4725,0.0377,11.9750,8.9634,14.9926,25.7125, NaN, NaN, NaN, NaN, NaN, NaN, NaN, NaN, NaN, NaN, NaN, NaN, NaN, NaN, NaN, NaN, NaN, NaN, NaN, NaN, NaN, NaN, NaN, NaN, NaN, NaN, NaN, NaN, NaN, NaN,
07/2012,955.7482,9717.0192,1183.3090,11744.9235,94.1443,631.2638,8050.5904,82439.0313,955.7482,9717.0192,572.5882,8804.7370,43.1913,302.2722,8050.5904,82439.0313,350.5075,1999.9440,372.1380,1842.1803,30.0673,230.8987,2952.8003,15905.7856,965.4595,10626.1718,1207.2690,10436.1846,95.9156,672.8779,8133.6801,90904.5391,955.7482,9717.0192,864.6675,10533.4041,90.5813,483.5574,8050.5904,82439.0313,0.5300,0.0352,13.7167,9.3926,14.4236,23.4164, NaN, NaN, NaN, NaN, NaN, NaN, NaN, NaN, NaN, NaN, NaN, NaN, NaN, NaN, NaN, NaN, NaN, NaN, NaN, NaN, NaN, NaN, NaN, NaN, NaN, NaN, NaN, NaN, NaN, NaN,
08/2012,1629.0288,20863.8461,2275.0530,25822.4330,176.6232,1466.5673,13835.9400,170976.1137,1629.0288,20863.8461,987.7560,18174.2664,73.5433,598.6624,13835.9400,170976.1137,839.7389,6839.6227,1059.3221,6749.3736,83.8738,826.9188,7145.8844,53736.7555,1399.2480,17784.1354,1883.7133,18698.2513,148.3005,1230.0593,11885.4684,146155.0555,1629.0288,20863.8461,1571.7566,23364.5974,161.0390,1019.5652,13835.9400,170976.1137,0.6200,0.0455,13.4250,10.0724,16.4438,18.3795, NaN, NaN, NaN, NaN, NaN, NaN, NaN, NaN, NaN, NaN, NaN, NaN, NaN, NaN, NaN, NaN, NaN, NaN, NaN, NaN, NaN, NaN, NaN, NaN, NaN, NaN, NaN, NaN, NaN, NaN,
09/2012,1631.3962,19351.8115,2362.7441,23029.7544,179.3755,1320.6689,14062.4902,151538.6257,1631.3962,19351.8115,992.5893,16323.7875,73.2757,536.0495,14062.4902,151538.6257,861.2352,6569.7178,1116.8353,6449.0272,88.0971,694.7148,7429.9593,50505.1509,1284.7507,12445.9459,1746.2679,12964.2133,136.3481,991.0425,11070.1219,96846.0370,1631.3962,19351.8115,1595.6482,20520.1132,160.0777,925.4508,14062.4902,151538.6257,0.5400,0.0318,10.9000,9.1600,17.8100,16.4440, NaN, NaN, NaN, NaN, NaN, NaN, NaN, NaN, NaN, NaN, NaN, NaN, NaN, NaN, NaN, NaN, NaN, NaN, NaN, NaN, NaN, NaN, NaN, NaN, NaN, NaN, NaN, NaN, NaN, NaN,
10/2012,812.6438,6059.8541,960.5077,6345.1396,76.6016,364.8542,6876.0115,45170.3384,812.6438,6059.8541,482.9843,4231.8708,36.4711,197.4854,6876.0115,45170.3384,384.3763,1578.3552,403.2280,1459.8068,32.7662,125.7505,3252.5162,11660.8415,611.9712,3575.8454,684.7017,3547.8586,55.0453,261.2380,5178.8416,26267.5580,812.6438,6059.8541,719.0507,5455.6226,74.0895,307.1324,6876.0115,45170.3384,0.4550,0.0302,6.0000,7.8325,20.8556,21.0032, NaN, NaN, NaN, NaN, NaN, NaN, NaN, NaN, NaN, NaN, NaN, NaN, NaN, NaN, NaN, NaN, NaN, NaN, NaN, NaN, NaN, NaN, NaN, NaN, NaN, NaN, NaN, NaN, NaN, NaN,
11/2012,797.5930,5912.3693,1021.5199,6287.1411,80.4426,692.2264,6777.1078,41079.1814,797.5930,5912.3693,473.5352,3439.5983,35.7068,214.0806,6777.1078,41079.1814,319.3862,1848.7008,345.3470,1673.4064,27.8116,244.2025,2714.7534,13104.5083,631.6186,6973.2144,781.2256,6239.5053,61.7819,596.9083,5367.5507,46784.9835,797.5930,5912.3693,728.5144,5082.1247,74.0635,433.2694,6777.1078,41079.1814,0.3500,0.0363,4.6500,7.1939,22.5572,25.7572, NaN, NaN, NaN, NaN, NaN, NaN, NaN, NaN, NaN, NaN, NaN, NaN, NaN, NaN, NaN, NaN, NaN, NaN, NaN, NaN, NaN, NaN, NaN, NaN, NaN, NaN, NaN, NaN, NaN, NaN,
12/2012,452.0966,4922.7523,503.5160,7694.2587,40.3538,365.8408,3602.9792,31764.3983,452.0966,4922.7523,263.4012,6371.0944,20.2349,173.7125,3602.9792,31764.3983,212.0429,1230.4829,215.5550,1083.8026,17.4252,161.8818,1690.3446,7986.0850,398.9520,4422.5914,446.4980,3845.4819,35.7216,334.2161,3179.3540,28402.5249,452.0966,4922.7523,394.9671,7134.8586,39.2490,256.9478,3602.9792,31764.3983,0.4467,0.0412,4.5833,6.9194,24.7731,26.5230, NaN, NaN, NaN, NaN, NaN, NaN, NaN, NaN, NaN, NaN, NaN, NaN, NaN, NaN, NaN, NaN, NaN, NaN, NaN, NaN, NaN, NaN, NaN, NaN, NaN, NaN, NaN, NaN, NaN, NaN,
01/2013,161.8013,1690.0445,149.9012,2176.5382,12.2243,114.7445,1239.2156,10116.9838,161.8013,1690.0445,91.6348,1684.3623,7.2901,59.1855,1239.2156,10116.9838,80.5766,578.3616,71.1682,488.1051,5.8060,64.9739,617.2814,3558.4095,131.3453,1797.0336,119.5449,1688.2945,9.7546,110.5178,1005.8955,10232.7407,161.8013,1690.0445,130.4652,1978.3957,12.0817,83.0062,1239.2156,10116.9838,0.4200,0.0602,3.9250,6.3113,26.1394,31.0672, NaN, NaN, NaN, NaN, NaN, NaN, NaN, NaN, NaN, NaN, NaN, NaN, NaN, NaN, NaN, NaN, NaN, NaN, NaN, NaN, NaN, NaN, NaN, NaN, NaN, NaN, NaN, NaN, NaN, NaN,
02/2013,47.7014,484.8336,35.4878,549.0818,2.9324,30.2810,309.7461,2899.2262,47.7014,484.8336,26.0654,373.1206,2.1643,22.1581,309.7461,2899.2262,19.9757,133.1942,13.3211,121.4943,1.1022,7.2420,129.5896,790.2939,40.1587,409.9248,29.9773,428.1032,2.4674,32.0707,261.7540,2424.0304,47.7014,484.8336,35.1282,481.8353,2.9324,25.8256,309.7461,2899.2262,0.4083,0.0442,3.2833,6.3719,25.1613,33.7322, NaN, NaN, NaN, NaN, NaN, NaN, NaN, NaN, NaN, NaN, NaN, NaN, NaN, NaN, NaN, NaN, NaN, NaN, NaN, NaN, NaN, NaN, NaN, NaN, NaN, NaN, NaN, NaN, NaN, NaN,
03/2013,340.2173,3156.9696,459.3260,3557.5861,35.6646,541.4498,2555.4833,18046.8356,340.2173,3156.9696,200.4286,1805.7530,15.0190,124.1036,2555.4833,18046.8356,217.4861,2045.4682,276.8876,1971.2022,21.6477,362.3660,1632.9854,11585.0552,171.4954,2020.6109,198.1063,1894.6555,15.6587,270.1702,1287.0651,12702.4971,340.2173,3156.9696,315.9432,2746.4402,31.6075,281.2502,2555.4833,18046.8356,0.4083,0.0423,4.1417,6.8090,24.2950,34.8489, NaN, NaN, NaN, NaN, NaN, NaN, NaN, NaN, NaN, NaN, NaN, NaN, NaN, NaN, NaN, NaN, NaN, NaN, NaN, NaN, NaN, NaN, NaN, NaN, NaN, NaN, NaN, NaN, NaN, NaN,
04/2013,159.1920,1430.7322,157.6861,1943.8996,12.6952,139.1271,1136.2890,8178.7126,159.1920,1430.7322,90.0925,1423.2233,7.0591,66.0263,1136.2890,8178.7126,61.0762,410.4778,51.6980,394.6795,4.2082,44.3595,436.3216,2349.2147,85.6310,809.6198,77.2948,848.3196,6.2520,82.8678,611.7387,4691.9759,159.1920,1430.7322,130.5498,1700.3758,12.4058,95.1618,1136.2890,8178.7126,0.4408,0.0401,3.5417,6.3870,22.5980,33.9264, NaN, NaN, NaN, NaN, NaN, NaN, NaN, NaN, NaN, NaN, NaN, NaN, NaN, NaN, NaN, NaN, NaN, NaN, NaN, NaN, NaN, NaN, NaN, NaN, NaN, NaN, NaN, NaN, NaN, NaN,
05/2013,982.2816,7156.1405,1357.5987,10158.4625,105.5609,1013.6388,6081.8093,38222.4772,982.2816,7156.1405,586.1879,6826.0543,43.7453,312.5561,6081.8093,38222.4772,505.6906,3569.3654,632.0874,3360.1487,49.6112,552.1248,3099.2704,17908.2817,1101.9629,12106.4717,1592.3453,12667.2017,122.9556,1248.0385,6799.6210,71452.5889,982.2816,7156.1405,932.2637,8636.0317,93.8727,621.2279,6081.8093,38222.4772,0.4525,0.0396,6.9250,7.6644,18.2625,30.7608, NaN, NaN, NaN, NaN, NaN, NaN, NaN, NaN, NaN, NaN, NaN, NaN, NaN, NaN, NaN, NaN, NaN, NaN, NaN, NaN, NaN, NaN, NaN, NaN, NaN, NaN, NaN, NaN, NaN, NaN,
06/2013,651.8016,4725.0518,774.1615,6987.5350,61.6319,396.5831,4847.0474,30372.8286,651.8016,4725.0518,384.7118,5432.5063,29.2217,191.8295,4847.0474,30372.8286,277.4218,1404.7776,294.1641,1328.9199,23.6413,164.5504,2066.6680,8433.6026,631.7654,8072.0582,750.1938,8225.0192,59.7346,430.5746,4699.1752,55541.7418,651.8016,4725.0518,575.9748,6297.4548,59.0661,308.9184,4847.0474,30372.8286,0.4233,0.0254,3.0250,7.8025,15.2438,29.2763, NaN, NaN, NaN, NaN, NaN, NaN, NaN, NaN, NaN, NaN, NaN, NaN, NaN, NaN, NaN, NaN, NaN, NaN, NaN, NaN, NaN, NaN, NaN, NaN, NaN, NaN, NaN, NaN, NaN, NaN,
07/2013,1577.6899,17839.4227,2276.2845,24444.6308,176.8773,1570.1650,12750.8326,129779.0044,1577.6899,17839.4227,953.3911,18571.2331,71.0140,619.5849,12750.8326,129779.0044,757.8835,5723.1360,977.8417,5459.5777,76.9455,754.6481,6127.6845,39011.8440,1780.3152,37752.9466,2661.1921,59833.6573,205.8393,2754.1058,14395.4569,290096.2002,1577.6899,17839.4227,1528.0820,22009.7578,155.7809,1038.4702,12750.8326,129779.0044,0.4917,0.0218,7.9167,8.3575,14.1975,25.8338, NaN, NaN, NaN, NaN, NaN, NaN, NaN, NaN, NaN, NaN, NaN, NaN, NaN, NaN, NaN, NaN, NaN, NaN, NaN, NaN, NaN, NaN, NaN, NaN, NaN, NaN, NaN, NaN, NaN, NaN,
08/2013,2717.1331,59747.1898,4382.1220,104325.3831,322.6040,4874.2273,23100.5709,495028.6311,2717.1331,59747.1898,1672.9033,86262.7867,122.1262,1866.0634,23100.5709,495028.6311,1615.8269,16840.1030,2359.4929,18141.3483,183.4498,1520.8801,13763.7651,134422.0315,2484.7517,70420.9075,3832.9935,103553.5440,290.6356,3981.3715,21105.0964,594758.0776,2717.1331,59747.1898,2771.1729,94973.9127,274.0174,2601.5004,23100.5709,495028.6311,1.2950,0.0562,11.6500,8.0744,16.5531,10.6474, NaN, NaN, NaN, NaN, NaN, NaN, NaN, NaN, NaN, NaN, NaN, NaN, NaN, NaN, NaN, NaN, NaN, NaN, NaN, NaN, NaN, NaN, NaN, NaN, NaN, NaN, NaN, NaN, NaN, NaN,
09/2013,2959.3987,113940.5443,4963.8267,187000.2912,345.9913,15796.8061,24982.7194,868211.9523,2959.3987,113940.5443,1831.1159,131983.9956,131.5118,3002.4154,24982.7194,868211.9523,2063.8627,31197.5194,3055.6500,37295.7561,238.1275,2023.3514,17428.3911,236379.1989,2495.1110,71259.5837,3904.3390,112471.5491,285.4210,9476.1621,21066.9357,544818.7485,2959.3987,113940.5443,3128.2003,146650.4789,295.5397,4234.5177,24982.7194,868211.9523,1.1250,0.0762,10.3750,8.1348,17.1348,4.2591, NaN, NaN, NaN, NaN, NaN, NaN, NaN, NaN, NaN, NaN, NaN, NaN, NaN, NaN, NaN, NaN, NaN, NaN, NaN, NaN, NaN, NaN, NaN, NaN, NaN, NaN, NaN, NaN, NaN, NaN,
10/2013,1675.2442,24948.5443,2363.4068,30425.0378,177.7948,1149.1945,14439.0767,184545.5608,1675.2442,24948.5443,1014.8405,23917.1680,74.6438,585.7390,14439.0767,184545.5608,1132.4707,7766.1936,1458.7213,7506.3762,115.8105,471.4852,9767.1868,57932.6745,1364.6275,18746.7005,1813.8610,20128.7934,140.8744,903.5547,11765.9178,139896.8417,1675.2442,24948.5443,1618.9634,27255.5313,162.3922,889.8881,14439.0767,184545.5608,1.1075,0.0642,16.8500,8.2780,20.0190,6.3329, NaN, NaN, NaN, NaN, NaN, NaN, NaN, NaN, NaN, NaN, NaN, NaN, NaN, NaN, NaN, NaN, NaN, NaN, NaN, NaN, NaN, NaN, NaN, NaN, NaN, NaN, NaN, NaN, NaN, NaN,
11/2013,605.3530,4752.1296,687.5324,5528.4817,55.0931,292.3449,4509.8716,27328.4853,605.3530,4752.1296,356.4096,3669.4007,27.1230,182.7144,4509.8716,27328.4853,354.3091,1612.2240,365.6230,1523.4075,29.6782,107.3641,2642.3175,9777.6640,469.0915,2968.0214,509.9691,3010.9087,41.0550,204.4958,3493.7063,17264.6517,605.3530,4752.1296,527.3286,4670.4010,53.8164,256.7720,4509.8716,27328.4853,0.5475,0.0457,8.0000,6.8381,23.8819,20.8411, NaN, NaN, NaN, NaN, NaN, NaN, NaN, NaN, NaN, NaN, NaN, NaN, NaN, NaN, NaN, NaN, NaN, NaN, NaN, NaN, NaN, NaN, NaN, NaN, NaN, NaN, NaN, NaN, NaN, NaN,
12/2013,278.1562,1810.7626,271.7912,2053.1462,22.1505,128.8988,1943.3757,9941.8464,278.1562,1810.7626,159.5333,1219.1104,12.5471,100.3790,1943.3757,9941.8464,150.5693,701.3088,134.1282,656.2971,11.0244,40.6860,1052.6051,3994.7053,210.6864,1350.4752,197.2751,1428.7719,16.1366,87.9376,1473.0761,7411.6973,278.1562,1810.7626,228.2910,1683.7024,22.1448,122.7039,1943.3757,9941.8464,0.4450,0.0477,4.6167,6.7075,25.3595,27.8114, NaN, NaN, NaN, NaN, NaN, NaN, NaN, NaN, NaN, NaN, NaN, NaN, NaN, NaN, NaN, NaN, NaN, NaN, NaN, NaN, NaN, NaN, NaN, NaN, NaN, NaN, NaN, NaN, NaN, NaN,
01/2014,100.9238,845.6573,83.9933,955.1585,6.9272,53.0749,693.8344,4379.1996,100.9238,845.6573,56.4042,569.6943,4.6004,47.3218,693.8344,4379.1996,49.9219,308.5171,37.5057,290.2716,3.1057,13.8715,343.0782,1642.8291,70.8912,646.7904,56.0286,718.3629,4.6314,37.5582,488.3744,3312.3558,100.9238,845.6573,78.7685,783.6940,6.9272,52.0866,693.8344,4379.1996,0.4225,0.0408,3.1833,6.2434,25.7501,32.0804, NaN, NaN, NaN, NaN, NaN, NaN, NaN, NaN, NaN, NaN, NaN, NaN, NaN, NaN, NaN, NaN, NaN, NaN, NaN, NaN, NaN, NaN, NaN, NaN, NaN, NaN, NaN, NaN, NaN, NaN,
02/2014,32.7974,459.0259,23.3031,549.8420,1.9302,27.4199,239.3963,2363.2040,32.7974,459.0259,17.9737,341.3734,1.5111,26.5115,239.3963,2363.2040,16.1395,152.2714,10.3904,150.1069,0.8585,5.2654,117.6996,807.9412,20.3040,354.2227,13.5434,414.4194,1.1206,18.6273,147.7847,1762.2900,32.7974,459.0259,23.3031,455.0000,1.9302,27.3304,239.3963,2363.2040,0.3950,0.0333,3.2333,6.2844,25.1344,34.0211, NaN, NaN, NaN, NaN, NaN, NaN, NaN, NaN, NaN, NaN, NaN, NaN, NaN, NaN, NaN, NaN, NaN, NaN, NaN, NaN, NaN, NaN, NaN, NaN, NaN, NaN, NaN, NaN, NaN, NaN,
03/2014,54.4752,647.0410,47.3786,730.1911,3.8333,68.1395,326.5197,2781.1252,54.4752,647.0410,30.1982,433.3092,2.4034,34.3884,326.5197,2781.1252,33.0739,314.1677,27.3377,285.8865,2.2121,34.1507,197.8358,1355.8408,29.6611,435.9226,22.7053,505.3817,1.8505,38.9030,178.1766,1866.5704,54.4752,647.0410,41.0841,593.0484,3.7860,46.3528,326.5197,2781.1252,0.3875,0.0396,3.6250,6.3375,23.6310,36.3313, NaN, NaN, NaN, NaN, NaN, NaN, NaN, NaN, NaN, NaN, NaN, NaN, NaN, NaN, NaN, NaN, NaN, NaN, NaN, NaN, NaN, NaN, NaN, NaN, NaN, NaN, NaN, NaN, NaN, NaN,
04/2014,118.5062,1367.7466,130.3523,1495.0127,10.3219,215.7054,803.1590,5939.5220,118.5062,1367.7466,67.6367,783.7700,5.1597,65.5817,803.1590,5939.5220,50.3885,606.5194,46.8180,559.8611,3.7603,83.9654,341.7497,2667.9196,73.6474,980.0352,74.0698,1039.6705,5.9119,140.4868,498.9246,4260.8013,118.5062,1367.7466,99.3389,1153.3955,9.8954,120.6843,803.1590,5939.5220,0.2700,0.0317,2.6750,6.5525,21.3231,36.4407, NaN, NaN, NaN, NaN, NaN, NaN, NaN, NaN, NaN, NaN, NaN, NaN, NaN, NaN, NaN, NaN, NaN, NaN, NaN, NaN, NaN, NaN, NaN, NaN, NaN, NaN, NaN, NaN, NaN, NaN,
05/2014,799.3469,10268.1130,1121.2250,18680.4059,86.7096,1415.3840,5346.2152,53430.1039,799.3469,10268.1130,474.4244,14755.6518,35.2776,538.9183,5346.2152,53430.1039,451.7165,4206.5222,573.4330,4018.2849,44.7533,689.7356,3008.0048,18611.3154,980.4758,14518.5091,1447.0018,19798.3658,111.1260,1704.1361,6570.0550,78013.8057,799.3469,10268.1130,760.0756,16758.2225,75.9450,890.2725,5346.2152,53430.1039,0.4358,0.0372,6.2917,7.5319,18.0531,32.3468, NaN, NaN, NaN, NaN, NaN, NaN, NaN, NaN, NaN, NaN, NaN, NaN, NaN, NaN, NaN, NaN, NaN, NaN, NaN, NaN, NaN, NaN, NaN, NaN, NaN, NaN, NaN, NaN, NaN, NaN,
06/2014,885.4963,19048.8413,1247.0094,32638.6853,96.8231,1391.4533,6524.0127,144194.3575,885.4963,19048.8413,532.4346,27413.9663,39.8916,666.4078,6524.0127,144194.3575,425.8138,4189.4669,548.9363,4202.6972,42.9119,570.0664,3129.6038,27701.6070,933.3878,32774.6650,1322.6030,59546.4369,102.6669,2431.0697,6876.9936,256419.5162,885.4963,19048.8413,833.4730,30604.3234,84.1308,974.0016,6524.0127,144194.3575,0.6817,0.0358,10.7500,7.9520,14.8625,22.2476, NaN, NaN, NaN, NaN, NaN, NaN, NaN, NaN, NaN, NaN, NaN, NaN, NaN, NaN, NaN, NaN, NaN, NaN, NaN, NaN, NaN, NaN, NaN, NaN, NaN, NaN, NaN, NaN, NaN, NaN,
07/2014,2035.7827,61658.2454,3041.9235,98454.6189,232.4935,2669.8180,16774.7117,550163.1655,2035.7827,61658.2454,1241.0274,87819.2399,91.7548,1456.6872,16774.7117,550163.1655,966.5309,8420.8118,1256.3581,8197.3396,98.7777,891.9334,7958.3435,69558.9042,2397.2198,83988.5501,3710.2197,136380.3643,282.6894,5220.6990,19754.1361,753227.8065,2035.7827,61658.2454,2014.1841,94731.0954,202.9820,2003.8084,16774.7117,550163.1655,0.9550,0.0302,8.8500,8.9525,14.3244,14.4968, NaN, NaN, NaN, NaN, NaN, NaN, NaN, NaN, NaN, NaN, NaN, NaN, NaN, NaN, NaN, NaN, NaN, NaN, NaN, NaN, NaN, NaN, NaN, NaN, NaN, NaN, NaN, NaN, NaN, NaN,
08/2014,1870.8278,37675.2816,2914.6990,56356.6756,215.3317,2492.2468,16036.4431,306767.3664,1870.8278,37675.2816,1149.0252,46593.5666,84.1759,1191.4507,16036.4431,306767.3664,1008.1325,8307.6192,1439.9068,8841.1789,111.6207,917.0316,8630.0782,62376.1366,1840.5360,36378.0547,2776.4370,45657.2608,207.6054,2109.9913,15787.0862,297886.9052,1870.8278,37675.2816,1880.3135,51782.5182,185.0323,1663.3847,16036.4431,306767.3664,0.8875,0.0282,10.2750,8.4022,16.1983,12.8989, NaN, NaN, NaN, NaN, NaN, NaN, NaN, NaN, NaN, NaN, NaN, NaN, NaN, NaN, NaN, NaN, NaN, NaN, NaN, NaN, NaN, NaN, NaN, NaN, NaN, NaN, NaN, NaN, NaN, NaN,
09/2014,1714.9795,36807.9898,2524.1238,47230.6575,186.6298,2974.6825,15302.6144,313807.6327,1714.9795,36807.9898,1046.9877,36303.3698,76.6009,1298.6790,15302.6144,313807.6327,965.7446,9256.6627,1254.9182,9264.8557,99.0600,736.7430,8623.0535,76200.1881,1525.6512,25315.2432,2153.4681,29097.0253,162.3969,1663.9758,13604.7418,214565.9904,1714.9795,36807.9898,1676.4151,41579.5220,166.9379,1730.4648,15302.6144,313807.6327,0.7150,0.0403,8.3750,8.0029,18.0106,9.4739, NaN, NaN, NaN, NaN, NaN, NaN, NaN, NaN, NaN, NaN, NaN, NaN, NaN, NaN, NaN, NaN, NaN, NaN, NaN, NaN, NaN, NaN, NaN, NaN, NaN, NaN, NaN, NaN, NaN, NaN,
10/2014,1124.8330,12937.8470,1446.4715,14800.4064,112.8008,770.4960,10310.9807,100224.2648,1124.8330,12937.8470,675.6687,11068.0106,50.3962,414.9381,10310.9807,100224.2648,580.5734,2998.7626,656.2783,2764.2942,52.7769,253.9255,5323.3077,23297.4084,920.8426,9019.0886,1129.1851,8784.3040,89.2889,542.0726,8446.9891,70031.4744,1124.8330,12937.8470,1033.7233,13064.2550,106.4204,621.6751,10310.9807,100224.2648,0.6050,0.0350,5.0250,7.6506,20.6594,13.3031, NaN, NaN, NaN, NaN, NaN, NaN, NaN, NaN, NaN, NaN, NaN, NaN, NaN, NaN, NaN, NaN, NaN, NaN, NaN, NaN, NaN, NaN, NaN, NaN, NaN, NaN, NaN, NaN, NaN, NaN,
11/2014,585.4723,4633.5283,663.7217,5344.2046,53.1717,417.6448,4797.2459,30151.2033,585.4723,4633.5283,343.5459,3460.7491,26.1972,181.6282,4797.2459,30151.2033,284.4806,1404.4493,284.3013,1301.5049,23.1433,142.5602,2348.2923,9702.5674,492.5664,3783.6720,541.5495,3700.6902,43.5327,342.6517,4035.6427,24821.1854,585.4723,4633.5283,506.7697,4484.8814,51.8800,299.8523,4797.2459,30151.2033,0.5025,0.0353,4.0000,7.2083,22.8357,19.9485, NaN, NaN, NaN, NaN, NaN, NaN, NaN, NaN, NaN, NaN, NaN, NaN, NaN, NaN, NaN, NaN, NaN, NaN, NaN, NaN, NaN, NaN, NaN, NaN, NaN, NaN, NaN, NaN, NaN, NaN,
12/2014,231.2928,1722.4186,219.3129,1972.6103,17.9190,107.2906,1715.0163,12665.5635,231.2928,1722.4186,131.8405,1254.5621,10.4398,83.2743,1715.0163,12665.5635,106.4880,513.4406,90.4006,492.3075,7.4602,28.0653,789.2218,3936.1520,190.1578,1477.2758,175.0874,1522.0103,14.3434,88.9690,1409.4349,10972.5680,231.2928,1722.4186,187.6477,1639.3450,17.9190,103.5353,1715.0163,12665.5635,0.4483,0.0452,3.5667,6.6750,24.4439,26.5848, NaN, NaN, NaN, NaN, NaN, NaN, NaN, NaN, NaN, NaN, NaN, NaN, NaN, NaN, NaN, NaN, NaN, NaN, NaN, NaN, NaN, NaN, NaN, NaN, NaN, NaN, NaN, NaN, NaN, NaN,
01/2015,104.7946,842.7715,94.1465,937.8189,7.6426,65.5983,749.9647,6434.4869,104.7946,842.7715,58.4555,559.4113,4.6517,45.7461,749.9647,6434.4869,66.7786,374.8896,59.7931,348.4799,4.8301,30.2583,465.5346,2635.4187,89.4326,747.5760,80.0832,825.3376,6.4895,57.8737,634.5113,5716.2736,104.7946,842.7715,82.3606,770.2507,7.6426,57.7293,749.9647,6434.4869,0.3550,0.0497,2.8667,6.3506,25.6631,31.2874, NaN, NaN, NaN, NaN, NaN, NaN, NaN, NaN, NaN, NaN, NaN, NaN, NaN, NaN, NaN, NaN, NaN, NaN, NaN, NaN, NaN, NaN, NaN, NaN, NaN, NaN, NaN, NaN, NaN, NaN,
02/2015,139.7520,1633.0550,149.9151,1703.1225,11.9640,259.8270,864.8649,11075.7656,139.7520,1633.0550,80.2309,890.8200,6.1918,72.6449,864.8649,11075.7656,58.5619,624.1018,53.3203,546.3816,4.3149,98.0015,362.0841,4178.6169,216.9936,2636.4442,272.4483,2842.7175,21.3493,471.3351,1391.4448,17736.9099,139.7520,1633.0550,117.1805,1326.8927,11.5478,139.7641,864.8649,11075.7656,0.4475,0.0550,3.3875,6.2606,24.8500,33.0485, NaN, NaN, NaN, NaN, NaN, NaN, NaN, NaN, NaN, NaN, NaN, NaN, NaN, NaN, NaN, NaN, NaN, NaN, NaN, NaN, NaN, NaN, NaN, NaN, NaN, NaN, NaN, NaN, NaN, NaN,
03/2015,112.1213,1460.2291,107.3014,1495.9215,8.6522,202.6237,571.7627,9586.1473,112.1213,1460.2291,63.1637,824.3171,4.9299,69.6010,571.7627,9586.1473,66.7440,829.9152,60.5252,691.3271,4.8895,118.8262,342.8446,5303.4467,71.4182,997.6262,60.2751,1047.9270,4.9183,116.4535,359.6320,6697.5520,112.1213,1460.2291,90.1908,1168.5709,8.5344,115.6189,571.7627,9586.1473,0.4825,0.0542,4.9250,6.4410,23.6105,34.6910, NaN, NaN, NaN, NaN, NaN, NaN, NaN, NaN, NaN, NaN, NaN, NaN, NaN, NaN, NaN, NaN, NaN, NaN, NaN, NaN, NaN, NaN, NaN, NaN, NaN, NaN, NaN, NaN, NaN, NaN,
04/2015,304.1712,2740.9190,357.1006,2906.2022,28.2584,458.8650,2114.8656,17556.6423,304.1712,2740.9190,176.2877,1458.7139,13.3720,118.8063,2114.8656,17556.6423,117.7632,1117.3248,117.0818,1022.3030,9.4031,180.5765,816.5195,7088.1808,198.0634,2003.6074,212.6822,2054.3522,16.9882,304.3091,1376.2996,13138.0894,304.1712,2740.9190,267.8999,2257.8811,27.0310,260.6059,2114.8656,17556.6423,0.3950,0.0245,3.5500,7.1800,19.5525,33.9976,0.6064,0.0557,6.9161,11.3227,34.3146,0.5994,0.0550,6.9116,11.3078,34.4040,0.5953,0.0548,6.8830,11.5501,35.4156,0.6032,0.0555,6.9155,11.3062,34.3147, NaN, NaN, NaN, NaN, NaN, NaN, NaN, NaN, NaN, NaN,
05/2015,520.4304,3772.9066,740.8600,4355.4494,57.0448,558.6799,4192.4178,25467.8089,520.4304,3772.9066,308.7412,2127.8300,23.0673,154.3805,4192.4178,25467.8089,269.5507,2009.2061,357.8751,2039.1616,27.7304,317.4400,2179.1254,13250.8194,610.3382,6256.0080,926.7772,7032.2513,70.7265,729.5706,4927.9105,44439.7139,520.4304,3772.9066,501.9923,3240.8767,48.7077,319.6019,4192.4178,25467.8089,0.3575,0.0217,3.5500,7.5128,16.6267,32.0316,0.4843,0.0547,7.4896,9.2266,33.0011,0.4689,0.0490,7.4707,8.9509,33.1386,0.5060,0.0537,7.4350,9.5921,34.9131,0.4770,0.0513,7.4841,9.1021,33.0008, NaN, NaN, NaN, NaN, NaN, NaN, NaN, NaN, NaN, NaN,
06/2015,796.7203,6017.4490,1088.7033,7018.9810,84.7858,778.4219,6182.3371,37211.7374,796.7203,6017.4490,474.4111,3859.9021,35.5896,230.1857,6182.3371,37211.7374,387.0461,2776.4554,483.8648,2749.7960,37.9424,437.3801,3014.4072,16344.2963,799.9258,7397.3520,1097.5518,7895.9955,85.4331,800.3288,6207.8405,49073.8548,796.7203,6017.4490,749.0929,5647.7271,75.2506,500.0114,6182.3371,37211.7374,0.3600,0.0353,8.0667,7.6775,15.6939,30.0610,0.4221,0.0545,7.6840,7.6097,30.2017,0.3845,0.0439,7.6175,6.8318,30.3508,0.4310,0.0523,7.5869,7.3642,33.2407,0.4030,0.0480,7.6566,7.2554,30.2022, NaN, NaN, NaN, NaN, NaN, NaN, NaN, NaN, NaN, NaN,
07/2015,1255.2970,10239.5837,1722.4455,12382.3915,134.4918,1123.7515,9588.7648,68923.9136,1255.2970,10239.5837,753.9490,7701.9962,56.3085,367.7453,9588.7648,68923.9136,568.7971,3911.1898,694.5694,3736.4923,54.8445,579.2205,4343.0344,25195.9461,1414.4198,14646.8909,2007.2381,16698.4004,156.0910,1353.9018,10802.3213,100560.4933,1255.2970,10239.5837,1184.2546,10339.3217,120.8694,701.6676,9588.7648,68923.9136,0.3975,0.0275,6.0250,8.0860,14.6089,26.4820,0.4560,0.0624,7.9129,8.8725,24.9114,0.3741,0.0437,7.8432,8.0908,25.0168,0.3969,0.0551,7.7541,7.5012,30.2898,0.4210,0.0524,7.8821,8.5395,24.9124, NaN, NaN, NaN, NaN, NaN, NaN, NaN, NaN, NaN, NaN,
08/2015,1728.5875,42489.6797,2506.4378,70846.0758,190.3335,2491.2618,13447.9076,347321.2520,1728.5875,42489.6797,1052.6073,64226.9302,77.7163,1689.6847,13447.9076,347321.2520,907.5542,8158.0522,1183.0276,8136.6854,93.0128,775.2478,7066.3582,63039.1929,1620.8294,53239.0752,2281.6923,94164.5723,175.8112,3329.5531,12605.3824,438021.1932,1728.5875,42489.6797,1670.9016,68052.3810,169.0096,2090.1096,13447.9076,347321.2520,0.9750,0.0325,6.0750,8.3230,15.6461,16.7693,0.7946,0.0525,8.4673,5.1150,17.3623,0.6827,0.0345,8.4494,4.7171,17.3922,0.3571,0.0530,8.2155,6.0979,28.0468,0.7476,0.0427,8.4587,4.9456,17.3630, NaN, NaN, NaN, NaN, NaN, NaN, NaN, NaN, NaN, NaN,
09/2015,1329.6528,15029.3578,1805.8258,19480.6504,139.4258,1035.3393,11456.2305,110055.5573,1329.6528,15029.3578,804.1130,15027.9075,59.7384,546.1162,11456.2305,110055.5573,661.8326,3729.8016,797.6651,3583.3921,63.5321,396.8714,5692.7300,27506.9426,1122.0509,11724.2554,1464.0452,11974.1360,114.5477,726.4022,9654.7445,87314.5254,1329.6528,15029.3578,1241.5284,17495.0440,127.4251,799.3438,11456.2305,110055.5573,0.6875,0.0297,6.9250,8.0237,18.2129,16.7018,0.9519,0.0544,8.0273,8.8358,18.8705,0.8283,0.0408,7.9785,8.0568,18.8984,0.3611,0.0456,7.9558,7.2504,26.0803, NaN, NaN, NaN, NaN, NaN, NaN, NaN, NaN, NaN, NaN, NaN, NaN, NaN, NaN, NaN,
10/2015,688.6253,4413.9773,798.6631,5038.1344,63.7851,350.4594,6008.5219,26659.8791,688.6253,4413.9773,405.3418,3340.7148,30.7517,173.3997,6008.5219,26659.8791,328.3978,1322.0496,337.3900,1245.8540,27.3726,126.1599,2868.2730,8291.2374,552.5453,2909.0966,612.4511,3010.0681,49.1754,261.3866,4827.9817,17816.4420,688.6253,4413.9773,607.0382,4268.4140,61.8324,276.8021,6008.5219,26659.8791,0.4375,0.0293,6.5250,6.8700,22.0418,24.7399,0.5853,0.0417,7.6647,10.7867,21.6008,0.4874,0.0283,7.5695,8.7811,21.6392,0.3746,0.0354,7.3818,7.1068,27.4741, NaN, NaN, NaN, NaN, NaN, NaN, NaN, NaN, NaN, NaN, NaN, NaN, NaN, NaN, NaN,
11/2015,456.7536,2574.9533,525.3320,2898.5058,41.8520,231.7679,3448.9458,13378.8303,456.7536,2574.9533,266.4273,1748.6666,20.4167,111.6922,3448.9458,13378.8303,182.2522,770.6794,178.8029,730.8504,14.5163,71.9918,1376.0423,4179.0010,363.6662,2169.7978,404.3989,2206.4041,32.3251,191.6343,2745.3411,11120.5266,456.7536,2574.9533,403.6017,2376.4006,40.0445,181.2733,3448.9458,13378.8303,0.5017,0.0517,4.5833,7.0610,24.1825,26.3580,0.5332,0.0389,7.2556,10.8634,23.8979,0.4607,0.0318,7.1898,9.6524,23.9404,0.4112,0.0377,7.0192,9.6055,28.9920, NaN, NaN, NaN, NaN, NaN, NaN, NaN, NaN, NaN, NaN, NaN, NaN, NaN, NaN, NaN,
12/2015,253.5581,1625.0198,267.1276,1680.5943,21.4595,183.2407,1984.4338,7997.1713,253.5581,1625.0198,145.5919,948.9864,11.3159,74.7025,1984.4338,7997.1713,126.6710,878.4634,124.7421,767.7707,10.0682,100.3441,992.4063,4107.7058,230.0314,3335.8694,247.3415,4283.8283,19.7933,255.7336,1801.6273,15959.0345,253.5581,1625.0198,217.3503,1369.0238,20.8692,121.0269,1984.4338,7997.1713,0.4750,0.0485,2.7500,6.7237,23.8833,30.1171,0.4861,0.0386,7.1546,10.2897,27.8999,0.4348,0.0335,7.1308,9.5919,27.9676,0.4310,0.0384,7.0164,9.9555,31.3735, NaN, NaN, NaN, NaN, NaN, NaN, NaN, NaN, NaN, NaN, NaN, NaN, NaN, NaN, NaN,
01/2016,98.6774,1608.6557,85.5893,1790.1899,6.9959,222.5208,672.6942,6577.7798,98.6774,1608.6557,55.0681,1178.2149,4.4242,66.5484,672.6942,6577.7798,62.5277,1924.7414,53.3264,1821.1879,4.3509,197.4371,423.2363,9167.9175,84.6202,6438.4934,72.8347,8590.7753,5.9492,379.4203,575.3568,35952.2533,98.6774,1608.6557,76.3875,1525.6899,6.9909,115.6539,672.6942,6577.7798,0.4600,0.0580,4.9750,6.0775,26.2194,33.4549,0.4680,0.0407,6.6589,9.7110,31.7693,0.4370,0.0371,6.6423,9.4235,31.8581,0.4438,0.0423,6.5639,9.9524,34.0857, NaN, NaN, NaN, NaN, NaN, NaN, NaN, NaN, NaN, NaN, NaN, NaN, NaN, NaN, NaN,
02/2016,31.0608,1817.0352,22.0937,6688.1725,1.8232,415.9952,224.5309,10740.2080,31.0608,1817.0352,16.8846,6488.9410,1.4128,408.4434,224.5309,10740.2080,14.1696,180.0317,9.1020,170.5441,0.7504,7.9746,102.5343,866.5686,28.5638,891.6307,21.3232,912.2254,1.7497,45.3344,208.7521,4578.3598,31.0608,1817.0352,21.6964,6597.1314,1.8232,410.9974,224.5309,10740.2080,0.5083,0.0654,5.5000,6.1897,24.7114,34.7057,0.5254,0.0504,6.8273,10.7905,32.6004,0.4956,0.0454,6.8089,10.5155,32.7336,0.5149,0.0535,6.7730,11.1329,34.7680, NaN, NaN, NaN, NaN, NaN, NaN, NaN, NaN, NaN, NaN, NaN, NaN, NaN, NaN, NaN,
03/2016,105.6240,6139.0224,117.9570,26769.5435,9.3468,1259.6567,756.7593,33613.3222,105.6240,6139.0224,60.7978,25772.3885,4.6271,983.7283,756.7593,33613.3222,69.5088,1737.4435,73.7975,1415.2364,5.8774,238.2622,497.9396,7859.7870,56.9462,2695.9565,54.5014,2495.1326,4.3800,206.7175,408.0322,14293.0891,105.6240,6139.0224,90.6471,26188.8077,8.9198,1045.7541,756.7593,33613.3222,0.4575,0.0658,4.1500,6.9072,24.4188,35.4804,0.5463,0.0588,6.7558,11.3105,34.4937,0.5241,0.0540,6.7405,11.1722,34.7009, NaN, NaN, NaN, NaN, NaN, NaN, NaN, NaN, NaN, NaN, NaN, NaN, NaN, NaN, NaN, NaN, NaN, NaN, NaN, NaN,
04/2016,371.3213,10431.2534,465.3508,27352.5828,36.4249,1237.8358,2220.0097,58426.2096,371.3213,10431.2534,215.7001,25743.3405,16.1771,858.5780,2220.0097,58426.2096,149.9040,2244.6115,157.6104,1821.7654,12.5564,211.6424,899.0882,10987.1168,227.2579,5109.1258,258.5300,4395.0055,20.4364,363.2254,1361.3646,27029.2534,371.3213,10431.2534,341.8865,26592.4899,33.7263,1011.4687,2220.0097,58426.2096,1.1900,0.0944,26.0250,8.2887,21.9233,29.3582,0.9673,0.1253,7.8186,20.7967,26.5474,0.8993,0.1033,7.7820,20.2034,26.7225, NaN, NaN, NaN, NaN, NaN, NaN, NaN, NaN, NaN, NaN, NaN, NaN, NaN, NaN, NaN, NaN, NaN, NaN, NaN, NaN,
05/2016,729.0346,19408.6627,988.4124,34020.1833,76.9697,1442.7247,5118.3061,128049.0592,729.0346,19408.6627,432.8164,30917.8025,32.3772,787.6031,5118.3061,128049.0592,373.7059,3851.8675,456.6965,3587.9578,35.8829,521.8503,2625.9290,20822.0929,813.2746,17094.8621,1158.9975,20638.5707,89.5702,1369.8849,5738.8005,110389.5377,729.0346,19408.6627,687.5624,32591.8499,68.5315,1067.2726,5118.3061,128049.0592,0.9177,0.1168,32.7750,10.0140,17.0018,23.8607, NaN, NaN, NaN, NaN, NaN, NaN, NaN, NaN, NaN, NaN, NaN, NaN, NaN, NaN, NaN, NaN, NaN, NaN, NaN, NaN, NaN, NaN, NaN, NaN, NaN, NaN, NaN, NaN, NaN, NaN,
06/2016,1098.2477,25082.4902,1493.1202,36628.8901,116.8635,1381.0148,8023.4556,199064.6968,1098.2477,25082.4902,658.4689,32464.4519,49.3257,734.9086,8023.4556,199064.6968,495.5818,4118.1782,602.3090,3753.9771,47.5966,507.9567,3619.8908,28563.1217,1047.6778,25757.3520,1421.9533,30236.2575,111.2915,1375.7586,7654.8052,206501.4232,1098.2477,25082.4902,1047.2434,34881.5922,106.3192,1031.6088,8023.4556,199064.6968,0.6575,0.0470,26.0750,8.7156,15.0056,19.5273, NaN, NaN, NaN, NaN, NaN, NaN, NaN, NaN, NaN, NaN, NaN, NaN, NaN, NaN, NaN, NaN, NaN, NaN, NaN, NaN, NaN, NaN, NaN, NaN, NaN, NaN, NaN, NaN, NaN, NaN,
07/2016,2100.5568,82580.6189,3207.8564,172655.3471,247.4470,7992.5807,16031.9432,760423.3958,2100.5568,82580.6189,1282.3872,152449.5031,95.1777,3690.7592,16031.9432,760423.3958,902.5517,9089.8502,1221.0465,8930.2201,95.6027,858.8350,6935.0368,76188.2236,2284.7270,111241.9440,3595.9636,252145.6157,276.0908,10411.9390,17453.4170,1034573.0632,2100.5568,82580.6189,2111.5325,159968.9617,212.8277,4320.5523,16031.9432,760423.3958,1.2200,0.0548,2.9500,8.6988,13.2969,11.2489, NaN, NaN, NaN, NaN, NaN, NaN, NaN, NaN, NaN, NaN, NaN, NaN, NaN, NaN, NaN, NaN, NaN, NaN, NaN, NaN, NaN, NaN, NaN, NaN, NaN, NaN, NaN, NaN, NaN, NaN,
08/2016,2396.1312,86040.5328,3702.6474,145397.1928,275.5792,10900.3963,18983.7092,756406.8612,2396.1312,86040.5328,1468.5722,112459.6162,107.6785,2588.0658,18983.7092,756406.8612,1306.1002,15861.4675,1807.9284,16336.8904,141.5820,1282.6554,10408.7823,131879.1469,2181.2890,63545.8694,3263.7027,94348.7240,246.3370,6979.0869,17247.6177,553726.9088,2396.1312,86040.5328,2427.8216,121225.7767,240.5311,3413.0600,18983.7092,756406.8612,1.0375,0.0540,13.0750,8.8065,13.9870,8.0765, NaN, NaN, NaN, NaN, NaN, NaN, NaN, NaN, NaN, NaN, NaN, NaN, NaN, NaN, NaN, NaN, NaN, NaN, NaN, NaN, NaN, NaN, NaN, NaN, NaN, NaN, NaN, NaN, NaN, NaN,
09/2016,1934.0986,47853.5645,2845.6556,66035.3387,211.5924,3327.0518,17110.9897,428005.4006,1934.0986,47853.5645,1178.0270,54098.1792,86.3055,1174.0056,17110.9897,428005.4006,1151.9453,11008.1030,1522.7047,10389.7045,120.4294,695.0067,10206.6946,95657.7417,1659.2515,30877.3728,2329.3811,36743.8533,177.4589,2011.9633,14661.8664,275176.4322,1934.0986,47853.5645,1921.6575,58882.6776,190.2537,1617.6269,17110.9897,428005.4006,1.0975,0.0665,20.2750,8.7726,15.7520,8.1415, NaN, NaN, NaN, NaN, NaN, NaN, NaN, NaN, NaN, NaN, NaN, NaN, NaN, NaN, NaN, NaN, NaN, NaN, NaN, NaN, NaN, NaN, NaN, NaN, NaN, NaN, NaN, NaN, NaN, NaN,
10/2016,1455.2179,20116.7539,1976.7972,23349.6758,150.6958,1627.5660,13708.8252,157455.1982,1455.2179,20116.7539,878.4967,16908.7145,64.9322,638.2863,13708.8252,157455.1982,786.8189,4295.6179,945.5003,3940.9649,75.6706,328.4867,7409.6933,34965.0276,1159.9891,11574.2390,1491.3833,11723.0962,116.3587,682.8865,10922.8257,92388.4740,1455.2179,20116.7539,1389.3696,19704.7185,139.4877,915.6452,13708.8252,157455.1982,0.7567,0.0463,15.1667,8.5875,18.5545,11.0586, NaN, NaN, NaN, NaN, NaN, NaN, NaN, NaN, NaN, NaN, NaN, NaN, NaN, NaN, NaN, NaN, NaN, NaN, NaN, NaN, NaN, NaN, NaN, NaN, NaN, NaN, NaN, NaN, NaN, NaN,
11/2016,558.1440,4309.0704,629.2229,5142.5135,50.4449,283.8472,4397.7483,25111.0468,558.1440,4309.0704,327.5391,3612.1013,25.0054,169.1223,4397.7483,25111.0468,291.6605,1151.7984,294.9934,1082.5576,24.0114,86.1627,2307.4416,7188.7367,445.9104,2691.3514,483.9029,2744.4221,38.9488,205.0158,3509.0845,15898.8704,558.1440,4309.0704,484.0721,4421.1860,49.1656,241.6783,4397.7483,25111.0468,0.5825,0.0380,4.9250,6.9969,23.5782,20.4619, NaN, NaN, NaN, NaN, NaN, NaN, NaN, NaN, NaN, NaN, NaN, NaN, NaN, NaN, NaN, NaN, NaN, NaN, NaN, NaN, NaN, NaN, NaN, NaN, NaN, NaN, NaN, NaN, NaN, NaN,
12/2016,255.7699,2005.1539,251.6148,2214.2674,20.4313,187.5003,1883.9360,9553.2853,255.7699,2005.1539,146.0917,1365.3084,11.4786,96.1995,1883.9360,9553.2853,137.1082,921.1450,124.7301,816.3443,10.2052,89.0836,1008.9831,4188.8779,213.5808,2081.9722,208.1203,2056.5296,16.8911,180.7193,1570.3981,9197.1498,255.7699,2005.1539,210.4047,1824.1767,20.2281,133.8760,1883.9360,9553.2853,0.4600,0.0455,5.0500,6.5081,24.1309,26.6680, NaN, NaN, NaN, NaN, NaN, NaN, NaN, NaN, NaN, NaN, NaN, NaN, NaN, NaN, NaN, NaN, NaN, NaN, NaN, NaN, NaN, NaN, NaN, NaN, NaN, NaN, NaN, NaN, NaN, NaN,
01/2017,223.7242,2476.0166,275.0480,2711.5602,21.6472,421.0745,1546.0031,8768.4173,223.7242,2476.0166,130.2612,1295.0307,10.0187,101.3031,1546.0031,8768.4173,170.5709,4125.2112,215.1090,7083.7699,16.8766,510.9434,1188.8690,19913.6607,200.2493,2680.1194,249.5381,2850.4829,19.6003,414.5870,1389.6814,10181.8227,223.7242,2476.0166,203.2541,2033.6351,20.1001,216.4553,1546.0031,8768.4173,0.4088,0.0483,4.8792,6.5400,25.3849,31.0353, NaN, NaN, NaN, NaN, NaN, NaN, NaN, NaN, NaN, NaN, NaN, NaN, NaN, NaN, NaN, NaN, NaN, NaN, NaN, NaN, NaN, NaN, NaN, NaN, NaN, NaN, NaN, NaN, NaN, NaN,
02/2017,782.1533,252695.1946,1280.0693,934218.5015,96.8841,44876.1288,5636.5895,1739856.0561,782.1533,252695.1946,475.5011,930455.3390,35.2482,44271.3932,5636.5895,1739856.0561,276.2294,25800.3446,382.6377,59179.4807,29.5669,2092.4751,1997.9480,167505.8672,1606.0032,580355.9539,3075.0599,2825960.9942,227.7080,114092.1615,11567.9110,3980662.5190,782.1533,252695.1946,808.6637,932149.4260,78.1414,44532.2537,5636.5895,1739856.0561,2.8125,0.1250,8.3375,5.3937,25.6362,4.7427, NaN, NaN, NaN, NaN, NaN, NaN, NaN, NaN, NaN, NaN, NaN, NaN, NaN, NaN, NaN, NaN, NaN, NaN, NaN, NaN, NaN, NaN, NaN, NaN, NaN, NaN, NaN, NaN, NaN, NaN,
03/2017,325.1837,32308.5283,343.3329,102957.2973,27.6973,3524.0536,2290.5646,216212.4566,325.1837,32308.5283,188.0009,101857.0510,14.6083,3369.5129,2290.5646,216212.4566,142.5686,2369.4336,136.8945,2097.8521,11.0946,154.1827,1002.0508,13103.8022,375.8918,18026.6256,391.0097,36076.7916,31.7273,1210.8337,2651.5177,121161.5673,325.1837,32308.5283,277.9695,102452.5625,27.2459,3440.4327,2290.5646,216212.4566,1.9000,0.1283,39.3333,7.8931,23.6526,12.5101, NaN, NaN, NaN, NaN, NaN, NaN, NaN, NaN, NaN, NaN, NaN, NaN, NaN, NaN, NaN, NaN, NaN, NaN, NaN, NaN, NaN, NaN, NaN, NaN, NaN, NaN, NaN, NaN, NaN, NaN,
04/2017,153.0576,3120.9840,135.5633,6062.5479,11.1690,155.2328,1049.4072,18350.0235,153.0576,3120.9840,86.4575,5524.9549,6.9856,139.4402,1049.4072,18350.0235,43.3555,400.1875,32.0122,399.2530,2.6612,16.1645,297.1631,2136.8481,229.3142,1646.7235,217.0179,1793.5894,17.7901,104.7930,1572.3191,9151.8263,153.0576,3120.9840,122.4169,5784.5811,11.1690,154.1284,1049.4072,18350.0235,0.8250,0.0608,8.8750,7.8688,21.1966,24.3758, NaN, NaN, NaN, NaN, NaN, NaN, NaN, NaN, NaN, NaN, NaN, NaN, NaN, NaN, NaN, NaN, NaN, NaN, NaN, NaN,1.6110,0.0836,6.6173,9.7912,22.0466,1.5511,0.0866,6.5366,11.5840,23.4574,
05/2017,561.5654,6120.2822,673.8652,8128.8858,53.4107,636.1253,4172.2988,34866.2550,561.5654,6120.2822,328.8326,6131.5553,24.9194,218.4373,4172.2988,34866.2550,266.6650,2096.3059,287.8952,1911.3114,22.9970,327.2797,1946.0295,9905.5629,830.2522,6681.9686,1069.0422,6926.7245,84.1380,801.3569,6212.4386,37026.5175,561.5654,6120.2822,502.7271,7202.2155,50.6926,404.6700,4172.2988,34866.2550,0.5883,0.0591,11.7125,7.5337,18.6094,28.4032, NaN, NaN, NaN, NaN, NaN, NaN, NaN, NaN, NaN, NaN, NaN, NaN, NaN, NaN, NaN, NaN, NaN, NaN, NaN, NaN,0.8466,0.0619,7.0305,11.6311,26.5082,0.7556,0.0645,7.0646,13.1661,27.4038,
06/2017,743.7744,6778.2269,1079.0910,8700.3955,83.2338,571.5204,5324.6957,47969.9177,743.7744,6778.2269,445.0679,6184.3954,33.4062,215.6784,5324.6957,47969.9177,338.6966,2049.3734,466.6753,2186.9143,36.1302,283.6929,2380.5886,11924.5343,959.2906,6786.4781,1393.9056,7462.1568,107.6959,632.2340,6971.9070,46172.7763,743.7744,6778.2269,728.4421,7422.2493,71.7059,401.9346,5324.6957,47969.9177,0.4050,0.0393,7.7500,8.5600,15.7544,28.1128, NaN, NaN, NaN, NaN, NaN, NaN, NaN, NaN, NaN, NaN, NaN, NaN, NaN, NaN, NaN, NaN, NaN, NaN, NaN, NaN,0.5871,0.0545,7.2253,6.3654,25.9317,0.5207,0.0584,7.2469,6.8650,25.7108,
07/2017,2397.4358,31392.3168,3679.8282,39919.5942,277.1257,2281.5759,18296.9756,237824.8069,2397.4358,31392.3168,1464.1272,29946.3383,107.7696,904.4005,18296.9756,237824.8069,1124.3750,7297.0589,1476.1913,6936.6565,116.2438,1025.6543,8539.5831,49030.3421,3121.3037,45288.4522,5186.4486,59726.0912,372.2411,4045.0409,23805.9203,343942.3007,2397.4358,31392.3168,2517.6718,36174.3422,245.8221,1541.5950,18296.9756,237824.8069,0.5950,0.0372,17.0500,8.3625,14.4897,16.6980, NaN, NaN, NaN, NaN, NaN, NaN, NaN, NaN, NaN, NaN, NaN, NaN, NaN, NaN, NaN, NaN, NaN, NaN, NaN, NaN,0.5775,0.0510,7.8806,2.8096,21.9714,0.5875,0.0556,7.8331,2.7187,20.3065,
08/2017,2937.4531,135153.3686,4983.6154,261397.9583,347.5092,15015.2108,26199.1778,1186576.9577,2937.4531,135153.3686,1819.2258,218953.3967,130.7923,5978.6709,26199.1778,1186576.9577,1859.5181,24146.8042,2760.9215,28851.0204,214.7077,1777.7240,16580.2063,204100.5604,2831.2070,96662.2810,4783.2070,179032.5194,327.7671,14328.6623,25230.1138,835925.9502,2937.4531,135153.3686,3173.6767,232239.2517,296.6315,6969.5556,26199.1778,1186576.9577,1.5000,0.0675,7.4750,8.4769,14.9180,4.5572, NaN, NaN, NaN, NaN, NaN, NaN, NaN, NaN, NaN, NaN, NaN, NaN, NaN, NaN, NaN, NaN, NaN, NaN, NaN, NaN,1.2779,0.0689,9.0271,2.2636,6.8288,1.3891,0.1135,8.9335,2.2350,6.5922,
09/2017,1783.0282,42147.6998,2536.0419,58473.5010,192.4322,2344.0199,13720.4637,329909.1412,1783.0282,42147.6998,1083.8131,48998.9279,79.9767,881.4897,13720.4637,329909.1412,1138.3114,9140.1610,1485.0661,8695.0834,117.8832,790.4074,8761.3238,65029.6291,1636.5456,22860.7661,2275.8842,25053.0796,173.0586,1423.9271,12583.3504,173317.4504,1783.0282,42147.6998,1715.1819,53199.4909,175.1445,1315.3017,13720.4637,329909.1412,1.2025,0.0532,17.3000,8.8100,17.8673,6.9940, NaN, NaN, NaN, NaN, NaN, NaN, NaN, NaN, NaN, NaN, NaN, NaN, NaN, NaN, NaN, NaN, NaN, NaN, NaN, NaN,1.3696,0.0469,8.2555,0.8627,7.1012,0.8398,0.0523,7.9690,0.8481,10.0884,
10/2017,1251.9101,18394.4736,1616.8571,21622.3858,126.6891,873.1941,10625.8423,132475.8048,1251.9101,18394.4736,752.5833,17270.2841,56.1723,464.9989,10625.8423,132475.8048,686.5344,3544.2749,793.5490,3381.2013,63.7574,286.5467,5820.6652,25819.5433,1088.8301,9235.3738,1360.6129,9497.6900,107.3346,613.6924,9234.9168,66979.5868,1251.9101,18394.4736,1154.4204,19479.5854,119.3834,690.7922,10625.8423,132475.8048,0.7567,0.0455,12.5833,8.0480,20.0467,12.2931, NaN, NaN, NaN, NaN, NaN, NaN, NaN, NaN, NaN, NaN, NaN, NaN, NaN, NaN, NaN, NaN, NaN, NaN, NaN, NaN,0.8756,0.0525,8.0004,0.9002,11.5481, NaN, NaN, NaN, NaN, NaN,
11/2017,425.4509,4221.3398,447.9878,4990.3488,36.2812,213.1055,3714.3517,28117.7818,425.4509,4221.3398,247.9421,3664.1816,19.1751,151.3545,3714.3517,28117.7818,228.2170,1020.2544,218.5521,986.2919,17.9008,63.3285,1992.1048,7376.4538,375.8486,2593.6848,386.6900,2779.8436,31.3888,173.7973,3281.6818,17944.7343,425.4509,4221.3398,360.2342,4369.1528,36.1791,200.3189,3714.3517,28117.7818,0.5575,0.0490,5.1500,6.9425,24.6708,21.6633, NaN, NaN, NaN, NaN, NaN, NaN, NaN, NaN, NaN, NaN, NaN, NaN, NaN, NaN, NaN, NaN, NaN, NaN, NaN, NaN,0.5273,0.0416,7.4943,9.0146,19.6339, NaN, NaN, NaN, NaN, NaN,
12/2017,357.4195,3179.7619,396.7577,3611.2201,31.7989,349.8315,2920.6335,18949.0930,357.4195,3179.7619,208.0702,2174.4767,16.0843,132.7474,2920.6335,18949.0930,202.6771,1457.1360,209.2748,1350.1033,16.8779,196.4677,1657.0020,8748.3157,362.1370,3056.9098,411.7503,3242.1330,32.8953,380.9284,2957.2311,18457.8395,357.4195,3179.7619,305.4932,2944.0875,30.6703,225.8555,2920.6335,18949.0930,0.4700,0.0430,2.5500,6.7550,24.0998,26.3509, NaN, NaN, NaN, NaN, NaN, NaN, NaN, NaN, NaN, NaN, NaN, NaN, NaN, NaN, NaN, NaN, NaN, NaN, NaN, NaN,0.3971,0.0387,6.8969,6.4839,26.8937, NaN, NaN, NaN, NaN, NaN,
01/2018,851.5843,12910.2941,1482.4115,26300.2031,110.9440,1204.3087,5968.4408,60083.6454,851.5843,12910.2941,522.4581,21954.3189,38.5008,587.3746,5968.4408,60083.6454,673.4621,6040.8374,1185.4631,7628.2786,88.5071,748.3470,4715.3522,30279.6447,837.2246,23975.0842,1459.7909,55612.0671,109.2438,2342.3649,5867.2142,104590.9494,851.5843,12910.2941,917.2371,24094.2345,86.6983,877.4544,5968.4408,60083.6454,0.7283,0.0623,12.9167,6.4464,25.5703,25.3017, NaN, NaN, NaN, NaN, NaN, NaN, NaN, NaN, NaN, NaN, NaN, NaN, NaN, NaN, NaN, NaN, NaN, NaN, NaN, NaN,0.3776,0.0430,6.5779,6.2983,29.6534, NaN, NaN, NaN, NaN, NaN,
02/2018,138.9917,2150.8243,123.4281,3861.9950,10.1688,96.6394,1019.3925,11522.6911,138.9917,2150.8243,78.9196,3348.9738,6.3784,85.9978,1019.3925,11522.6911,84.8448,501.3446,70.5007,483.0637,5.8390,24.1846,622.1375,3161.3732,121.8758,1368.8093,106.5128,1425.5764,8.7905,74.8656,893.3838,7838.3096,138.9917,2150.8243,111.7937,3636.3568,10.1688,94.1932,1019.3925,11522.6911,0.5800,0.0602,5.9750,6.7592,25.6169,27.6327, NaN, NaN, NaN, NaN, NaN, NaN, NaN, NaN, NaN, NaN, NaN, NaN, NaN, NaN, NaN, NaN, NaN, NaN, NaN, NaN,0.6705,0.0589,6.9881,12.6080,27.8641, NaN, NaN, NaN, NaN, NaN,
03/2018,107.4557,1686.2688,90.5748,3171.0605,7.4705,82.1931,850.7603,10345.4280,107.4557,1686.2688,60.2167,2751.6827,4.9070,70.8329,850.7603,10345.4280,60.7392,377.2051,47.3281,365.2111,3.9160,21.0591,480.7690,2533.6179,87.4022,849.2861,71.0602,997.2700,5.8792,58.8079,691.9805,5703.6084,107.4557,1686.2688,85.0018,2973.9487,7.4705,78.0308,850.7603,10345.4280,0.5325,0.0558,10.1167,7.0944,23.2107,30.6888, NaN, NaN, NaN, NaN, NaN, NaN, NaN, NaN, NaN, NaN, NaN, NaN, NaN, NaN, NaN, NaN, NaN, NaN, NaN, NaN,0.5899,0.0566,6.9363,10.4624,30.5152, NaN, NaN, NaN, NaN, NaN,
04/2018,189.8726,1576.9037,193.2695,1799.8884,15.5846,185.8425,1516.1899,10350.5083,189.8726,1576.9037,108.8360,1103.3451,8.4873,75.6642,1516.1899,10350.5083,83.6784,603.9187,72.6561,573.4107,5.9313,68.1338,668.5329,3937.6827,139.8125,1174.5994,131.6219,1313.3112,10.7015,136.3105,1117.4791,7805.3481,189.8726,1576.9037,161.0462,1468.4373,15.2995,120.5968,1516.1899,10350.5083,0.4892,0.0495,14.0000,6.8777,21.5014,33.0723, NaN, NaN, NaN, NaN, NaN, NaN, NaN, NaN, NaN, NaN, NaN, NaN, NaN, NaN, NaN, NaN, NaN, NaN, NaN, NaN,0.5539,0.0551,7.0518,9.8668,31.3895, NaN, NaN, NaN, NaN, NaN,
