Date,BC BASE Flow Local (ML),BC BASE Flow Local + Upstream (ML),BC BASE TN Local (KG),BC BASE TN Local + Upstream (KG),BC BASE TP Local (KG),BC BASE TP Local + Upstream (KG),BC BASE OXY Local (KG),BC BASE OXY Local + Upstream (KG),BC Capped Flow Local (ML),BC Capped Flow Local + Upstream (ML),BC Capped TN Local (KG),BC Capped TN Local + Upstream (KG),BC Capped TP Local (KG),BC Capped TP Local + Upstream (KG),BC Capped OXY Local (KG),BC Capped OXY Local + Upstream (KG),BC Dry Flow Local (ML),BC Dry Flow Local + Upstream (ML),BC Dry TN Local (KG),BC Dry TN Local + Upstream (KG),BC Dry TP Local (KG),BC Dry TP Local + Upstream (KG),BC Dry OXY Local (KG),BC Dry OXY Local + Upstream (KG),BC Wet Flow Local (ML),BC Wet Flow Local + Upstream (ML),BC Wet TN Local (KG),BC Wet TN Local + Upstream (KG),BC Wet TP Local (KG),BC Wet TP Local + Upstream (KG),BC Wet OXY Local (KG),BC Wet OXY Local + Upstream (KG),BC Targets Flow Local (ML),BC Targets Flow Local + Upstream (ML),BC Targets TN Local (KG),BC Targets TN Local + Upstream (KG),BC Targets TP Local (KG),BC Targets TP Local + Upstream (KG),BC Targets OXY Local (KG),BC Targets OXY Local + Upstream (KG),Field Mean TN (mg/L),Field Mean TP (mg/L),Field Mean TCHLA (ug/L),Field Mean Oxygen (mg/L),Field Mean TEMP (C),Field Mean Salinity (psu),SCERM44_2015_2016_ALL Mean TN (mg/L),SCERM44_2015_2016_ALL Mean TP (mg/L),SCERM44_2015_2016_ALL Mean Oxy (mg/L),SCERM44_2015_2016_ALL Mean TCHLA (ug/L),SCERM44_2015_2016_ALL Mean Salinity (psu),SCERM44_2015_2016_Capped_ALL Mean TN (mg/L),SCERM44_2015_2016_Capped_ALL Mean TP (mg/L,)SCERM44_2015_2016_Capped_ALL Mean Oxy (mg/L),SCERM44_2015_2016_Capped_ALL Mean TCHLA (ug/L),SCERM44_2015_2016_Capped_ALL Mean Salinity (psu),SCERM44_2015_2016_Dry_ALL Mean TN (mg/L),SCERM44_2015_2016_Dry_ALL Mean TP (mg/L),SCERM44_2015_2016_Dry_ALL Mean Oxy (mg/L),SCERM44_2015_2016_Dry_ALL Mean TCHLA (ug/L),SCERM44_2015_2016_Dry_ALL Mean Salinity (psu),SCERM44_2015_2016_Target_ALL Mean TN (mg/L),SCERM44_2015_2016_Target_ALL Mean TP (mg/L),SCERM44_2015_2016_Target_ALL Mean Oxy (mg/L),SCERM44_2015_2016_Target_ALL Mean TCHLA (ug/L),SCERM44_2015_2016_Target_ALL Mean Salinity (psu),SCERM44_2017_2018_ALL Mean TN (mg/L),SCERM44_2017_2018_ALL Mean TP (mg/L),SCERM44_2017_2018_ALL Mean Oxy (mg/L),SCERM44_2017_2018_ALL Mean TCHLA (ug/L),SCERM44_2017_2018_ALL Mean Salinity (psu),SCERM44_2017_2018_Wet_ALL Mean TN (mg/L),SCERM44_2017_2018_Wet_ALL Mean TP (mg/L),SCERM44_2017_2018_Wet_ALL Mean Oxy (mg/L),SCERM44_2017_2018_Wet_ALL Mean TCHLA (ug/L),SCERM44_2017_2018_Wet_ALL Mean Salinity (psu),
01/2008,323.0323,323.0323,507.7732,507.7732,24.8120,24.8120,1794.5607,1794.5607,323.0323,323.0323,315.9014,315.9014,24.1308,24.1308,1794.5607,1794.5607,95.0400,95.0400,137.6694,137.6694,3.6392,3.6392,514.1163,514.1163,322.4880,322.4880,454.9895,454.9895,20.8574,20.8574,1827.0363,1827.0363,323.0323,323.0323,397.1098,397.1098,24.3383,24.3383,1794.5607,1794.5607, NaN, NaN, NaN, NaN, NaN, NaN, NaN, NaN, NaN, NaN, NaN, NaN, NaN, NaN, NaN, NaN, NaN, NaN, NaN, NaN, NaN, NaN, NaN, NaN, NaN, NaN, NaN, NaN, NaN, NaN, NaN, NaN, NaN, NaN, NaN, NaN,
02/2008,573.8342,573.8342,713.0541,713.0541,104.9678,104.9678,3291.8264,3291.8264,573.8342,573.8342,374.2844,374.2844,32.2297,32.2297,3291.8264,3291.8264,237.8074,237.8074,238.3959,238.3959,37.1492,37.1492,1352.7108,1352.7108,1218.6115,1218.6115,1484.0931,1484.0931,191.2837,191.2837,6824.8423,6824.8423,573.8342,573.8342,494.5536,494.5536,37.2544,37.2544,3291.8264,3291.8264, NaN, NaN, NaN, NaN, NaN, NaN, NaN, NaN, NaN, NaN, NaN, NaN, NaN, NaN, NaN, NaN, NaN, NaN, NaN, NaN, NaN, NaN, NaN, NaN, NaN, NaN, NaN, NaN, NaN, NaN, NaN, NaN, NaN, NaN, NaN, NaN,
03/2008,433.8230,433.8230,606.9694,606.9694,69.0806,69.0806,2698.8451,2698.8451,433.8230,433.8230,333.1263,333.1263,29.1324,29.1324,2698.8451,2698.8451,207.9302,207.9302,236.3054,236.3054,35.8663,35.8663,1299.0005,1299.0005,360.4608,360.4608,515.2685,515.2685,44.5467,44.5467,2219.8983,2219.8983,433.8230,433.8230,435.0138,435.0138,31.3177,31.3177,2698.8451,2698.8451, NaN, NaN, NaN, NaN, NaN, NaN, NaN, NaN, NaN, NaN, NaN, NaN, NaN, NaN, NaN, NaN, NaN, NaN, NaN, NaN, NaN, NaN, NaN, NaN, NaN, NaN, NaN, NaN, NaN, NaN, NaN, NaN, NaN, NaN, NaN, NaN,
04/2008,9125.8877,9125.8877,17046.4490,17046.4490,757.8176,757.8176,58125.7165,58125.7165,9125.8877,9125.8877,16088.3420,16088.3420,447.2755,447.2755,58125.7165,58125.7165,643.5504,643.5504,637.5952,637.5952,152.3628,152.3628,4176.7273,4176.7273,1518.4368,1518.4368,1595.7454,1595.7454,255.8269,255.8269,9788.0089,9788.0089,9125.8877,9125.8877,16367.3458,16367.3458,472.9066,472.9066,58125.7165,58125.7165, NaN, NaN, NaN, NaN, NaN, NaN, NaN, NaN, NaN, NaN, NaN, NaN, NaN, NaN, NaN, NaN, NaN, NaN, NaN, NaN, NaN, NaN, NaN, NaN, NaN, NaN, NaN, NaN, NaN, NaN, NaN, NaN, NaN, NaN, NaN, NaN,
05/2008,3557.2435,3557.2435,5589.3884,5589.3884,365.5028,365.5028,27333.9734,27333.9734,3557.2435,3557.2435,4782.1897,4782.1897,149.0778,149.0778,27333.9734,27333.9734,748.4400,748.4400,764.9417,764.9417,161.4709,161.4709,5318.3707,5318.3707,2937.0384,2937.0384,3105.9963,3105.9963,367.1423,367.1423,22994.8591,22994.8591,3557.2435,3557.2435,5022.4949,5022.4949,175.1494,175.1494,27333.9734,27333.9734, NaN, NaN, NaN, NaN, NaN, NaN, NaN, NaN, NaN, NaN, NaN, NaN, NaN, NaN, NaN, NaN, NaN, NaN, NaN, NaN, NaN, NaN, NaN, NaN, NaN, NaN, NaN, NaN, NaN, NaN, NaN, NaN, NaN, NaN, NaN, NaN,
06/2008,7894.2038,7894.2038,11137.1559,11137.1559,737.2612,737.2612,71237.6146,71237.6146,7894.2038,7894.2038,9711.4943,9711.4943,276.6220,276.6220,71237.6146,71237.6146,1741.5648,1741.5648,1637.0444,1637.0444,342.7443,342.7443,14443.9211,14443.9211,8508.1968,8508.1968,8540.8899,8540.8899,658.7917,658.7917,77970.7564,77970.7564,7894.2038,7894.2038,10155.2315,10155.2315,325.2929,325.2929,71237.6146,71237.6146, NaN, NaN, NaN, NaN, NaN, NaN, NaN, NaN, NaN, NaN, NaN, NaN, NaN, NaN, NaN, NaN, NaN, NaN, NaN, NaN, NaN, NaN, NaN, NaN, NaN, NaN, NaN, NaN, NaN, NaN, NaN, NaN, NaN, NaN, NaN, NaN,
07/2008,68885.3808,68885.3808,235526.9062,235526.9062,10421.0597,10421.0597,710096.1634,710096.1634,68885.3808,68885.3808,215705.9450,215705.9450,4214.9816,4214.9816,710096.1634,710096.1634,9469.2672,9469.2672,10777.2395,10777.2395,705.6126,705.6126,97073.0375,97073.0375,119211.9379,119211.9379,306513.3330,306513.3330,17133.7644,17133.7644,1232167.4155,1232167.4155,68885.3808,68885.3808,217763.2622,217763.2622,4475.7373,4475.7373,710096.1634,710096.1634, NaN, NaN, NaN, NaN, NaN, NaN, NaN, NaN, NaN, NaN, NaN, NaN, NaN, NaN, NaN, NaN, NaN, NaN, NaN, NaN, NaN, NaN, NaN, NaN, NaN, NaN, NaN, NaN, NaN, NaN, NaN, NaN, NaN, NaN, NaN, NaN,
08/2008,83295.2246,83295.2246,217761.5444,217761.5444,7539.8668,7539.8668,864876.5795,864876.5795,83295.2246,83295.2246,209046.2732,209046.2732,4937.6627,4937.6627,864876.5795,864876.5795,6318.2765,6318.2765,6292.4206,6292.4206,217.1062,217.1062,65032.5269,65032.5269,102781.2931,102781.2931,275780.2340,275780.2340,11197.1944,11197.1944,1067091.4054,1067091.4054,83295.2246,83295.2246,210235.6824,210235.6824,5093.9012,5093.9012,864876.5795,864876.5795, NaN, NaN, NaN, NaN, NaN, NaN, NaN, NaN, NaN, NaN, NaN, NaN, NaN, NaN, NaN, NaN, NaN, NaN, NaN, NaN, NaN, NaN, NaN, NaN, NaN, NaN, NaN, NaN, NaN, NaN, NaN, NaN, NaN, NaN, NaN, NaN,
09/2008,14137.4246,14137.4246,18012.1392,18012.1392,635.1117,635.1117,132386.2406,132386.2406,14137.4246,14137.4246,16745.2360,16745.2360,330.8148,330.8148,132386.2406,132386.2406,1927.0310,1927.0310,1671.9370,1671.9370,211.9218,211.9218,17326.0216,17326.0216,11924.1590,11924.1590,12351.3751,12351.3751,504.9658,504.9658,112859.3061,112859.3061,14137.4246,14137.4246,17158.4265,17158.4265,378.0915,378.0915,132386.2406,132386.2406, NaN, NaN, NaN, NaN, NaN, NaN, NaN, NaN, NaN, NaN, NaN, NaN, NaN, NaN, NaN, NaN, NaN, NaN, NaN, NaN, NaN, NaN, NaN, NaN, NaN, NaN, NaN, NaN, NaN, NaN, NaN, NaN, NaN, NaN, NaN, NaN,
10/2008,10016.0410,10016.0410,13120.0620,13120.0620,489.4362,489.4362,81073.3646,81073.3646,10016.0410,10016.0410,12015.6468,12015.6468,260.0924,260.0924,81073.3646,81073.3646,1130.3366,1130.3366,1037.9406,1037.9406,109.4074,109.4074,8530.5652,8530.5652,6211.2787,6211.2787,5897.9472,5897.9472,293.7397,293.7397,50309.9037,50309.9037,10016.0410,10016.0410,12348.7010,12348.7010,298.9424,298.9424,81073.3646,81073.3646, NaN, NaN, NaN, NaN, NaN, NaN, NaN, NaN, NaN, NaN, NaN, NaN, NaN, NaN, NaN, NaN, NaN, NaN, NaN, NaN, NaN, NaN, NaN, NaN, NaN, NaN, NaN, NaN, NaN, NaN, NaN, NaN, NaN, NaN, NaN, NaN,
11/2008,4575.1046,4575.1046,6232.0839,6232.0839,356.2566,356.2566,30147.5451,30147.5451,4575.1046,4575.1046,5443.4185,5443.4185,177.7485,177.7485,30147.5451,30147.5451,569.1600,569.1600,566.2384,566.2384,81.7646,81.7646,3316.9362,3316.9362,3217.4237,3217.4237,2861.0025,2861.0025,236.3305,236.3305,20521.2326,20521.2326,4575.1046,4575.1046,5714.7067,5714.7067,207.9366,207.9366,30147.5451,30147.5451, NaN, NaN, NaN, NaN, NaN, NaN, NaN, NaN, NaN, NaN, NaN, NaN, NaN, NaN, NaN, NaN, NaN, NaN, NaN, NaN, NaN, NaN, NaN, NaN, NaN, NaN, NaN, NaN, NaN, NaN, NaN, NaN, NaN, NaN, NaN, NaN,
12/2008,1075.1270,1075.1270,1361.6119,1361.6119,110.3857,110.3857,5838.6934,5838.6934,1075.1270,1075.1270,934.1411,934.1411,52.2049,52.2049,5838.6934,5838.6934,296.5248,296.5248,338.5365,338.5365,44.0929,44.0929,1481.5673,1481.5673,1377.5011,1377.5011,1361.0102,1361.0102,112.8271,112.8271,7683.6962,7683.6962,1075.1270,1075.1270,1094.0598,1094.0598,62.2536,62.2536,5838.6934,5838.6934, NaN, NaN, NaN, NaN, NaN, NaN, NaN, NaN, NaN, NaN, NaN, NaN, NaN, NaN, NaN, NaN, NaN, NaN, NaN, NaN, NaN, NaN, NaN, NaN, NaN, NaN, NaN, NaN, NaN, NaN, NaN, NaN, NaN, NaN, NaN, NaN,
01/2009,581.4547,581.4547,1332.3969,1332.3969,36.7024,36.7024,3100.3328,3100.3328,581.4547,581.4547,1132.2834,1132.2834,35.1746,35.1746,3100.3328,3100.3328,788.7888,788.7888,1367.0230,1367.0230,35.6121,35.6121,4379.3508,4379.3508,451.9584,451.9584,623.9486,623.9486,27.6680,27.6680,2431.2571,2431.2571,581.4547,581.4547,1216.6577,1216.6577,35.5517,35.5517,3100.3328,3100.3328, NaN, NaN, NaN, NaN, NaN, NaN, NaN, NaN, NaN, NaN, NaN, NaN, NaN, NaN, NaN, NaN, NaN, NaN, NaN, NaN, NaN, NaN, NaN, NaN, NaN, NaN, NaN, NaN, NaN, NaN, NaN, NaN, NaN, NaN, NaN, NaN,
02/2009,3654.1498,3654.1498,11734.6468,11734.6468,167.9693,167.9693,19610.4283,19610.4283,3654.1498,3654.1498,11533.6952,11533.6952,158.4059,158.4059,19610.4283,19610.4283,210.1162,210.1162,249.0274,249.0274,9.4324,9.4324,1151.8898,1151.8898,398.6928,398.6928,529.2855,529.2855,42.8180,42.8180,2219.2492,2219.2492,3654.1498,3654.1498,11615.3391,11615.3391,159.3284,159.3284,19610.4283,19610.4283, NaN, NaN, NaN, NaN, NaN, NaN, NaN, NaN, NaN, NaN, NaN, NaN, NaN, NaN, NaN, NaN, NaN, NaN, NaN, NaN, NaN, NaN, NaN, NaN, NaN, NaN, NaN, NaN, NaN, NaN, NaN, NaN, NaN, NaN, NaN, NaN,
03/2009,1263.4186,1263.4186,2806.5540,2806.5540,83.0959,83.0959,6386.7362,6386.7362,1263.4186,1263.4186,2536.2004,2536.2004,50.7876,50.7876,6386.7362,6386.7362,183.6000,183.6000,216.2616,216.2616,29.6114,29.6114,1083.1705,1083.1705,391.5216,391.5216,562.6568,562.6568,43.9069,43.9069,2272.5054,2272.5054,1263.4186,1263.4186,2639.0774,2639.0774,52.8656,52.8656,6386.7362,6386.7362, NaN, NaN, NaN, NaN, NaN, NaN, NaN, NaN, NaN, NaN, NaN, NaN, NaN, NaN, NaN, NaN, NaN, NaN, NaN, NaN, NaN, NaN, NaN, NaN, NaN, NaN, NaN, NaN, NaN, NaN, NaN, NaN, NaN, NaN, NaN, NaN,
04/2009,484.5917,484.5917,742.2389,742.2389,70.2954,70.2954,3053.5239,3053.5239,484.5917,484.5917,438.1979,438.1979,34.9827,34.9827,3053.5239,3053.5239,172.1261,172.1261,220.9705,220.9705,21.8929,21.8929,1087.5026,1087.5026,414.6077,414.6077,608.1089,608.1089,53.6108,53.6108,2614.1094,2614.1094,484.5917,484.5917,547.3204,547.3204,37.9575,37.9575,3053.5239,3053.5239, NaN, NaN, NaN, NaN, NaN, NaN, NaN, NaN, NaN, NaN, NaN, NaN, NaN, NaN, NaN, NaN, NaN, NaN, NaN, NaN, NaN, NaN, NaN, NaN, NaN, NaN, NaN, NaN, NaN, NaN, NaN, NaN, NaN, NaN, NaN, NaN,
05/2009,993.5741,993.5741,1388.1392,1388.1392,195.1181,195.1181,6733.4083,6733.4083,993.5741,993.5741,790.6099,790.6099,52.4850,52.4850,6733.4083,6733.4083,491.2013,491.2013,537.9454,537.9454,110.1268,110.1268,3319.9804,3319.9804,1316.2435,1316.2435,1582.4213,1582.4213,242.6542,242.6542,8912.4021,8912.4021,993.5741,993.5741,973.6512,973.6512,66.3944,66.3944,6733.4083,6733.4083, NaN, NaN, NaN, NaN, NaN, NaN, NaN, NaN, NaN, NaN, NaN, NaN, NaN, NaN, NaN, NaN, NaN, NaN, NaN, NaN, NaN, NaN, NaN, NaN, NaN, NaN, NaN, NaN, NaN, NaN, NaN, NaN, NaN, NaN, NaN, NaN,
06/2009,6153.8486,6153.8486,8378.1389,8378.1389,602.8399,602.8399,51585.8057,51585.8057,6153.8486,6153.8486,7016.6009,7016.6009,174.1691,174.1691,51585.8057,51585.8057,2877.9494,2877.9494,3106.9326,3106.9326,368.4326,368.4326,24112.6642,24112.6642,8410.0896,8410.0896,10248.9916,10248.9916,697.2334,697.2334,72486.6584,72486.6584,6153.8486,6153.8486,7379.1144,7379.1144,216.8077,216.8077,51585.8057,51585.8057, NaN, NaN, NaN, NaN, NaN, NaN, NaN, NaN, NaN, NaN, NaN, NaN, NaN, NaN, NaN, NaN, NaN, NaN, NaN, NaN, NaN, NaN, NaN, NaN, NaN, NaN, NaN, NaN, NaN, NaN, NaN, NaN, NaN, NaN, NaN, NaN,
07/2009,95448.0240,95448.0240,237044.2770,237044.2770,6808.6609,6808.6609,910921.7451,910921.7451,95448.0240,95448.0240,232805.7231,232805.7231,5519.4409,5519.4409,910921.7451,910921.7451,10155.0758,10155.0758,12340.9704,12340.9704,689.0787,689.0787,95597.8638,95597.8638,139763.5776,139763.5776,365459.7219,365459.7219,13997.0262,13997.0262,1335734.8581,1335734.8581,95448.0240,95448.0240,233572.2005,233572.2005,5611.6257,5611.6257,910921.7451,910921.7451, NaN, NaN, NaN, NaN, NaN, NaN, NaN, NaN, NaN, NaN, NaN, NaN, NaN, NaN, NaN, NaN, NaN, NaN, NaN, NaN, NaN, NaN, NaN, NaN, NaN, NaN, NaN, NaN, NaN, NaN, NaN, NaN, NaN, NaN, NaN, NaN,
08/2009,89092.0253,89092.0253,183489.6765,183489.6765,9454.5340,9454.5340,838736.5778,838736.5778,89092.0253,89092.0253,163880.7597,163880.7597,3497.8741,3497.8741,838736.5778,838736.5778,15625.5696,15625.5696,18411.7019,18411.7019,822.0145,822.0145,145657.6331,145657.6331,81068.8003,81068.8003,145296.4474,145296.4474,8102.4476,8102.4476,758553.3689,758553.3689,89092.0253,89092.0253,166570.9421,166570.9421,3855.8963,3855.8963,838736.5778,838736.5778, NaN, NaN, NaN, NaN, NaN, NaN, NaN, NaN, NaN, NaN, NaN, NaN, NaN, NaN, NaN, NaN, NaN, NaN, NaN, NaN, NaN, NaN, NaN, NaN, NaN, NaN, NaN, NaN, NaN, NaN, NaN, NaN, NaN, NaN, NaN, NaN,
09/2009,56503.7597,56503.7597,83485.6199,83485.6199,5771.5484,5771.5484,534923.2710,534923.2710,56503.7597,56503.7597,69184.2360,69184.2360,1401.5261,1401.5261,534923.2710,534923.2710,11202.1229,11202.1229,11558.4773,11558.4773,531.1890,531.1890,105611.0966,105611.0966,42280.7126,42280.7126,65236.4475,65236.4475,3609.3762,3609.3762,401530.5839,401530.5839,56503.7597,56503.7597,71565.8035,71565.8035,1715.9084,1715.9084,534923.2710,534923.2710, NaN, NaN, NaN, NaN, NaN, NaN, NaN, NaN, NaN, NaN, NaN, NaN, NaN, NaN, NaN, NaN, NaN, NaN, NaN, NaN, NaN, NaN, NaN, NaN, NaN, NaN, NaN, NaN, NaN, NaN, NaN, NaN, NaN, NaN, NaN, NaN,
10/2009,10745.6890,10745.6890,11432.6184,11432.6184,312.5058,312.5058,91506.3750,91506.3750,10745.6890,10745.6890,10515.7261,10515.7261,204.9953,204.9953,91506.3750,91506.3750,1996.6522,1996.6522,1767.4453,1767.4453,70.4724,70.4724,16853.4738,16853.4738,9501.5290,9501.5290,10760.1887,10760.1887,322.9926,322.9926,81839.9212,81839.9212,10745.6890,10745.6890,10789.2840,10789.2840,241.6543,241.6543,91506.3750,91506.3750, NaN, NaN, NaN, NaN, NaN, NaN, NaN, NaN, NaN, NaN, NaN, NaN, NaN, NaN, NaN, NaN, NaN, NaN, NaN, NaN, NaN, NaN, NaN, NaN, NaN, NaN, NaN, NaN, NaN, NaN, NaN, NaN, NaN, NaN, NaN, NaN,
11/2009,3853.4054,3853.4054,4517.2703,4517.2703,258.7801,258.7801,25897.2516,25897.2516,3853.4054,3853.4054,3700.4060,3700.4060,103.9740,103.9740,25897.2516,25897.2516,532.5869,532.5869,549.7526,549.7526,72.6190,72.6190,3098.1439,3098.1439,4332.5798,4332.5798,4061.1138,4061.1138,235.8171,235.8171,29525.5528,29525.5528,3853.4054,3853.4054,3952.1018,3952.1018,134.5612,134.5612,25897.2516,25897.2516, NaN, NaN, NaN, NaN, NaN, NaN, NaN, NaN, NaN, NaN, NaN, NaN, NaN, NaN, NaN, NaN, NaN, NaN, NaN, NaN, NaN, NaN, NaN, NaN, NaN, NaN, NaN, NaN, NaN, NaN, NaN, NaN, NaN, NaN, NaN, NaN,
12/2009,793.0915,793.0915,1113.6309,1113.6309,52.4019,52.4019,4833.4321,4833.4321,793.0915,793.0915,779.1701,779.1701,43.6144,43.6144,4833.4321,4833.4321,164.7734,164.7734,222.4387,222.4387,8.2932,8.2932,909.9949,909.9949,649.1491,649.1491,826.3729,826.3729,44.0175,44.0175,3894.2502,3894.2502,793.0915,793.0915,899.2543,899.2543,49.6147,49.6147,4833.4321,4833.4321, NaN, NaN, NaN, NaN, NaN, NaN, NaN, NaN, NaN, NaN, NaN, NaN, NaN, NaN, NaN, NaN, NaN, NaN, NaN, NaN, NaN, NaN, NaN, NaN, NaN, NaN, NaN, NaN, NaN, NaN, NaN, NaN, NaN, NaN, NaN, NaN,
01/2010,325.8835,325.8835,547.2091,547.2091,30.4566,30.4566,1872.4672,1872.4672,325.8835,325.8835,313.4020,313.4020,29.7815,29.7815,1872.4672,1872.4672,100.9152,100.9152,145.2784,145.2784,3.9217,3.9217,580.1748,580.1748,318.4877,318.4877,509.5739,509.5739,26.7377,26.7377,1840.4497,1840.4497,325.8835,325.8835,406.0479,406.0479,30.0513,30.0513,1872.4672,1872.4672, NaN, NaN, NaN, NaN, NaN, NaN, NaN, NaN, NaN, NaN, NaN, NaN, NaN, NaN, NaN, NaN, NaN, NaN, NaN, NaN, NaN, NaN, NaN, NaN, NaN, NaN, NaN, NaN, NaN, NaN, NaN, NaN, NaN, NaN, NaN, NaN,
02/2010,292.4640,292.4640,501.8450,501.8450,28.3378,28.3378,1784.1629,1784.1629,292.4640,292.4640,285.1875,285.1875,27.5864,27.5864,1784.1629,1784.1629,95.4634,95.4634,141.7345,141.7345,4.0624,4.0624,582.5993,582.5993,276.9120,276.9120,455.3708,455.3708,24.7649,24.7649,1690.3358,1690.3358,292.4640,292.4640,369.9329,369.9329,27.7969,27.7969,1784.1629,1784.1629, NaN, NaN, NaN, NaN, NaN, NaN, NaN, NaN, NaN, NaN, NaN, NaN, NaN, NaN, NaN, NaN, NaN, NaN, NaN, NaN, NaN, NaN, NaN, NaN, NaN, NaN, NaN, NaN, NaN, NaN, NaN, NaN, NaN, NaN, NaN, NaN,
03/2010,1150.9258,1150.9258,3853.2595,3853.2595,181.0018,181.0018,7085.4261,7085.4261,1150.9258,1150.9258,3463.1942,3463.1942,113.9674,113.9674,7085.4261,7085.4261,615.2458,615.2458,706.7067,706.7067,64.7773,64.7773,3817.2080,3817.2080,897.6269,897.6269,1056.0002,1056.0002,70.6286,70.6286,5564.7883,5564.7883,1150.9258,1150.9258,3595.8680,3595.8680,120.3465,120.3465,7085.4261,7085.4261, NaN, NaN, NaN, NaN, NaN, NaN, NaN, NaN, NaN, NaN, NaN, NaN, NaN, NaN, NaN, NaN, NaN, NaN, NaN, NaN, NaN, NaN, NaN, NaN, NaN, NaN, NaN, NaN, NaN, NaN, NaN, NaN, NaN, NaN, NaN, NaN,
04/2010,1678.4410,1678.4410,5272.7423,5272.7423,194.5025,194.5025,9394.8524,9394.8524,1678.4410,1678.4410,4850.2900,4850.2900,134.0792,134.0792,9394.8524,9394.8524,256.6339,256.6339,317.0231,317.0231,34.7996,34.7996,1716.7649,1716.7649,537.1920,537.1920,763.6041,763.6041,75.8627,75.8627,3527.1762,3527.1762,1678.4410,1678.4410,4989.7579,4989.7579,143.7605,143.7605,9394.8524,9394.8524, NaN, NaN, NaN, NaN, NaN, NaN, NaN, NaN, NaN, NaN, NaN, NaN, NaN, NaN, NaN, NaN, NaN, NaN, NaN, NaN, NaN, NaN, NaN, NaN, NaN, NaN, NaN, NaN, NaN, NaN, NaN, NaN, NaN, NaN, NaN, NaN,
05/2010,1835.1533,1835.1533,2822.3771,2822.3771,337.1577,337.1577,13385.2178,13385.2178,1835.1533,1835.1533,1867.6289,1867.6289,80.4535,80.4535,13385.2178,13385.2178,826.2691,826.2691,860.5445,860.5445,191.8422,191.8422,5984.1238,5984.1238,2282.3856,2282.3856,2595.5014,2595.5014,413.3060,413.3060,16563.2937,16563.2937,1835.1533,1835.1533,2130.8746,2130.8746,110.1158,110.1158,13385.2178,13385.2178, NaN, NaN, NaN, NaN, NaN, NaN, NaN, NaN, NaN, NaN, NaN, NaN, NaN, NaN, NaN, NaN, NaN, NaN, NaN, NaN, NaN, NaN, NaN, NaN, NaN, NaN, NaN, NaN, NaN, NaN, NaN, NaN, NaN, NaN, NaN, NaN,
06/2010,3022.2720,3022.2720,5668.7504,5668.7504,286.7301,286.7301,25100.3960,25100.3960,3022.2720,3022.2720,4861.3651,4861.3651,122.9988,122.9988,25100.3960,25100.3960,775.7683,775.7683,825.0284,825.0284,129.8426,129.8426,6085.2009,6085.2009,2246.5296,2246.5296,2381.8093,2381.8093,243.5299,243.5299,18364.6182,18364.6182,3022.2720,3022.2720,5088.2473,5088.2473,153.8101,153.8101,25100.3960,25100.3960, NaN, NaN, NaN, NaN, NaN, NaN, NaN, NaN, NaN, NaN, NaN, NaN, NaN, NaN, NaN, NaN, NaN, NaN, NaN, NaN, NaN, NaN, NaN, NaN, NaN, NaN, NaN, NaN, NaN, NaN, NaN, NaN, NaN, NaN, NaN, NaN,
07/2010,11427.1603,11427.1603,18548.7009,18548.7009,798.3089,798.3089,108585.9277,108585.9277,11427.1603,11427.1603,16899.3283,16899.3283,334.8595,334.8595,108585.9277,108585.9277,2219.0458,2219.0458,2177.2325,2177.2325,351.8069,351.8069,19322.8722,19322.8722,20995.5283,20995.5283,29036.3496,29036.3496,1267.2331,1267.2331,202893.6877,202893.6877,11427.1603,11427.1603,17363.4777,17363.4777,389.8121,389.8121,108585.9277,108585.9277, NaN, NaN, NaN, NaN, NaN, NaN, NaN, NaN, NaN, NaN, NaN, NaN, NaN, NaN, NaN, NaN, NaN, NaN, NaN, NaN, NaN, NaN, NaN, NaN, NaN, NaN, NaN, NaN, NaN, NaN, NaN, NaN, NaN, NaN, NaN, NaN,
08/2010,7979.3251,7979.3251,9146.2458,9146.2458,407.8432,407.8432,70092.3516,70092.3516,7979.3251,7979.3251,8060.5389,8060.5389,173.5514,173.5514,70092.3516,70092.3516,1713.5971,1713.5971,1600.0009,1600.0009,209.6044,209.6044,13831.0339,13831.0339,10398.1450,10398.1450,10180.8141,10180.8141,427.8940,427.8940,92581.4603,92581.4603,7979.3251,7979.3251,8382.0234,8382.0234,214.9557,214.9557,70092.3516,70092.3516, NaN, NaN, NaN, NaN, NaN, NaN, NaN, NaN, NaN, NaN, NaN, NaN, NaN, NaN, NaN, NaN, NaN, NaN, NaN, NaN, NaN, NaN, NaN, NaN, NaN, NaN, NaN, NaN, NaN, NaN, NaN, NaN, NaN, NaN, NaN, NaN,
09/2010,4343.6131,4343.6131,4373.2666,4373.2666,273.2864,273.2864,34931.8739,34931.8739,4343.6131,4343.6131,3510.4564,3510.4564,109.8879,109.8879,34931.8739,34931.8739,942.0883,942.0883,924.0248,924.0248,126.4476,126.4476,6989.8486,6989.8486,3758.8147,3758.8147,3666.5576,3666.5576,230.9124,230.9124,30350.4514,30350.4514,4343.6131,4343.6131,3774.0244,3774.0244,141.9207,141.9207,34931.8739,34931.8739, NaN, NaN, NaN, NaN, NaN, NaN, NaN, NaN, NaN, NaN, NaN, NaN, NaN, NaN, NaN, NaN, NaN, NaN, NaN, NaN, NaN, NaN, NaN, NaN, NaN, NaN, NaN, NaN, NaN, NaN, NaN, NaN, NaN, NaN, NaN, NaN,
10/2010,1145.9318,1145.9318,1425.9525,1425.9525,103.7383,103.7383,5892.2024,5892.2024,1145.9318,1145.9318,1009.5685,1009.5685,53.5050,53.5050,5892.2024,5892.2024,259.7962,259.7962,323.4972,323.4972,31.9657,31.9657,896.8264,896.8264,679.6138,679.6138,881.0077,881.0077,78.5796,78.5796,2816.1477,2816.1477,1145.9318,1145.9318,1158.6982,1158.6982,63.4229,63.4229,5892.2024,5892.2024, NaN, NaN, NaN, NaN, NaN, NaN, NaN, NaN, NaN, NaN, NaN, NaN, NaN, NaN, NaN, NaN, NaN, NaN, NaN, NaN, NaN, NaN, NaN, NaN, NaN, NaN, NaN, NaN, NaN, NaN, NaN, NaN, NaN, NaN, NaN, NaN,
11/2010,499.0723,499.0723,717.7562,717.7562,68.0275,68.0275,1978.1564,1978.1564,499.0723,499.0723,414.0128,414.0128,34.9165,34.9165,1978.1564,1978.1564,170.8214,170.8214,217.4803,217.4803,19.1780,19.1780,626.0020,626.0020,453.3754,453.3754,628.8302,628.8302,59.0935,59.0935,1807.6431,1807.6431,499.0723,499.0723,526.3308,526.3308,38.5045,38.5045,1978.1564,1978.1564, NaN, NaN, NaN, NaN, NaN, NaN, NaN, NaN, NaN, NaN, NaN, NaN, NaN, NaN, NaN, NaN, NaN, NaN, NaN, NaN, NaN, NaN, NaN, NaN, NaN, NaN, NaN, NaN, NaN, NaN, NaN, NaN, NaN, NaN, NaN, NaN,
12/2010,474.0941,474.0941,629.0166,629.0166,81.0595,81.0595,2015.7461,2015.7461,474.0941,474.0941,344.2917,344.2917,29.5912,29.5912,2015.7461,2015.7461,232.1654,232.1654,249.4714,249.4714,44.0323,44.0323,995.2997,995.2997,509.9328,509.9328,641.4370,641.4370,87.8552,87.8552,2227.6591,2227.6591,474.0941,474.0941,452.4970,452.4970,32.7406,32.7406,2015.7461,2015.7461, NaN, NaN, NaN, NaN, NaN, NaN, NaN, NaN, NaN, NaN, NaN, NaN, NaN, NaN, NaN, NaN, NaN, NaN, NaN, NaN, NaN, NaN, NaN, NaN, NaN, NaN, NaN, NaN, NaN, NaN, NaN, NaN, NaN, NaN, NaN, NaN,
01/2011,409.1645,409.1645,529.3025,529.3025,71.1406,71.1406,2002.0461,2002.0461,409.1645,409.1645,294.9344,294.9344,22.8896,22.8896,2002.0461,2002.0461,241.7040,241.7040,245.2890,245.2890,52.6789,52.6789,1202.7671,1202.7671,407.2032,407.2032,513.7456,513.7456,69.6293,69.6293,2016.6788,2016.6788,409.1645,409.1645,389.1779,389.1779,25.8806,25.8806,2002.0461,2002.0461, NaN, NaN, NaN, NaN, NaN, NaN, NaN, NaN, NaN, NaN, NaN, NaN, NaN, NaN, NaN, NaN, NaN, NaN, NaN, NaN, NaN, NaN, NaN, NaN, NaN, NaN, NaN, NaN, NaN, NaN, NaN, NaN, NaN, NaN, NaN, NaN,
02/2011,236.8051,236.8051,342.1779,342.1779,18.5653,18.5653,1295.8873,1295.8873,236.8051,236.8051,206.2803,206.2803,15.3029,15.3029,1295.8873,1295.8873,74.1139,74.1139,93.3287,93.3287,3.1673,3.1673,406.0012,406.0012,264.2285,264.2285,346.3677,346.3677,21.4597,21.4597,1448.7338,1448.7338,236.8051,236.8051,266.7131,266.7131,15.4840,15.4840,1295.8873,1295.8873, NaN, NaN, NaN, NaN, NaN, NaN, NaN, NaN, NaN, NaN, NaN, NaN, NaN, NaN, NaN, NaN, NaN, NaN, NaN, NaN, NaN, NaN, NaN, NaN, NaN, NaN, NaN, NaN, NaN, NaN, NaN, NaN, NaN, NaN, NaN, NaN,
03/2011,259.3210,259.3210,389.6160,389.6160,28.0706,28.0706,1583.7559,1583.7559,259.3210,259.3210,231.0525,231.0525,17.0948,17.0948,1583.7559,1583.7559,94.2106,94.2106,119.5266,119.5266,10.6932,10.6932,577.7779,577.7779,227.6640,227.6640,351.7028,351.7028,20.5849,20.5849,1388.9904,1388.9904,259.3210,259.3210,302.0012,302.0012,18.1013,18.1013,1583.7559,1583.7559, NaN, NaN, NaN, NaN, NaN, NaN, NaN, NaN, NaN, NaN, NaN, NaN, NaN, NaN, NaN, NaN, NaN, NaN, NaN, NaN, NaN, NaN, NaN, NaN, NaN, NaN, NaN, NaN, NaN, NaN, NaN, NaN, NaN, NaN, NaN, NaN,
04/2011,451.1203,451.1203,569.5697,569.5697,82.8317,82.8317,3089.9576,3089.9576,451.1203,451.1203,312.0718,312.0718,25.1725,25.1725,3089.9576,3089.9576,174.6835,174.6835,193.5436,193.5436,30.5541,30.5541,1200.4288,1200.4288,363.6749,363.6749,479.0648,479.0648,58.1878,58.1878,2489.1545,2489.1545,451.1203,451.1203,409.4191,409.4191,28.6247,28.6247,3089.9576,3089.9576, NaN, NaN, NaN, NaN, NaN, NaN, NaN, NaN, NaN, NaN, NaN, NaN, NaN, NaN, NaN, NaN, NaN, NaN, NaN, NaN, NaN, NaN, NaN, NaN, NaN, NaN, NaN, NaN, NaN, NaN, NaN, NaN, NaN, NaN, NaN, NaN,
05/2011,964.4227,964.4227,1154.7464,1154.7464,218.7768,218.7768,7280.6556,7280.6556,964.4227,964.4227,559.6046,559.6046,48.9996,48.9996,7280.6556,7280.6556,571.6483,571.6483,576.1168,576.1168,131.1237,131.1237,4331.9875,4331.9875,1247.5037,1247.5037,1406.6092,1406.6092,273.9298,273.9298,9676.8473,9676.8473,964.4227,964.4227,745.5910,745.5910,62.1382,62.1382,7280.6556,7280.6556, NaN, NaN, NaN, NaN, NaN, NaN, NaN, NaN, NaN, NaN, NaN, NaN, NaN, NaN, NaN, NaN, NaN, NaN, NaN, NaN, NaN, NaN, NaN, NaN, NaN, NaN, NaN, NaN, NaN, NaN, NaN, NaN, NaN, NaN, NaN, NaN,
06/2011,2931.9408,2931.9408,5480.1955,5480.1955,504.5945,504.5945,24709.8693,24709.8693,2931.9408,2931.9408,4333.4234,4333.4234,141.9203,141.9203,24709.8693,24709.8693,1303.6810,1303.6810,1277.1328,1277.1328,286.9607,286.9607,10716.3770,10716.3770,3680.0266,3680.0266,3813.4583,3813.4583,479.6030,479.6030,31498.6061,31498.6061,2931.9408,2931.9408,4643.3659,4643.3659,175.9527,175.9527,24709.8693,24709.8693, NaN, NaN, NaN, NaN, NaN, NaN, NaN, NaN, NaN, NaN, NaN, NaN, NaN, NaN, NaN, NaN, NaN, NaN, NaN, NaN, NaN, NaN, NaN, NaN, NaN, NaN, NaN, NaN, NaN, NaN, NaN, NaN, NaN, NaN, NaN, NaN,
07/2011,22932.8323,22932.8323,56354.1118,56354.1118,2068.9864,2068.9864,213790.1022,213790.1022,22932.8323,22932.8323,54642.8878,54642.8878,1510.6890,1510.6890,213790.1022,213790.1022,4255.7789,4255.7789,4065.0214,4065.0214,463.7972,463.7972,36172.3610,36172.3610,44186.0659,44186.0659,67878.1454,67878.1454,2373.3425,2373.3425,416619.4450,416619.4450,22932.8323,22932.8323,55136.4661,55136.4661,1570.4667,1570.4667,213790.1022,213790.1022, NaN, NaN, NaN, NaN, NaN, NaN, NaN, NaN, NaN, NaN, NaN, NaN, NaN, NaN, NaN, NaN, NaN, NaN, NaN, NaN, NaN, NaN, NaN, NaN, NaN, NaN, NaN, NaN, NaN, NaN, NaN, NaN, NaN, NaN, NaN, NaN,
08/2011,76731.2870,76731.2870,200504.8288,200504.8288,5596.9031,5596.9031,705392.5884,705392.5884,76731.2870,76731.2870,198684.0955,198684.0955,5148.9510,5148.9510,705392.5884,705392.5884,9619.8019,9619.8019,10635.7188,10635.7188,562.2327,562.2327,87251.4986,87251.4986,70949.6410,70949.6410,126859.2552,126859.2552,3782.4250,3782.4250,647748.5737,647748.5737,76731.2870,76731.2870,199247.8516,199247.8516,5215.5299,5215.5299,705392.5884,705392.5884, NaN, NaN, NaN, NaN, NaN, NaN, NaN, NaN, NaN, NaN, NaN, NaN, NaN, NaN, NaN, NaN, NaN, NaN, NaN, NaN, NaN, NaN, NaN, NaN, NaN, NaN, NaN, NaN, NaN, NaN, NaN, NaN, NaN, NaN, NaN, NaN,
09/2011,23408.0237,23408.0237,31959.6583,31959.6583,1095.6612,1095.6612,225637.3858,225637.3858,23408.0237,23408.0237,30191.8056,30191.8056,649.3928,649.3928,225637.3858,225637.3858,5510.1686,5510.1686,5384.2473,5384.2473,356.7959,356.7959,51685.4420,51685.4420,18235.8518,18235.8518,19607.2620,19607.2620,738.1929,738.1929,176247.8757,176247.8757,23408.0237,23408.0237,30870.4875,30870.4875,727.3842,727.3842,225637.3858,225637.3858, NaN, NaN, NaN, NaN, NaN, NaN, NaN, NaN, NaN, NaN, NaN, NaN, NaN, NaN, NaN, NaN, NaN, NaN, NaN, NaN, NaN, NaN, NaN, NaN, NaN, NaN, NaN, NaN, NaN, NaN, NaN, NaN, NaN, NaN, NaN, NaN,
10/2011,11633.8982,11633.8982,16164.3913,16164.3913,602.5940,602.5940,92748.8084,92748.8084,11633.8982,11633.8982,15071.7568,15071.7568,368.7704,368.7704,92748.8084,92748.8084,1749.6864,1749.6864,1494.2121,1494.2121,136.0652,136.0652,13006.5683,13006.5683,8652.1997,8652.1997,7953.2098,7953.2098,351.6272,351.6272,68305.0009,68305.0009,11633.8982,11633.8982,15415.5006,15415.5006,409.7511,409.7511,92748.8084,92748.8084, NaN, NaN, NaN, NaN, NaN, NaN, NaN, NaN, NaN, NaN, NaN, NaN, NaN, NaN, NaN, NaN, NaN, NaN, NaN, NaN, NaN, NaN, NaN, NaN, NaN, NaN, NaN, NaN, NaN, NaN, NaN, NaN, NaN, NaN, NaN, NaN,
11/2011,7073.6544,7073.6544,11496.7043,11496.7043,1034.2863,1034.2863,52839.0505,52839.0505,7073.6544,7073.6544,10808.8223,10808.8223,901.3786,901.3786,52839.0505,52839.0505,761.4000,761.4000,697.5954,697.5954,64.1066,64.1066,5215.9113,5215.9113,7118.8157,7118.8157,6335.1511,6335.1511,252.4255,252.4255,53520.4769,53520.4769,7073.6544,7073.6544,11042.2755,11042.2755,925.7333,925.7333,52839.0505,52839.0505, NaN, NaN, NaN, NaN, NaN, NaN, NaN, NaN, NaN, NaN, NaN, NaN, NaN, NaN, NaN, NaN, NaN, NaN, NaN, NaN, NaN, NaN, NaN, NaN, NaN, NaN, NaN, NaN, NaN, NaN, NaN, NaN, NaN, NaN, NaN, NaN,
12/2011,2869.3440,2869.3440,4162.2842,4162.2842,246.7242,246.7242,16847.2631,16847.2631,2869.3440,2869.3440,3433.9159,3433.9159,85.2826,85.2826,16847.2631,16847.2631,1741.0637,1741.0637,1381.6046,1381.6046,136.0227,136.0227,10362.2606,10362.2606,6006.7872,6006.7872,5902.3806,5902.3806,324.3177,324.3177,36914.8061,36914.8061,2869.3440,2869.3440,3651.7323,3651.7323,104.2355,104.2355,16847.2631,16847.2631, NaN, NaN, NaN, NaN, NaN, NaN, NaN, NaN, NaN, NaN, NaN, NaN, NaN, NaN, NaN, NaN, NaN, NaN, NaN, NaN, NaN, NaN, NaN, NaN, NaN, NaN, NaN, NaN, NaN, NaN, NaN, NaN, NaN, NaN, NaN, NaN,
01/2012,2217.1190,2217.1190,4336.3263,4336.3263,89.7286,89.7286,9180.5333,9180.5333,2217.1190,2217.1190,4047.5166,4047.5166,55.4137,55.4137,9180.5333,9180.5333,277.6723,277.6723,277.5545,277.5545,38.3920,38.3920,763.4876,763.4876,650.3414,650.3414,744.0497,744.0497,65.6196,65.6196,1935.8365,1935.8365,2217.1190,2217.1190,4162.3311,4162.3311,58.4841,58.4841,9180.5333,9180.5333, NaN, NaN, NaN, NaN, NaN, NaN, NaN, NaN, NaN, NaN, NaN, NaN, NaN, NaN, NaN, NaN, NaN, NaN, NaN, NaN, NaN, NaN, NaN, NaN, NaN, NaN, NaN, NaN, NaN, NaN, NaN, NaN, NaN, NaN, NaN, NaN,
02/2012,775.7165,775.7165,1114.6541,1114.6541,116.7685,116.7685,2502.4988,2502.4988,775.7165,775.7165,703.3426,703.3426,41.1600,41.1600,2502.4988,2502.4988,254.0419,254.0419,258.0473,258.0473,37.8056,37.8056,709.4409,709.4409,2213.2310,2213.2310,2326.5490,2326.5490,215.4598,215.4598,9192.4952,9192.4952,775.7165,775.7165,838.3452,838.3452,48.4199,48.4199,2502.4988,2502.4988, NaN, NaN, NaN, NaN, NaN, NaN, NaN, NaN, NaN, NaN, NaN, NaN, NaN, NaN, NaN, NaN, NaN, NaN, NaN, NaN, NaN, NaN, NaN, NaN, NaN, NaN, NaN, NaN, NaN, NaN, NaN, NaN, NaN, NaN, NaN, NaN,
03/2012,290.6842,290.6842,480.8739,480.8739,25.5953,25.5953,1108.0626,1108.0626,290.6842,290.6842,280.9197,280.9197,24.8078,24.8078,1108.0626,1108.0626,84.9830,84.9830,124.3681,124.3681,3.2464,3.2464,324.7578,324.7578,302.8406,302.8406,479.3732,479.3732,24.5579,24.5579,1181.5154,1181.5154,290.6842,290.6842,364.0577,364.0577,24.9530,24.9530,1108.0626,1108.0626, NaN, NaN, NaN, NaN, NaN, NaN, NaN, NaN, NaN, NaN, NaN, NaN, NaN, NaN, NaN, NaN, NaN, NaN, NaN, NaN, NaN, NaN, NaN, NaN, NaN, NaN, NaN, NaN, NaN, NaN, NaN, NaN, NaN, NaN, NaN, NaN,
04/2012,884.0016,884.0016,1102.6314,1102.6314,204.6521,204.6521,4472.4595,4472.4595,884.0016,884.0016,538.7246,538.7246,48.4648,48.4648,4472.4595,4472.4595,365.4720,365.4720,389.3836,389.3836,79.5457,79.5457,1855.7278,1855.7278,715.0810,715.0810,913.6243,913.6243,143.8062,143.8062,3609.8144,3609.8144,884.0016,884.0016,716.7034,716.7034,60.2888,60.2888,4472.4595,4472.4595, NaN, NaN, NaN, NaN, NaN, NaN, NaN, NaN, NaN, NaN, NaN, NaN, NaN, NaN, NaN, NaN, NaN, NaN, NaN, NaN, NaN, NaN, NaN, NaN, NaN, NaN, NaN, NaN, NaN, NaN, NaN, NaN, NaN, NaN, NaN, NaN,
05/2012,818.6832,818.6832,1136.0486,1136.0486,172.7246,172.7246,4773.2511,4773.2511,818.6832,818.6832,565.2173,565.2173,52.7748,52.7748,4773.2511,4773.2511,454.9133,454.9133,501.4299,501.4299,90.9806,90.9806,2640.1721,2640.1721,2127.1075,2127.1075,2378.1411,2378.1411,229.1187,229.1187,12161.9634,12161.9634,818.6832,818.6832,747.4315,747.4315,69.4778,69.4778,4773.2511,4773.2511, NaN, NaN, NaN, NaN, NaN, NaN, NaN, NaN, NaN, NaN, NaN, NaN, NaN, NaN, NaN, NaN, NaN, NaN, NaN, NaN, NaN, NaN, NaN, NaN, NaN, NaN, NaN, NaN, NaN, NaN, NaN, NaN, NaN, NaN, NaN, NaN,
06/2012,9592.2144,9592.2144,17706.9576,17706.9576,1019.1450,1019.1450,78233.7538,78233.7538,9592.2144,9592.2144,16009.5274,16009.5274,419.6263,419.6263,78233.7538,78233.7538,3032.9338,3032.9338,2902.0582,2902.0582,473.1314,473.1314,22662.2249,22662.2249,13723.1194,13723.1194,16608.6995,16608.6995,1010.7248,1010.7248,111645.9689,111645.9689,9592.2144,9592.2144,16515.6606,16515.6606,476.8163,476.8163,78233.7538,78233.7538, NaN, NaN, NaN, NaN, NaN, NaN, NaN, NaN, NaN, NaN, NaN, NaN, NaN, NaN, NaN, NaN, NaN, NaN, NaN, NaN, NaN, NaN, NaN, NaN, NaN, NaN, NaN, NaN, NaN, NaN, NaN, NaN, NaN, NaN, NaN, NaN,
07/2012,5342.2330,5342.2330,7220.9479,7220.9479,276.7611,276.7611,48296.1595,48296.1595,5342.2330,5342.2330,6503.0133,6503.0133,135.9480,135.9480,48296.1595,48296.1595,731.5402,731.5402,724.6776,724.6776,98.7925,98.7925,5901.5755,5901.5755,6119.7466,6119.7466,5756.5953,5756.5953,297.1242,297.1242,55699.5159,55699.5159,5342.2330,5342.2330,6755.2195,6755.2195,163.4302,163.4302,48296.1595,48296.1595, NaN, NaN, NaN, NaN, NaN, NaN, NaN, NaN, NaN, NaN, NaN, NaN, NaN, NaN, NaN, NaN, NaN, NaN, NaN, NaN, NaN, NaN, NaN, NaN, NaN, NaN, NaN, NaN, NaN, NaN, NaN, NaN, NaN, NaN, NaN, NaN,
08/2012,10508.7283,10508.7283,13711.4982,13711.4982,601.5170,601.5170,89852.1770,89852.1770,10508.7283,10508.7283,12434.4427,12434.4427,227.1749,227.1749,89852.1770,89852.1770,2124.3946,2124.3946,1919.7259,1919.7259,328.9341,328.9341,16726.7616,16726.7616,9385.8480,9385.8480,9272.9971,9272.9971,521.2963,521.2963,80293.9505,80293.9505,10508.7283,10508.7283,12889.9652,12889.9652,275.5195,275.5195,89852.1770,89852.1770, NaN, NaN, NaN, NaN, NaN, NaN, NaN, NaN, NaN, NaN, NaN, NaN, NaN, NaN, NaN, NaN, NaN, NaN, NaN, NaN, NaN, NaN, NaN, NaN, NaN, NaN, NaN, NaN, NaN, NaN, NaN, NaN, NaN, NaN, NaN, NaN,
09/2012,10129.9248,10129.9248,12584.8490,12584.8490,536.6282,536.6282,79912.7074,79912.7074,10129.9248,10129.9248,11474.6301,11474.6301,217.2377,217.2377,79912.7074,79912.7074,2218.8816,2218.8816,2035.1546,2035.1546,260.5871,260.5871,16449.4951,16449.4951,5686.7530,5686.7530,5715.5680,5715.5680,394.6262,394.6262,44127.1077,44127.1077,10129.9248,10129.9248,11883.9547,11883.9547,256.6740,256.6740,79912.7074,79912.7074, NaN, NaN, NaN, NaN, NaN, NaN, NaN, NaN, NaN, NaN, NaN, NaN, NaN, NaN, NaN, NaN, NaN, NaN, NaN, NaN, NaN, NaN, NaN, NaN, NaN, NaN, NaN, NaN, NaN, NaN, NaN, NaN, NaN, NaN, NaN, NaN,
10/2012,2537.5334,2537.5334,2888.6159,2888.6159,115.6134,115.6134,17979.8552,17979.8552,2537.5334,2537.5334,2472.9662,2472.9662,62.4644,62.4644,17979.8552,17979.8552,301.0435,301.0435,338.8936,338.8936,31.3263,31.3263,1558.6956,1558.6956,1058.5555,1058.5555,1148.0367,1148.0367,82.6370,82.6370,6686.7980,6686.7980,2537.5334,2537.5334,2638.9010,2638.9010,72.5991,72.5991,17979.8552,17979.8552, NaN, NaN, NaN, NaN, NaN, NaN, NaN, NaN, NaN, NaN, NaN, NaN, NaN, NaN, NaN, NaN, NaN, NaN, NaN, NaN, NaN, NaN, NaN, NaN, NaN, NaN, NaN, NaN, NaN, NaN, NaN, NaN, NaN, NaN, NaN, NaN,
11/2012,1801.7424,1801.7424,2117.9913,2117.9913,266.4473,266.4473,11355.7781,11355.7781,1801.7424,1801.7424,1434.7592,1434.7592,59.9197,59.9197,11355.7781,11355.7781,450.7315,450.7315,433.1676,433.1676,93.9606,93.9606,2851.3433,2851.3433,3772.1722,3772.1722,3055.6224,3055.6224,253.3234,253.3234,23547.7792,23547.7792,1801.7424,1801.7424,1670.5823,1670.5823,77.4210,77.4210,11355.7781,11355.7781, NaN, NaN, NaN, NaN, NaN, NaN, NaN, NaN, NaN, NaN, NaN, NaN, NaN, NaN, NaN, NaN, NaN, NaN, NaN, NaN, NaN, NaN, NaN, NaN, NaN, NaN, NaN, NaN, NaN, NaN, NaN, NaN, NaN, NaN, NaN, NaN,
12/2012,2798.9539,2798.9539,5720.0913,5720.0913,184.6544,184.6544,17747.4158,17747.4158,2798.9539,2798.9539,5319.7026,5319.7026,90.6962,90.6962,17747.4158,17747.4158,369.3773,369.3773,353.0857,353.0857,74.5368,74.5368,2328.6275,2328.6275,2599.1626,2599.1626,2153.8102,2153.8102,163.0770,163.0770,16361.2753,16361.2753,2798.9539,2798.9539,5460.1069,5460.1069,97.5256,97.5256,17747.4158,17747.4158, NaN, NaN, NaN, NaN, NaN, NaN, NaN, NaN, NaN, NaN, NaN, NaN, NaN, NaN, NaN, NaN, NaN, NaN, NaN, NaN, NaN, NaN, NaN, NaN, NaN, NaN, NaN, NaN, NaN, NaN, NaN, NaN, NaN, NaN, NaN, NaN,
01/2013,844.8192,844.8192,1459.0272,1459.0272,53.1751,53.1751,4610.9178,4610.9178,844.8192,844.8192,1259.4463,1259.4463,25.6224,25.6224,4610.9178,4610.9178,199.3766,199.3766,193.7812,193.7812,29.9158,29.9158,1187.3063,1187.3063,1113.2208,1113.2208,1120.5323,1120.5323,58.1922,58.1922,5780.4518,5780.4518,844.8192,844.8192,1342.5914,1342.5914,27.4361,27.4361,4610.9178,4610.9178, NaN, NaN, NaN, NaN, NaN, NaN, NaN, NaN, NaN, NaN, NaN, NaN, NaN, NaN, NaN, NaN, NaN, NaN, NaN, NaN, NaN, NaN, NaN, NaN, NaN, NaN, NaN, NaN, NaN, NaN, NaN, NaN, NaN, NaN, NaN, NaN,
02/2013,209.5459,209.5459,336.8671,336.8671,14.5683,14.5683,1265.9983,1265.9983,209.5459,209.5459,232.3953,232.3953,11.2229,11.2229,1265.9983,1265.9983,43.7530,43.7530,61.0204,61.0204,2.2605,2.2605,264.0187,264.0187,172.7050,172.7050,249.6469,249.6469,15.4177,15.4177,1043.3018,1043.3018,209.5459,209.5459,282.5488,282.5488,11.5055,11.5055,1265.9983,1265.9983, NaN, NaN, NaN, NaN, NaN, NaN, NaN, NaN, NaN, NaN, NaN, NaN, NaN, NaN, NaN, NaN, NaN, NaN, NaN, NaN, NaN, NaN, NaN, NaN, NaN, NaN, NaN, NaN, NaN, NaN, NaN, NaN, NaN, NaN, NaN, NaN,
03/2013,1140.5059,1140.5059,1488.3180,1488.3180,261.2804,261.2804,7146.2628,7146.2628,1140.5059,1140.5059,822.8839,822.8839,50.6432,50.6432,7146.2628,7146.2628,727.2720,727.2720,690.0794,690.0794,170.6285,170.6285,4634.4192,4634.4192,988.4506,988.4506,953.2096,953.2096,134.9705,134.9705,7094.3015,7094.3015,1140.5059,1140.5059,1012.4586,1012.4586,64.2210,64.2210,7146.2628,7146.2628, NaN, NaN, NaN, NaN, NaN, NaN, NaN, NaN, NaN, NaN, NaN, NaN, NaN, NaN, NaN, NaN, NaN, NaN, NaN, NaN, NaN, NaN, NaN, NaN, NaN, NaN, NaN, NaN, NaN, NaN, NaN, NaN, NaN, NaN, NaN, NaN,
04/2013,756.7430,756.7430,1370.4021,1370.4021,78.5191,78.5191,4262.8107,4262.8107,756.7430,756.7430,1083.6586,1083.6586,39.8403,39.8403,4262.8107,4262.8107,181.0944,181.0944,223.3336,223.3336,23.1997,23.1997,1038.0476,1038.0476,437.6765,437.6765,555.7167,555.7167,49.4230,49.4230,2555.1517,2555.1517,756.7430,756.7430,1189.1720,1189.1720,42.3368,42.3368,4262.8107,4262.8107, NaN, NaN, NaN, NaN, NaN, NaN, NaN, NaN, NaN, NaN, NaN, NaN, NaN, NaN, NaN, NaN, NaN, NaN, NaN, NaN, NaN, NaN, NaN, NaN, NaN, NaN, NaN, NaN, NaN, NaN, NaN, NaN, NaN, NaN, NaN, NaN,
05/2013,2835.5098,2835.5098,5614.9252,5614.9252,466.2000,466.2000,17901.7525,17901.7525,2835.5098,2835.5098,4665.8405,4665.8405,150.8528,150.8528,17901.7525,17901.7525,1197.4522,1197.4522,1094.2850,1094.2850,236.7475,236.7475,6994.8035,6994.8035,7157.7907,7157.7907,7326.2115,7326.2115,582.0963,582.0963,48454.3257,48454.3257,2835.5098,2835.5098,4951.7373,4951.7373,178.7591,178.7591,17901.7525,17901.7525, NaN, NaN, NaN, NaN, NaN, NaN, NaN, NaN, NaN, NaN, NaN, NaN, NaN, NaN, NaN, NaN, NaN, NaN, NaN, NaN, NaN, NaN, NaN, NaN, NaN, NaN, NaN, NaN, NaN, NaN, NaN, NaN, NaN, NaN, NaN, NaN,
06/2013,2419.4333,2419.4333,4673.8328,4673.8328,175.1620,175.1620,17003.0113,17003.0113,2419.4333,2419.4333,4217.6276,4217.6276,99.5560,99.5560,17003.0113,17003.0113,465.8861,465.8861,482.4977,482.4977,61.7072,61.7072,2824.8578,2824.8578,5886.8294,5886.8294,6036.7007,6036.7007,218.3244,218.3244,42886.5989,42886.5989,2419.4333,2419.4333,4378.5603,4378.5603,111.5803,111.5803,17003.0113,17003.0113, NaN, NaN, NaN, NaN, NaN, NaN, NaN, NaN, NaN, NaN, NaN, NaN, NaN, NaN, NaN, NaN, NaN, NaN, NaN, NaN, NaN, NaN, NaN, NaN, NaN, NaN, NaN, NaN, NaN, NaN, NaN, NaN, NaN, NaN, NaN, NaN,
07/2013,10947.1046,10947.1046,16152.8730,16152.8730,796.9162,796.9162,85758.7684,85758.7684,10947.1046,10947.1046,14836.5409,14836.5409,361.2355,361.2355,85758.7684,85758.7684,2534.2330,2534.2330,2263.4656,2263.4656,341.2487,341.2487,18164.2462,18164.2462,29731.4582,29731.4582,49831.0904,49831.0904,1851.6437,1851.6437,239032.8196,239032.8196,10947.1046,10947.1046,15249.8287,15249.8287,401.1032,401.1032,85758.7684,85758.7684, NaN, NaN, NaN, NaN, NaN, NaN, NaN, NaN, NaN, NaN, NaN, NaN, NaN, NaN, NaN, NaN, NaN, NaN, NaN, NaN, NaN, NaN, NaN, NaN, NaN, NaN, NaN, NaN, NaN, NaN, NaN, NaN, NaN, NaN, NaN, NaN,
08/2013,44405.6947,44405.6947,84143.1506,84143.1506,3478.4470,3478.4470,379607.9416,379607.9416,44405.6947,44405.6947,77556.5760,77556.5760,1316.6253,1316.6253,379607.9416,379607.9416,9331.2259,9331.2259,9220.8672,9220.8672,672.3730,672.3730,77319.8867,77319.8867,56914.7731,56914.7731,86227.0592,86227.0592,2773.3323,2773.3323,493105.0496,493105.0496,44405.6947,44405.6947,78558.2092,78558.2092,1431.8625,1431.8625,379607.9416,379607.9416, NaN, NaN, NaN, NaN, NaN, NaN, NaN, NaN, NaN, NaN, NaN, NaN, NaN, NaN, NaN, NaN, NaN, NaN, NaN, NaN, NaN, NaN, NaN, NaN, NaN, NaN, NaN, NaN, NaN, NaN, NaN, NaN, NaN, NaN, NaN, NaN,
09/2013,92303.7293,92303.7293,159381.1315,159381.1315,14130.2088,14130.2088,714000.6978,714000.6978,92303.7293,92303.7293,120331.6870,120331.6870,2294.5701,2294.5701,714000.6978,714000.6978,19718.6486,19718.6486,23204.6427,23204.6427,984.4299,984.4299,153575.4116,153575.4116,55059.7910,55059.7910,92700.3138,92700.3138,8179.9517,8179.9517,428316.5063,428316.5063,92303.7293,92303.7293,124194.6774,124194.6774,2803.5851,2803.5851,714000.6978,714000.6978, NaN, NaN, NaN, NaN, NaN, NaN, NaN, NaN, NaN, NaN, NaN, NaN, NaN, NaN, NaN, NaN, NaN, NaN, NaN, NaN, NaN, NaN, NaN, NaN, NaN, NaN, NaN, NaN, NaN, NaN, NaN, NaN, NaN, NaN, NaN, NaN,
10/2013,16621.4938,16621.4938,20920.7408,20920.7408,522.1557,522.1557,121867.5980,121867.5980,16621.4938,16621.4938,19769.9455,19769.9455,279.3778,279.3778,121867.5980,121867.5980,3729.9053,3729.9053,3209.0417,3209.0417,144.9054,144.9054,26802.7838,26802.7838,12495.1334,12495.1334,13216.6419,13216.6419,425.9738,425.9738,92291.8156,92291.8156,16621.4938,16621.4938,20177.0157,20177.0157,321.1721,321.1721,121867.5980,121867.5980, NaN, NaN, NaN, NaN, NaN, NaN, NaN, NaN, NaN, NaN, NaN, NaN, NaN, NaN, NaN, NaN, NaN, NaN, NaN, NaN, NaN, NaN, NaN, NaN, NaN, NaN, NaN, NaN, NaN, NaN, NaN, NaN, NaN, NaN, NaN, NaN,
11/2013,1910.9866,1910.9866,2594.5824,2594.5824,101.6456,101.6456,8909.9311,8909.9311,1910.9866,1910.9866,2220.1064,2220.1064,64.7554,64.7554,8909.9311,8909.9311,336.2774,336.2774,331.2852,331.2852,22.7429,22.7429,1296.3848,1296.3848,848.8627,848.8627,903.7789,903.7789,63.6274,63.6274,3445.3390,3445.3390,1910.9866,1910.9866,2364.8961,2364.8961,72.9828,72.9828,8909.9311,8909.9311, NaN, NaN, NaN, NaN, NaN, NaN, NaN, NaN, NaN, NaN, NaN, NaN, NaN, NaN, NaN, NaN, NaN, NaN, NaN, NaN, NaN, NaN, NaN, NaN, NaN, NaN, NaN, NaN, NaN, NaN, NaN, NaN, NaN, NaN, NaN, NaN,
12/2013,487.0022,487.0022,781.6945,781.6945,50.7420,50.7420,1793.7917,1793.7917,487.0022,487.0022,526.1204,526.1204,43.1212,43.1212,1793.7917,1793.7917,146.3702,146.3702,183.0798,183.0798,8.4505,8.4505,497.4211,497.4211,362.6035,362.6035,511.4698,511.4698,30.4172,30.4172,1256.7430,1256.7430,487.0022,487.0022,629.4386,629.4386,44.9567,44.9567,1793.7917,1793.7917, NaN, NaN, NaN, NaN, NaN, NaN, NaN, NaN, NaN, NaN, NaN, NaN, NaN, NaN, NaN, NaN, NaN, NaN, NaN, NaN, NaN, NaN, NaN, NaN, NaN, NaN, NaN, NaN, NaN, NaN, NaN, NaN, NaN, NaN, NaN, NaN,
01/2014,285.1027,285.1027,457.3816,457.3816,24.1246,24.1246,950.3026,950.3026,285.1027,285.1027,269.9622,269.9622,22.9878,22.9878,950.3026,950.3026,90.4781,90.4781,123.3963,123.3963,3.3681,3.3681,303.1951,303.1951,245.3501,245.3501,376.1811,376.1811,17.6746,17.6746,831.2733,831.2733,285.1027,285.1027,349.8781,349.8781,23.2488,23.2488,950.3026,950.3026, NaN, NaN, NaN, NaN, NaN, NaN, NaN, NaN, NaN, NaN, NaN, NaN, NaN, NaN, NaN, NaN, NaN, NaN, NaN, NaN, NaN, NaN, NaN, NaN, NaN, NaN, NaN, NaN, NaN, NaN, NaN, NaN, NaN, NaN, NaN, NaN,
02/2014,219.7498,219.7498,356.1828,356.1828,16.8990,16.8990,761.9686,761.9686,219.7498,219.7498,214.0169,214.0169,16.7464,16.7464,761.9686,761.9686,61.5168,61.5168,87.7879,87.7879,1.7672,1.7672,213.4934,213.4934,177.6211,177.6211,279.0995,279.0995,11.5526,11.5526,617.2924,617.2924,219.7498,219.7498,277.4009,277.4009,16.8095,16.8095,761.9686,761.9686, NaN, NaN, NaN, NaN, NaN, NaN, NaN, NaN, NaN, NaN, NaN, NaN, NaN, NaN, NaN, NaN, NaN, NaN, NaN, NaN, NaN, NaN, NaN, NaN, NaN, NaN, NaN, NaN, NaN, NaN, NaN, NaN, NaN, NaN, NaN, NaN,
03/2014,327.6288,327.6288,480.1160,480.1160,40.8947,40.8947,1189.2105,1189.2105,327.6288,327.6288,276.3322,276.3322,22.8091,22.8091,1189.2105,1189.2105,128.9174,128.9174,150.3784,150.3784,16.9420,16.9420,471.8912,471.8912,248.0803,248.0803,367.4832,367.4832,24.8538,24.8538,901.4989,901.4989,327.6288,327.6288,359.1585,359.1585,23.8941,23.8941,1189.2105,1189.2105, NaN, NaN, NaN, NaN, NaN, NaN, NaN, NaN, NaN, NaN, NaN, NaN, NaN, NaN, NaN, NaN, NaN, NaN, NaN, NaN, NaN, NaN, NaN, NaN, NaN, NaN, NaN, NaN, NaN, NaN, NaN, NaN, NaN, NaN, NaN, NaN,
04/2014,616.2653,616.2653,830.1314,830.1314,119.6361,119.6361,2339.9478,2339.9478,616.2653,616.2653,424.9938,424.9938,38.9697,38.9697,2339.9478,2339.9478,282.5107,282.5107,305.9780,305.9780,43.8156,43.8156,1133.4120,1133.4120,495.7546,495.7546,639.1852,639.1852,80.1413,80.1413,1943.7900,1943.7900,616.2653,616.2653,559.2921,559.2921,45.9103,45.9103,2339.9478,2339.9478, NaN, NaN, NaN, NaN, NaN, NaN, NaN, NaN, NaN, NaN, NaN, NaN, NaN, NaN, NaN, NaN, NaN, NaN, NaN, NaN, NaN, NaN, NaN, NaN, NaN, NaN, NaN, NaN, NaN, NaN, NaN, NaN, NaN, NaN, NaN, NaN,
05/2014,5956.7616,5956.7616,14150.9416,14150.9416,824.7312,824.7312,34329.6776,34329.6776,5956.7616,5956.7616,12645.3510,12645.3510,383.6978,383.6978,34329.6776,34329.6776,1626.9120,1626.9120,1540.3797,1540.3797,326.2500,326.2500,7375.9720,7375.9720,9088.6320,9088.6320,13864.5771,13864.5771,945.8416,945.8416,54261.9431,54261.9431,5956.7616,5956.7616,13020.5815,13020.5815,429.3827,429.3827,34329.6776,34329.6776, NaN, NaN, NaN, NaN, NaN, NaN, NaN, NaN, NaN, NaN, NaN, NaN, NaN, NaN, NaN, NaN, NaN, NaN, NaN, NaN, NaN, NaN, NaN, NaN, NaN, NaN, NaN, NaN, NaN, NaN, NaN, NaN, NaN, NaN, NaN, NaN,
06/2014,13717.5206,13717.5206,25921.6171,25921.6171,833.7170,833.7170,115187.5504,115187.5504,13717.5206,13717.5206,24409.6713,24409.6713,474.0558,474.0558,115187.5504,115187.5504,1975.2163,1975.2163,1993.5233,1993.5233,275.8042,275.8042,15389.3451,15389.3451,26711.7610,26711.7610,51701.1924,51701.1924,1835.6307,1835.6307,223384.6252,223384.6252,13717.5206,13717.5206,24795.9133,24795.9133,520.0235,520.0235,115187.5504,115187.5504, NaN, NaN, NaN, NaN, NaN, NaN, NaN, NaN, NaN, NaN, NaN, NaN, NaN, NaN, NaN, NaN, NaN, NaN, NaN, NaN, NaN, NaN, NaN, NaN, NaN, NaN, NaN, NaN, NaN, NaN, NaN, NaN, NaN, NaN, NaN, NaN,
07/2014,49413.8880,49413.8880,82921.3519,82921.3519,1578.5853,1578.5853,455782.1821,455782.1821,49413.8880,49413.8880,80769.2469,80769.2469,1017.0330,1017.0330,455782.1821,455782.1821,3852.8266,3852.8266,3383.8411,3383.8411,376.7178,376.7178,34333.6153,34333.6153,68612.6938,68612.6938,116676.6042,116676.6042,3889.6938,3889.6938,634862.2684,634862.2684,49413.8880,49413.8880,81361.8043,81361.8043,1084.7946,1084.7946,455782.1821,455782.1821, NaN, NaN, NaN, NaN, NaN, NaN, NaN, NaN, NaN, NaN, NaN, NaN, NaN, NaN, NaN, NaN, NaN, NaN, NaN, NaN, NaN, NaN, NaN, NaN, NaN, NaN, NaN, NaN, NaN, NaN, NaN, NaN, NaN, NaN, NaN, NaN,
08/2014,27384.4454,27384.4454,43904.8941,43904.8941,1582.6867,1582.6867,232635.6784,232635.6784,27384.4454,27384.4454,41115.4436,41115.4436,830.3083,830.3083,232635.6784,232635.6784,3224.4739,3224.4739,3036.4482,3036.4482,360.4715,360.4715,25543.5062,25543.5062,26642.1398,26642.1398,34400.2196,34400.2196,1283.0077,1283.0077,227363.7499,227363.7499,27384.4454,27384.4454,41715.6357,41715.6357,898.2388,898.2388,232635.6784,232635.6784, NaN, NaN, NaN, NaN, NaN, NaN, NaN, NaN, NaN, NaN, NaN, NaN, NaN, NaN, NaN, NaN, NaN, NaN, NaN, NaN, NaN, NaN, NaN, NaN, NaN, NaN, NaN, NaN, NaN, NaN, NaN, NaN, NaN, NaN, NaN, NaN,
09/2014,25662.2861,25662.2861,34665.5420,34665.5420,2151.8433,2151.8433,226157.4542,226157.4542,25662.2861,25662.2861,30509.2040,30509.2040,926.1691,926.1691,226157.4542,226157.4542,3789.4781,3789.4781,3481.2339,3481.2339,275.3883,275.3883,32872.0781,32872.0781,16081.2778,16081.2778,19200.6775,19200.6775,983.7482,983.7482,141656.5854,141656.5854,25662.2861,25662.2861,31252.2368,31252.2368,1017.1346,1017.1346,226157.4542,226157.4542, NaN, NaN, NaN, NaN, NaN, NaN, NaN, NaN, NaN, NaN, NaN, NaN, NaN, NaN, NaN, NaN, NaN, NaN, NaN, NaN, NaN, NaN, NaN, NaN, NaN, NaN, NaN, NaN, NaN, NaN, NaN, NaN, NaN, NaN, NaN, NaN,
10/2014,7428.5251,7428.5251,9179.6247,9179.6247,355.5436,355.5436,57084.2971,57084.2971,7428.5251,7428.5251,8352.4369,8352.4369,212.6269,212.6269,57084.2971,57084.2971,804.5222,804.5222,753.9083,753.9083,78.2711,78.2711,5619.7778,5619.7778,4732.0675,4732.0675,4552.2627,4552.2627,221.1569,221.1569,36116.4067,36116.4067,7428.5251,7428.5251,8630.5351,8630.5351,246.4619,246.4619,57084.2971,57084.2971, NaN, NaN, NaN, NaN, NaN, NaN, NaN, NaN, NaN, NaN, NaN, NaN, NaN, NaN, NaN, NaN, NaN, NaN, NaN, NaN, NaN, NaN, NaN, NaN, NaN, NaN, NaN, NaN, NaN, NaN, NaN, NaN, NaN, NaN, NaN, NaN,
11/2014,1915.4362,1915.4362,2661.1285,2661.1285,181.5919,181.5919,11907.3938,11907.3938,1915.4362,1915.4362,2089.0180,2089.0180,72.5403,72.5403,11907.3938,11907.3938,342.1872,342.1872,375.2847,375.2847,51.9009,51.9009,2327.3216,2327.3216,1509.9869,1509.9869,1508.4622,1508.4622,146.0857,146.0857,9456.3028,9456.3028,1915.4362,1915.4362,2282.9783,2282.9783,90.2374,90.2374,11907.3938,11907.3938, NaN, NaN, NaN, NaN, NaN, NaN, NaN, NaN, NaN, NaN, NaN, NaN, NaN, NaN, NaN, NaN, NaN, NaN, NaN, NaN, NaN, NaN, NaN, NaN, NaN, NaN, NaN, NaN, NaN, NaN, NaN, NaN, NaN, NaN, NaN, NaN,
12/2014,640.1290,640.1290,988.0793,988.0793,44.7041,44.7041,5425.6836,5425.6836,640.1290,640.1290,692.2639,692.2639,37.2744,37.2744,5425.6836,5425.6836,135.0173,135.0173,189.4618,189.4618,6.8954,6.8954,1335.8105,1335.8105,591.6413,591.6413,731.0203,731.0203,38.5265,38.5265,4985.8406,4985.8406,640.1290,640.1290,803.6973,803.6973,41.4398,41.4398,5425.6836,5425.6836, NaN, NaN, NaN, NaN, NaN, NaN, NaN, NaN, NaN, NaN, NaN, NaN, NaN, NaN, NaN, NaN, NaN, NaN, NaN, NaN, NaN, NaN, NaN, NaN, NaN, NaN, NaN, NaN, NaN, NaN, NaN, NaN, NaN, NaN, NaN, NaN,
01/2015,294.9264,294.9264,465.3093,465.3093,26.7074,26.7074,2837.2536,2837.2536,294.9264,294.9264,273.6798,273.6798,23.2909,23.2909,2837.2536,2837.2536,92.1197,92.1197,119.7720,119.7720,5.5929,5.5929,883.1671,883.1671,276.8861,276.8861,423.8241,423.8241,23.2708,23.2708,2638.6615,2638.6615,294.9264,294.9264,354.5949,354.5949,23.6386,23.6386,2837.2536,2837.2536, NaN, NaN, NaN, NaN, NaN, NaN, NaN, NaN, NaN, NaN, NaN, NaN, NaN, NaN, NaN, NaN, NaN, NaN, NaN, NaN, NaN, NaN, NaN, NaN, NaN, NaN, NaN, NaN, NaN, NaN, NaN, NaN, NaN, NaN, NaN, NaN,
02/2015,669.1680,669.1680,832.1213,832.1213,138.4756,138.4756,6191.1799,6191.1799,669.1680,669.1680,421.1255,421.1255,37.3009,37.3009,6191.1799,6191.1799,242.5594,242.5594,243.7635,243.7635,49.5850,49.5850,2244.5446,2244.5446,1050.2698,1050.2698,1269.4387,1269.4387,245.3534,245.3534,9675.7708,9675.7708,669.1680,669.1680,555.9701,555.9701,44.3686,44.3686,6191.1799,6191.1799, NaN, NaN, NaN, NaN, NaN, NaN, NaN, NaN, NaN, NaN, NaN, NaN, NaN, NaN, NaN, NaN, NaN, NaN, NaN, NaN, NaN, NaN, NaN, NaN, NaN, NaN, NaN, NaN, NaN, NaN, NaN, NaN, NaN, NaN, NaN, NaN,
03/2015,693.6624,693.6624,884.1834,884.1834,119.0261,119.0261,6081.4502,6081.4502,693.6624,693.6624,462.5427,462.5427,42.8389,42.8389,6081.4502,6081.4502,364.9968,364.9968,345.9990,345.9990,63.5595,63.5595,3192.7859,3192.7859,518.8493,518.8493,687.5372,687.5372,71.3111,71.3111,4501.1556,4501.1556,693.6624,693.6624,599.9935,599.9935,50.8033,50.8033,6081.4502,6081.4502, NaN, NaN, NaN, NaN, NaN, NaN, NaN, NaN, NaN, NaN, NaN, NaN, NaN, NaN, NaN, NaN, NaN, NaN, NaN, NaN, NaN, NaN, NaN, NaN, NaN, NaN, NaN, NaN, NaN, NaN, NaN, NaN, NaN, NaN, NaN, NaN,
04/2015,933.4310,933.4310,1209.3856,1209.3856,218.7052,218.7052,7811.6689,7811.6689,933.4310,933.4310,584.0966,584.0966,53.1070,53.1070,7811.6689,7811.6689,388.9555,388.9555,425.1626,425.1626,83.6259,83.6259,3253.4658,3253.4658,799.7443,799.7443,997.9787,997.9787,151.1857,151.1857,6615.6706,6615.6706,933.4310,933.4310,779.8700,779.8700,69.4606,69.4606,7811.6689,7811.6689, NaN, NaN, NaN, NaN, NaN, NaN,0.3446,0.0905,6.3037,1.3854,2.8166,0.2030,0.0325,6.3041,1.3721,2.8164,0.3612,0.0879,6.4024,1.2481,2.9944,0.2573,0.0412,6.3043,1.3841,2.8166, NaN, NaN, NaN, NaN, NaN, NaN, NaN, NaN, NaN, NaN,
05/2015,1371.9370,1371.9370,1797.3293,1797.3293,265.5183,265.5183,10884.3210,10884.3210,1371.9370,1371.9370,932.0333,932.0333,65.6953,65.6953,10884.3210,10884.3210,699.1315,699.1315,743.0452,743.0452,148.5363,148.5363,5528.1777,5528.1777,3393.5760,3393.5760,3845.0793,3845.0793,361.9988,361.9988,27244.2463,27244.2463,1371.9370,1371.9370,1154.6133,1154.6133,90.2728,90.2728,10884.3210,10884.3210, NaN, NaN, NaN, NaN, NaN, NaN,0.4407,0.0745,6.7884,1.2236,2.9410,0.2610,0.0393,6.7893,1.1582,2.9409,0.4299,0.0596,6.9856,1.0273,3.1431,0.3288,0.0488,6.7892,1.2170,2.9403, NaN, NaN, NaN, NaN, NaN, NaN, NaN, NaN, NaN, NaN,
06/2015,2199.4848,2199.4848,2783.7961,2783.7961,308.6165,308.6165,17344.2533,17344.2533,2199.4848,2199.4848,1879.6480,1879.6480,85.9779,85.9779,17344.2533,17344.2533,839.9376,839.9376,855.2606,855.2606,170.4525,170.4525,6342.0621,6342.0621,3577.1674,3577.1674,3650.7941,3650.7941,327.7031,327.7031,29182.7157,29182.7157,2199.4848,2199.4848,2144.3814,2144.3814,117.2447,117.2447,17344.2533,17344.2533, NaN, NaN, NaN, NaN, NaN, NaN,0.6442,0.0608,6.9673,6.2109,4.0450,0.5120,0.0315,6.9679,6.2083,4.0449,0.4278,0.0669,6.9926,4.6198,3.3058,0.5479,0.0401,6.9664,6.2102,4.0444, NaN, NaN, NaN, NaN, NaN, NaN, NaN, NaN, NaN, NaN,
07/2015,4592.7043,4592.7043,5996.6132,5996.6132,525.5411,525.5411,34607.6104,34607.6104,4592.7043,4592.7043,4691.2602,4691.2602,158.1287,158.1287,34607.6104,34607.6104,1434.5338,1434.5338,1373.7867,1373.7867,273.6205,273.6205,9927.5479,9927.5479,8138.3962,8138.3962,9108.7237,9108.7237,656.8156,656.8156,61062.1547,61062.1547,4592.7043,4592.7043,5055.7748,5055.7748,204.2263,204.2263,34607.6104,34607.6104, NaN, NaN, NaN, NaN, NaN, NaN,1.1839,0.0979,7.9552,35.6228,6.9595,1.0915,0.0627,7.9553,35.6186,6.9599,0.5524,0.1103,7.2234,25.2182,4.7269,1.1145,0.0685,7.9559,35.6208,6.9601, NaN, NaN, NaN, NaN, NaN, NaN, NaN, NaN, NaN, NaN,
08/2015,34344.4579,34344.4579,61189.2379,61189.2379,1727.8892,1727.8892,289463.7082,289463.7082,34344.4579,34344.4579,59754.7339,59754.7339,1389.7250,1389.7250,289463.7082,289463.7082,4452.9437,4452.9437,4306.2467,4306.2467,333.5929,333.5929,36463.5789,36463.5789,45774.6854,45774.6854,85538.8345,85538.8345,2652.2226,2652.2226,384979.2461,384979.2461,34344.4579,34344.4579,60143.3246,60143.3246,1441.4891,1441.4891,289463.7082,289463.7082, NaN, NaN, NaN, NaN, NaN, NaN,1.8785,0.0509,8.4735,10.8473,11.8514,1.8676,0.0475,8.4738,10.8472,11.8518,0.6497,0.0405,8.1899,8.2746,10.0415,1.8702,0.0482,8.4735,10.8474,11.8514, NaN, NaN, NaN, NaN, NaN, NaN, NaN, NaN, NaN, NaN,
09/2015,8904.4963,8904.4963,12754.8923,12754.8923,529.1581,529.1581,65182.5838,65182.5838,8904.4963,8904.4963,11771.8123,11771.8123,317.7911,317.7911,65182.5838,65182.5838,1340.6774,1340.6774,1233.8853,1233.8853,153.9140,153.9140,9549.0916,9549.0916,6888.9139,6888.9139,6882.3356,6882.3356,322.1816,322.1816,51522.7476,51522.7476,8904.4963,8904.4963,12060.8628,12060.8628,354.1863,354.1863,65182.5838,65182.5838, NaN, NaN, NaN, NaN, NaN, NaN,1.5700,0.0760,7.8224,24.0847,11.5966,1.5377,0.0632,7.8225,24.0841,11.5969,0.6315,0.0630,7.2583,17.5051,9.5445, NaN, NaN, NaN, NaN, NaN, NaN, NaN, NaN, NaN, NaN, NaN, NaN, NaN, NaN, NaN,
10/2015,1788.7997,1788.7997,2472.4018,2472.4018,134.2972,134.2972,8583.2327,8583.2327,1788.7997,1788.7997,2001.0124,2001.0124,68.5503,68.5503,8583.2327,8583.2327,284.0918,284.0918,338.4634,338.4634,38.1454,38.1454,929.3952,929.3952,820.9814,820.9814,1026.9632,1026.9632,95.2407,95.2407,3148.0723,3148.0723,1788.7997,1788.7997,2164.9485,2164.9485,81.9691,81.9691,8583.2327,8583.2327, NaN, NaN, NaN, NaN, NaN, NaN,1.3965,0.0491,6.2123,9.1466,8.1833,1.3451,0.0404,6.2130,9.1442,8.1838,0.6760,0.0652,6.2686,8.7432,5.5394, NaN, NaN, NaN, NaN, NaN, NaN, NaN, NaN, NaN, NaN, NaN, NaN, NaN, NaN, NaN,
11/2015,839.2118,839.2118,1198.1662,1198.1662,81.7176,81.7176,2777.5726,2777.5726,839.2118,839.2118,850.0032,850.0032,41.0634,41.0634,2777.5726,2777.5726,178.7789,178.7789,225.8989,225.8989,21.3632,21.3632,471.1848,471.1848,785.9117,785.9117,886.1863,886.1863,71.9786,71.9786,2591.8716,2591.8716,839.2118,839.2118,976.4546,976.4546,47.3673,47.3673,2777.5726,2777.5726, NaN, NaN, NaN, NaN, NaN, NaN,1.2545,0.0701,4.8313,10.0263,5.4605,1.1497,0.0475,4.8322,10.0114,5.4613,0.6747,0.0801,5.3510,10.6426,4.2215, NaN, NaN, NaN, NaN, NaN, NaN, NaN, NaN, NaN, NaN, NaN, NaN, NaN, NaN, NaN,
12/2015,504.4032,504.4032,674.4734,674.4734,81.0357,81.0357,1476.9163,1476.9163,504.4032,504.4032,383.6605,383.6605,31.0517,31.0517,1476.9163,1476.9163,329.2099,329.2099,313.0350,313.0350,43.3983,43.3983,1146.5726,1146.5726,2274.8515,2274.8515,3328.6080,3328.6080,151.5479,151.5479,9982.1283,9982.1283,504.4032,504.4032,492.4993,492.4993,34.2469,34.2469,1476.9163,1476.9163, NaN, NaN, NaN, NaN, NaN, NaN,1.1443,0.0875,5.5601,7.6917,4.8191,1.0156,0.0495,5.5604,7.6746,4.8192,0.6960,0.0643,5.9886,8.9719,6.6166, NaN, NaN, NaN, NaN, NaN, NaN, NaN, NaN, NaN, NaN, NaN, NaN, NaN, NaN, NaN,
01/2016,780.1402,780.1402,1128.0022,1128.0022,128.2168,128.2168,2995.5460,2995.5460,780.1402,780.1402,788.9115,788.9115,37.5110,37.5110,2995.5460,2995.5460,1318.4208,1318.4208,1356.2211,1356.2211,116.9822,116.9822,6906.9915,6906.9915,5671.5984,5671.5984,7984.6292,7984.6292,288.6132,288.6132,32743.7961,32743.7961,780.1402,780.1402,905.1181,905.1181,42.8389,42.8389,2995.5460,2995.5460, NaN, NaN, NaN, NaN, NaN, NaN,1.3086,0.0774,5.9653,11.6220,6.7328,1.1631,0.0622,5.9668,11.6105,6.7330,1.0630,0.0718,6.1552,11.2697,7.6774, NaN, NaN, NaN, NaN, NaN, NaN, NaN, NaN, NaN, NaN, NaN, NaN, NaN, NaN, NaN,
02/2016,1621.7107,1621.7107,6546.4473,6546.4473,404.4102,404.4102,9627.9055,9627.9055,1621.7107,1621.7107,6391.6126,6391.6126,401.1711,401.1711,9627.9055,9627.9055,105.4426,105.4426,121.3635,121.3635,3.7475,3.7475,450.8599,450.8599,685.6877,685.6877,762.8513,762.8513,30.1761,30.1761,3539.5157,3539.5157,1621.7107,1621.7107,6458.9042,6458.9042,401.4023,401.4023,9627.9055,9627.9055, NaN, NaN, NaN, NaN, NaN, NaN,3.5605,0.2305,5.5014,27.0530,12.6807,3.5353,0.2268,5.5013,27.0527,12.6802,0.7014,0.0451,6.0768,11.1064,10.1873, NaN, NaN, NaN, NaN, NaN, NaN, NaN, NaN, NaN, NaN, NaN, NaN, NaN, NaN, NaN,
03/2016,5340.9629,5340.9629,26105.2637,26105.2637,1164.6879,1164.6879,30307.7863,30307.7863,5340.9629,5340.9629,25410.5504,25410.5504,957.1586,957.1586,30307.7863,30307.7863,1188.6048,1188.6048,979.0516,979.0516,171.4617,171.4617,5675.5582,5675.5582,2262.6432,2262.6432,2168.6705,2168.6705,159.4316,159.4316,12428.5460,12428.5460,5340.9629,5340.9629,25579.6563,25579.6563,973.0029,973.0029,30307.7863,30307.7863, NaN, NaN, NaN, NaN, NaN, NaN,2.9995,0.2316,6.5021,43.2109,10.3610,2.8788,0.2296,6.5023,43.2073,10.3573, NaN, NaN, NaN, NaN, NaN, NaN, NaN, NaN, NaN, NaN, NaN, NaN, NaN, NaN, NaN, NaN, NaN, NaN, NaN, NaN,
04/2016,8526.9715,8526.9715,25566.5997,25566.5997,990.7801,990.7801,50626.5123,50626.5123,8526.9715,8526.9715,24836.6616,24836.6616,791.8090,791.8090,50626.5123,50626.5123,1433.8080,1433.8080,1157.9053,1157.9053,110.2957,110.2957,7691.8202,7691.8202,3900.2602,3900.2602,3345.7082,3345.7082,210.0330,210.0330,22092.4761,22092.4761,8526.9715,8526.9715,25048.7243,25048.7243,814.4731,814.4731,50626.5123,50626.5123, NaN, NaN, NaN, NaN, NaN, NaN,5.2870,0.1937,6.1355,14.6763,9.4184,5.2789,0.1932,6.1357,14.6763,9.4188, NaN, NaN, NaN, NaN, NaN, NaN, NaN, NaN, NaN, NaN, NaN, NaN, NaN, NaN, NaN, NaN, NaN, NaN, NaN, NaN,
05/2016,15761.2608,15761.2608,30231.7229,30231.7229,970.1923,970.1923,110808.3299,110808.3299,15761.2608,15761.2608,29117.0880,29117.0880,656.8240,656.8240,110808.3299,110808.3299,1828.8029,1828.8029,1679.6949,1679.6949,240.6153,240.6153,11456.0569,11456.0569,12838.8845,12838.8845,16063.5485,16063.5485,782.3471,782.3471,90533.4636,90533.4636,15761.2608,15761.2608,29421.9445,29421.9445,694.1580,694.1580,110808.3299,110808.3299, NaN, NaN, NaN, NaN, NaN, NaN, NaN, NaN, NaN, NaN, NaN, NaN, NaN, NaN, NaN, NaN, NaN, NaN, NaN, NaN, NaN, NaN, NaN, NaN, NaN, NaN, NaN, NaN, NaN, NaN, NaN, NaN, NaN, NaN, NaN, NaN,
06/2016,20006.7494,20006.7494,30912.4982,30912.4982,852.0365,852.0365,168218.5047,168218.5047,20006.7494,20006.7494,29720.1635,29720.1635,548.8018,548.8018,168218.5047,168218.5047,1976.5469,1976.5469,1723.0846,1723.0846,233.8371,233.8371,15390.2022,15390.2022,20902.9421,20902.9421,24750.4935,24750.4935,859.0720,859.0720,176945.4154,176945.4154,20006.7494,20006.7494,30035.8830,30035.8830,591.5937,591.5937,168218.5047,168218.5047, NaN, NaN, NaN, NaN, NaN, NaN, NaN, NaN, NaN, NaN, NaN, NaN, NaN, NaN, NaN, NaN, NaN, NaN, NaN, NaN, NaN, NaN, NaN, NaN, NaN, NaN, NaN, NaN, NaN, NaN, NaN, NaN, NaN, NaN, NaN, NaN,
07/2016,70607.6179,70607.6179,157103.6452,157103.6452,6931.3946,6931.3946,672885.6167,672885.6167,70607.6179,70607.6179,145439.4416,145439.4416,3257.7539,3257.7539,672885.6167,672885.6167,5150.4941,5150.4941,4728.9816,4728.9816,396.8735,396.8735,47484.4599,47484.4599,97617.4330,97617.4330,233916.9187,233916.9187,9189.1357,9189.1357,934795.0938,934795.0938,70607.6179,70607.6179,146646.5461,146646.5461,3425.4401,3425.4401,672885.6167,672885.6167, NaN, NaN, NaN, NaN, NaN, NaN, NaN, NaN, NaN, NaN, NaN, NaN, NaN, NaN, NaN, NaN, NaN, NaN, NaN, NaN, NaN, NaN, NaN, NaN, NaN, NaN, NaN, NaN, NaN, NaN, NaN, NaN, NaN, NaN, NaN, NaN,
08/2016,71850.7066,71850.7066,128307.0402,128307.0402,9718.1644,9718.1644,650039.6798,650039.6798,71850.7066,71850.7066,104763.1767,104763.1767,2102.8762,2102.8762,650039.6798,650039.6798,8818.7530,8818.7530,8216.5575,8216.5575,569.5142,569.5142,78798.8015,78798.8015,51419.1197,51419.1197,80134.4997,80134.4997,5967.5040,5967.5040,462900.3620,462900.3620,71850.7066,71850.7066,106988.5030,106988.5030,2410.9991,2410.9991,650039.6798,650039.6798, NaN, NaN, NaN, NaN, NaN, NaN, NaN, NaN, NaN, NaN, NaN, NaN, NaN, NaN, NaN, NaN, NaN, NaN, NaN, NaN, NaN, NaN, NaN, NaN, NaN, NaN, NaN, NaN, NaN, NaN, NaN, NaN, NaN, NaN, NaN, NaN,
09/2016,37644.2208,37644.2208,54544.9210,54544.9210,2548.3890,2548.3890,345943.4656,345943.4656,37644.2208,37644.2208,48859.1163,48859.1163,818.8893,818.8893,345943.4656,345943.4656,6178.5850,6178.5850,5391.5875,5391.5875,274.9428,274.9428,56450.0119,56450.0119,22877.8992,22877.8992,28035.9967,28035.9967,1387.4152,1387.4152,210658.4178,210658.4178,37644.2208,37644.2208,49717.9469,49717.9469,930.8098,930.8098,345943.4656,345943.4656, NaN, NaN, NaN, NaN, NaN, NaN, NaN, NaN, NaN, NaN, NaN, NaN, NaN, NaN, NaN, NaN, NaN, NaN, NaN, NaN, NaN, NaN, NaN, NaN, NaN, NaN, NaN, NaN, NaN, NaN, NaN, NaN, NaN, NaN, NaN, NaN,
10/2016,13178.8253,13178.8253,15990.2827,15990.2827,1103.4005,1103.4005,101090.2740,101090.2740,13178.8253,13178.8253,13436.9011,13436.9011,388.2367,388.2367,101090.2740,101090.2740,1731.8621,1731.8621,1457.7907,1457.7907,109.2708,109.2708,13276.0341,13276.0341,6615.2506,6615.2506,6611.5868,6611.5868,295.0694,295.0694,51451.5564,51451.5564,13178.8253,13178.8253,13881.9604,13881.9604,445.8651,445.8651,101090.2740,101090.2740, NaN, NaN, NaN, NaN, NaN, NaN, NaN, NaN, NaN, NaN, NaN, NaN, NaN, NaN, NaN, NaN, NaN, NaN, NaN, NaN, NaN, NaN, NaN, NaN, NaN, NaN, NaN, NaN, NaN, NaN, NaN, NaN, NaN, NaN, NaN, NaN,
11/2016,2028.8275,2028.8275,2904.5036,2904.5036,124.0698,124.0698,10227.4975,10227.4975,2028.8275,2028.8275,2455.8075,2455.8075,76.1835,76.1835,10227.4975,10227.4975,290.8310,290.8310,316.8692,316.8692,24.6317,24.6317,1232.5781,1232.5781,904.8326,904.8326,1034.3265,1034.3265,80.3686,80.3686,4103.9868,4103.9868,2028.8275,2028.8275,2611.5155,2611.5155,89.2680,89.2680,10227.4975,10227.4975, NaN, NaN, NaN, NaN, NaN, NaN, NaN, NaN, NaN, NaN, NaN, NaN, NaN, NaN, NaN, NaN, NaN, NaN, NaN, NaN, NaN, NaN, NaN, NaN, NaN, NaN, NaN, NaN, NaN, NaN, NaN, NaN, NaN, NaN, NaN, NaN,
12/2016,747.1440,747.1440,1085.9403,1085.9403,92.6152,92.6152,2440.1017,2440.1017,747.1440,747.1440,729.6692,729.6692,45.6690,45.6690,2440.1017,2440.1017,361.0915,361.0915,364.8349,364.8349,40.8467,40.8467,1152.0527,1152.0527,988.8912,988.8912,1091.8314,1091.8314,92.0665,92.0665,3169.7038,3169.7038,747.1440,747.1440,856.2770,856.2770,50.5465,50.5465,2440.1017,2440.1017, NaN, NaN, NaN, NaN, NaN, NaN, NaN, NaN, NaN, NaN, NaN, NaN, NaN, NaN, NaN, NaN, NaN, NaN, NaN, NaN, NaN, NaN, NaN, NaN, NaN, NaN, NaN, NaN, NaN, NaN, NaN, NaN, NaN, NaN, NaN, NaN,
01/2017,961.5283,961.5283,1172.5612,1172.5612,218.1337,218.1337,2243.3870,2243.3870,961.5283,961.5283,544.4292,544.4292,44.0694,44.0694,2243.3870,2243.3870,2943.0778,2943.0778,5883.4887,5883.4887,331.9109,331.9109,15229.4070,15229.4070,1266.5894,1266.5894,1412.6179,1412.6179,217.8671,217.8671,4229.2798,4229.2798,961.5283,961.5283,727.2616,727.2616,55.8840,55.8840,2243.3870,2243.3870, NaN, NaN, NaN, NaN, NaN, NaN, NaN, NaN, NaN, NaN, NaN, NaN, NaN, NaN, NaN, NaN, NaN, NaN, NaN, NaN, NaN, NaN, NaN, NaN, NaN, NaN, NaN, NaN, NaN, NaN, NaN, NaN, NaN, NaN, NaN, NaN,
02/2017,249271.2317,249271.2317,929951.6113,929951.6113,44431.6440,44431.6440,1723075.7641,1723075.7641,249271.2317,249271.2317,928685.4047,928685.4047,44137.4984,44137.4984,1723075.7641,1723075.7641,24589.3277,24589.3277,57884.9821,57884.9821,1932.4459,1932.4459,161807.1792,161807.1792,573035.1869,573035.1869,2815360.9608,2815360.9608,113121.7698,113121.7698,3944822.7681,3944822.7681,249271.2317,249271.2317,928986.4038,928986.4038,44173.1893,44173.1893,1723075.7641,1723075.7641, NaN, NaN, NaN, NaN, NaN, NaN, NaN, NaN, NaN, NaN, NaN, NaN, NaN, NaN, NaN, NaN, NaN, NaN, NaN, NaN, NaN, NaN, NaN, NaN, NaN, NaN, NaN, NaN, NaN, NaN, NaN, NaN, NaN, NaN, NaN, NaN,
03/2017,30816.6768,30816.6768,101577.9460,101577.9460,3387.4956,3387.4956,208494.2232,208494.2232,30816.6768,30816.6768,101097.4253,101097.4253,3309.8085,3309.8085,208494.2232,208494.2232,1724.9933,1724.9933,1574.6181,1574.6181,83.9349,83.9349,10136.2892,10136.2892,16352.6861,16352.6861,34435.0695,34435.0695,1086.2581,1086.2581,111767.5801,111767.5801,30816.6768,30816.6768,101253.8893,101253.8893,3321.9426,3321.9426,208494.2232,208494.2232, NaN, NaN, NaN, NaN, NaN, NaN, NaN, NaN, NaN, NaN, NaN, NaN, NaN, NaN, NaN, NaN, NaN, NaN, NaN, NaN, NaN, NaN, NaN, NaN, NaN, NaN, NaN, NaN, NaN, NaN, NaN, NaN, NaN, NaN, NaN, NaN,
04/2017,2535.6413,2535.6413,5551.9261,5551.9261,122.1723,122.1723,14720.9378,14720.9378,2535.6413,2535.6413,5208.3545,5208.3545,113.9264,113.9264,14720.9378,14720.9378,259.9862,259.9862,296.3619,296.3619,9.2975,9.2975,1253.0474,1253.0474,779.3712,779.3712,979.7024,979.7024,53.7436,53.7436,3761.9237,3761.9237,2535.6413,2535.6413,5326.1336,5326.1336,121.0680,121.0680,14720.9378,14720.9378, NaN, NaN, NaN, NaN, NaN, NaN, NaN, NaN, NaN, NaN, NaN, NaN, NaN, NaN, NaN, NaN, NaN, NaN, NaN, NaN, NaN, NaN, NaN, NaN, NaN, NaN,2.3234,0.0535,6.1051,5.0461,8.8701,0.5608,0.0378,6.2288,4.8956,7.2965,
05/2017,3519.4954,3519.4954,5627.4271,5627.4271,319.7418,319.7418,22150.5213,22150.5213,3519.4954,3519.4954,4840.3816,4840.3816,120.7676,120.7676,22150.5213,22150.5213,720.1786,720.1786,724.7883,724.7883,146.8251,146.8251,3776.3053,3776.3053,3004.9661,3004.9661,3142.0266,3142.0266,357.8287,357.8287,18538.5905,18538.5905,3519.4954,3519.4954,5079.6406,5079.6406,147.7910,147.7910,22150.5213,22150.5213, NaN, NaN, NaN, NaN, NaN, NaN, NaN, NaN, NaN, NaN, NaN, NaN, NaN, NaN, NaN, NaN, NaN, NaN, NaN, NaN, NaN, NaN, NaN, NaN, NaN, NaN,2.0036,0.0517,6.1181,4.9019,9.5795,0.6226,0.0597,6.0563,4.7572,7.0571,
06/2017,4006.5494,4006.5494,5462.4956,5462.4956,241.9952,241.9952,32309.8136,32309.8136,4006.5494,4006.5494,4722.0765,4722.0765,104.2419,104.2419,32309.8136,32309.8136,695.4077,695.4077,713.7758,713.7758,105.9676,105.9676,4719.3931,4719.3931,3266.3088,3266.3088,3272.5234,3272.5234,240.8893,240.8893,25704.6317,25704.6317,4006.5494,4006.5494,4942.9257,4942.9257,129.2260,129.2260,32309.8136,32309.8136, NaN, NaN, NaN, NaN, NaN, NaN, NaN, NaN, NaN, NaN, NaN, NaN, NaN, NaN, NaN, NaN, NaN, NaN, NaN, NaN, NaN, NaN, NaN, NaN, NaN, NaN,1.6270,0.0420,7.2725,4.4995,9.4842,0.5423,0.0343,7.1662,2.8393,8.9739,
07/2017,20255.5555,20255.5555,25669.2874,25669.2874,1093.1869,1093.1869,165802.4873,165802.4873,20255.5555,20255.5555,23722.7860,23722.7860,486.9903,486.9903,165802.4873,165802.4873,2559.6173,2559.6173,2204.1977,2204.1977,423.9693,423.9693,18553.0194,18553.0194,29554.8134,29554.8134,38218.4302,38218.4302,2467.9495,2467.9495,242134.9258,242134.9258,20255.5555,20255.5555,24307.4403,24307.4403,554.4647,554.4647,165802.4873,165802.4873, NaN, NaN, NaN, NaN, NaN, NaN, NaN, NaN, NaN, NaN, NaN, NaN, NaN, NaN, NaN, NaN, NaN, NaN, NaN, NaN, NaN, NaN, NaN, NaN, NaN, NaN,1.2519,0.0466,8.0144,3.2929,8.1747,0.9031,0.0385,8.2462,1.7714,8.6068,
08/2017,115284.8333,115284.8333,234260.2633,234260.2633,13411.4837,13411.4837,1030895.4665,1030895.4665,115284.8333,115284.8333,207566.6678,207566.6678,5281.0344,5281.0344,1030895.4665,1030895.4665,13931.1533,13931.1533,15407.3014,15407.3014,786.7135,786.7135,123291.0372,123291.0372,77534.6861,77534.6861,153838.5440,153838.5440,12857.4114,12857.4114,685908.5985,685908.5985,115284.8333,115284.8333,209950.6997,209950.6997,5590.1010,5590.1010,1030895.4665,1030895.4665, NaN, NaN, NaN, NaN, NaN, NaN, NaN, NaN, NaN, NaN, NaN, NaN, NaN, NaN, NaN, NaN, NaN, NaN, NaN, NaN, NaN, NaN, NaN, NaN, NaN, NaN,1.7965,0.0924,8.7635,4.5983,3.8292,1.7253,0.1134,8.7383,4.5909,3.7577,
09/2017,32441.0573,32441.0573,47430.6997,47430.6997,1533.5979,1533.5979,265311.5814,265311.5814,32441.0573,32441.0573,44043.6274,44043.6274,529.3009,529.3009,265311.5814,265311.5814,4320.6394,4320.6394,3726.7979,3726.7979,324.2303,324.2303,32459.2573,32459.2573,14423.1235,14423.1235,15555.5533,15555.5533,719.8612,719.8612,116497.7726,116497.7726,32441.0573,32441.0573,44701.4252,44701.4252,605.7617,605.7617,265311.5814,265311.5814, NaN, NaN, NaN, NaN, NaN, NaN, NaN, NaN, NaN, NaN, NaN, NaN, NaN, NaN, NaN, NaN, NaN, NaN, NaN, NaN, NaN, NaN, NaN, NaN, NaN, NaN,1.5595,0.0277,8.8588,1.0699,5.6222,0.8304,0.0375,8.7741,1.1055,5.5162,
10/2017,12429.5386,12429.5386,15260.3984,15260.3984,417.5284,417.5284,87897.7644,87897.7644,12429.5386,12429.5386,14278.0835,14278.0835,237.2215,237.2215,87897.7644,87897.7644,1050.2352,1050.2352,940.8549,940.8549,85.8272,85.8272,6755.8735,6755.8735,4275.7373,4275.7373,4198.8040,4198.8040,234.9287,234.9287,29380.1400,29380.1400,12429.5386,12429.5386,14584.8461,14584.8461,275.8058,275.8058,87897.7644,87897.7644, NaN, NaN, NaN, NaN, NaN, NaN, NaN, NaN, NaN, NaN, NaN, NaN, NaN, NaN, NaN, NaN, NaN, NaN, NaN, NaN, NaN, NaN, NaN, NaN, NaN, NaN,1.2278,0.0238,7.7984,0.6833,5.9309, NaN, NaN, NaN, NaN, NaN,
11/2017,2242.4947,2242.4947,3034.2934,3034.2934,87.2563,87.2563,13240.3562,13240.3562,2242.4947,2242.4947,2644.6799,2644.6799,67.4442,67.4442,13240.3562,13240.3562,218.6438,218.6438,265.3029,265.3029,12.5946,12.5946,1111.6867,1111.6867,840.2659,840.2659,1041.0133,1041.0133,62.9512,62.9512,4558.5570,4558.5570,2242.4947,2242.4947,2782.5271,2782.5271,77.9222,77.9222,13240.3562,13240.3562, NaN, NaN, NaN, NaN, NaN, NaN, NaN, NaN, NaN, NaN, NaN, NaN, NaN, NaN, NaN, NaN, NaN, NaN, NaN, NaN, NaN, NaN, NaN, NaN, NaN, NaN,1.2387,0.0314,6.4519,4.0920,6.3046, NaN, NaN, NaN, NaN, NaN,
12/2017,1194.5923,1194.5923,1683.0628,1683.0628,161.7544,161.7544,6046.7399,6046.7399,1194.5923,1194.5923,1173.7286,1173.7286,53.7911,53.7911,6046.7399,6046.7399,413.3894,413.3894,422.6304,422.6304,86.2426,86.2426,2176.5843,2176.5843,994.4899,994.4899,1210.4160,1210.4160,175.9884,175.9884,5154.3329,5154.3329,1194.5923,1194.5923,1342.5936,1342.5936,65.4786,65.4786,6046.7399,6046.7399, NaN, NaN, NaN, NaN, NaN, NaN, NaN, NaN, NaN, NaN, NaN, NaN, NaN, NaN, NaN, NaN, NaN, NaN, NaN, NaN, NaN, NaN, NaN, NaN, NaN, NaN,1.2549,0.0527,5.7881,3.2813,6.1148, NaN, NaN, NaN, NaN, NaN,
01/2018,8763.3101,8763.3101,20897.6536,20897.6536,669.4799,669.4799,37025.0124,37025.0124,8763.3101,8763.3101,19792.7743,19792.7743,428.2601,428.2601,37025.0124,37025.0124,2902.5043,2902.5043,3493.3708,3493.3708,294.6417,294.6417,13163.1606,13163.1606,19893.7814,19893.7814,50290.8656,50290.8656,1811.7775,1811.7775,81841.4699,81841.4699,8763.3101,8763.3101,20075.0323,20075.0323,449.2134,449.2134,37025.0124,37025.0124, NaN, NaN, NaN, NaN, NaN, NaN, NaN, NaN, NaN, NaN, NaN, NaN, NaN, NaN, NaN, NaN, NaN, NaN, NaN, NaN, NaN, NaN, NaN, NaN, NaN, NaN,1.2461,0.0663,5.8817,3.6175,5.8075, NaN, NaN, NaN, NaN, NaN,
02/2018,1411.8710,1411.8710,3195.2058,3195.2058,57.4462,57.4462,6719.1389,6719.1389,1411.8710,1411.8710,2961.2171,2961.2171,54.2131,54.2131,6719.1389,6719.1389,157.1702,157.1702,199.6724,199.6724,6.4754,6.4754,884.4078,884.4078,679.6397,679.6397,806.6535,806.6535,38.8215,38.8215,3338.0071,3338.0071,1411.8710,1411.8710,3051.3475,3051.3475,55.0836,55.0836,6719.1389,6719.1389, NaN, NaN, NaN, NaN, NaN, NaN, NaN, NaN, NaN, NaN, NaN, NaN, NaN, NaN, NaN, NaN, NaN, NaN, NaN, NaN, NaN, NaN, NaN, NaN, NaN, NaN,2.9008,0.1321,6.1453,81.6972,8.3490, NaN, NaN, NaN, NaN, NaN,
03/2018,1159.1165,1159.1165,2732.3360,2732.3360,53.7947,53.7947,6643.5920,6643.5920,1159.1165,1159.1165,2477.2699,2477.2699,49.1529,49.1529,6643.5920,6643.5920,124.5197,124.5197,177.1658,177.1658,7.8620,7.8620,784.6113,784.6113,395.0726,395.0726,616.2458,616.2458,35.5288,35.5288,2446.8909,2446.8909,1159.1165,1159.1165,2575.3918,2575.3918,50.0375,50.0375,6643.5920,6643.5920, NaN, NaN, NaN, NaN, NaN, NaN, NaN, NaN, NaN, NaN, NaN, NaN, NaN, NaN, NaN, NaN, NaN, NaN, NaN, NaN, NaN, NaN, NaN, NaN, NaN, NaN,2.7197,0.0547,6.5348,19.9664,5.6848, NaN, NaN, NaN, NaN, NaN,
04/2018,705.8362,705.8362,1060.7204,1060.7204,100.3811,100.3811,4712.6964,4712.6964,705.8362,705.8362,671.4371,671.4371,42.9739,42.9739,4712.6964,4712.6964,231.2410,231.2410,293.5821,293.5821,33.3341,33.3341,1541.2021,1541.2021,526.5043,526.5043,784.5128,784.5128,78.0000,78.0000,3510.7110,3510.7110,705.8362,705.8362,804.1521,804.1521,50.5146,50.5146,4712.6964,4712.6964, NaN, NaN, NaN, NaN, NaN, NaN, NaN, NaN, NaN, NaN, NaN, NaN, NaN, NaN, NaN, NaN, NaN, NaN, NaN, NaN, NaN, NaN, NaN, NaN, NaN, NaN,2.1552,0.0873,6.7214,35.5651,3.7020, NaN, NaN, NaN, NaN, NaN,
