Date,BC BASE Flow Local (ML),BC BASE Flow Local + Upstream (ML),BC BASE TN Local (KG),BC BASE TN Local + Upstream (KG),BC BASE TP Local (KG),BC BASE TP Local + Upstream (KG),BC BASE OXY Local (KG),BC BASE OXY Local + Upstream (KG),BC Capped Flow Local (ML),BC Capped Flow Local + Upstream (ML),BC Capped TN Local (KG),BC Capped TN Local + Upstream (KG),BC Capped TP Local (KG),BC Capped TP Local + Upstream (KG),BC Capped OXY Local (KG),BC Capped OXY Local + Upstream (KG),BC Dry Flow Local (ML),BC Dry Flow Local + Upstream (ML),BC Dry TN Local (KG),BC Dry TN Local + Upstream (KG),BC Dry TP Local (KG),BC Dry TP Local + Upstream (KG),BC Dry OXY Local (KG),BC Dry OXY Local + Upstream (KG),BC Wet Flow Local (ML),BC Wet Flow Local + Upstream (ML),BC Wet TN Local (KG),BC Wet TN Local + Upstream (KG),BC Wet TP Local (KG),BC Wet TP Local + Upstream (KG),BC Wet OXY Local (KG),BC Wet OXY Local + Upstream (KG),BC Targets Flow Local (ML),BC Targets Flow Local + Upstream (ML),BC Targets TN Local (KG),BC Targets TN Local + Upstream (KG),BC Targets TP Local (KG),BC Targets TP Local + Upstream (KG),BC Targets OXY Local (KG),BC Targets OXY Local + Upstream (KG),Field Mean TN (mg/L),Field Mean TP (mg/L),Field Mean TCHLA (ug/L),Field Mean Oxygen (mg/L),Field Mean TEMP (C),Field Mean Salinity (psu),SCERM44_2015_2016_ALL Mean TN (mg/L),SCERM44_2015_2016_ALL Mean TP (mg/L),SCERM44_2015_2016_ALL Mean Oxy (mg/L),SCERM44_2015_2016_ALL Mean TCHLA (ug/L),SCERM44_2015_2016_ALL Mean Salinity (psu),SCERM44_2015_2016_Capped_ALL Mean TN (mg/L),SCERM44_2015_2016_Capped_ALL Mean TP (mg/L,)SCERM44_2015_2016_Capped_ALL Mean Oxy (mg/L),SCERM44_2015_2016_Capped_ALL Mean TCHLA (ug/L),SCERM44_2015_2016_Capped_ALL Mean Salinity (psu),SCERM44_2015_2016_Dry_ALL Mean TN (mg/L),SCERM44_2015_2016_Dry_ALL Mean TP (mg/L),SCERM44_2015_2016_Dry_ALL Mean Oxy (mg/L),SCERM44_2015_2016_Dry_ALL Mean TCHLA (ug/L),SCERM44_2015_2016_Dry_ALL Mean Salinity (psu),SCERM44_2015_2016_Target_ALL Mean TN (mg/L),SCERM44_2015_2016_Target_ALL Mean TP (mg/L),SCERM44_2015_2016_Target_ALL Mean Oxy (mg/L),SCERM44_2015_2016_Target_ALL Mean TCHLA (ug/L),SCERM44_2015_2016_Target_ALL Mean Salinity (psu),SCERM44_2017_2018_ALL Mean TN (mg/L),SCERM44_2017_2018_ALL Mean TP (mg/L),SCERM44_2017_2018_ALL Mean Oxy (mg/L),SCERM44_2017_2018_ALL Mean TCHLA (ug/L),SCERM44_2017_2018_ALL Mean Salinity (psu),SCERM44_2017_2018_Wet_ALL Mean TN (mg/L),SCERM44_2017_2018_Wet_ALL Mean TP (mg/L),SCERM44_2017_2018_Wet_ALL Mean Oxy (mg/L),SCERM44_2017_2018_Wet_ALL Mean TCHLA (ug/L),SCERM44_2017_2018_Wet_ALL Mean Salinity (psu),
01/2008,10.9469,429.5549,10.8678,321.4461,0.9696,26.5442,93.0098,3278.6315,10.9469,429.5549,7.1992,201.7011,0.6626,15.9224,93.0098,3278.6315,5.5123,233.8330,4.8839,153.9097,0.4363,12.4941,46.8337,1825.6616,8.5709,354.2832,8.1751,256.1372,0.7300,21.1152,72.9063,2724.2488,10.9469,429.5549,10.3530,315.6507,0.9696,26.5440,93.0098,3278.6315, NaN, NaN, NaN, NaN, NaN, NaN, NaN, NaN, NaN, NaN, NaN, NaN, NaN, NaN, NaN, NaN, NaN, NaN, NaN, NaN, NaN, NaN, NaN, NaN, NaN, NaN, NaN, NaN, NaN, NaN, NaN, NaN, NaN, NaN, NaN, NaN,
02/2008,33.8342,1461.3178,60.7156,1729.2208,5.1108,134.8737,306.1277,10681.1097,33.8342,1461.3178,23.3720,763.2857,2.0656,53.5456,306.1277,10681.1097,13.7290,619.4707,20.6957,607.1156,1.7785,47.6100,123.6796,4526.4278,60.4714,2672.5939,125.7403,3654.2432,10.3851,280.3709,545.1692,19202.0484,33.8342,1461.3178,33.7557,1348.1432,3.5151,114.5836,306.1277,10681.1097, NaN, NaN, NaN, NaN, NaN, NaN, NaN, NaN, NaN, NaN, NaN, NaN, NaN, NaN, NaN, NaN, NaN, NaN, NaN, NaN, NaN, NaN, NaN, NaN, NaN, NaN, NaN, NaN, NaN, NaN, NaN, NaN, NaN, NaN, NaN, NaN,
03/2008,13.2624,608.4374,17.2212,538.2563,1.4981,43.5330,93.1803,4116.0860,13.2624,608.4374,8.9189,294.3890,0.8057,21.6186,93.1803,4116.0860,7.2230,360.0547,9.1717,296.3614,0.7993,23.5702,49.6994,2409.8431,11.3270,483.0106,12.5315,384.8141,1.1067,31.7359,82.1402,3342.2641,13.2624,608.4374,12.5983,474.7046,1.2809,40.8128,93.1803,4116.0860, NaN, NaN, NaN, NaN, NaN, NaN, NaN, NaN, NaN, NaN, NaN, NaN, NaN, NaN, NaN, NaN, NaN, NaN, NaN, NaN, NaN, NaN, NaN, NaN, NaN, NaN, NaN, NaN, NaN, NaN, NaN, NaN, NaN, NaN, NaN, NaN,
04/2008,82.9958,4765.9709,141.5347,5719.2297,12.0398,450.0088,556.3457,32739.1816,82.9958,4765.9709,57.2463,2605.1451,5.0641,179.6675,556.3457,32739.1816,29.8166,1773.8179,42.8811,1742.2131,3.7176,136.2204,198.3857,12196.7766,56.0995,3016.2413,87.3053,3282.4503,7.5056,258.2205,375.8656,20723.2161,82.9958,4765.9709,82.8249,4528.3438,8.9225,389.5169,556.3457,32739.1816, NaN, NaN, NaN, NaN, NaN, NaN, NaN, NaN, NaN, NaN, NaN, NaN, NaN, NaN, NaN, NaN, NaN, NaN, NaN, NaN, NaN, NaN, NaN, NaN, NaN, NaN, NaN, NaN, NaN, NaN, NaN, NaN, NaN, NaN, NaN, NaN,
05/2008,82.9699,4863.2227,132.3542,5512.9767,11.3530,450.6222,626.0706,33638.4607,82.9699,4863.2227,56.9487,2702.1077,5.0574,187.9912,626.0706,33638.4607,34.0330,1958.3683,48.8988,1918.4894,4.2394,148.8838,256.5556,13569.1164,88.8883,4887.1037,149.1890,5778.8565,12.7149,467.4617,669.8534,33882.4639,82.9699,4863.2227,82.3068,4645.1444,8.9575,410.2146,626.0706,33638.4607, NaN, NaN, NaN, NaN, NaN, NaN, NaN, NaN, NaN, NaN, NaN, NaN, NaN, NaN, NaN, NaN, NaN, NaN, NaN, NaN, NaN, NaN, NaN, NaN, NaN, NaN, NaN, NaN, NaN, NaN, NaN, NaN, NaN, NaN, NaN, NaN,
06/2008,219.5942,12087.6710,421.7504,19485.8510,35.3740,1372.9826,1827.2522,97420.8493,219.5942,12087.6710,153.1312,7042.1448,13.4210,459.5070,1827.2522,97420.8493,94.6253,4384.4630,162.6342,5140.3998,13.8271,402.4252,786.6881,35266.0345,217.8403,11570.6362,419.0056,18673.2061,35.1344,1331.4077,1812.6818,93362.9522,219.5942,12087.6710,221.8283,13447.9604,23.9349,1205.4822,1827.2522,97420.8493, NaN, NaN, NaN, NaN, NaN, NaN, NaN, NaN, NaN, NaN, NaN, NaN, NaN, NaN, NaN, NaN, NaN, NaN, NaN, NaN, NaN, NaN, NaN, NaN, NaN, NaN, NaN, NaN, NaN, NaN, NaN, NaN, NaN, NaN, NaN, NaN,
07/2008,354.0586,21301.1597,711.4502,41019.5855,58.9721,2508.6561,3189.4430,186777.5028,354.0586,21301.1597,247.8584,12548.6102,21.6015,740.9727,3189.4430,186777.5028,159.2093,8021.6179,278.0543,11592.0455,23.6281,866.6803,1434.5537,70617.1238,391.2883,24316.8566,807.8569,48106.4471,66.7719,2902.4360,3525.0690,213086.3695,354.0586,21301.1597,359.2584,26087.9544,38.4995,2175.8564,3189.4430,186777.5028, NaN, NaN, NaN, NaN, NaN, NaN, NaN, NaN, NaN, NaN, NaN, NaN, NaN, NaN, NaN, NaN, NaN, NaN, NaN, NaN, NaN, NaN, NaN, NaN, NaN, NaN, NaN, NaN, NaN, NaN, NaN, NaN, NaN, NaN, NaN, NaN,
08/2008,225.5731,10684.7510,401.4068,16415.3069,33.8201,1061.7456,2055.9678,95729.9203,225.5731,10684.7510,156.4763,5948.0380,13.7181,378.4918,2055.9678,95729.9203,119.5258,5134.1818,189.2733,7590.7599,16.2782,543.7598,1088.9734,46069.6961,227.6294,10737.0922,403.5132,16323.8206,34.0324,1050.9298,2074.9131,96143.3775,225.5731,10684.7510,225.9610,11304.3638,24.4713,927.7366,2055.9678,95729.9203, NaN, NaN, NaN, NaN, NaN, NaN, NaN, NaN, NaN, NaN, NaN, NaN, NaN, NaN, NaN, NaN, NaN, NaN, NaN, NaN, NaN, NaN, NaN, NaN, NaN, NaN, NaN, NaN, NaN, NaN, NaN, NaN, NaN, NaN, NaN, NaN,
09/2008,219.3696,10097.2224,397.2358,15060.3474,33.4409,1036.4353,1954.9599,87773.4716,219.3696,10097.2224,152.4257,5585.5927,13.3709,373.7071,1954.9599,87773.4716,120.4416,4875.9062,195.8891,5750.2616,16.7888,454.7863,1072.0350,42501.6651,202.7808,8592.2294,357.3897,11819.0557,30.2603,852.6513,1808.7959,74884.9503,219.3696,10097.2224,220.2647,10180.0873,23.8516,904.9844,1954.9599,87773.4716, NaN, NaN, NaN, NaN, NaN, NaN, NaN, NaN, NaN, NaN, NaN, NaN, NaN, NaN, NaN, NaN, NaN, NaN, NaN, NaN, NaN, NaN, NaN, NaN, NaN, NaN, NaN, NaN, NaN, NaN, NaN, NaN, NaN, NaN, NaN, NaN,
10/2008,142.5859,6724.5811,231.7260,7859.3520,19.8274,581.8009,1204.1981,51707.2159,142.5859,6724.5811,98.3075,3589.2074,8.6782,243.4718,1204.1981,51707.2159,72.1181,2737.8346,101.9721,2800.2821,8.8835,225.9499,609.0719,21434.0529,124.1914,5332.8067,195.1689,5902.2716,16.7947,453.0812,1049.4663,41353.5486,142.5859,6724.5811,141.6266,6099.0722,15.4935,519.8619,1204.1981,51707.2159, NaN, NaN, NaN, NaN, NaN, NaN, NaN, NaN, NaN, NaN, NaN, NaN, NaN, NaN, NaN, NaN, NaN, NaN, NaN, NaN, NaN, NaN, NaN, NaN, NaN, NaN, NaN, NaN, NaN, NaN, NaN, NaN, NaN, NaN, NaN, NaN,
11/2008,136.8922,6461.0179,231.6176,8109.3645,19.7094,593.4762,1114.0844,47652.8854,136.8922,6461.0179,94.5714,3455.8964,8.3414,237.0812,1114.0844,47652.8854,58.0954,2068.8653,81.7659,2027.6077,7.1175,164.7687,472.5874,15661.3681,117.6336,5184.6307,192.6555,5941.0273,16.4845,458.0528,957.3191,38431.3990,136.8922,6461.0179,136.5192,6033.8257,14.8886,529.2459,1114.0844,47652.8854, NaN, NaN, NaN, NaN, NaN, NaN, NaN, NaN, NaN, NaN, NaN, NaN, NaN, NaN, NaN, NaN, NaN, NaN, NaN, NaN, NaN, NaN, NaN, NaN, NaN, NaN, NaN, NaN, NaN, NaN, NaN, NaN, NaN, NaN, NaN, NaN,
12/2008,63.3398,2278.7309,87.8291,2249.1050,7.6632,182.8870,477.9963,15928.5283,63.3398,2278.7309,43.0282,1191.7653,3.8502,90.8241,477.9963,15928.5283,28.8835,966.6950,35.1161,836.7181,3.0962,69.0003,217.8478,6885.1710,58.1040,2054.1514,79.9637,2029.0216,6.9797,165.6703,438.2874,14403.7433,63.3398,2278.7309,62.0354,1941.5898,6.8656,174.7773,477.9963,15928.5283, NaN, NaN, NaN, NaN, NaN, NaN, NaN, NaN, NaN, NaN, NaN, NaN, NaN, NaN, NaN, NaN, NaN, NaN, NaN, NaN, NaN, NaN, NaN, NaN, NaN, NaN, NaN, NaN, NaN, NaN, NaN, NaN, NaN, NaN, NaN, NaN,
01/2009,16.6147,625.5274,17.5488,495.7859,1.5625,40.8494,120.4437,4165.7299,16.6147,625.5274,10.9859,302.1957,1.0062,23.4790,120.4437,4165.7299,6.8688,309.9082,6.2421,207.5466,0.5579,16.5511,49.7485,2085.7688,13.9709,547.3872,14.3242,424.9447,1.2768,34.9354,101.2853,3658.2736,16.6147,625.5274,15.9526,478.8850,1.5625,40.8359,120.4437,4165.7299, NaN, NaN, NaN, NaN, NaN, NaN, NaN, NaN, NaN, NaN, NaN, NaN, NaN, NaN, NaN, NaN, NaN, NaN, NaN, NaN, NaN, NaN, NaN, NaN, NaN, NaN, NaN, NaN, NaN, NaN, NaN, NaN, NaN, NaN, NaN, NaN,
02/2009,15.1114,681.7306,19.9245,637.7563,1.7308,49.6104,113.8701,4595.5959,15.1114,681.7306,10.1684,346.3302,0.9180,24.3322,113.8701,4595.5959,5.9270,296.6544,6.6234,226.0082,0.5824,17.5442,44.7660,2010.3722,19.1462,939.2630,30.8820,1036.3437,2.6251,77.3491,147.6024,6286.0118,15.1114,681.7306,14.6052,562.7154,1.4600,46.2126,113.8701,4595.5959, NaN, NaN, NaN, NaN, NaN, NaN, NaN, NaN, NaN, NaN, NaN, NaN, NaN, NaN, NaN, NaN, NaN, NaN, NaN, NaN, NaN, NaN, NaN, NaN, NaN, NaN, NaN, NaN, NaN, NaN, NaN, NaN, NaN, NaN, NaN, NaN,
03/2009,10.2038,460.1318,10.5903,344.5480,0.9409,28.7137,79.1939,3305.5901,10.2038,460.1318,6.7368,213.2327,0.6182,16.2307,79.1939,3305.5901,4.6138,229.1587,4.4394,146.7129,0.3945,11.9039,35.6178,1634.7582,7.8365,371.8397,7.5082,269.0320,0.6697,22.5376,61.0405,2716.9273,10.2038,460.1318,9.5285,333.5305,0.9312,28.6458,79.1939,3305.5901, NaN, NaN, NaN, NaN, NaN, NaN, NaN, NaN, NaN, NaN, NaN, NaN, NaN, NaN, NaN, NaN, NaN, NaN, NaN, NaN, NaN, NaN, NaN, NaN, NaN, NaN, NaN, NaN, NaN, NaN, NaN, NaN, NaN, NaN, NaN, NaN,
04/2009,7.6032,436.7174,7.9150,334.4551,0.7007,27.7997,54.9678,3009.1254,7.6032,436.7174,5.0213,201.3500,0.4606,14.8993,54.9678,3009.1254,2.7648,181.8547,2.4751,115.1313,0.2196,9.4429,19.9053,1266.3830,5.9702,350.7149,5.7791,254.7796,0.5137,21.3192,43.4282,2448.7554,7.6032,436.7174,6.9164,319.3300,0.6696,27.4567,54.9678,3009.1254, NaN, NaN, NaN, NaN, NaN, NaN, NaN, NaN, NaN, NaN, NaN, NaN, NaN, NaN, NaN, NaN, NaN, NaN, NaN, NaN, NaN, NaN, NaN, NaN, NaN, NaN, NaN, NaN, NaN, NaN, NaN, NaN, NaN, NaN, NaN, NaN,
05/2009,28.1491,1722.1507,43.4904,1838.9845,3.7353,144.9930,232.4161,12589.5453,28.1491,1722.1507,19.2482,884.3338,1.7149,59.1532,232.4161,12589.5453,15.6298,953.3290,22.5664,925.5913,1.9544,70.6331,129.1195,6967.7484,34.0589,2025.8986,56.1442,2296.2775,4.7892,174.9565,281.2166,14772.9294,28.1491,1722.1507,27.5332,1561.6873,2.9147,131.9493,232.4161,12589.5453, NaN, NaN, NaN, NaN, NaN, NaN, NaN, NaN, NaN, NaN, NaN, NaN, NaN, NaN, NaN, NaN, NaN, NaN, NaN, NaN, NaN, NaN, NaN, NaN, NaN, NaN, NaN, NaN, NaN, NaN, NaN, NaN, NaN, NaN, NaN, NaN,
06/2009,104.7600,6432.8170,179.2212,7484.2417,15.2710,587.9288,881.0800,49978.3479,104.7600,6432.8170,72.3656,3576.4261,6.3927,224.8525,881.0800,49978.3479,58.7693,3318.6067,91.1538,3396.0951,7.8584,261.6020,493.8145,25903.3555,107.8531,6485.4864,185.3808,7623.6963,15.7864,605.7729,907.0219,50486.9960,104.7600,6432.8170,104.6082,6259.6567,11.3046,527.1067,881.0800,49978.3479, NaN, NaN, NaN, NaN, NaN, NaN, NaN, NaN, NaN, NaN, NaN, NaN, NaN, NaN, NaN, NaN, NaN, NaN, NaN, NaN, NaN, NaN, NaN, NaN, NaN, NaN, NaN, NaN, NaN, NaN, NaN, NaN, NaN, NaN, NaN, NaN,
07/2009,217.3565,14356.5610,405.8891,23641.1285,34.1788,1588.2133,1858.4753,124403.7893,217.3565,14356.5610,151.2499,8364.0938,13.2759,510.8104,1858.4753,124403.7893,101.3040,5265.0173,167.5479,5895.0265,14.3218,468.6161,867.9855,45538.7670,255.6490,17242.6666,495.9351,30298.8623,41.5575,1970.6963,2187.3451,149703.2441,217.3565,14356.5610,218.9592,16223.0433,23.6807,1428.4821,1858.4753,124403.7893, NaN, NaN, NaN, NaN, NaN, NaN, NaN, NaN, NaN, NaN, NaN, NaN, NaN, NaN, NaN, NaN, NaN, NaN, NaN, NaN, NaN, NaN, NaN, NaN, NaN, NaN, NaN, NaN, NaN, NaN, NaN, NaN, NaN, NaN, NaN, NaN,
08/2009,284.9818,17967.3293,538.3943,31455.9843,45.0708,1938.7298,2384.7738,157894.9223,284.9818,17967.3293,198.6112,10521.7461,17.3752,612.2933,2384.7738,157894.9223,162.1469,9600.9062,278.0840,14915.8971,23.6975,1052.7898,1360.4852,84105.6907,271.6934,16065.8986,503.1978,26585.4563,42.3248,1674.1988,2269.6899,141134.7674,284.9818,17967.3293,287.5010,21363.0398,30.9832,1705.6333,2384.7738,157894.9223, NaN, NaN, NaN, NaN, NaN, NaN, NaN, NaN, NaN, NaN, NaN, NaN, NaN, NaN, NaN, NaN, NaN, NaN, NaN, NaN, NaN, NaN, NaN, NaN, NaN, NaN, NaN, NaN, NaN, NaN, NaN, NaN, NaN, NaN, NaN, NaN,
09/2009,259.6752,15219.3946,476.1461,22546.8855,40.0522,1427.2472,2294.7779,148127.5109,259.6752,15219.3946,180.5763,8672.3369,15.8255,500.1590,2294.7779,148127.5109,161.4038,8222.7917,268.4320,11027.7229,22.9818,802.3769,1426.3149,79351.5073,226.7222,12344.2272,402.6577,17175.4273,34.0773,1137.7543,2003.6081,119825.0113,259.6752,15219.3946,261.1243,16008.9212,28.2268,1239.4856,2294.7779,148127.5109, NaN, NaN, NaN, NaN, NaN, NaN, NaN, NaN, NaN, NaN, NaN, NaN, NaN, NaN, NaN, NaN, NaN, NaN, NaN, NaN, NaN, NaN, NaN, NaN, NaN, NaN, NaN, NaN, NaN, NaN, NaN, NaN, NaN, NaN, NaN, NaN,
10/2009,116.8819,4786.8451,179.0661,5019.1583,15.4689,386.3497,1040.4541,41099.3512,116.8819,4786.8451,80.2597,2513.0130,7.1140,180.0343,1040.4541,41099.3512,68.7139,2500.7011,94.8317,2440.3234,8.2860,198.1034,611.3835,21611.5081,99.0662,3898.9296,146.9443,3946.5073,12.7437,310.1786,882.0673,33583.0155,116.8819,4786.8451,115.4784,4048.3906,12.7063,351.5656,1040.4541,41099.3512, NaN, NaN, NaN, NaN, NaN, NaN, NaN, NaN, NaN, NaN, NaN, NaN, NaN, NaN, NaN, NaN, NaN, NaN, NaN, NaN, NaN, NaN, NaN, NaN, NaN, NaN, NaN, NaN, NaN, NaN, NaN, NaN, NaN, NaN, NaN, NaN,
11/2009,75.3149,3795.5088,112.4992,4031.4691,9.7260,316.8795,547.7971,25432.4973,75.3149,3795.5088,51.4393,1987.2217,4.5847,140.9418,547.7971,25432.4973,38.4566,1503.2909,49.3324,1404.8076,4.3318,113.1127,281.2028,10256.5047,63.5472,3021.5376,91.9165,3170.9787,7.9725,250.7108,462.4027,20306.0028,75.3149,3795.5088,74.2495,3373.1255,8.1905,289.7258,547.7971,25432.4973, NaN, NaN, NaN, NaN, NaN, NaN, NaN, NaN, NaN, NaN, NaN, NaN, NaN, NaN, NaN, NaN, NaN, NaN, NaN, NaN, NaN, NaN, NaN, NaN, NaN, NaN, NaN, NaN, NaN, NaN, NaN, NaN, NaN, NaN, NaN, NaN,
12/2009,23.5613,954.5990,26.7507,765.5748,2.3724,62.3387,161.6119,6231.3072,23.5613,954.5990,15.6891,458.9039,1.4286,34.9610,161.6119,6231.3072,12.0614,445.8240,12.1639,326.1684,1.0848,27.0210,82.7573,2956.3420,19.1030,776.6582,20.9096,609.2684,1.8580,49.9041,130.9882,5089.5472,23.5613,954.5990,22.7354,720.7455,2.3695,62.2462,161.6119,6231.3072, NaN, NaN, NaN, NaN, NaN, NaN, NaN, NaN, NaN, NaN, NaN, NaN, NaN, NaN, NaN, NaN, NaN, NaN, NaN, NaN, NaN, NaN, NaN, NaN, NaN, NaN, NaN, NaN, NaN, NaN, NaN, NaN, NaN, NaN, NaN, NaN,
01/2010,7.2835,347.0861,6.7495,244.4780,0.6028,20.1821,53.0482,2337.2876,7.2835,347.0861,4.7610,156.3513,0.4404,12.2620,53.0482,2337.2876,3.8362,196.3440,3.2049,122.5418,0.2861,9.9381,27.9297,1333.5099,5.6506,291.4186,5.0289,199.9977,0.4492,16.4529,41.1616,1969.1580,7.2835,347.0861,6.6780,243.5341,0.6028,20.1812,53.0482,2337.2876, NaN, NaN, NaN, NaN, NaN, NaN, NaN, NaN, NaN, NaN, NaN, NaN, NaN, NaN, NaN, NaN, NaN, NaN, NaN, NaN, NaN, NaN, NaN, NaN, NaN, NaN, NaN, NaN, NaN, NaN, NaN, NaN, NaN, NaN, NaN, NaN,
02/2010,3.4992,200.7072,2.9108,133.2801,0.2599,10.9567,26.6254,1421.6155,3.4992,200.7072,2.2676,87.8434,0.2113,6.8798,26.6254,1421.6155,1.8835,110.7302,1.4282,64.0268,0.1270,5.0654,14.3258,793.0989,2.6006,167.6506,2.0746,109.2816,0.1849,8.8949,19.7873,1185.1240,3.4992,200.7072,2.9108,133.2210,0.2599,10.9566,26.6254,1421.6155, NaN, NaN, NaN, NaN, NaN, NaN, NaN, NaN, NaN, NaN, NaN, NaN, NaN, NaN, NaN, NaN, NaN, NaN, NaN, NaN, NaN, NaN, NaN, NaN, NaN, NaN, NaN, NaN, NaN, NaN, NaN, NaN, NaN, NaN, NaN, NaN,
03/2010,22.4899,1293.0278,44.6257,1752.5732,3.7136,134.6385,157.2520,7491.6685,22.4899,1293.0278,15.6710,695.3006,1.3754,46.1032,157.2520,7491.6685,15.3792,888.3302,28.7919,1135.9415,2.4176,87.1717,107.5709,5101.8049,11.5258,685.8346,19.4306,781.7993,1.6493,60.8283,80.6166,4010.9765,22.4899,1293.0278,22.4137,1271.4427,2.3556,109.5412,157.2520,7491.6685, NaN, NaN, NaN, NaN, NaN, NaN, NaN, NaN, NaN, NaN, NaN, NaN, NaN, NaN, NaN, NaN, NaN, NaN, NaN, NaN, NaN, NaN, NaN, NaN, NaN, NaN, NaN, NaN, NaN, NaN, NaN, NaN, NaN, NaN, NaN, NaN,
04/2010,26.6371,1321.5658,42.1113,1346.8019,3.6003,104.3292,190.2778,8607.0209,26.6371,1321.5658,18.2274,677.0836,1.6232,45.6008,190.2778,8607.0209,11.0419,574.5427,14.7446,485.9650,1.2825,38.1917,78.8464,3741.8249,15.6384,821.8195,22.7319,754.8242,1.9618,58.7649,111.7486,5344.6146,26.6371,1321.5658,26.1509,1134.0759,2.7458,94.2102,190.2778,8607.0209, NaN, NaN, NaN, NaN, NaN, NaN, NaN, NaN, NaN, NaN, NaN, NaN, NaN, NaN, NaN, NaN, NaN, NaN, NaN, NaN, NaN, NaN, NaN, NaN, NaN, NaN, NaN, NaN, NaN, NaN, NaN, NaN, NaN, NaN, NaN, NaN,
05/2010,67.2192,3317.6477,122.2316,3973.9726,10.3093,323.4108,567.6038,25845.7332,67.2192,3317.6477,46.5718,1766.5892,4.1051,121.1127,567.6038,25845.7332,37.8000,1867.0867,63.2198,2030.6789,5.3928,158.6746,319.7842,14530.9872,75.4099,3762.6941,146.1086,4759.6138,12.2357,375.5981,639.5759,29373.7620,67.2192,3317.6477,67.3995,3139.6701,7.1559,278.9539,567.6038,25845.7332, NaN, NaN, NaN, NaN, NaN, NaN, NaN, NaN, NaN, NaN, NaN, NaN, NaN, NaN, NaN, NaN, NaN, NaN, NaN, NaN, NaN, NaN, NaN, NaN, NaN, NaN, NaN, NaN, NaN, NaN, NaN, NaN, NaN, NaN, NaN, NaN,
06/2010,71.5997,3828.4531,116.2869,4282.9008,9.9349,348.3903,575.3746,29994.8503,71.5997,3828.4531,49.1626,2075.2162,4.3645,140.9465,575.3746,29994.8503,34.3354,1596.8794,51.6933,1636.5657,4.4507,129.4437,275.2244,12476.8692,66.8822,3444.7162,108.8282,3923.1574,9.2930,327.6896,537.1553,26987.5986,71.5997,3828.4531,71.1387,3624.0405,7.6971,317.4217,575.3746,29994.8503, NaN, NaN, NaN, NaN, NaN, NaN, NaN, NaN, NaN, NaN, NaN, NaN, NaN, NaN, NaN, NaN, NaN, NaN, NaN, NaN, NaN, NaN, NaN, NaN, NaN, NaN, NaN, NaN, NaN, NaN, NaN, NaN, NaN, NaN, NaN, NaN,
07/2010,165.9744,9585.9072,298.0230,13725.7348,25.2158,1021.0593,1412.4375,87191.6360,165.9744,9585.9072,115.1106,5455.7273,10.1309,361.5598,1412.4375,87191.6360,77.4317,3746.7101,124.5952,4252.0865,10.6755,336.0175,659.7007,33954.4371,182.4422,10704.6576,337.9616,16990.2638,28.4753,1225.0715,1552.8689,97408.2847,165.9744,9585.9072,166.5242,10274.9072,18.0762,904.7283,1412.4375,87191.6360,0.2750,0.0250,4.4250,6.4908,14.7183,30.5268, NaN, NaN, NaN, NaN, NaN, NaN, NaN, NaN, NaN, NaN, NaN, NaN, NaN, NaN, NaN, NaN, NaN, NaN, NaN, NaN, NaN, NaN, NaN, NaN, NaN, NaN, NaN, NaN, NaN, NaN,
08/2010,150.4224,6991.1770,256.5484,9845.1579,21.7989,712.4323,1276.8536,54772.5166,150.4224,6991.1770,104.0442,3903.8604,9.1659,272.2633,1276.8536,54772.5166,76.3517,3163.8902,120.8262,3511.7271,10.3650,286.2292,647.8252,24872.6340,139.7347,6420.4186,231.5891,8723.9162,19.7840,637.2689,1186.4967,50582.2994,150.4224,6991.1770,150.1592,7208.3622,16.3585,642.5314,1276.8536,54772.5166,0.3000,0.0273,5.3200,5.8120,16.4493,29.8563, NaN, NaN, NaN, NaN, NaN, NaN, NaN, NaN, NaN, NaN, NaN, NaN, NaN, NaN, NaN, NaN, NaN, NaN, NaN, NaN, NaN, NaN, NaN, NaN, NaN, NaN, NaN, NaN, NaN, NaN,
09/2010,119.6554,4925.9318,191.5709,6455.1210,16.4289,473.5654,1083.2097,39419.8628,119.6554,4925.9318,82.3762,2719.4983,7.2853,191.5974,1083.2097,39419.8628,58.1472,2119.1933,82.7157,2173.8882,7.1897,177.2922,525.2928,17283.4452,101.2781,4098.1680,156.3075,4986.7260,13.4709,376.6229,916.5459,32882.5430,119.6554,4925.9318,118.7122,4801.6964,13.0081,435.0342,1083.2097,39419.8628,0.2500,0.0235,2.8333,5.9460,18.1800,29.8801, NaN, NaN, NaN, NaN, NaN, NaN, NaN, NaN, NaN, NaN, NaN, NaN, NaN, NaN, NaN, NaN, NaN, NaN, NaN, NaN, NaN, NaN, NaN, NaN, NaN, NaN, NaN, NaN, NaN, NaN,
10/2010,60.7306,2174.9299,83.5662,2153.4126,7.2967,175.4553,546.7731,16950.1909,60.7306,2174.9299,41.2151,1135.5642,3.6921,85.8422,546.7731,16950.1909,26.3693,960.1459,31.1364,805.6426,2.7522,66.3338,237.5585,7727.9147,48.8938,1710.9792,64.2661,1628.0428,5.6357,133.3449,440.5325,13468.7152,60.7306,2174.9299,59.4519,1850.3570,6.5975,166.6676,546.7731,16950.1909,0.2850,0.0245,2.6667,6.5443,19.8371,31.1593, NaN, NaN, NaN, NaN, NaN, NaN, NaN, NaN, NaN, NaN, NaN, NaN, NaN, NaN, NaN, NaN, NaN, NaN, NaN, NaN, NaN, NaN, NaN, NaN, NaN, NaN, NaN, NaN, NaN, NaN,
11/2010,27.8122,994.3690,33.7859,887.1278,2.9778,73.1191,224.6621,7222.8658,27.8122,994.3690,18.6328,498.8254,1.6881,38.5093,224.6621,7222.8658,10.8691,423.7315,11.1618,309.4057,0.9930,25.3359,87.8822,3165.9845,21.8765,803.1053,25.5749,685.7018,2.2593,56.5144,176.9193,5857.1315,27.8122,994.3690,26.9687,801.4348,2.8460,71.1644,224.6621,7222.8658,0.2850,0.0255,2.2000,5.6571,22.3900,33.3666, NaN, NaN, NaN, NaN, NaN, NaN, NaN, NaN, NaN, NaN, NaN, NaN, NaN, NaN, NaN, NaN, NaN, NaN, NaN, NaN, NaN, NaN, NaN, NaN, NaN, NaN, NaN, NaN, NaN, NaN,
12/2010,17.3578,652.6483,20.4173,531.7336,1.8001,43.4852,128.0375,4432.1668,17.3578,652.6483,11.5974,314.3831,1.0532,23.9718,128.0375,4432.1668,9.1238,387.8410,10.0153,284.3447,0.8856,22.8871,67.3449,2639.2916,15.9408,626.4259,19.1552,516.3564,1.6845,41.9059,117.6758,4240.9726,17.3578,652.6483,16.6901,487.1854,1.6947,42.4753,128.0375,4432.1668,0.3650,0.0370,2.3500,5.6780,23.1260,34.9332, NaN, NaN, NaN, NaN, NaN, NaN, NaN, NaN, NaN, NaN, NaN, NaN, NaN, NaN, NaN, NaN, NaN, NaN, NaN, NaN, NaN, NaN, NaN, NaN, NaN, NaN, NaN, NaN, NaN, NaN,
01/2011,19.2672,1010.2234,27.9467,1017.2120,2.4076,78.7947,109.3928,5442.5470,19.2672,1010.2234,13.0736,515.7716,1.1724,35.4815,109.3928,5442.5470,15.2669,870.4368,22.4132,869.7581,1.9300,66.7271,85.8251,4647.3069,17.8157,970.8163,26.0612,979.7365,2.2436,75.6732,100.7048,5213.7994,19.2672,1010.2234,18.6212,862.0132,1.9509,71.8883,109.3928,5442.5470,0.4400,0.0440,3.0667,5.6475,25.1612,36.2944, NaN, NaN, NaN, NaN, NaN, NaN, NaN, NaN, NaN, NaN, NaN, NaN, NaN, NaN, NaN, NaN, NaN, NaN, NaN, NaN, NaN, NaN, NaN, NaN, NaN, NaN, NaN, NaN, NaN, NaN,
02/2011,2.2032,125.7379,1.7163,81.2836,0.1528,6.5285,14.6889,815.6938,2.2032,125.7379,1.4209,55.1789,0.1329,4.3576,14.6889,815.6938,1.1664,73.8634,0.8272,44.3184,0.0732,3.3444,7.7836,482.2891,1.5379,104.0947,1.1421,67.1365,0.1014,5.3234,10.2424,673.9182,2.2032,125.7379,1.7163,81.2812,0.1528,6.5284,14.6889,815.6938,0.4500,0.0470,4.5750,5.5750,25.0375,37.2037, NaN, NaN, NaN, NaN, NaN, NaN, NaN, NaN, NaN, NaN, NaN, NaN, NaN, NaN, NaN, NaN, NaN, NaN, NaN, NaN, NaN, NaN, NaN, NaN, NaN, NaN, NaN, NaN, NaN, NaN,
03/2011,1.3478,269.5939,0.9518,242.1951,0.0842,18.0477,9.0785,1483.7412,1.3478,269.5939,0.8631,126.7363,0.0811,8.5922,9.0785,1483.7412,0.6653,183.6605,0.4319,157.6000,0.0378,11.6259,4.4833,997.2653,0.9245,163.7539,0.6232,126.0039,0.0548,9.5792,6.2279,932.1914,1.3478,269.5939,0.9518,230.9720,0.0842,17.6893,9.0785,1483.7412,0.5350,0.0545,5.7500,4.8000,25.1873,38.7502, NaN, NaN, NaN, NaN, NaN, NaN, NaN, NaN, NaN, NaN, NaN, NaN, NaN, NaN, NaN, NaN, NaN, NaN, NaN, NaN, NaN, NaN, NaN, NaN, NaN, NaN, NaN, NaN, NaN, NaN,
04/2011,14.3856,866.8771,19.8190,810.2818,1.7237,60.7586,87.1796,5392.9978,14.3856,866.8771,9.7441,434.4539,0.8747,28.2334,87.1796,5392.9978,6.1430,389.4912,7.1746,302.9976,0.6323,22.9873,37.2603,2424.3598,9.1757,572.6678,11.5660,485.2835,1.0136,36.8114,55.6233,3563.5836,14.3856,866.8771,13.8579,717.0339,1.4983,57.6670,87.1796,5392.9978,0.3900,0.0360,3.9667,4.1825,22.1287,38.9687, NaN, NaN, NaN, NaN, NaN, NaN, NaN, NaN, NaN, NaN, NaN, NaN, NaN, NaN, NaN, NaN, NaN, NaN, NaN, NaN, NaN, NaN, NaN, NaN, NaN, NaN, NaN, NaN, NaN, NaN,
05/2011,47.9952,2193.2035,85.6935,2612.0335,7.2475,199.7200,337.2316,16090.6962,47.9952,2193.2035,33.2339,1173.9342,2.9307,78.4526,337.2316,16090.6962,28.9008,1377.9763,47.2995,1490.0274,4.0461,113.7771,203.0493,10114.8212,59.0544,2687.6189,111.7651,3398.8988,9.3873,257.4921,415.3143,19740.2989,47.9952,2193.2035,47.8241,2058.0281,5.1311,172.9237,337.2316,16090.6962,0.3400,0.0330,4.2800,6.3333,18.7092,36.8659, NaN, NaN, NaN, NaN, NaN, NaN, NaN, NaN, NaN, NaN, NaN, NaN, NaN, NaN, NaN, NaN, NaN, NaN, NaN, NaN, NaN, NaN, NaN, NaN, NaN, NaN, NaN, NaN, NaN, NaN,
06/2011,149.1782,7008.5693,296.4560,9827.9604,24.7131,757.2665,1107.6212,53721.0535,149.1782,7008.5693,104.1764,3934.9962,9.1223,268.2317,1107.6212,53721.0535,79.4621,3788.6832,144.0490,4515.2311,12.1624,347.5344,589.4811,28975.8275,152.3578,7045.6781,303.9018,10322.0759,25.3199,775.8167,1131.2702,54008.8302,149.1782,7008.5693,151.0905,7217.3422,16.1529,639.0185,1107.6212,53721.0535,0.2850,0.0280,5.8000,6.0833,15.8433,34.2365, NaN, NaN, NaN, NaN, NaN, NaN, NaN, NaN, NaN, NaN, NaN, NaN, NaN, NaN, NaN, NaN, NaN, NaN, NaN, NaN, NaN, NaN, NaN, NaN, NaN, NaN, NaN, NaN, NaN, NaN,
07/2011,234.7747,12132.3917,439.4932,21461.9595,37.0171,1474.0060,1832.6497,98783.6583,234.7747,12132.3917,163.4794,7127.7858,14.3404,475.8541,1832.6497,98783.6583,103.2826,4713.4742,169.8509,5342.2601,14.5300,421.0067,805.9788,38195.2988,267.9869,13760.2109,518.6872,26212.4118,43.4827,1763.9968,2091.8183,112096.4641,234.7747,12132.3917,236.6156,14079.8176,25.5783,1316.1593,1832.6497,98783.6583,0.3350,0.0200,4.0250,4.1757,15.3571,30.5933, NaN, NaN, NaN, NaN, NaN, NaN, NaN, NaN, NaN, NaN, NaN, NaN, NaN, NaN, NaN, NaN, NaN, NaN, NaN, NaN, NaN, NaN, NaN, NaN, NaN, NaN, NaN, NaN, NaN, NaN,
08/2011,285.1891,16560.4694,548.1325,29658.9957,45.9386,1855.3448,2320.4977,134291.8338,285.1891,16560.4694,198.8701,9615.4253,17.3958,575.3520,2320.4977,134291.8338,149.8954,7982.7206,264.5225,13276.1708,22.4075,911.4275,1221.5526,64728.2595,266.8810,15349.7981,500.1875,26637.7871,42.0754,1663.1535,2169.9321,124541.9526,285.1891,16560.4694,287.6531,19336.7303,31.0201,1635.7320,2320.4977,134291.8338,0.6450,0.0315,6.9750,3.9757,16.3586,25.8551, NaN, NaN, NaN, NaN, NaN, NaN, NaN, NaN, NaN, NaN, NaN, NaN, NaN, NaN, NaN, NaN, NaN, NaN, NaN, NaN, NaN, NaN, NaN, NaN, NaN, NaN, NaN, NaN, NaN, NaN,
09/2011,261.7834,13346.4413,485.6595,21354.2120,40.8247,1392.5629,2243.5011,117878.3005,261.7834,13346.4413,182.1366,7513.7469,15.9526,472.2550,2243.5011,117878.3005,150.8112,7059.0096,252.3299,10396.5872,21.5713,732.6587,1293.0902,62215.9018,224.9942,10742.8723,402.3668,15867.0258,34.0381,1080.2786,1927.7360,94784.0916,261.7834,13346.4413,263.4642,14174.2745,28.4518,1212.8285,2243.5011,117878.3005,0.6650,0.0355,10.1250,1.0657,17.7300,26.2915, NaN, NaN, NaN, NaN, NaN, NaN, NaN, NaN, NaN, NaN, NaN, NaN, NaN, NaN, NaN, NaN, NaN, NaN, NaN, NaN, NaN, NaN, NaN, NaN, NaN, NaN, NaN, NaN, NaN, NaN,
10/2011,194.5642,7279.5888,342.6580,8957.0092,29.0256,682.6658,1556.2847,53984.6109,194.5642,7279.5888,134.8552,3920.8033,11.8525,281.7813,1556.2847,53984.6109,99.6106,3327.8947,152.1083,3541.9824,13.1358,285.2497,797.4906,25109.6119,154.7683,5509.7885,258.2354,6232.7344,22.0597,491.3879,1238.9065,41168.6361,194.5642,7279.5888,194.7194,6604.2586,21.1489,585.6364,1556.2847,53984.6109,0.3700,0.0285,7.1000,3.7355,19.5609,26.4903, NaN, NaN, NaN, NaN, NaN, NaN, NaN, NaN, NaN, NaN, NaN, NaN, NaN, NaN, NaN, NaN, NaN, NaN, NaN, NaN, NaN, NaN, NaN, NaN, NaN, NaN, NaN, NaN, NaN, NaN,
11/2011,123.0682,4889.2550,198.1553,5703.2065,16.9997,437.4488,966.8774,35571.7035,123.0682,4889.2550,84.7231,2583.4838,7.4923,187.3028,966.8774,35571.7035,55.7971,1795.5994,76.2461,1739.8361,6.6615,142.5010,438.6762,13311.1862,97.8307,3724.8509,150.7960,4005.9760,13.0080,319.4904,768.5104,27209.5185,123.0682,4889.2550,122.1065,4363.6962,13.3776,391.6665,966.8774,35571.7035,0.4200,0.0335,5.1000,5.6600,21.4100,27.2951, NaN, NaN, NaN, NaN, NaN, NaN, NaN, NaN, NaN, NaN, NaN, NaN, NaN, NaN, NaN, NaN, NaN, NaN, NaN, NaN, NaN, NaN, NaN, NaN, NaN, NaN, NaN, NaN, NaN, NaN,
12/2011,80.5853,3464.8560,127.6625,3861.1026,10.9419,302.6338,522.1449,21487.6805,80.5853,3464.8560,55.2213,1833.6415,4.9071,130.4613,522.1449,21487.6805,42.7334,1794.9341,62.4062,1889.3815,5.3888,148.6267,276.7943,11153.0954,76.6541,3446.4010,124.1886,3945.4574,10.6057,307.8353,496.0989,21355.3901,80.5853,3464.8560,79.8436,3096.7952,8.7464,267.5389,522.1449,21487.6805,0.3100,0.0290,8.0500,4.5467,23.3878,31.4767, NaN, NaN, NaN, NaN, NaN, NaN, NaN, NaN, NaN, NaN, NaN, NaN, NaN, NaN, NaN, NaN, NaN, NaN, NaN, NaN, NaN, NaN, NaN, NaN, NaN, NaN, NaN, NaN, NaN, NaN,
01/2012,30.0758,1216.5725,38.8553,1089.4260,3.3976,85.0989,233.5049,8360.1070,30.0758,1216.5725,20.2295,612.9838,1.8262,43.6071,233.5049,8360.1070,16.8826,791.8733,21.3330,675.1580,1.8623,51.0302,132.2662,5408.3182,26.0842,1108.5120,33.4208,980.0825,2.9218,76.1088,202.8325,7610.8258,30.0758,1216.5725,29.2908,977.0806,3.0785,82.4287,233.5049,8360.1070,0.3700,0.0380,3.9600,5.8410,24.6210,32.7645, NaN, NaN, NaN, NaN, NaN, NaN, NaN, NaN, NaN, NaN, NaN, NaN, NaN, NaN, NaN, NaN, NaN, NaN, NaN, NaN, NaN, NaN, NaN, NaN, NaN, NaN, NaN, NaN, NaN, NaN,
02/2012,23.5699,934.2346,32.6183,912.0855,2.8238,72.7361,183.4927,6598.4422,23.5699,934.2346,15.9263,472.3745,1.4329,34.4768,183.4927,6598.4422,9.3312,407.0650,10.9015,329.6935,0.9569,26.2065,72.6956,2896.0812,32.6851,1354.6051,53.6015,1537.1497,4.5505,120.0315,255.8342,9488.8013,23.5699,934.2346,23.0854,782.8702,2.3537,66.7647,183.4927,6598.4422,0.4250,0.0435,3.1250,5.8167,24.8844,34.0344, NaN, NaN, NaN, NaN, NaN, NaN, NaN, NaN, NaN, NaN, NaN, NaN, NaN, NaN, NaN, NaN, NaN, NaN, NaN, NaN, NaN, NaN, NaN, NaN, NaN, NaN, NaN, NaN, NaN, NaN,
03/2012,6.6096,294.0192,5.9707,212.3448,0.5336,17.8179,43.8012,1897.1819,6.6096,294.0192,4.3121,134.7268,0.3996,10.6089,43.8012,1897.1819,2.3846,133.9978,1.8374,83.2117,0.1635,6.6798,15.7969,868.8668,5.9098,271.8058,5.2383,194.1244,0.4681,16.2090,39.1532,1753.9133,6.6096,294.0192,5.9678,212.2357,0.5336,17.8179,43.8012,1897.1819,0.3950,0.0325,2.5000,5.9080,23.6090,35.3383, NaN, NaN, NaN, NaN, NaN, NaN, NaN, NaN, NaN, NaN, NaN, NaN, NaN, NaN, NaN, NaN, NaN, NaN, NaN, NaN, NaN, NaN, NaN, NaN, NaN, NaN, NaN, NaN, NaN, NaN,
04/2012,50.1206,2215.6243,87.3982,2584.0964,7.3969,200.7119,357.3775,15297.7478,50.1206,2215.6243,34.6034,1183.0459,3.0590,80.4273,357.3775,15297.7478,18.9302,933.8112,27.6538,884.1038,2.3891,69.1758,134.9630,6444.5937,33.4195,1502.1072,52.4145,1575.7906,4.4905,123.6916,238.0402,10374.6524,50.1206,2215.6243,50.0654,2013.6415,5.2910,170.4376,357.3775,15297.7478,0.3800,0.0305,2.9500,6.3160,21.3880,35.5791, NaN, NaN, NaN, NaN, NaN, NaN, NaN, NaN, NaN, NaN, NaN, NaN, NaN, NaN, NaN, NaN, NaN, NaN, NaN, NaN, NaN, NaN, NaN, NaN, NaN, NaN, NaN, NaN, NaN, NaN,
05/2012,57.8966,2448.6019,84.8773,2582.8941,7.3483,205.7492,437.2218,17622.0512,57.8966,2448.6019,39.4651,1278.9730,3.5248,91.5146,437.2218,17622.0512,23.6563,1128.6086,31.5934,1030.2678,2.7567,81.1137,177.9529,8121.7512,59.8493,2568.1190,91.4301,2778.8858,7.8758,218.3540,451.3271,18446.2383,57.8966,2448.6019,57.0021,2216.7072,6.1835,192.6158,437.2218,17622.0512,0.3450,0.0350,5.2000,5.8531,19.0823,33.9493, NaN, NaN, NaN, NaN, NaN, NaN, NaN, NaN, NaN, NaN, NaN, NaN, NaN, NaN, NaN, NaN, NaN, NaN, NaN, NaN, NaN, NaN, NaN, NaN, NaN, NaN, NaN, NaN, NaN, NaN,
06/2012,158.9242,7842.3206,278.4862,9483.0124,23.6691,745.7308,1239.4821,64062.9221,158.9242,7842.3206,110.0595,4346.6866,9.7010,292.5215,1239.4821,64062.9221,73.1635,3433.3546,113.9059,3594.0690,9.8139,278.4155,569.2934,27485.7573,151.9949,7310.2090,265.3162,8856.2603,22.5589,697.6602,1185.2352,59592.6249,158.9242,7842.3206,159.0915,7729.2695,17.2833,662.2595,1239.4821,64062.9221,0.3300,0.0250,4.6667,6.8014,15.9200,31.6060, NaN, NaN, NaN, NaN, NaN, NaN, NaN, NaN, NaN, NaN, NaN, NaN, NaN, NaN, NaN, NaN, NaN, NaN, NaN, NaN, NaN, NaN, NaN, NaN, NaN, NaN, NaN, NaN, NaN, NaN,
07/2012,108.8122,4824.3427,167.0075,5585.0659,14.4268,441.0738,916.7769,40743.2077,108.8122,4824.3427,74.6827,2603.8226,6.6278,189.6485,916.7769,40743.2077,38.8973,1539.4666,50.6981,1417.1624,4.4436,115.7198,327.8130,12993.9603,107.8963,4731.4886,166.8034,5634.6560,14.3927,443.3194,909.2391,39944.6116,108.8122,4824.3427,107.5527,4539.5381,11.8383,412.6076,916.7769,40743.2077,0.2767,0.0210,4.8000,6.3255,15.4045,30.2640, NaN, NaN, NaN, NaN, NaN, NaN, NaN, NaN, NaN, NaN, NaN, NaN, NaN, NaN, NaN, NaN, NaN, NaN, NaN, NaN, NaN, NaN, NaN, NaN, NaN, NaN, NaN, NaN, NaN, NaN,
08/2012,183.7987,9608.8032,317.6600,14839.0129,27.0304,1038.3084,1560.1061,79298.6629,183.7987,9608.8032,127.3031,5440.6918,11.2121,365.8819,1560.1061,79298.6629,91.2816,4472.2800,142.7493,4905.9377,12.2835,387.9212,776.2709,36933.1210,154.7510,7900.5974,257.7733,11433.4566,22.0509,820.0077,1313.8627,65210.3337,183.7987,9608.8032,183.7413,10367.1426,20.0100,940.2764,1560.1061,79298.6629,0.2650,0.0195,5.8400,5.7636,16.8391,28.9842, NaN, NaN, NaN, NaN, NaN, NaN, NaN, NaN, NaN, NaN, NaN, NaN, NaN, NaN, NaN, NaN, NaN, NaN, NaN, NaN, NaN, NaN, NaN, NaN, NaN, NaN, NaN, NaN, NaN, NaN,
09/2012,196.2835,10334.8397,352.7660,15342.9187,29.7905,1065.3890,1692.0822,83300.0173,196.2835,10334.8397,136.3131,5804.7498,11.9727,377.1187,1692.0822,83300.0173,101.0794,4934.3126,163.6914,5520.2113,14.0222,436.3840,872.0818,39933.0677,152.0122,7616.7562,258.9508,10102.2922,22.0612,740.5103,1310.0898,61528.0732,196.2835,10334.8397,196.9371,10674.9302,21.3604,940.3045,1692.0822,83300.0173,0.2900,0.0140,2.6667,6.3275,17.9112,27.0898, NaN, NaN, NaN, NaN, NaN, NaN, NaN, NaN, NaN, NaN, NaN, NaN, NaN, NaN, NaN, NaN, NaN, NaN, NaN, NaN, NaN, NaN, NaN, NaN, NaN, NaN, NaN, NaN, NaN, NaN,
10/2012,101.6237,4151.3299,152.7486,4446.3806,13.2242,343.7112,859.5154,32544.4279,101.6237,4151.3299,69.6418,2208.7072,6.1854,160.0242,859.5154,32544.4279,45.2304,1729.3824,58.1559,1556.9130,5.1115,127.2728,382.5753,13783.2204,75.0902,2921.4346,106.2243,2918.4134,9.2573,232.0488,635.1978,23050.1154,101.6237,4151.3299,100.2384,3612.9723,11.0493,318.5376,859.5154,32544.4279,0.2850,0.0185,3.3250,6.6336,20.3386,27.3065, NaN, NaN, NaN, NaN, NaN, NaN, NaN, NaN, NaN, NaN, NaN, NaN, NaN, NaN, NaN, NaN, NaN, NaN, NaN, NaN, NaN, NaN, NaN, NaN, NaN, NaN, NaN, NaN, NaN, NaN,
11/2012,93.5366,4495.9968,149.7313,5015.6711,12.8423,393.2427,793.9466,34143.8981,93.5366,4495.9968,64.2421,2398.1512,5.7002,168.3204,793.9466,34143.8981,35.7610,1588.1962,47.2545,1467.1091,4.1330,116.8601,303.6739,12243.8229,72.9302,3402.3456,112.2438,3686.8067,9.6666,289.6265,619.0840,25920.3542,93.5366,4495.9968,92.7943,4085.6085,10.1757,349.8558,793.9466,34143.8981,0.2500,0.0245,3.0500,6.3720,21.9850,30.5432, NaN, NaN, NaN, NaN, NaN, NaN, NaN, NaN, NaN, NaN, NaN, NaN, NaN, NaN, NaN, NaN, NaN, NaN, NaN, NaN, NaN, NaN, NaN, NaN, NaN, NaN, NaN, NaN, NaN, NaN,
12/2012,54.6048,2371.9219,77.1256,2388.8636,6.7053,189.6922,435.4257,16418.1559,54.6048,2371.9219,37.0987,1218.9068,3.3216,89.7648,435.4257,16418.1559,24.4944,1043.9021,31.2387,964.6227,2.7362,76.6002,195.4187,7356.5383,47.6496,1995.4858,67.7024,2067.0968,5.8758,164.3461,380.0066,13889.3248,54.6048,2371.9219,53.5791,2057.7508,5.8693,178.2431,435.4257,16418.1559,0.2150,0.0110,4.3000,6.0823,23.8462,31.9601, NaN, NaN, NaN, NaN, NaN, NaN, NaN, NaN, NaN, NaN, NaN, NaN, NaN, NaN, NaN, NaN, NaN, NaN, NaN, NaN, NaN, NaN, NaN, NaN, NaN, NaN, NaN, NaN, NaN, NaN,
01/2013,20.2349,767.7331,24.1145,640.7087,2.1232,51.8620,154.9236,5206.6511,20.2349,767.7331,13.5231,373.5199,1.2279,28.2834,154.9236,5206.6511,10.1002,446.0573,11.7016,346.0775,1.0282,27.1171,77.3410,3004.2135,16.4246,648.4147,19.3188,529.2951,1.7005,42.5233,125.7440,4394.5805,20.2349,767.7331,19.5687,588.2020,1.9800,50.5214,154.9236,5206.6511,0.2750,0.0350,3.9500,5.1511,26.3189,33.3483, NaN, NaN, NaN, NaN, NaN, NaN, NaN, NaN, NaN, NaN, NaN, NaN, NaN, NaN, NaN, NaN, NaN, NaN, NaN, NaN, NaN, NaN, NaN, NaN, NaN, NaN, NaN, NaN, NaN, NaN,
02/2013,5.6333,262.2672,5.1366,178.7500,0.4586,14.5698,36.5591,1628.1644,5.6333,262.2672,3.6776,117.3324,0.3406,9.2008,36.5591,1628.1644,2.2378,124.3469,1.7651,73.3641,0.1572,5.7282,14.5125,779.4345,4.8298,245.6525,4.5534,169.8608,0.4052,13.6098,31.4408,1520.9013,5.6333,262.2672,5.0203,177.4900,0.4586,14.5685,36.5591,1628.1644, NaN, NaN, NaN, NaN, NaN, NaN, NaN, NaN, NaN, NaN, NaN, NaN, NaN, NaN, NaN, NaN, NaN, NaN, NaN, NaN, NaN, NaN, NaN, NaN, NaN, NaN, NaN, NaN, NaN, NaN, NaN, NaN, NaN, NaN, NaN, NaN,
03/2013,37.8259,1993.4122,66.4070,2324.4425,5.6149,178.3615,284.6350,13181.1999,37.8259,1993.4122,26.1098,1054.1685,2.3088,70.6241,284.6350,13181.1999,23.8291,1336.2106,39.6709,1448.8355,3.3805,110.7289,179.2665,8777.7485,19.0339,1030.9766,28.5423,1017.8903,2.4567,78.9923,143.0978,6836.6413,37.8259,1993.4122,37.6325,1833.3987,3.9555,152.1457,284.6350,13181.1999, NaN, NaN, NaN, NaN, NaN, NaN, NaN, NaN, NaN, NaN, NaN, NaN, NaN, NaN, NaN, NaN, NaN, NaN, NaN, NaN, NaN, NaN, NaN, NaN, NaN, NaN, NaN, NaN, NaN, NaN, NaN, NaN, NaN, NaN, NaN, NaN,
04/2013,18.6624,846.0806,23.7003,742.2177,2.0718,60.9196,133.2286,5703.7454,18.6624,846.0806,12.5356,410.0070,1.1338,30.3312,133.2286,5703.7454,7.0070,352.9526,7.5511,258.0927,0.6671,21.0924,50.0583,2391.9672,10.0829,495.7632,11.7351,387.9647,1.0319,31.7078,72.0357,3348.6465,18.6624,846.0806,18.0810,672.4138,1.8399,58.3074,133.2286,5703.7454, NaN, NaN, NaN, NaN, NaN, NaN, NaN, NaN, NaN, NaN, NaN, NaN, NaN, NaN, NaN, NaN, NaN, NaN, NaN, NaN, NaN, NaN, NaN, NaN, NaN, NaN, NaN, NaN, NaN, NaN, NaN, NaN, NaN, NaN, NaN, NaN,
05/2013,123.0336,5588.7149,220.2331,6827.4562,18.6186,537.8171,764.1221,38556.6051,123.0336,5588.7149,85.2441,3046.8620,7.5126,212.5358,764.1221,38556.6051,61.9056,2928.9946,100.6888,3174.2528,8.6091,246.7097,380.6971,20169.0387,139.0522,6388.5197,261.1591,8125.9452,21.9440,629.5466,861.4624,44079.6831,123.0336,5588.7149,123.3654,5355.9652,13.3559,464.2533,764.1221,38556.6051, NaN, NaN, NaN, NaN, NaN, NaN, NaN, NaN, NaN, NaN, NaN, NaN, NaN, NaN, NaN, NaN, NaN, NaN, NaN, NaN, NaN, NaN, NaN, NaN, NaN, NaN, NaN, NaN, NaN, NaN, NaN, NaN, NaN, NaN, NaN, NaN,
06/2013,88.2490,3685.6771,136.9168,3998.6614,11.7917,328.6699,654.4760,27739.6947,88.2490,3685.6771,60.4908,1993.4642,5.3769,144.8813,654.4760,27739.6947,36.5904,1388.1715,50.7483,1314.9886,4.4134,106.0887,271.4477,10373.1878,87.1949,3464.2685,135.3471,3819.5200,11.6542,318.1760,646.6948,26039.4295,88.2490,3685.6771,87.3213,3397.9189,9.6034,304.9701,654.4760,27739.6947, NaN, NaN, NaN, NaN, NaN, NaN, NaN, NaN, NaN, NaN, NaN, NaN, NaN, NaN, NaN, NaN, NaN, NaN, NaN, NaN, NaN, NaN, NaN, NaN, NaN, NaN, NaN, NaN, NaN, NaN, NaN, NaN, NaN, NaN, NaN, NaN,
07/2013,188.6285,9754.3872,343.9376,14796.7972,29.0568,1061.0785,1523.6292,81929.1087,188.6285,9754.3872,131.0175,5584.8546,11.5202,368.5150,1523.6292,81929.1087,86.6851,3950.1389,140.9555,4495.2653,12.0665,349.9094,700.4867,32902.6355,213.8054,11273.3856,403.5759,19543.7687,33.9352,1340.4495,1727.8307,94887.9321,188.6285,9754.3872,189.5933,10493.9914,20.5526,937.1709,1523.6292,81929.1087, NaN, NaN, NaN, NaN, NaN, NaN, NaN, NaN, NaN, NaN, NaN, NaN, NaN, NaN, NaN, NaN, NaN, NaN, NaN, NaN, NaN, NaN, NaN, NaN, NaN, NaN, NaN, NaN, NaN, NaN, NaN, NaN, NaN, NaN, NaN, NaN,
08/2013,336.0182,17796.3178,678.0721,32624.6588,56.2485,2112.2149,2860.6588,166313.4412,336.0182,17796.3178,235.3180,10515.7886,20.5174,650.3636,2860.6588,166313.4412,195.3245,9413.1850,364.8294,13740.9492,30.6942,1023.0090,1666.4550,87325.9546,308.3616,15674.0400,602.8465,27425.1771,50.3844,1806.4684,2622.2708,146234.8104,336.0182,17796.3178,340.7183,20659.7466,36.5697,1821.9360,2860.6588,166313.4412, NaN, NaN, NaN, NaN, NaN, NaN, NaN, NaN, NaN, NaN, NaN, NaN, NaN, NaN, NaN, NaN, NaN, NaN, NaN, NaN, NaN, NaN, NaN, NaN, NaN, NaN, NaN, NaN, NaN, NaN, NaN, NaN, NaN, NaN, NaN, NaN,
09/2013,369.7315,21694.0637,745.8352,36919.2478,61.5864,2229.0556,3122.6232,207376.4257,369.7315,21694.0637,258.8675,12641.7990,22.5145,698.5020,3122.6232,207376.4257,259.1222,12104.8819,483.8464,19495.9155,40.8075,1357.7932,2189.2294,114683.2863,312.6038,16656.4685,603.8853,26884.8551,50.3942,1711.0890,2640.5269,159094.8021,369.7315,21694.0637,375.3002,24552.3259,40.1194,1906.1343,3122.6232,207376.4257, NaN, NaN, NaN, NaN, NaN, NaN, NaN, NaN, NaN, NaN, NaN, NaN, NaN, NaN, NaN, NaN, NaN, NaN, NaN, NaN, NaN, NaN, NaN, NaN, NaN, NaN, NaN, NaN, NaN, NaN, NaN, NaN, NaN, NaN, NaN, NaN,
10/2013,210.3581,8549.0986,369.2114,11027.9728,31.2498,776.5622,1813.1454,72732.5797,210.3581,8549.0986,145.7743,4605.6906,12.8046,307.3971,1813.1454,72732.5797,143.2685,4566.9485,230.7900,5546.9461,19.8320,429.5026,1235.8195,39498.2276,171.6682,6423.3821,287.8898,7833.9553,24.5742,579.4359,1480.2801,55037.5331,210.3581,8549.0986,210.4521,7774.8216,22.8466,671.4608,1813.1454,72732.5797, NaN, NaN, NaN,0.7833,19.5833,27.2266, NaN, NaN, NaN, NaN, NaN, NaN, NaN, NaN, NaN, NaN, NaN, NaN, NaN, NaN, NaN, NaN, NaN, NaN, NaN, NaN, NaN, NaN, NaN, NaN, NaN, NaN, NaN, NaN, NaN, NaN,
11/2013,74.8310,2313.4723,107.1766,2324.4249,9.3229,186.7854,557.7617,16429.0406,74.8310,2313.4723,51.0204,1206.4482,4.5495,90.9185,557.7617,16429.0406,43.7443,1236.8765,56.1075,1148.7853,4.9325,94.8500,326.3582,8875.4918,57.4906,1774.1808,78.4527,1727.7785,6.8554,139.9230,428.3938,12622.7897,74.8310,2313.4723,73.4770,1930.0721,8.1294,174.5116,557.7617,16429.0406, NaN, NaN, NaN, NaN, NaN, NaN, NaN, NaN, NaN, NaN, NaN, NaN, NaN, NaN, NaN, NaN, NaN, NaN, NaN, NaN, NaN, NaN, NaN, NaN, NaN, NaN, NaN, NaN, NaN, NaN, NaN, NaN, NaN, NaN, NaN, NaN,
12/2013,33.3504,1043.5910,40.3780,919.2598,3.5655,75.5969,232.9297,7015.5244,33.3504,1043.5910,22.3523,525.4761,2.0236,41.0876,232.9297,7015.5244,17.9107,553.4179,19.4273,441.5601,1.7269,36.6689,125.1630,3749.6061,24.7795,798.0854,28.4969,676.6853,2.5248,55.9572,173.1742,5384.7283,33.3504,1043.5910,32.3257,835.5331,3.4915,74.9667,232.9297,7015.5244, NaN, NaN, NaN, NaN, NaN, NaN, NaN, NaN, NaN, NaN, NaN, NaN, NaN, NaN, NaN, NaN, NaN, NaN, NaN, NaN, NaN, NaN, NaN, NaN, NaN, NaN, NaN, NaN, NaN, NaN, NaN, NaN, NaN, NaN, NaN, NaN,
01/2014,11.7331,400.6109,11.8465,315.6354,1.0560,26.2823,80.7790,2627.6586,11.7331,400.6109,7.7274,193.8065,0.7102,15.5507,80.7790,2627.6586,5.7888,221.7197,5.1968,151.5458,0.4641,12.3790,39.8310,1460.9669,8.0870,304.1539,7.6871,227.0336,0.6862,18.7895,55.8108,2001.1933,11.7331,400.6109,11.1053,308.4806,1.0560,26.2822,80.7790,2627.6586, NaN, NaN, NaN, NaN, NaN, NaN, NaN, NaN, NaN, NaN, NaN, NaN, NaN, NaN, NaN, NaN, NaN, NaN, NaN, NaN, NaN, NaN, NaN, NaN, NaN, NaN, NaN, NaN, NaN, NaN, NaN, NaN, NaN, NaN, NaN, NaN,
02/2014,3.6893,175.4784,3.0997,124.0184,0.2767,10.1912,26.9402,1233.4616,3.6893,175.4784,2.3925,79.9897,0.2227,6.3656,26.9402,1233.4616,1.8058,98.5997,1.3637,61.3331,0.1212,4.8442,13.1764,695.4529,2.2291,127.4227,1.7377,87.2325,0.1547,7.0577,16.2281,897.5232,3.6893,175.4784,3.0997,124.0184,0.2767,10.1912,26.9402,1233.4616, NaN, NaN, NaN, NaN, NaN, NaN, NaN, NaN, NaN, NaN, NaN, NaN, NaN, NaN, NaN, NaN, NaN, NaN, NaN, NaN, NaN, NaN, NaN, NaN, NaN, NaN, NaN, NaN, NaN, NaN, NaN, NaN, NaN, NaN, NaN, NaN,
03/2014,8.3376,405.3456,10.6329,342.6354,0.9261,26.2638,49.9665,2412.6976,8.3376,405.3456,5.6041,197.1516,0.5063,13.6788,49.9665,2412.6976,5.2790,264.9456,6.4495,207.6933,0.5639,15.6446,31.5829,1574.4394,4.3978,236.8310,4.8326,175.9780,0.4252,13.6634,26.3795,1413.6802,8.3376,405.3456,7.7224,312.7848,0.8014,25.3161,49.9665,2412.6976, NaN, NaN, NaN, NaN, NaN, NaN, NaN, NaN, NaN, NaN, NaN, NaN, NaN, NaN, NaN, NaN, NaN, NaN, NaN, NaN, NaN, NaN, NaN, NaN, NaN, NaN, NaN, NaN, NaN, NaN, NaN, NaN, NaN, NaN, NaN, NaN,
04/2014,13.6339,782.1101,18.8351,741.6560,1.6331,57.5760,92.3795,5236.7794,13.6339,782.1101,9.2313,391.2724,0.8291,26.5416,92.3795,5236.7794,5.7715,358.0762,6.7491,280.9671,0.5932,21.9824,39.1299,2403.6689,8.3376,516.4214,10.5653,443.7904,0.9232,34.7124,56.4413,3464.4412,13.6339,782.1101,12.9780,645.5509,1.3733,53.5642,92.3795,5236.7794, NaN, NaN, NaN, NaN, NaN, NaN, NaN, NaN, NaN, NaN, NaN, NaN, NaN, NaN, NaN, NaN, NaN, NaN, NaN, NaN, NaN, NaN, NaN, NaN, NaN, NaN, NaN, NaN, NaN, NaN, NaN, NaN, NaN, NaN, NaN, NaN,
05/2014,89.8560,4950.9533,160.3030,6059.1249,13.5435,466.3181,610.0920,35227.9386,89.8560,4950.9533,62.2045,2713.1069,5.4864,179.1240,610.0920,35227.9386,50.1552,2842.2144,81.4862,3117.4257,6.9628,237.0281,339.3874,20102.1037,109.2355,6229.4141,205.3744,8100.0392,17.2382,612.4199,743.4252,44449.4108,89.8560,4950.9533,90.0004,4785.4522,9.6973,405.1745,610.0920,35227.9386, NaN, NaN, NaN, NaN, NaN, NaN, NaN, NaN, NaN, NaN, NaN, NaN, NaN, NaN, NaN, NaN, NaN, NaN, NaN, NaN, NaN, NaN, NaN, NaN, NaN, NaN, NaN, NaN, NaN, NaN, NaN, NaN, NaN, NaN, NaN, NaN,
06/2014,118.1693,7510.1731,212.6271,12897.2577,17.9537,900.6125,871.2590,57487.0251,118.1693,7510.1731,81.8703,4297.9915,7.2151,287.2629,871.2590,57487.0251,56.8685,3031.9142,93.8346,3494.6772,8.0038,271.3725,418.2551,23143.2905,122.7658,7960.4208,221.9066,15547.1778,18.7267,1029.8342,905.1246,60989.0972,118.1693,7510.1731,118.6044,8473.8601,12.8200,818.5692,871.2590,57487.0251, NaN, NaN, NaN, NaN, NaN, NaN, NaN, NaN, NaN, NaN, NaN, NaN, NaN, NaN, NaN, NaN, NaN, NaN, NaN, NaN, NaN, NaN, NaN, NaN, NaN, NaN, NaN, NaN, NaN, NaN, NaN, NaN, NaN, NaN, NaN, NaN,
07/2014,267.9869,14898.7814,508.5726,27168.7921,42.6863,1759.5063,2206.2845,126039.8834,267.9869,14898.7814,186.8048,8671.8639,16.3619,546.8047,2206.2845,126039.8834,124.8307,5910.2870,208.0082,7914.5300,17.7769,587.7089,1027.0354,49735.7271,312.6557,17765.6803,614.1876,34192.7830,51.3143,2150.3842,2574.0719,150379.7914,267.9869,14898.7814,270.4292,17363.7467,29.1794,1570.0638,2206.2845,126039.8834, NaN, NaN, NaN, NaN, NaN, NaN, NaN, NaN, NaN, NaN, NaN, NaN, NaN, NaN, NaN, NaN, NaN, NaN, NaN, NaN, NaN, NaN, NaN, NaN, NaN, NaN, NaN, NaN, NaN, NaN, NaN, NaN, NaN, NaN, NaN, NaN,
08/2014,237.0384,11013.7018,455.0836,17499.6657,37.9540,1184.0697,2032.2915,93158.0830,237.0384,11013.7018,165.3751,6262.3827,14.4606,407.6417,2032.2915,93158.0830,127.5869,5724.6394,230.4051,8504.8769,19.4203,620.9730,1092.4217,48496.6905,231.3360,10361.1485,432.2175,15401.9049,36.2317,1061.1531,1984.5958,87619.0900,237.0384,11013.7018,239.0036,11719.3292,25.7845,1018.4914,2032.2915,93158.0830, NaN, NaN, NaN, NaN, NaN, NaN, NaN, NaN, NaN, NaN, NaN, NaN, NaN, NaN, NaN, NaN, NaN, NaN, NaN, NaN, NaN, NaN, NaN, NaN, NaN, NaN, NaN, NaN, NaN, NaN, NaN, NaN, NaN, NaN, NaN, NaN,
09/2014,214.1510,11182.8730,387.0459,16499.0669,32.5680,1090.1199,1910.8311,92265.3174,214.1510,11182.8730,148.7314,6207.5524,13.0384,387.3699,1910.8311,92265.3174,121.5475,5751.5443,198.5962,7777.0932,17.0050,567.7590,1085.2387,47743.4444,190.1491,9386.1590,332.3811,12833.5682,28.1408,877.5450,1695.6373,77706.7196,214.1510,11182.8730,214.8439,11443.8566,23.2580,959.3652,1910.8311,92265.3174, NaN, NaN, NaN, NaN, NaN, NaN, NaN, NaN, NaN, NaN, NaN, NaN, NaN, NaN, NaN, NaN, NaN, NaN, NaN, NaN, NaN, NaN, NaN, NaN, NaN, NaN, NaN, NaN, NaN, NaN, NaN, NaN, NaN, NaN, NaN, NaN,
10/2014,133.7904,5620.3027,213.1974,6544.8055,18.3141,481.7539,1226.1592,46146.1171,133.7904,5620.3027,92.1187,2972.2147,8.1440,207.4766,1226.1592,46146.1171,70.0013,2507.0947,97.7963,2504.6291,8.5316,201.2357,641.7391,21029.9242,110.1946,4375.8144,168.3622,4799.3129,14.5445,364.4924,1010.6410,36135.8941,133.7904,5620.3027,132.6422,4986.7733,14.5420,437.0553,1226.1592,46146.1171, NaN, NaN, NaN,4.5933,19.8233,25.2651, NaN, NaN, NaN, NaN, NaN, NaN, NaN, NaN, NaN, NaN, NaN, NaN, NaN, NaN, NaN, NaN, NaN, NaN, NaN, NaN, NaN, NaN, NaN, NaN, NaN, NaN, NaN, NaN, NaN, NaN,
11/2014,67.3142,2502.2822,94.4922,2539.7249,8.2372,205.5898,555.6450,18695.2465,67.3142,2502.2822,45.7919,1317.7055,4.0935,99.6978,555.6450,18695.2465,33.0912,1123.2950,40.3198,980.3572,3.5586,80.8453,274.8375,8601.0646,56.6093,2069.0554,76.8864,2039.1671,6.7230,165.6779,467.3286,15528.8725,67.3142,2502.2822,66.0039,2151.1430,7.3156,193.2534,555.6450,18695.2465, NaN, NaN, NaN, NaN, NaN, NaN, NaN, NaN, NaN, NaN, NaN, NaN, NaN, NaN, NaN, NaN, NaN, NaN, NaN, NaN, NaN, NaN, NaN, NaN, NaN, NaN, NaN, NaN, NaN, NaN, NaN, NaN, NaN, NaN, NaN, NaN,
12/2014,26.7581,898.7760,31.2464,774.0061,2.7660,64.3190,198.3303,6298.1138,26.7581,898.7760,17.8682,450.1863,1.6231,35.3418,198.3303,6298.1138,12.4330,418.5821,12.6848,312.9601,1.1305,26.0275,92.1105,2993.5445,21.9888,740.4998,24.8168,623.6347,2.2013,52.0841,162.9130,5218.1373,26.7581,898.7760,25.8715,719.0708,2.7522,64.1742,198.3303,6298.1138, NaN, NaN, NaN, NaN, NaN, NaN, NaN, NaN, NaN, NaN, NaN, NaN, NaN, NaN, NaN, NaN, NaN, NaN, NaN, NaN, NaN, NaN, NaN, NaN, NaN, NaN, NaN, NaN, NaN, NaN, NaN, NaN, NaN, NaN, NaN, NaN,
01/2015,9.9101,503.6861,10.4001,411.9482,0.9222,32.3718,71.8766,3369.5719,9.9101,503.6861,6.5483,241.3585,0.6002,17.3029,71.8766,3369.5719,5.9702,357.5923,6.1797,285.2114,0.5466,21.7545,42.2653,2353.5666,8.2598,455.8550,8.6006,372.7788,0.7620,29.0904,59.4447,3036.7871,9.9101,503.6861,9.2564,390.6045,0.8918,31.8560,71.8766,3369.5719, NaN, NaN, NaN, NaN, NaN, NaN, NaN, NaN, NaN, NaN, NaN, NaN, NaN, NaN, NaN, NaN, NaN, NaN, NaN, NaN, NaN, NaN, NaN, NaN, NaN, NaN, NaN, NaN, NaN, NaN, NaN, NaN, NaN, NaN, NaN, NaN,
02/2015,13.5130,775.4486,17.9962,737.1551,1.5655,56.9993,83.7403,4613.3628,13.5130,775.4486,9.1244,390.3095,0.8212,27.0912,83.7403,4613.3628,5.7283,348.3907,6.4424,272.6193,0.5676,21.0849,35.4302,2055.1360,20.6928,1273.3373,32.6642,1413.9406,2.7953,107.3492,133.1665,7734.7939,13.5130,775.4486,12.8496,644.4331,1.3366,53.1959,83.7403,4613.3628, NaN, NaN, NaN, NaN, NaN, NaN, NaN, NaN, NaN, NaN, NaN, NaN, NaN, NaN, NaN, NaN, NaN, NaN, NaN, NaN, NaN, NaN, NaN, NaN, NaN, NaN, NaN, NaN, NaN, NaN, NaN, NaN, NaN, NaN, NaN, NaN,
03/2015,12.1824,733.7434,15.1344,610.1672,1.3258,47.5360,62.2600,4005.6692,12.1824,733.7434,8.1839,351.6030,0.7398,24.6050,62.2600,4005.6692,7.4045,480.6432,8.7977,368.5635,0.7735,28.3461,38.0598,2640.0461,7.4218,460.2528,7.9488,341.2139,0.7033,27.2462,37.5128,2472.1387,12.1824,733.7434,11.4677,559.9444,1.1965,46.2704,62.2600,4005.6692, NaN, NaN, NaN, NaN, NaN, NaN, NaN, NaN, NaN, NaN, NaN, NaN, NaN, NaN, NaN, NaN, NaN, NaN, NaN, NaN, NaN, NaN, NaN, NaN, NaN, NaN, NaN, NaN, NaN, NaN, NaN, NaN, NaN, NaN, NaN, NaN,
04/2015,27.8726,1543.8470,40.7213,1535.1851,3.5206,120.1654,193.8698,11107.1387,27.8726,1543.8470,18.9903,787.9075,1.6967,54.1103,193.8698,11107.1387,10.9555,651.0499,13.6268,535.1906,1.1957,42.0753,76.0349,4683.8640,18.0576,1030.7261,24.0996,931.8611,2.1017,73.5906,125.5364,7408.4499,27.8726,1543.8470,27.1830,1308.1927,2.8880,110.3075,193.8698,11107.1387, NaN, NaN, NaN, NaN, NaN, NaN,0.5670,0.0522,6.5753,10.5176,35.8831,0.5677,0.0523,6.5761,10.5453,35.9776,0.5661,0.0522,6.6106,10.8818,36.3297,0.5658,0.0521,6.5748,10.5081,35.8831, NaN, NaN, NaN, NaN, NaN, NaN, NaN, NaN, NaN, NaN,
05/2015,58.0608,3160.1146,106.9445,3975.8684,8.9780,305.3275,467.6048,24437.0921,58.0608,3160.1146,40.2224,1728.5207,3.5465,115.0326,467.6048,24437.0921,31.0003,1710.7805,53.6813,1991.0114,4.5491,152.0309,250.3314,13151.9316,68.9126,3789.8237,135.0568,5056.3671,11.2513,380.7569,555.9906,29288.4611,58.0608,3160.1146,58.2943,3083.6710,6.1442,259.3638,467.6048,24437.0921, NaN, NaN, NaN, NaN, NaN, NaN,0.4318,0.0446,7.0591,7.6353,34.8178,0.4254,0.0439,7.0478,7.5465,34.9644,0.4632,0.0482,7.1059,8.7836,36.0463,0.4280,0.0442,7.0542,7.5701,34.8177, NaN, NaN, NaN, NaN, NaN, NaN, NaN, NaN, NaN, NaN,
06/2015,81.6912,5123.7619,139.5354,6252.7579,11.8498,498.8145,632.1925,38782.1937,81.6912,5123.7619,56.3090,2825.5184,4.9837,189.3079,632.1925,38782.1937,40.1501,2324.7475,63.6177,2571.5921,5.4508,198.1544,311.5656,17529.8519,82.7885,5004.8323,141.9627,6187.7990,12.0498,496.7785,640.6884,37876.4921,81.6912,5123.7619,81.5623,5081.3957,8.8020,443.2974,632.1925,38782.1937, NaN, NaN, NaN, NaN, NaN, NaN,0.3810,0.0432,7.1904,5.5456,32.7083,0.3577,0.0404,7.1446,5.0903,32.8629,0.3930,0.0453,7.2643,6.0195,34.6184,0.3687,0.0419,7.1671,5.3164,32.7080, NaN, NaN, NaN, NaN, NaN, NaN, NaN, NaN, NaN, NaN,
07/2015,148.6598,8034.5174,266.3203,12336.8436,22.5173,877.5482,1136.6275,62337.3994,148.6598,8034.5174,103.0481,4547.4676,9.0762,307.1371,1136.6275,62337.3994,68.2992,3140.2426,110.5310,3494.6565,9.4523,275.2887,522.0985,24273.1752,170.3894,9038.2003,316.6022,15736.3556,26.6376,1078.9913,1302.6399,70161.4355,148.6598,8034.5174,149.0679,8522.6008,16.1949,789.1158,1136.6275,62337.3994, NaN, NaN, NaN, NaN, NaN, NaN,0.3487,0.0440,6.9082,4.9136,30.0318,0.3071,0.0388,6.8298,4.1718,30.1255,0.3448,0.0436,7.1491,4.8026,32.7114,0.3296,0.0419,6.8609,4.5801,30.0318, NaN, NaN, NaN, NaN, NaN, NaN, NaN, NaN, NaN, NaN,
08/2015,209.3386,10655.3232,379.1118,17554.0950,31.9884,1198.7560,1628.7299,88318.5088,209.3386,10655.3232,145.4505,6093.8091,12.7704,407.9211,1628.7299,88318.5088,110.9722,5027.9357,184.9308,5851.2514,15.7955,463.1688,864.1260,41192.0009,198.2448,9762.5347,350.0788,15605.7651,29.6698,1075.6381,1541.8806,80944.8390,209.3386,10655.3232,210.2904,11681.3366,22.7815,1068.8732,1628.7299,88318.5088, NaN, NaN, NaN, NaN, NaN, NaN,0.3457,0.0392,7.3945,4.3234,27.1190,0.2305,0.0288,7.3148,3.2856,27.1493,0.3038,0.0405,7.7822,4.4212,30.8799,0.2812,0.0363,7.3569,3.8940,27.1192, NaN, NaN, NaN, NaN, NaN, NaN, NaN, NaN, NaN, NaN,
09/2015,157.5158,6818.5411,265.5009,9149.1504,22.6387,671.4562,1357.1947,57858.9606,157.5158,6818.5411,108.8837,3794.9272,9.5979,265.9914,1357.1947,57858.9606,76.6541,3219.0134,114.4132,3512.4540,9.8979,282.1807,659.2829,27450.1508,133.5053,5555.3386,217.0095,6952.8328,18.5989,526.7987,1148.6575,47184.6188,157.5158,6818.5411,157.0364,6690.1033,17.1315,594.8304,1357.1947,57858.9606, NaN, NaN, NaN, NaN, NaN, NaN,0.5034,0.0422,7.0290,8.0939,23.7833,0.3312,0.0275,6.8015,5.0803,23.8011,0.3280,0.0377,7.2691,5.1014,28.7177, NaN, NaN, NaN, NaN, NaN, NaN, NaN, NaN, NaN, NaN, NaN, NaN, NaN, NaN, NaN,
10/2015,81.5357,2924.1302,119.4098,3087.2806,10.3597,247.0275,711.9787,22584.7631,81.5357,2924.1302,55.6671,1574.9218,4.9617,117.2781,711.9787,22584.7631,37.8086,1375.7040,47.7943,1245.0169,4.2027,100.9512,330.4935,10861.7907,65.8282,2289.6173,91.9685,2319.3707,8.0185,187.1024,575.7390,17837.3558,81.5357,2924.1302,80.2424,2574.4998,8.8649,229.3344,711.9787,22584.7631, NaN, NaN, NaN, NaN, NaN, NaN,0.4506,0.0329,6.4490,6.6907,26.6698,0.3605,0.0250,6.3351,5.3882,26.6915,0.3491,0.0315,6.6656,5.5471,29.7681, NaN, NaN, NaN, NaN, NaN, NaN, NaN, NaN, NaN, NaN, NaN, NaN, NaN, NaN, NaN,
11/2015,56.7043,1861.0819,83.1205,1853.5188,7.1861,149.5413,428.2958,13249.0810,56.7043,1861.0819,38.6103,969.0656,3.4507,72.9329,428.2958,13249.0810,21.6778,706.1645,26.3934,584.7573,2.3201,48.0597,163.6976,5113.3388,45.1354,1394.3146,63.8410,1360.1876,5.5371,111.4031,340.8279,9984.1232,56.7043,1861.0819,55.8124,1573.4151,6.1031,139.9756,428.2958,13249.0810, NaN, NaN, NaN, NaN, NaN, NaN,0.3922,0.0347,6.0151,7.0078,28.6907,0.3410,0.0302,5.9271,6.2684,28.7248,0.3397,0.0345,6.1475,6.3632,30.9911, NaN, NaN, NaN, NaN, NaN, NaN, NaN, NaN, NaN, NaN, NaN, NaN, NaN, NaN, NaN,
12/2015,28.5379,1080.1642,37.2926,1008.5349,3.2587,81.2525,223.3362,7858.6788,28.5379,1080.1642,19.2324,548.6645,1.7339,40.9837,223.3362,7858.6788,13.5475,612.0144,16.4158,514.7383,1.4403,40.6715,106.1414,4463.3673,25.5053,1035.0115,34.0185,981.7741,2.9633,78.3489,199.7489,7520.8306,28.5379,1080.1642,27.7969,881.8293,2.9034,76.6903,223.3362,7858.6788, NaN, NaN, NaN, NaN, NaN, NaN,0.3666,0.0331,6.6219,6.8447,31.4610,0.3380,0.0307,6.6011,6.5086,31.5056,0.3609,0.0375,6.7105,7.2839,32.7472, NaN, NaN, NaN, NaN, NaN, NaN, NaN, NaN, NaN, NaN, NaN, NaN, NaN, NaN, NaN,
01/2016,13.0205,664.6666,15.1639,547.2916,1.3351,41.8340,88.7394,4112.3581,13.0205,664.6666,8.6912,318.1202,0.7898,22.4320,88.7394,4112.3581,8.5190,520.6464,10.0315,420.2979,0.8814,31.2758,57.7189,3187.2335,11.2579,619.6867,13.1655,509.8085,1.1581,38.6772,76.5500,3821.5196,13.0205,664.6666,12.3275,512.6438,1.2350,40.9484,88.7394,4112.3581, NaN, NaN, NaN, NaN, NaN, NaN,0.3945,0.0379,6.3946,7.1099,33.6069,0.3764,0.0364,6.3835,6.9741,33.6680,0.3886,0.0430,6.4049,7.6088,34.5252, NaN, NaN, NaN, NaN, NaN, NaN, NaN, NaN, NaN, NaN, NaN, NaN, NaN, NaN, NaN,
02/2016,4.6051,229.5734,4.4961,166.7858,0.3988,13.1406,33.8292,1535.7560,4.6051,229.5734,3.0231,104.3367,0.2786,7.7869,33.8292,1535.7560,1.9872,115.9834,1.6782,72.4731,0.1490,5.5544,14.5962,784.5752,5.2099,275.7197,5.9683,229.3936,0.5241,17.5149,38.9038,1799.4001,4.6051,229.5734,4.0262,162.3131,0.3937,13.0995,33.8292,1535.7560, NaN, NaN, NaN, NaN, NaN, NaN,0.4537,0.0497,6.4854,8.6739,34.7108,0.4413,0.0489,6.4766,8.6114,34.8429,0.4640,0.0574,6.5274,9.1460,35.7789, NaN, NaN, NaN, NaN, NaN, NaN, NaN, NaN, NaN, NaN, NaN, NaN, NaN, NaN, NaN,
03/2016,12.3206,635.2646,18.0822,598.2118,1.5598,46.9816,88.2980,4248.2683,12.3206,635.2646,8.3966,316.2855,0.7499,22.2955,88.2980,4248.2683,7.9834,433.9440,11.1902,381.5927,0.9711,29.7854,57.2078,2894.7208,6.7046,361.8346,8.3534,291.5189,0.7307,23.0511,48.0532,2433.7968,12.3206,635.2646,11.7501,508.1343,1.2537,43.1339,88.2980,4248.2683, NaN, NaN, NaN, NaN, NaN, NaN,0.4859,0.0595,6.5897,9.0334,35.9129,0.4753,0.0587,6.5791,8.9912,36.1308, NaN, NaN, NaN, NaN, NaN, NaN, NaN, NaN, NaN, NaN, NaN, NaN, NaN, NaN, NaN, NaN, NaN, NaN, NaN, NaN,
04/2016,38.3702,2149.0358,61.3789,2254.5097,5.2539,172.8683,227.1500,14237.6267,38.3702,2149.0358,26.3106,1111.3039,2.3389,73.6283,227.1500,14237.6267,15.3446,922.0262,20.6536,794.3943,1.7996,61.3135,91.0731,6118.3217,23.5613,1372.9824,34.3158,1295.6816,2.9673,99.8208,139.7087,9100.0226,38.3702,2149.0358,37.8109,1878.0027,4.0793,155.2489,227.1500,14237.6267, NaN, NaN, NaN, NaN, NaN, NaN,0.5233,0.0693,6.9643,10.0271,36.2124,0.5162,0.0685,6.9515,9.9342,36.5414, NaN, NaN, NaN, NaN, NaN, NaN, NaN, NaN, NaN, NaN, NaN, NaN, NaN, NaN, NaN, NaN, NaN, NaN, NaN, NaN,
05/2016,86.7456,4772.7014,151.1457,5749.6563,12.8209,450.1274,612.0062,38069.3421,86.7456,4772.7014,59.9477,2611.9875,5.2946,178.6851,612.0062,38069.3421,44.4960,2496.4330,70.5234,2664.1534,6.0523,203.9965,314.2383,19818.5895,98.1936,5468.7917,180.4549,6890.1186,15.2098,531.5474,696.0627,43754.9500,86.7456,4772.7014,86.7700,4648.9224,9.3294,395.9719,612.0062,38069.3421, NaN, NaN, NaN, NaN, NaN, NaN, NaN, NaN, NaN, NaN, NaN, NaN, NaN, NaN, NaN, NaN, NaN, NaN, NaN, NaN, NaN, NaN, NaN, NaN, NaN, NaN, NaN, NaN, NaN, NaN, NaN, NaN, NaN, NaN, NaN, NaN,
06/2016,128.5459,5886.7862,220.5882,7312.0397,18.7720,584.0686,937.7546,52072.0127,128.5459,5886.7862,88.8313,3290.4003,7.8440,237.5265,937.7546,52072.0127,56.4019,2410.7414,87.0754,2474.4843,7.4958,195.4255,411.1906,20685.5878,125.0294,5734.7222,214.4760,7763.7922,18.2505,598.4989,912.1051,50672.7025,128.5459,5886.7862,128.4170,5836.3333,13.9895,526.9959,937.7546,52072.0127, NaN, NaN, NaN, NaN, NaN, NaN, NaN, NaN, NaN, NaN, NaN, NaN, NaN, NaN, NaN, NaN, NaN, NaN, NaN, NaN, NaN, NaN, NaN, NaN, NaN, NaN, NaN, NaN, NaN, NaN, NaN, NaN, NaN, NaN, NaN, NaN,
07/2016,254.3098,13222.8115,490.1799,25239.4101,41.1110,1654.9086,1943.3950,109836.2204,254.3098,13222.8115,177.3962,7775.6785,15.5379,505.6752,1943.3950,109836.2204,105.2179,4831.9114,178.8740,5733.8299,15.2291,452.5356,809.8265,39585.5475,280.5667,14848.5226,557.9394,30484.0385,46.5800,1954.8250,2146.3467,123506.9880,254.3098,13222.8115,256.9978,15583.6645,27.7087,1467.7405,1943.3950,109836.2204, NaN, NaN, NaN, NaN, NaN, NaN, NaN, NaN, NaN, NaN, NaN, NaN, NaN, NaN, NaN, NaN, NaN, NaN, NaN, NaN, NaN, NaN, NaN, NaN, NaN, NaN, NaN, NaN, NaN, NaN, NaN, NaN, NaN, NaN, NaN, NaN,
08/2016,294.7104,15239.3443,562.7086,26293.1869,47.1535,1697.7051,2332.9019,134601.4149,294.7104,15239.3443,205.5139,8788.2965,17.9848,550.6929,2332.9019,134601.4149,157.7405,7780.5619,273.8302,12156.4901,23.2766,855.1895,1255.7360,68192.4086,269.1878,13257.6566,500.3588,21806.9839,42.1146,1439.0346,2126.5696,116860.2526,294.7104,15239.3443,297.4301,17292.5954,32.0710,1482.4796,2332.9019,134601.4149, NaN, NaN, NaN, NaN, NaN, NaN, NaN, NaN, NaN, NaN, NaN, NaN, NaN, NaN, NaN, NaN, NaN, NaN, NaN, NaN, NaN, NaN, NaN, NaN, NaN, NaN, NaN, NaN, NaN, NaN, NaN, NaN, NaN, NaN, NaN, NaN,
09/2016,238.4208,10601.6429,434.1135,15636.4919,36.5827,1072.0855,2106.9369,94976.8056,238.4208,10601.6429,165.6819,5905.1630,14.5306,392.5045,2106.9369,94976.8056,135.9072,5582.2176,223.0126,7309.6595,19.1050,544.5872,1203.2228,49964.7003,204.2755,8605.0512,358.3284,11853.2765,30.3917,845.5694,1803.2150,77039.4235,238.4208,10601.6429,239.5218,10848.1181,25.9196,930.2858,2106.9369,94976.8056, NaN, NaN, NaN, NaN, NaN, NaN, NaN, NaN, NaN, NaN, NaN, NaN, NaN, NaN, NaN, NaN, NaN, NaN, NaN, NaN, NaN, NaN, NaN, NaN, NaN, NaN, NaN, NaN, NaN, NaN, NaN, NaN, NaN, NaN, NaN, NaN,
10/2016,187.5485,7894.0915,322.9490,10545.4974,27.4305,749.3385,1765.9112,68879.1714,187.5485,7894.0915,129.8331,4311.0093,11.4246,295.1049,1765.9112,68879.1714,97.0790,3364.3987,145.7170,3661.2972,12.6167,291.9959,914.0235,29828.6050,148.4093,5792.2474,243.1607,7158.2412,20.8152,534.8809,1396.6723,50807.4908,187.5485,7894.0915,187.3470,7544.7661,20.3880,660.0953,1765.9112,68879.1714, NaN, NaN, NaN, NaN, NaN, NaN, NaN, NaN, NaN, NaN, NaN, NaN, NaN, NaN, NaN, NaN, NaN, NaN, NaN, NaN, NaN, NaN, NaN, NaN, NaN, NaN, NaN, NaN, NaN, NaN, NaN, NaN, NaN, NaN, NaN, NaN,
11/2016,66.0182,2436.0048,92.4643,2498.1721,8.0617,202.1891,522.8007,18068.3552,66.0182,2436.0048,44.9073,1283.2223,4.0139,97.2315,522.8007,18068.3552,34.2144,1115.3722,42.1377,1006.5867,3.7157,83.2868,271.7958,8411.5901,52.3152,1915.9978,70.2286,1905.9239,6.1468,155.1787,413.8739,14255.4337,66.0182,2436.0048,64.7169,2090.4700,7.1601,188.2949,522.8007,18068.3552, NaN, NaN, NaN, NaN, NaN, NaN, NaN, NaN, NaN, NaN, NaN, NaN, NaN, NaN, NaN, NaN, NaN, NaN, NaN, NaN, NaN, NaN, NaN, NaN, NaN, NaN, NaN, NaN, NaN, NaN, NaN, NaN, NaN, NaN, NaN, NaN,
12/2016,29.4451,1075.6454,35.6757,944.7629,3.1460,76.8676,217.0172,7500.3629,29.4451,1075.6454,19.7254,541.0922,1.7870,41.1417,217.0172,7500.3629,15.4051,598.8298,16.8621,466.3537,1.4950,37.4729,113.4439,4191.2463,24.1747,947.6352,28.8119,820.9367,2.5407,66.3005,177.8826,6593.9809,29.4451,1075.6454,28.5453,857.5741,3.0266,75.1305,217.0172,7500.3629, NaN, NaN, NaN, NaN, NaN, NaN, NaN, NaN, NaN, NaN, NaN, NaN, NaN, NaN, NaN, NaN, NaN, NaN, NaN, NaN, NaN, NaN, NaN, NaN, NaN, NaN, NaN, NaN, NaN, NaN, NaN, NaN, NaN, NaN, NaN, NaN,
01/2017,14.8608,648.1642,18.0855,580.0887,1.5841,45.2602,100.9295,4175.5191,14.8608,648.1642,9.9397,325.7062,0.9018,23.4652,100.9295,4175.5191,9.7891,472.9277,12.1455,417.9875,1.0599,31.6424,67.1595,3054.4188,12.3725,581.0486,15.1813,519.2950,1.3273,40.1237,84.4574,3747.5288,14.8608,648.1642,14.2619,527.9293,1.4139,43.4035,100.9295,4175.5191, NaN, NaN, NaN, NaN, NaN, NaN, NaN, NaN, NaN, NaN, NaN, NaN, NaN, NaN, NaN, NaN, NaN, NaN, NaN, NaN, NaN, NaN, NaN, NaN, NaN, NaN, NaN, NaN, NaN, NaN, NaN, NaN, NaN, NaN, NaN, NaN,
02/2017,83.3501,3418.8998,175.8812,5024.7621,14.4805,375.7546,601.7734,22722.4634,83.3501,3418.8998,58.3701,1935.9536,5.1020,125.9771,601.7734,22722.4634,28.2010,1262.0534,51.0159,1543.0574,4.2901,118.1663,204.5266,8371.4264,178.7962,7282.5782,435.9916,12585.5280,35.1702,893.7817,1289.0925,48277.3752,83.3501,3418.8998,84.6547,3492.0912,8.9640,296.1681,601.7734,22722.4634, NaN, NaN, NaN, NaN, NaN, NaN, NaN, NaN, NaN, NaN, NaN, NaN, NaN, NaN, NaN, NaN, NaN, NaN, NaN, NaN, NaN, NaN, NaN, NaN, NaN, NaN, NaN, NaN, NaN, NaN, NaN, NaN, NaN, NaN, NaN, NaN,
03/2017,33.7738,1246.1213,44.3448,1164.7597,3.8780,94.9737,237.7259,8352.7478,33.7738,1246.1213,22.7853,626.0439,2.0525,46.3307,237.7259,8352.7478,14.7571,659.3011,17.9359,546.0992,1.5755,43.6719,103.5994,4400.6924,38.4480,1186.1942,48.3649,1098.6642,4.2552,91.6708,271.1063,8004.5308,33.7738,1246.1213,32.9473,1026.4279,3.4937,90.6699,237.7259,8352.7478, NaN, NaN, NaN, NaN, NaN, NaN, NaN, NaN, NaN, NaN, NaN, NaN, NaN, NaN, NaN, NaN, NaN, NaN, NaN, NaN, NaN, NaN, NaN, NaN, NaN, NaN, NaN, NaN, NaN, NaN, NaN, NaN, NaN, NaN, NaN, NaN,
04/2017,14.4547,514.7539,14.9399,413.8729,1.3318,35.3411,99.0860,3427.5868,14.4547,514.7539,9.5435,248.6854,0.8759,19.5382,99.0860,3427.5868,3.7411,192.6720,3.0963,128.2568,0.2765,10.8114,25.6277,1298.1871,22.1789,645.6067,24.7196,562.4116,2.1956,47.7767,152.0551,4302.0373,14.4547,514.7539,13.8679,403.9217,1.3318,35.3287,99.0860,3427.5868, NaN, NaN, NaN, NaN, NaN, NaN, NaN, NaN, NaN, NaN, NaN, NaN, NaN, NaN, NaN, NaN, NaN, NaN, NaN, NaN, NaN, NaN, NaN, NaN, NaN, NaN,1.0529,0.0720,4.4037,10.5347,28.7729,1.0546,0.0713,4.1879,9.9678,29.1908,
05/2017,61.4909,2738.9232,94.3100,2935.9743,8.1254,232.8505,450.5789,20468.4776,61.4909,2738.9232,42.0782,1417.0535,3.7460,100.3571,450.5789,20468.4776,29.1600,1464.7133,40.8185,1369.0208,3.5497,108.2356,209.2113,10882.5108,91.5754,3627.4176,150.0609,4182.3573,12.8347,330.9127,676.4578,27187.8592,61.4909,2738.9232,60.7774,2453.4758,6.5511,212.2712,450.5789,20468.4776, NaN, NaN, NaN, NaN, NaN, NaN, NaN, NaN, NaN, NaN, NaN, NaN, NaN, NaN, NaN, NaN, NaN, NaN, NaN, NaN, NaN, NaN, NaN, NaN, NaN, NaN,0.5583,0.0506,4.9687,6.7570,31.4227,0.5591,0.0510,4.8366,6.5436,31.5979,
06/2017,64.0915,3076.4794,110.1167,3864.2812,9.3101,316.1570,464.0160,23585.2056,64.0915,3076.4794,44.1238,1647.1109,3.9103,115.6654,464.0160,23585.2056,27.6912,1454.8723,45.9183,1674.3410,3.8974,130.5631,195.6833,11176.0948,86.3222,3710.9405,148.2281,4729.1089,12.5509,386.9324,635.4733,28510.0817,64.0915,3076.4794,64.0065,3012.0995,6.8623,272.4237,464.0160,23585.2056, NaN, NaN, NaN, NaN, NaN, NaN, NaN, NaN, NaN, NaN, NaN, NaN, NaN, NaN, NaN, NaN, NaN, NaN, NaN, NaN, NaN, NaN, NaN, NaN, NaN, NaN,0.4279,0.0385,5.7896,4.0189,30.9501,0.4264,0.0397,5.5914,3.9242,30.7652,
07/2017,248.2963,11905.7558,457.3985,15939.3229,38.6465,1228.1847,1895.8919,97484.5368,248.2963,11905.7558,172.6809,6707.9588,15.1662,453.0384,1895.8919,97484.5368,114.4627,5078.2464,183.8797,5576.6051,15.7975,440.4872,869.1764,41200.3089,338.7226,16013.2982,662.8258,25440.4925,55.4195,1833.6307,2588.7877,131305.2693,248.2963,11905.7558,249.8470,12178.8332,27.0550,1061.5995,1895.8919,97484.5368, NaN, NaN, NaN, NaN, NaN, NaN, NaN, NaN, NaN, NaN, NaN, NaN, NaN, NaN, NaN, NaN, NaN, NaN, NaN, NaN, NaN, NaN, NaN, NaN, NaN, NaN,0.3685,0.0337,6.8774,3.0118,29.1767,0.3698,0.0351,6.6457,2.8664,28.9355,
08/2017,342.8352,16384.4035,688.4326,29250.1244,57.0533,1891.8469,3059.2907,143968.1015,342.8352,16384.4035,239.9843,9577.8009,20.9130,595.3155,3059.2907,143968.1015,200.0506,8195.6448,367.0015,11308.1345,30.9685,855.1749,1788.0087,72221.0862,335.1456,15886.5235,663.4113,27170.5299,55.0040,1749.8771,2988.1667,139443.1205,342.8352,16384.4035,347.5764,18297.4207,37.2730,1628.1278,3059.2907,143968.1015, NaN, NaN, NaN, NaN, NaN, NaN, NaN, NaN, NaN, NaN, NaN, NaN, NaN, NaN, NaN, NaN, NaN, NaN, NaN, NaN, NaN, NaN, NaN, NaN, NaN, NaN,0.4893,0.0397,7.1788,1.6136,21.9227,0.5603,0.0451,6.7562,1.3120,21.4991,
09/2017,225.1930,8941.3805,408.5854,12880.0231,34.4966,915.8683,1737.8432,77194.5904,225.1930,8941.3805,156.4674,5048.7060,13.7368,343.0546,1737.8432,77194.5904,130.4986,4602.6490,214.7887,5270.1223,18.3845,417.3942,1008.7169,39081.2208,205.1050,7697.4883,361.8658,10201.2969,30.6742,755.6799,1581.0224,66155.1142,225.1930,8941.3805,226.1138,8824.8201,24.5063,792.8587,1737.8432,77194.5904, NaN, NaN, NaN, NaN, NaN, NaN, NaN, NaN, NaN, NaN, NaN, NaN, NaN, NaN, NaN, NaN, NaN, NaN, NaN, NaN, NaN, NaN, NaN, NaN, NaN, NaN,0.7547,0.0524,5.4959,0.8859,19.0244,0.6460,0.0509,5.1558,0.8667,21.5331,
10/2017,158.5354,5507.7926,259.4103,6266.6938,22.2416,486.7235,1345.0706,45187.3815,158.5354,5507.7926,109.3786,2992.9132,9.6584,216.5820,1345.0706,45187.3815,83.0390,2474.8243,119.2457,2479.9980,10.3783,202.6334,704.0652,20475.0318,134.6371,4455.5011,212.5798,4899.5247,18.3077,387.8110,1141.4456,36752.0768,158.5354,5507.7926,157.5829,4875.1288,17.2436,431.9940,1345.0706,45187.3815, NaN, NaN, NaN, NaN, NaN, NaN, NaN, NaN, NaN, NaN, NaN, NaN, NaN, NaN, NaN, NaN, NaN, NaN, NaN, NaN, NaN, NaN, NaN, NaN, NaN, NaN,0.5696,0.0420,6.0540,1.6968,21.5934, NaN, NaN, NaN, NaN, NaN,
11/2017,50.8810,1461.9139,66.6985,1376.7550,5.8545,113.3099,444.0424,11607.3454,50.8810,1461.9139,34.3971,755.5600,3.0909,58.9430,444.0424,11607.3454,26.7062,711.5904,31.0869,605.6228,2.7531,50.5435,233.0489,5811.4186,43.2691,1229.2474,54.9894,1149.9969,4.8393,95.3599,377.6561,9831.1545,50.8810,1461.9139,49.6160,1206.0605,5.5167,110.7892,444.0424,11607.3454, NaN, NaN, NaN, NaN, NaN, NaN, NaN, NaN, NaN, NaN, NaN, NaN, NaN, NaN, NaN, NaN, NaN, NaN, NaN, NaN, NaN, NaN, NaN, NaN, NaN, NaN,0.3330,0.0329,5.9589,4.6793,27.0258, NaN, NaN, NaN, NaN, NaN,
12/2017,38.3530,1537.7040,51.0990,1506.4968,4.4648,119.1968,314.0753,11169.2537,38.3530,1537.7040,25.9186,796.3450,2.3310,57.1783,314.0753,11169.2537,21.3149,944.2742,26.1667,844.7938,2.2996,66.1590,174.6241,6865.3715,37.2730,1594.5638,50.5729,1602.0533,4.4081,125.9469,305.1239,11542.3506,38.3530,1537.7040,37.4533,1298.3162,3.9960,111.4762,314.0753,11169.2537, NaN, NaN, NaN, NaN, NaN, NaN, NaN, NaN, NaN, NaN, NaN, NaN, NaN, NaN, NaN, NaN, NaN, NaN, NaN, NaN, NaN, NaN, NaN, NaN, NaN, NaN,0.2884,0.0338,5.9799,4.2371,31.0335, NaN, NaN, NaN, NaN, NaN,
01/2018,108.3629,4807.0454,248.0764,7516.4161,20.1380,524.2594,759.4447,30021.9309,108.3629,4807.0454,76.4623,2921.9039,6.6410,168.9296,759.4447,30021.9309,85.3546,3891.9485,198.5661,6192.9086,16.0987,431.1834,597.6306,24177.1133,105.0019,4705.9142,240.8900,7381.9499,19.5518,514.7062,735.7706,29375.4286,108.3629,4807.0454,110.5827,5267.1796,11.7054,407.6960,759.4447,30021.9309, NaN, NaN, NaN, NaN, NaN, NaN, NaN, NaN, NaN, NaN, NaN, NaN, NaN, NaN, NaN, NaN, NaN, NaN, NaN, NaN, NaN, NaN, NaN, NaN, NaN, NaN,0.2700,0.0385,6.0309,4.5207,32.5016, NaN, NaN, NaN, NaN, NaN,
02/2018,16.7270,531.4032,18.0038,423.4775,1.6014,35.3536,122.6524,3578.0410,16.7270,531.4032,11.0807,253.5035,1.0131,19.6949,122.6524,3578.0410,10.3507,327.0326,10.2610,246.4692,0.9156,20.6072,75.8925,2241.9111,13.9968,485.8790,14.6214,379.4166,1.3021,31.3493,102.5690,3255.9993,16.7270,531.4032,16.0803,407.3196,1.6014,35.3391,122.6524,3578.0410, NaN, NaN, NaN, NaN, NaN, NaN, NaN, NaN, NaN, NaN, NaN, NaN, NaN, NaN, NaN, NaN, NaN, NaN, NaN, NaN, NaN, NaN, NaN, NaN, NaN, NaN,0.3655,0.0459,6.2129,5.9086,31.7057, NaN, NaN, NaN, NaN, NaN,
03/2018,12.4848,490.5706,12.7613,372.8361,1.1366,30.2643,98.8332,3553.9332,12.4848,490.5706,8.2321,232.6187,0.7560,17.4623,98.8332,3553.9332,7.1453,310.5389,6.7078,214.6009,0.5984,17.1167,56.5486,2251.5918,9.6854,385.9142,9.3836,284.8385,0.8375,23.4374,76.6736,2832.6616,12.4848,490.5706,11.9553,363.8605,1.1312,30.2011,98.8332,3553.9332, NaN, NaN, NaN, NaN, NaN, NaN, NaN, NaN, NaN, NaN, NaN, NaN, NaN, NaN, NaN, NaN, NaN, NaN, NaN, NaN, NaN, NaN, NaN, NaN, NaN, NaN,0.3552,0.0492,6.4437,5.8117,33.3306, NaN, NaN, NaN, NaN, NaN,
04/2018,25.9891,958.0550,35.3652,845.3477,3.0762,67.7707,207.5680,6936.2317,25.9891,958.0550,17.5832,467.9520,1.5802,33.7742,207.5680,6936.2317,11.4394,462.6029,13.1084,343.2280,1.1560,27.8481,91.4089,3381.1754,18.1872,700.8163,22.5500,573.2626,1.9779,46.5873,145.3516,5121.4523,25.9891,958.0550,25.4182,753.5856,2.6379,64.5318,207.5680,6936.2317, NaN, NaN, NaN, NaN, NaN, NaN, NaN, NaN, NaN, NaN, NaN, NaN, NaN, NaN, NaN, NaN, NaN, NaN, NaN, NaN, NaN, NaN, NaN, NaN, NaN, NaN,0.3697,0.0532,6.4805,5.8101,34.0294, NaN, NaN, NaN, NaN, NaN,
