Date,BC BASE Flow Local (ML),BC BASE Flow Local + Upstream (ML),BC BASE TN Local (KG),BC BASE TN Local + Upstream (KG),BC BASE TP Local (KG),BC BASE TP Local + Upstream (KG),BC BASE OXY Local (KG),BC BASE OXY Local + Upstream (KG),BC Capped Flow Local (ML),BC Capped Flow Local + Upstream (ML),BC Capped TN Local (KG),BC Capped TN Local + Upstream (KG),BC Capped TP Local (KG),BC Capped TP Local + Upstream (KG),BC Capped OXY Local (KG),BC Capped OXY Local + Upstream (KG),BC Dry Flow Local (ML),BC Dry Flow Local + Upstream (ML),BC Dry TN Local (KG),BC Dry TN Local + Upstream (KG),BC Dry TP Local (KG),BC Dry TP Local + Upstream (KG),BC Dry OXY Local (KG),BC Dry OXY Local + Upstream (KG),BC Wet Flow Local (ML),BC Wet Flow Local + Upstream (ML),BC Wet TN Local (KG),BC Wet TN Local + Upstream (KG),BC Wet TP Local (KG),BC Wet TP Local + Upstream (KG),BC Wet OXY Local (KG),BC Wet OXY Local + Upstream (KG),BC Targets Flow Local (ML),BC Targets Flow Local + Upstream (ML),BC Targets TN Local (KG),BC Targets TN Local + Upstream (KG),BC Targets TP Local (KG),BC Targets TP Local + Upstream (KG),BC Targets OXY Local (KG),BC Targets OXY Local + Upstream (KG),Field Mean TN (mg/L),Field Mean TP (mg/L),Field Mean TCHLA (ug/L),Field Mean Oxygen (mg/L),Field Mean TEMP (C),Field Mean Salinity (psu),SCERM44_2015_2016_ALL Mean TN (mg/L),SCERM44_2015_2016_ALL Mean TP (mg/L),SCERM44_2015_2016_ALL Mean Oxy (mg/L),SCERM44_2015_2016_ALL Mean TCHLA (ug/L),SCERM44_2015_2016_ALL Mean Salinity (psu),SCERM44_2015_2016_Capped_ALL Mean TN (mg/L),SCERM44_2015_2016_Capped_ALL Mean TP (mg/L,)SCERM44_2015_2016_Capped_ALL Mean Oxy (mg/L),SCERM44_2015_2016_Capped_ALL Mean TCHLA (ug/L),SCERM44_2015_2016_Capped_ALL Mean Salinity (psu),SCERM44_2015_2016_Dry_ALL Mean TN (mg/L),SCERM44_2015_2016_Dry_ALL Mean TP (mg/L),SCERM44_2015_2016_Dry_ALL Mean Oxy (mg/L),SCERM44_2015_2016_Dry_ALL Mean TCHLA (ug/L),SCERM44_2015_2016_Dry_ALL Mean Salinity (psu),SCERM44_2015_2016_Target_ALL Mean TN (mg/L),SCERM44_2015_2016_Target_ALL Mean TP (mg/L),SCERM44_2015_2016_Target_ALL Mean Oxy (mg/L),SCERM44_2015_2016_Target_ALL Mean TCHLA (ug/L),SCERM44_2015_2016_Target_ALL Mean Salinity (psu),SCERM44_2017_2018_ALL Mean TN (mg/L),SCERM44_2017_2018_ALL Mean TP (mg/L),SCERM44_2017_2018_ALL Mean Oxy (mg/L),SCERM44_2017_2018_ALL Mean TCHLA (ug/L),SCERM44_2017_2018_ALL Mean Salinity (psu),SCERM44_2017_2018_Wet_ALL Mean TN (mg/L),SCERM44_2017_2018_Wet_ALL Mean TP (mg/L),SCERM44_2017_2018_Wet_ALL Mean Oxy (mg/L),SCERM44_2017_2018_Wet_ALL Mean TCHLA (ug/L),SCERM44_2017_2018_Wet_ALL Mean Salinity (psu),
01/2008,10.8086,1294.5744,10.4715,1277.7609,0.9073,79.9055,91.7451,9275.4250,10.8086,1294.5744,6.9676,802.9026,0.6131,63.0735,91.7451,9275.4250,5.6851,548.4067,4.9495,453.2006,0.4298,27.1137,48.2437,4044.0779,8.4326,1098.0749,7.8462,1047.5167,0.6806,63.4381,71.6460,7835.6507,10.8086,1294.5744,9.8894,1119.0361,0.9073,79.4317,91.7451,7835.6507, NaN, NaN, NaN, NaN, NaN, NaN, NaN, NaN, NaN, NaN, NaN, NaN, NaN, NaN, NaN, NaN, NaN, NaN, NaN, NaN, NaN, NaN, NaN, NaN, NaN, NaN, NaN, NaN, NaN, NaN, NaN, NaN, NaN, NaN, NaN, NaN,
02/2008,29.0218,3724.1338,48.0973,4262.0979,3.9493,429.0436,263.1053,26460.0572,29.0218,3724.1338,19.8228,1992.4080,1.6629,149.9871,263.1053,26460.0572,12.0787,1524.7181,16.7111,1469.9819,1.4002,157.6865,109.2925,10739.6659,50.6650,6975.2707,97.6154,8958.2629,7.8650,842.0196,456.5952,48136.4241,29.0218,3724.1338,28.3636,3300.2133,3.0441,306.5609,263.1053,48136.4241, NaN, NaN, NaN, NaN, NaN, NaN, NaN, NaN, NaN, NaN, NaN, NaN, NaN, NaN, NaN, NaN, NaN, NaN, NaN, NaN, NaN, NaN, NaN, NaN, NaN, NaN, NaN, NaN, NaN, NaN, NaN, NaN, NaN, NaN, NaN, NaN,
03/2008,13.0205,1728.1555,16.4541,1782.0567,1.3870,184.6566,91.4227,11204.3738,13.0205,1728.1555,8.6225,976.7378,0.7380,77.7492,91.4227,11204.3738,7.3786,947.2032,9.0382,873.8765,0.7633,104.1842,50.8979,6041.1518,10.8000,1378.1837,11.6523,1343.3562,0.9983,120.8155,78.1896,9109.1298,13.0205,1728.1555,12.0432,1453.8057,1.2464,133.3200,91.4227,9109.1298, NaN, NaN, NaN, NaN, NaN, NaN, NaN, NaN, NaN, NaN, NaN, NaN, NaN, NaN, NaN, NaN, NaN, NaN, NaN, NaN, NaN, NaN, NaN, NaN, NaN, NaN, NaN, NaN, NaN, NaN, NaN, NaN, NaN, NaN, NaN, NaN,
04/2008,84.1709,18803.4394,141.2405,28284.0724,11.6241,1861.7048,562.9337,120668.0947,84.1709,18803.4394,57.7636,21216.4197,4.8179,817.8646,562.9337,120668.0947,30.1795,4249.5322,42.6933,4131.6368,3.5818,532.6149,200.3093,27340.8680,55.3824,7689.1853,84.8085,8154.7306,7.0564,919.4860,370.0588,49664.4916,84.1709,18803.4394,82.6824,25214.6192,9.2045,1381.1516,562.9337,49664.4916, NaN, NaN, NaN, NaN, NaN, NaN, NaN, NaN, NaN, NaN, NaN, NaN, NaN, NaN, NaN, NaN, NaN, NaN, NaN, NaN, NaN, NaN, NaN, NaN, NaN, NaN, NaN, NaN, NaN, NaN, NaN, NaN, NaN, NaN, NaN, NaN,
05/2008,77.7341,12301.0099,116.2884,15104.8361,9.7097,1235.2151,587.1010,87498.1448,77.7341,12301.0099,52.7878,9493.9509,4.4231,490.6068,587.1010,87498.1448,31.2336,4391.2282,41.5511,4186.7110,3.5074,508.2171,235.6798,30273.5994,79.6694,11878.0042,124.2987,13092.6014,10.3204,1305.8793,600.8907,84476.9267,77.7341,12301.0099,74.9305,12934.3125,8.4587,934.6306,587.1010,84476.9267, NaN, NaN, NaN, NaN, NaN, NaN, NaN, NaN, NaN, NaN, NaN, NaN, NaN, NaN, NaN, NaN, NaN, NaN, NaN, NaN, NaN, NaN, NaN, NaN, NaN, NaN, NaN, NaN, NaN, NaN, NaN, NaN, NaN, NaN, NaN, NaN,
06/2008,179.7466,31728.6461,318.5029,46029.2166,26.0854,3310.6973,1491.0672,263633.6738,179.7466,31728.6461,124.5394,23482.0131,10.3155,1190.2042,1491.0672,263633.6738,76.3517,10310.8723,120.3876,11231.5907,9.9931,1291.4357,632.4906,83089.0530,173.1370,31370.9674,306.2268,41862.5882,25.0836,3155.4868,1436.0897,262682.7789,179.7466,31728.6461,178.2327,36198.3165,20.2212,2522.0776,1491.0672,262682.7789, NaN, NaN, NaN, NaN, NaN, NaN, NaN, NaN, NaN, NaN, NaN, NaN, NaN, NaN, NaN, NaN, NaN, NaN, NaN, NaN, NaN, NaN, NaN, NaN, NaN, NaN, NaN, NaN, NaN, NaN, NaN, NaN, NaN, NaN, NaN, NaN,
07/2008,302.5296,113929.9085,577.3587,309237.5780,45.7585,14967.8165,2725.3152,1113141.4954,302.5296,113929.9085,211.0456,241775.7394,17.2551,5790.9292,2725.3152,1113141.4954,133.7126,26346.6173,217.9477,33773.9172,18.0470,2505.3979,1204.7886,248454.3916,329.2704,170952.7421,638.8677,392202.5398,51.0780,22361.9836,2966.4613,1695478.2342,302.5296,113929.9085,303.3438,270474.8645,33.7741,8349.0113,2725.3152,1695478.2342, NaN, NaN, NaN, NaN, NaN, NaN, NaN, NaN, NaN, NaN, NaN, NaN, NaN, NaN, NaN, NaN, NaN, NaN, NaN, NaN, NaN, NaN, NaN, NaN, NaN, NaN, NaN, NaN, NaN, NaN, NaN, NaN, NaN, NaN, NaN, NaN,
08/2008,203.8781,107191.8403,354.1556,250702.3366,27.9934,9519.6962,1858.3928,1078566.4036,203.8781,107191.8403,141.4572,222092.0960,11.5350,5785.7615,1858.3928,1078566.4036,102.2630,17203.2941,153.2935,20842.0916,12.8288,1196.7435,931.8813,163211.3873,204.2150,126918.0922,349.6477,308511.9189,28.0452,13158.9108,1861.6232,1282816.2707,203.8781,107191.8403,201.4853,234353.7974,22.6012,6851.9603,1858.3928,1282816.2707, NaN, NaN, NaN, NaN, NaN, NaN, NaN, NaN, NaN, NaN, NaN, NaN, NaN, NaN, NaN, NaN, NaN, NaN, NaN, NaN, NaN, NaN, NaN, NaN, NaN, NaN, NaN, NaN, NaN, NaN, NaN, NaN, NaN, NaN, NaN, NaN,
09/2008,191.4710,34430.7715,339.2722,45131.8638,26.7188,2554.5493,1705.9615,308961.1121,191.4710,34430.7715,133.1438,27612.8046,10.8598,1083.4355,1705.9615,308961.1121,103.0493,11206.5725,160.0335,12063.1323,13.3209,1116.1776,916.9818,98344.3146,175.3920,29364.7507,298.3017,34327.7108,24.0321,2126.7203,1564.2888,264663.4496,191.4710,34430.7715,189.8562,36344.6151,21.2733,2042.1077,1705.9615,264663.4496, NaN, NaN, NaN, NaN, NaN, NaN, NaN, NaN, NaN, NaN, NaN, NaN, NaN, NaN, NaN, NaN, NaN, NaN, NaN, NaN, NaN, NaN, NaN, NaN, NaN, NaN, NaN, NaN, NaN, NaN, NaN, NaN, NaN, NaN, NaN, NaN,
10/2008,127.4054,23777.0813,199.7034,28637.4023,16.3178,1638.9940,1075.9538,189227.5556,127.4054,23777.0813,87.6291,19178.5338,7.2317,770.6236,1075.9538,189227.5556,64.2643,6476.1811,86.8292,6392.5981,7.3499,566.0405,542.6127,51119.8658,108.9850,17208.8323,163.5661,17798.4282,13.5949,1205.3338,920.9087,137140.6750,127.4054,23777.0813,123.9741,24307.0176,14.2030,1326.9361,1075.9538,137140.6750, NaN, NaN, NaN, NaN, NaN, NaN, NaN, NaN, NaN, NaN, NaN, NaN, NaN, NaN, NaN, NaN, NaN, NaN, NaN, NaN, NaN, NaN, NaN, NaN, NaN, NaN, NaN, NaN, NaN, NaN, NaN, NaN, NaN, NaN, NaN, NaN,
11/2008,111.7411,17271.9302,176.7548,21041.4311,14.5670,1521.0313,909.6478,124464.8150,111.7411,17271.9302,76.6108,12051.1402,6.3595,656.1325,909.6478,124464.8150,48.9974,4680.3658,64.7872,4543.8944,5.4879,443.7323,398.6315,34577.1428,95.4029,13424.6592,145.4736,14101.1621,12.1264,1168.8350,776.6094,96676.9894,111.7411,17271.9302,108.7331,16882.4713,12.4795,1232.4083,909.6478,96676.9894, NaN, NaN, NaN, NaN, NaN, NaN, NaN, NaN, NaN, NaN, NaN, NaN, NaN, NaN, NaN, NaN, NaN, NaN, NaN, NaN, NaN, NaN, NaN, NaN, NaN, NaN, NaN, NaN, NaN, NaN, NaN, NaN, NaN, NaN, NaN, NaN,
12/2008,58.8557,6015.6346,79.8605,6309.6307,6.7433,499.6386,443.6449,40653.4573,58.8557,6015.6346,39.6071,3529.5811,3.3433,256.8564,443.6449,40653.4573,28.0714,2239.1510,33.9900,2051.3838,2.8972,195.5640,211.4291,15385.6038,54.0086,5814.2275,73.2323,5783.5851,6.1792,469.8784,406.8444,39009.8621,58.8557,6015.6346,56.0355,5198.7606,6.3522,433.9780,443.6449,39009.8621, NaN, NaN, NaN, NaN, NaN, NaN, NaN, NaN, NaN, NaN, NaN, NaN, NaN, NaN, NaN, NaN, NaN, NaN, NaN, NaN, NaN, NaN, NaN, NaN, NaN, NaN, NaN, NaN, NaN, NaN, NaN, NaN, NaN, NaN, NaN, NaN,
01/2009,15.9754,2118.7786,16.3596,2631.5703,1.4143,131.9684,115.7639,13597.9069,15.9754,2118.7786,10.3557,1915.3119,0.9045,97.8251,115.7639,13597.9069,7.1194,1433.1859,6.3824,1825.8590,0.5543,72.9538,51.5564,8778.0579,13.3920,1777.6109,13.3099,1720.3738,1.1522,108.7548,97.0549,11504.5456,15.9754,2118.7786,14.7680,2398.6033,1.4143,129.1080,115.7639,11504.5456, NaN, NaN, NaN, NaN, NaN, NaN, NaN, NaN, NaN, NaN, NaN, NaN, NaN, NaN, NaN, NaN, NaN, NaN, NaN, NaN, NaN, NaN, NaN, NaN, NaN, NaN, NaN, NaN, NaN, NaN, NaN, NaN, NaN, NaN, NaN, NaN,
02/2009,12.8045,5102.8790,15.2627,13057.4783,1.2954,272.7722,95.8209,29676.5476,12.8045,5102.8790,8.4339,12272.9347,0.7264,213.7249,95.8209,29676.5476,5.3482,777.4445,5.4119,682.0307,0.4643,45.6333,40.0282,5089.1774,15.3187,2334.6144,21.9998,2543.8513,1.8300,203.7114,117.3341,15671.8523,12.8045,5102.8790,11.9293,12780.5456,1.1950,255.3020,95.8209,15671.8523, NaN, NaN, NaN, NaN, NaN, NaN, NaN, NaN, NaN, NaN, NaN, NaN, NaN, NaN, NaN, NaN, NaN, NaN, NaN, NaN, NaN, NaN, NaN, NaN, NaN, NaN, NaN, NaN, NaN, NaN, NaN, NaN, NaN, NaN, NaN, NaN,
03/2009,9.2534,2290.6541,9.1681,3601.5549,0.7911,156.2030,71.8349,13887.5930,9.2534,2290.6541,5.9652,3035.2682,0.5230,89.2855,71.8349,13887.5930,4.4410,668.2435,4.0744,542.9986,0.3517,64.5413,34.3218,4569.8163,7.0243,1171.9728,6.4332,1143.5155,0.5574,94.1724,54.7141,8042.0167,9.2534,2290.6541,8.3192,3390.2715,0.7911,120.6679,71.8349,8042.0167, NaN, NaN, NaN, NaN, NaN, NaN, NaN, NaN, NaN, NaN, NaN, NaN, NaN, NaN, NaN, NaN, NaN, NaN, NaN, NaN, NaN, NaN, NaN, NaN, NaN, NaN, NaN, NaN, NaN, NaN, NaN, NaN, NaN, NaN, NaN, NaN,
04/2009,7.3354,1384.3872,7.3920,1447.6011,0.6353,140.0489,53.0302,9323.8698,7.3354,1384.3872,4.7402,873.0858,0.4147,67.9997,53.0302,9323.8698,2.8685,526.3142,2.4940,460.9204,0.2151,46.9958,20.6925,3545.4097,5.6160,1107.9158,5.2572,1124.2982,0.4537,103.5103,40.8253,7484.9014,7.3354,1384.3872,6.4746,1213.5847,0.6311,101.0313,53.0302,7484.9014, NaN, NaN, NaN, NaN, NaN, NaN, NaN, NaN, NaN, NaN, NaN, NaN, NaN, NaN, NaN, NaN, NaN, NaN, NaN, NaN, NaN, NaN, NaN, NaN, NaN, NaN, NaN, NaN, NaN, NaN, NaN, NaN, NaN, NaN, NaN, NaN,
05/2009,22.2134,4469.6102,30.7609,4967.2883,2.5825,572.0612,183.3814,32567.4295,22.2134,4469.6102,14.9379,2546.2292,1.2599,177.6721,183.3814,32567.4295,12.4157,2486.5315,16.0519,2428.9642,1.3576,323.5092,102.5473,18092.9671,26.3347,5483.8339,38.9376,6103.0234,3.2479,713.5004,217.4155,39804.3392,22.2134,4469.6102,20.9033,4025.1842,2.3049,379.0160,183.3814,39804.3392, NaN, NaN, NaN, NaN, NaN, NaN, NaN, NaN, NaN, NaN, NaN, NaN, NaN, NaN, NaN, NaN, NaN, NaN, NaN, NaN, NaN, NaN, NaN, NaN, NaN, NaN, NaN, NaN, NaN, NaN, NaN, NaN, NaN, NaN, NaN, NaN,
06/2009,77.5786,18533.4653,119.8654,22643.3485,9.9810,1888.4261,652.3743,147857.2933,77.5786,18533.4653,52.9145,13770.5204,4.4160,624.9894,652.3743,147857.2933,44.3318,9494.0640,62.3099,9598.9593,5.2426,1043.2576,372.6323,75570.4339,78.8832,21184.8826,122.3207,25331.6784,10.1812,2025.1783,663.3649,171913.6308,77.5786,18533.4653,75.0878,19370.1243,8.4858,1304.7918,652.3743,171913.6308, NaN, NaN, NaN, NaN, NaN, NaN, NaN, NaN, NaN, NaN, NaN, NaN, NaN, NaN, NaN, NaN, NaN, NaN, NaN, NaN, NaN, NaN, NaN, NaN, NaN, NaN, NaN, NaN, NaN, NaN, NaN, NaN, NaN, NaN, NaN, NaN,
07/2009,186.7277,125981.1014,331.8312,282693.2727,27.1685,9737.2411,1594.8823,1169370.6503,186.7277,125981.1014,129.2995,250983.3580,10.7112,6614.0448,1594.8823,1169370.6503,90.4003,21570.4944,143.1065,25744.4935,11.8812,1784.2401,773.1489,192319.4640,220.6051,176916.9514,407.6429,423203.9713,33.1998,17588.1425,1885.4892,1650428.4043,186.7277,125981.1014,185.1127,269082.2726,20.9294,8179.7664,1594.8823,1650428.4043, NaN, NaN, NaN, NaN, NaN, NaN, NaN, NaN, NaN, NaN, NaN, NaN, NaN, NaN, NaN, NaN, NaN, NaN, NaN, NaN, NaN, NaN, NaN, NaN, NaN, NaN, NaN, NaN, NaN, NaN, NaN, NaN, NaN, NaN, NaN, NaN,
08/2009,229.3920,125838.6192,409.9385,238501.4599,32.5186,12850.0561,1918.9288,1150438.4594,229.3920,125838.6192,159.4994,184797.3376,13.0281,4745.8848,1918.9288,1150438.4594,124.8912,35708.2819,197.3538,46580.8047,16.4100,2786.2146,1046.2292,316090.1643,221.5296,113854.0493,384.5654,192010.0515,31.2325,11065.4827,1849.7437,1036294.8247,229.3920,125838.6192,227.9082,207586.8457,25.5224,6795.9831,1918.9288,1036294.8247, NaN, NaN, NaN, NaN, NaN, NaN, NaN, NaN, NaN, NaN, NaN, NaN, NaN, NaN, NaN, NaN, NaN, NaN, NaN, NaN, NaN, NaN, NaN, NaN, NaN, NaN, NaN, NaN, NaN, NaN, NaN, NaN, NaN, NaN, NaN, NaN,
09/2009,220.8038,89241.1776,387.9727,126319.7906,30.8494,8446.7403,1952.1933,832198.1095,220.8038,89241.1776,153.2877,86995.1674,12.5210,2476.0507,1952.1933,832198.1095,127.0080,28563.5981,196.4233,32827.3132,16.3910,2058.0356,1122.9710,263233.9091,192.2314,68628.9715,324.3400,98033.1630,26.2882,5762.2979,1699.5174,640555.5727,220.8038,89241.1776,218.7248,104181.7008,24.5351,4035.0980,1952.1933,640555.5727, NaN, NaN, NaN, NaN, NaN, NaN, NaN, NaN, NaN, NaN, NaN, NaN, NaN, NaN, NaN, NaN, NaN, NaN, NaN, NaN, NaN, NaN, NaN, NaN, NaN, NaN, NaN, NaN, NaN, NaN, NaN, NaN, NaN, NaN, NaN, NaN,
10/2009,103.7059,20681.8358,151.6881,21672.4281,12.6742,1055.2006,923.7909,175773.4364,103.7059,20681.8358,70.7256,15575.5896,5.8879,581.2296,923.7909,175773.4364,59.2272,6848.0381,77.4686,6414.7360,6.5807,436.5149,526.9287,58424.1276,87.0739,17610.0394,122.8972,18872.1074,10.3446,922.4740,775.6452,150767.5992,103.7059,20681.8358,99.6904,18856.4535,11.5794,929.7791,923.7909,150767.5992, NaN, NaN, NaN, NaN, NaN, NaN, NaN, NaN, NaN, NaN, NaN, NaN, NaN, NaN, NaN, NaN, NaN, NaN, NaN, NaN, NaN, NaN, NaN, NaN, NaN, NaN, NaN, NaN, NaN, NaN, NaN, NaN, NaN, NaN, NaN, NaN,
11/2009,66.5885,11320.1971,94.3277,12240.8280,7.9267,906.4987,484.7608,76410.9667,66.5885,11320.1971,45.0193,7501.6464,3.7893,387.7453,484.7608,76410.9667,34.4218,3484.1405,42.1169,3283.7462,3.5938,316.4754,251.7892,23418.7107,56.2378,10379.7677,77.2127,10246.3915,6.5098,762.3249,409.5684,70565.7158,66.5885,11320.1971,63.7872,10251.3590,7.2633,714.6451,484.7608,70565.7158, NaN, NaN, NaN, NaN, NaN, NaN, NaN, NaN, NaN, NaN, NaN, NaN, NaN, NaN, NaN, NaN, NaN, NaN, NaN, NaN, NaN, NaN, NaN, NaN, NaN, NaN, NaN, NaN, NaN, NaN, NaN, NaN, NaN, NaN, NaN, NaN,
12/2009,21.4013,2891.7389,23.2618,2873.5474,2.0038,179.7175,146.8845,18411.9745,21.4013,2891.7389,13.9803,1820.3209,1.2118,126.2886,146.8845,18411.9745,11.4307,1043.0899,11.1486,888.1144,0.9659,59.6894,78.4910,6689.9344,17.4701,2353.1731,18.3370,2227.9626,1.5829,145.5718,119.8684,14977.0776,21.4013,2891.7389,19.8837,2473.5412,2.0038,176.8097,146.8845,14977.0776, NaN, NaN, NaN, NaN, NaN, NaN, NaN, NaN, NaN, NaN, NaN, NaN, NaN, NaN, NaN, NaN, NaN, NaN, NaN, NaN, NaN, NaN, NaN, NaN, NaN, NaN, NaN, NaN, NaN, NaN, NaN, NaN, NaN, NaN, NaN, NaN,
01/2010,7.0330,1102.1357,6.3131,1137.3360,0.5478,71.7691,51.2073,7177.1789,7.0330,1102.1357,4.4792,694.1819,0.3972,60.0161,51.2073,7177.1789,3.9312,466.5600,3.2252,386.7469,0.2799,21.6921,28.6128,3077.8028,5.5123,956.9146,4.7649,983.0105,0.4136,59.7023,40.1406,6218.9481,7.0330,1102.1357,6.2347,966.1286,0.5478,71.3628,51.2073,6218.9481, NaN, NaN, NaN, NaN, NaN, NaN, NaN, NaN, NaN, NaN, NaN, NaN, NaN, NaN, NaN, NaN, NaN, NaN, NaN, NaN, NaN, NaN, NaN, NaN, NaN, NaN, NaN, NaN, NaN, NaN, NaN, NaN, NaN, NaN, NaN, NaN,
02/2010,3.6806,717.2064,3.0189,803.8449,0.2619,49.7093,27.9044,4824.6606,3.6806,717.2064,2.3176,489.2391,0.2074,43.5348,27.9044,4824.6606,2.0995,292.4035,1.5825,261.4022,0.1370,12.8303,15.9270,1994.2463,3.0326,629.0093,2.4738,699.5592,0.2143,42.1653,22.8999,4208.1760,3.6806,717.2064,3.0133,664.7196,0.2619,49.1604,27.9044,4208.1760, NaN, NaN, NaN, NaN, NaN, NaN, NaN, NaN, NaN, NaN, NaN, NaN, NaN, NaN, NaN, NaN, NaN, NaN, NaN, NaN, NaN, NaN, NaN, NaN, NaN, NaN, NaN, NaN, NaN, NaN, NaN, NaN, NaN, NaN, NaN, NaN,
03/2010,22.2912,3653.9251,42.8486,7064.4847,3.4548,492.0089,155.8392,22561.9526,22.2912,3653.9251,15.4215,4784.3487,1.2798,206.3806,155.8392,22561.9526,15.3965,2330.6227,27.8507,2792.0663,2.2659,274.1620,107.6877,14360.4919,11.4826,2223.9101,18.7266,2506.9282,1.5404,216.3691,80.3126,13809.9901,22.2912,3653.9251,22.0437,5974.0177,2.3890,361.6196,155.8392,13809.9901, NaN, NaN, NaN, NaN, NaN, NaN, NaN, NaN, NaN, NaN, NaN, NaN, NaN, NaN, NaN, NaN, NaN, NaN, NaN, NaN, NaN, NaN, NaN, NaN, NaN, NaN, NaN, NaN, NaN, NaN, NaN, NaN, NaN, NaN, NaN, NaN,
04/2010,24.7709,4037.9213,35.9995,7611.5691,3.0028,417.0334,176.8529,25125.7054,24.7709,4037.9213,16.7021,6056.7140,1.4073,220.0357,176.8529,25125.7054,10.4026,1262.7706,12.7719,1165.5375,1.0828,119.7174,74.2238,8406.8486,14.4029,1992.2112,19.2319,2077.2976,1.6183,204.8969,102.8741,13210.3552,24.7709,4037.9213,23.6123,6947.7392,2.5688,335.0697,176.8529,13210.3552, NaN, NaN, NaN, NaN, NaN, NaN, NaN, NaN, NaN, NaN, NaN, NaN, NaN, NaN, NaN, NaN, NaN, NaN, NaN, NaN, NaN, NaN, NaN, NaN, NaN, NaN, NaN, NaN, NaN, NaN, NaN, NaN, NaN, NaN, NaN, NaN,
05/2010,58.2595,8309.1053,98.8611,10261.5062,8.1098,1089.5829,492.2576,63290.4482,58.2595,8309.1053,39.8306,5245.8207,3.3169,323.5713,492.2576,63290.4482,32.8666,4609.1635,51.2753,4824.0617,4.2524,611.5406,278.2991,34997.9210,64.5494,9767.4682,116.8540,11590.6034,9.5151,1320.7858,548.2649,74249.7963,58.2595,8309.1053,57.0414,8029.4507,6.2661,723.2393,492.2576,74249.7963, NaN, NaN, NaN, NaN, NaN, NaN, NaN, NaN, NaN, NaN, NaN, NaN, NaN, NaN, NaN, NaN, NaN, NaN, NaN, NaN, NaN, NaN, NaN, NaN, NaN, NaN, NaN, NaN, NaN, NaN, NaN, NaN, NaN, NaN, NaN, NaN,
06/2010,57.7152,9441.4723,85.4124,12660.3633,7.1260,933.4669,464.3921,74934.7259,57.7152,9441.4723,39.0280,8298.6673,3.2817,369.0235,464.3921,74934.7259,27.6998,3741.7507,37.8468,3769.2872,3.1810,423.4408,222.3789,28897.3360,52.8509,8144.6602,78.1642,8844.4914,6.5185,857.8619,424.9792,64116.1677,57.7152,9441.4723,55.5341,10907.8161,6.1436,719.3674,464.3921,64116.1677, NaN, NaN, NaN, NaN, NaN, NaN, NaN, NaN, NaN, NaN, NaN, NaN, NaN, NaN, NaN, NaN, NaN, NaN, NaN, NaN, NaN, NaN, NaN, NaN, NaN, NaN, NaN, NaN, NaN, NaN, NaN, NaN, NaN, NaN, NaN, NaN,
07/2010,119.2925,29785.2768,189.7827,43276.9295,15.7135,2784.5272,1014.5522,266558.0788,119.2925,29785.2768,81.0494,27325.0980,6.7364,1034.6834,1014.5522,266558.0788,56.9722,9735.4224,81.1830,10360.2073,6.8010,1182.7415,485.0001,83711.9832,127.5350,42434.8502,208.1515,60216.9756,17.1711,3644.1854,1084.8966,386954.2656,119.2925,29785.2768,115.2331,36636.9232,13.1193,2085.3130,1014.5522,386954.2656, NaN, NaN, NaN, NaN, NaN, NaN, NaN, NaN, NaN, NaN, NaN, NaN, NaN, NaN, NaN, NaN, NaN, NaN, NaN, NaN, NaN, NaN, NaN, NaN, NaN, NaN, NaN, NaN, NaN, NaN, NaN, NaN, NaN, NaN, NaN, NaN,
08/2010,130.7578,21494.9290,212.7685,26538.8592,17.4573,1733.4265,1109.4924,177244.4333,130.7578,21494.9290,89.3942,15551.6155,7.4013,702.0834,1109.4924,177244.4333,70.1136,7759.6877,106.7062,8192.6046,8.8754,830.3923,594.6433,61910.2673,117.4349,22962.7008,183.8756,25773.7780,15.2513,1618.3975,996.7210,192433.2390,130.7578,21494.9290,127.1353,21507.0762,14.5074,1385.6824,1109.4924,192433.2390, NaN, NaN, NaN, NaN, NaN, NaN, NaN, NaN, NaN, NaN, NaN, NaN, NaN, NaN, NaN, NaN, NaN, NaN, NaN, NaN, NaN, NaN, NaN, NaN, NaN, NaN, NaN, NaN, NaN, NaN, NaN, NaN, NaN, NaN, NaN, NaN,
09/2010,118.5581,14115.2112,186.7380,16268.7397,15.3157,1193.7801,1071.4764,115198.9157,118.5581,14115.2112,81.0721,8858.1614,6.7070,498.6450,1071.4764,115198.9157,60.4800,5171.7139,85.0111,5263.5798,7.1463,524.4881,545.2093,42254.4175,95.9731,11900.2349,143.6972,13025.9934,11.9539,974.5644,866.8461,97325.5510,118.5581,14115.2112,114.9064,12747.6140,13.1662,972.6275,1071.4764,97325.5510, NaN, NaN, NaN, NaN, NaN, NaN, NaN, NaN, NaN, NaN, NaN, NaN, NaN, NaN, NaN, NaN, NaN, NaN, NaN, NaN, NaN, NaN, NaN, NaN, NaN, NaN, NaN, NaN, NaN, NaN, NaN, NaN, NaN, NaN, NaN, NaN,
10/2010,57.2486,5729.2963,75.2189,5971.9028,6.3741,492.9512,515.3234,42158.4320,57.2486,5729.2963,38.3077,3423.3379,3.2362,240.1578,515.3234,42158.4320,26.2224,2205.8698,29.7921,1999.6427,2.5556,185.4460,236.1901,16604.8606,44.4614,4333.3661,55.4515,4373.4542,4.7206,376.8814,400.4718,31962.9413,57.2486,5729.2963,54.1069,4953.7642,6.1307,424.2229,515.3234,31962.9413, NaN, NaN, NaN, NaN, NaN, NaN, NaN, NaN, NaN, NaN, NaN, NaN, NaN, NaN, NaN, NaN, NaN, NaN, NaN, NaN, NaN, NaN, NaN, NaN, NaN, NaN, NaN, NaN, NaN, NaN, NaN, NaN, NaN, NaN, NaN, NaN,
11/2010,27.9850,2698.8854,32.7617,2721.0103,2.8022,239.2699,224.9151,17983.0217,27.9850,2698.8854,18.4015,1553.7331,1.5792,124.2823,224.9151,17983.0217,11.6554,1024.3843,11.6429,874.0928,1.0058,78.2984,93.7512,6968.0038,21.3322,2232.2045,23.8663,2193.2287,2.0468,193.9442,171.5716,14792.3311,27.9850,2698.8854,26.1057,2273.3059,2.7423,199.7681,224.9151,14792.3311, NaN, NaN, NaN, NaN, NaN, NaN, NaN, NaN, NaN, NaN, NaN, NaN, NaN, NaN, NaN, NaN, NaN, NaN, NaN, NaN, NaN, NaN, NaN, NaN, NaN, NaN, NaN, NaN, NaN, NaN, NaN, NaN, NaN, NaN, NaN, NaN,
12/2010,20.1830,2075.9328,24.1339,2010.0031,2.0534,220.8638,148.6219,12711.6837,20.1830,2075.9328,13.2841,1146.7611,1.1388,91.5852,148.6219,12711.6837,11.1370,1131.1747,12.4864,960.3977,1.0663,124.5777,82.0741,6945.7675,18.5328,2072.3040,22.7501,2003.9901,1.9289,231.1547,136.5728,12579.7835,20.1830,2075.9328,18.8244,1683.7901,1.9568,158.5135,148.6219,12579.7835, NaN, NaN, NaN, NaN, NaN, NaN, NaN, NaN, NaN, NaN, NaN, NaN, NaN, NaN, NaN, NaN, NaN, NaN, NaN, NaN, NaN, NaN, NaN, NaN, NaN, NaN, NaN, NaN, NaN, NaN, NaN, NaN, NaN, NaN, NaN, NaN,
01/2011,19.0512,2555.8589,27.0412,2612.7192,2.2562,286.5303,107.2868,13849.1282,19.0512,2555.8589,12.8093,1375.0559,1.0902,101.1581,107.2868,13849.1282,14.8349,2033.4240,21.3616,1971.2965,1.7805,239.5545,82.4955,10982.7110,17.2714,2456.9568,24.7851,2502.6565,2.0656,277.9387,96.6407,13303.8530,19.0512,2555.8589,18.1385,2167.4508,1.8995,208.0405,107.2868,13303.8530, NaN, NaN, NaN, NaN, NaN, NaN, NaN, NaN, NaN, NaN, NaN, NaN, NaN, NaN, NaN, NaN, NaN, NaN, NaN, NaN, NaN, NaN, NaN, NaN, NaN, NaN, NaN, NaN, NaN, NaN, NaN, NaN, NaN, NaN, NaN, NaN,
02/2011,2.8253,510.4685,2.2402,532.1982,0.1942,33.0043,18.8164,3053.6831,2.8253,510.4685,1.7746,339.2565,0.1594,25.7010,18.8164,3053.6831,1.5466,210.1507,1.1197,180.0418,0.0967,9.6279,10.3184,1279.8574,2.1168,496.8432,1.6335,508.1307,0.1413,34.8049,14.0602,2931.2032,2.8253,510.4685,2.2391,455.2852,0.1942,29.7475,18.8164,2931.2032, NaN, NaN, NaN, NaN, NaN, NaN, NaN, NaN, NaN, NaN, NaN, NaN, NaN, NaN, NaN, NaN, NaN, NaN, NaN, NaN, NaN, NaN, NaN, NaN, NaN, NaN, NaN, NaN, NaN, NaN, NaN, NaN, NaN, NaN, NaN, NaN,
03/2011,1.6416,879.4224,1.1676,926.1043,0.1007,70.2717,11.0566,5572.1484,1.6416,879.4224,1.0202,515.7614,0.0926,37.4532,11.0566,5572.1484,0.9072,511.8077,0.5975,466.2738,0.0512,38.7171,6.1138,3259.7691,1.1491,591.7104,0.7801,626.2985,0.0670,42.6106,7.7414,3740.6156,1.6416,879.4224,1.1676,826.5407,0.1007,51.5595,11.0566,3740.6156, NaN, NaN, NaN, NaN, NaN, NaN, NaN, NaN, NaN, NaN, NaN, NaN, NaN, NaN, NaN, NaN, NaN, NaN, NaN, NaN, NaN, NaN, NaN, NaN, NaN, NaN, NaN, NaN, NaN, NaN, NaN, NaN, NaN, NaN, NaN, NaN,
04/2011,9.7718,2051.0150,12.0524,2002.0591,1.0232,234.4615,59.5409,13295.9285,9.7718,2051.0150,6.4927,1094.5589,0.5537,79.3766,59.5409,13295.9285,4.2077,890.3606,4.4149,743.2023,0.3790,91.7407,25.6571,5762.0927,6.2986,1421.3578,7.1066,1350.4428,0.6073,152.5974,38.3961,9231.6908,9.7718,2051.0150,8.9692,1684.6952,0.9844,158.6180,59.5409,9231.6908, NaN, NaN, NaN, NaN, NaN, NaN, NaN, NaN, NaN, NaN, NaN, NaN, NaN, NaN, NaN, NaN, NaN, NaN, NaN, NaN, NaN, NaN, NaN, NaN, NaN, NaN, NaN, NaN, NaN, NaN, NaN, NaN, NaN, NaN, NaN, NaN,
05/2011,47.3558,5258.3126,83.3654,6063.9567,6.8199,711.4000,334.5360,38366.4051,47.3558,5258.3126,32.6123,2805.4782,2.7083,208.4764,334.5360,38366.4051,28.8835,3302.4154,46.5068,3431.5488,3.8493,430.6233,204.0540,24098.4842,58.8384,6570.9360,109.8168,7823.6640,8.9192,911.5070,416.0788,48246.1031,47.3558,5258.3126,46.5400,4600.3137,5.1932,469.7424,334.5360,48246.1031, NaN, NaN, NaN, NaN, NaN, NaN, NaN, NaN, NaN, NaN, NaN, NaN, NaN, NaN, NaN, NaN, NaN, NaN, NaN, NaN, NaN, NaN, NaN, NaN, NaN, NaN, NaN, NaN, NaN, NaN, NaN, NaN, NaN, NaN, NaN, NaN,
06/2011,117.9274,15525.5011,216.6936,22050.2913,17.6078,2011.5254,876.4725,120200.8167,117.9274,15525.5011,81.5325,11183.8696,6.7508,627.1163,876.4725,120200.8167,63.6768,8472.2026,106.5213,9471.9598,8.7626,1093.8079,472.9500,64951.6715,123.1805,16436.8483,227.4779,21083.3667,18.4718,2022.6140,915.5098,128212.5259,117.9274,15525.5011,117.0698,16873.1174,13.0271,1395.6871,876.4725,128212.5259, NaN, NaN, NaN, NaN, NaN, NaN, NaN, NaN, NaN, NaN, NaN, NaN, NaN, NaN, NaN, NaN, NaN, NaN, NaN, NaN, NaN, NaN, NaN, NaN, NaN, NaN, NaN, NaN, NaN, NaN, NaN, NaN, NaN, NaN, NaN, NaN,
07/2011,205.6406,47882.3875,366.2843,95237.8164,29.9820,4838.5752,1605.3188,406801.2383,205.6406,47882.3875,142.4216,69508.9222,11.7854,2482.8662,1605.3188,406801.2383,93.7094,13916.1197,147.0142,14838.5860,12.2181,1505.6662,731.3215,110718.9402,240.4080,73584.1411,443.9122,116138.7545,36.1535,5701.7477,1876.6922,643386.7705,205.6406,47882.3875,203.7648,83763.3404,23.1154,3953.0183,1605.3188,643386.7705, NaN, NaN, NaN, NaN, NaN, NaN, NaN, NaN, NaN, NaN, NaN, NaN, NaN, NaN, NaN, NaN, NaN, NaN, NaN, NaN, NaN, NaN, NaN, NaN, NaN, NaN, NaN, NaN, NaN, NaN, NaN, NaN, NaN, NaN, NaN, NaN,
08/2011,241.5658,111631.0810,434.1919,253919.2217,35.4867,8921.1294,1965.0181,980265.6486,241.5658,111631.0810,167.5746,218772.6492,13.8413,6371.9387,1965.0181,980265.6486,123.8026,27184.9824,202.8969,36162.7781,16.7668,2333.3887,1008.4638,226326.7813,231.8285,103279.4496,408.6176,174851.5246,33.4813,6765.1020,1884.3627,901580.9053,241.5658,111631.0810,239.5167,238385.7341,27.1414,8089.0633,1965.0181,901580.9053, NaN, NaN, NaN, NaN, NaN, NaN, NaN, NaN, NaN, NaN, NaN, NaN, NaN, NaN, NaN, NaN, NaN, NaN, NaN, NaN, NaN, NaN, NaN, NaN, NaN, NaN, NaN, NaN, NaN, NaN, NaN, NaN, NaN, NaN, NaN, NaN,
09/2011,211.4467,51742.3680,366.8622,71068.8958,29.8235,3720.6359,1811.5123,465989.8283,211.4467,51742.3680,146.4983,45635.4612,12.0656,1650.6764,1811.5123,465989.8283,116.3030,20202.5232,179.9117,24207.7987,15.0065,1790.9418,996.8338,176876.6914,185.3798,40916.4998,310.7824,49129.6373,25.4980,2817.5427,1587.7478,368562.6158,211.4467,51742.3680,208.9659,58963.1371,23.6641,2983.8035,1811.5123,368562.6158, NaN, NaN, NaN, NaN, NaN, NaN, NaN, NaN, NaN, NaN, NaN, NaN, NaN, NaN, NaN, NaN, NaN, NaN, NaN, NaN, NaN, NaN, NaN, NaN, NaN, NaN, NaN, NaN, NaN, NaN, NaN, NaN, NaN, NaN, NaN, NaN,
10/2011,146.4480,27304.3094,234.4090,34436.4293,19.3924,2018.9130,1171.8525,209724.2496,146.4480,27304.3094,100.7259,23239.5274,8.3497,967.4617,1171.8525,209724.2496,74.1571,8543.3270,103.2567,8581.2403,8.7117,743.0861,593.6044,64573.1272,118.9382,20452.0896,181.3026,21012.2175,15.1365,1396.8933,952.4918,156906.9860,146.4480,27304.3094,142.7435,28922.9966,16.4008,1629.9236,1171.8525,156906.9860, NaN, NaN, NaN, NaN, NaN, NaN, NaN, NaN, NaN, NaN, NaN, NaN, NaN, NaN, NaN, NaN, NaN, NaN, NaN, NaN, NaN, NaN, NaN, NaN, NaN, NaN, NaN, NaN, NaN, NaN, NaN, NaN, NaN, NaN, NaN, NaN,
11/2011,90.2794,17688.0499,133.1322,23035.8459,11.1449,1930.6086,709.0657,130109.3420,90.2794,17688.0499,61.4569,16218.9512,5.1337,1304.3799,709.0657,130109.3420,41.9386,4446.5674,53.0007,4249.5291,4.5118,371.1722,329.6594,32642.4422,73.8547,15103.5840,104.8889,14642.5151,8.8184,928.5348,580.0866,111896.6452,90.2794,17688.0499,86.8589,19917.0564,10.0272,1724.6034,709.0657,111896.6452, NaN, NaN, NaN, NaN, NaN, NaN, NaN, NaN, NaN, NaN, NaN, NaN, NaN, NaN, NaN, NaN, NaN, NaN, NaN, NaN, NaN, NaN, NaN, NaN, NaN, NaN, NaN, NaN, NaN, NaN, NaN, NaN, NaN, NaN, NaN, NaN,
12/2011,68.9645,10779.4022,104.6377,13064.9300,8.6915,1005.6470,446.2519,63759.7864,68.9645,10779.4022,46.5950,7573.5102,3.9084,397.0462,446.2519,63759.7864,37.5494,5708.8282,52.8895,5605.9539,4.4256,536.7922,242.8567,34112.7377,67.3661,13814.8502,104.9871,14899.4541,8.6848,1109.4772,435.3864,83216.9046,68.9645,10779.4022,66.4089,10562.8195,7.3902,757.6591,446.2519,83216.9046, NaN, NaN, NaN, NaN, NaN, NaN, NaN, NaN, NaN, NaN, NaN, NaN, NaN, NaN, NaN, NaN, NaN, NaN, NaN, NaN, NaN, NaN, NaN, NaN, NaN, NaN, NaN, NaN, NaN, NaN, NaN, NaN, NaN, NaN, NaN, NaN,
01/2012,22.2134,5421.1680,26.4165,7241.0692,2.2529,341.0271,172.1970,29795.9855,22.2134,5421.1680,14.6904,5642.8630,1.2658,176.9572,172.1970,29795.9855,12.3725,2199.2774,14.4257,1911.9470,1.2289,202.3397,96.8419,12859.7116,19.5955,3573.6595,23.1371,3367.9393,1.9730,297.1218,152.1036,20697.0580,22.2134,5421.1680,20.9145,6715.8769,2.1337,281.5709,172.1970,20697.0580, NaN, NaN, NaN, NaN, NaN, NaN, NaN, NaN, NaN, NaN, NaN, NaN, NaN, NaN, NaN, NaN, NaN, NaN, NaN, NaN, NaN, NaN, NaN, NaN, NaN, NaN, NaN, NaN, NaN, NaN, NaN, NaN, NaN, NaN, NaN, NaN,
02/2012,22.0234,3168.6422,30.0000,3483.2334,2.5146,330.7997,171.7939,18493.8169,22.0234,3168.6422,14.7129,1928.9401,1.2515,135.2959,171.7939,18493.8169,9.1238,1179.5414,10.4762,1037.4959,0.8917,114.8972,71.1719,6958.3542,32.8493,5674.9507,52.8205,6205.3739,4.3433,577.0862,257.4003,31940.3063,22.0234,3168.6422,20.9839,2820.2690,2.1864,235.9200,171.7939,31940.3063, NaN, NaN, NaN, NaN, NaN, NaN, NaN, NaN, NaN, NaN, NaN, NaN, NaN, NaN, NaN, NaN, NaN, NaN, NaN, NaN, NaN, NaN, NaN, NaN, NaN, NaN, NaN, NaN, NaN, NaN, NaN, NaN, NaN, NaN, NaN, NaN,
03/2012,5.4259,1009.3075,4.6312,1038.2190,0.4021,64.5365,35.9418,5660.8716,5.4259,1009.3075,3.4353,640.6599,0.3063,53.4104,35.9418,5660.8716,2.1600,349.7472,1.6094,297.9820,0.1393,15.5693,14.2981,2011.8878,5.3914,1001.1514,4.5981,1024.0144,0.3992,61.8396,35.7072,5597.3946,5.4259,1009.3075,4.6312,895.1054,0.4021,63.8941,35.9418,5597.3946, NaN, NaN, NaN, NaN, NaN, NaN, NaN, NaN, NaN, NaN, NaN, NaN, NaN, NaN, NaN, NaN, NaN, NaN, NaN, NaN, NaN, NaN, NaN, NaN, NaN, NaN, NaN, NaN, NaN, NaN, NaN, NaN, NaN, NaN, NaN, NaN,
04/2012,35.2166,5322.7843,56.5440,6148.3351,4.6519,685.5265,251.4885,33228.4292,35.2166,5322.7843,23.8433,2868.5781,1.9920,215.4996,251.4885,33228.4292,13.9277,2172.5453,18.7845,2099.9861,1.5759,255.4658,99.4558,13526.2038,24.6067,3759.8515,35.4826,4063.3125,2.9549,447.9827,175.4772,23384.5709,35.2166,5322.7843,33.9433,4630.9826,3.7150,456.4221,251.4885,23384.5709, NaN, NaN, NaN, NaN, NaN, NaN, NaN, NaN, NaN, NaN, NaN, NaN, NaN, NaN, NaN, NaN, NaN, NaN, NaN, NaN, NaN, NaN, NaN, NaN, NaN, NaN, NaN, NaN, NaN, NaN, NaN, NaN, NaN, NaN, NaN, NaN,
05/2012,47.0966,5683.6598,65.7814,6136.5546,5.5239,641.7911,355.3797,38000.9834,47.0966,5683.6598,31.6334,3118.5352,2.6692,243.4645,355.3797,38000.9834,21.4099,2673.6134,27.5815,2499.1777,2.3329,301.4557,161.0002,17589.3982,52.8509,7338.2026,77.5776,7850.6849,6.4787,753.8538,398.3736,47536.1662,47.0966,5683.6598,44.8988,4951.3746,4.9482,485.9804,355.3797,47536.1662, NaN, NaN, NaN, NaN, NaN, NaN, NaN, NaN, NaN, NaN, NaN, NaN, NaN, NaN, NaN, NaN, NaN, NaN, NaN, NaN, NaN, NaN, NaN, NaN, NaN, NaN, NaN, NaN, NaN, NaN, NaN, NaN, NaN, NaN, NaN, NaN,
06/2012,100.4054,26323.8854,153.2437,37470.6984,12.7668,2738.9623,783.3674,201589.9267,100.4054,26323.8854,68.0895,25219.8384,5.6740,1049.8496,783.3674,201589.9267,48.2371,10293.8083,65.7376,10197.8017,5.5427,1260.9648,375.5555,75341.2153,99.7574,29742.2150,152.4352,35509.0279,12.6991,2674.7294,778.2417,229468.9124,100.4054,26323.8854,96.5121,32759.5539,11.0081,1943.7454,783.3674,229468.9124, NaN, NaN, NaN, NaN, NaN, NaN, NaN, NaN, NaN, NaN, NaN, NaN, NaN, NaN, NaN, NaN, NaN, NaN, NaN, NaN, NaN, NaN, NaN, NaN, NaN, NaN, NaN, NaN, NaN, NaN, NaN, NaN, NaN, NaN, NaN, NaN,
07/2012,84.8621,15123.3437,123.7867,18145.3102,10.3700,1139.1989,716.2990,128088.6144,84.8621,15123.3437,57.4348,11791.8604,4.8115,522.8984,716.2990,128088.6144,33.1085,3756.8189,42.6084,3521.1552,3.6100,368.4855,279.6618,30733.3682,90.0634,15953.0256,134.5481,16915.6343,11.2400,1185.6610,760.4417,135869.6300,84.8621,15123.3437,81.3263,15609.6041,9.3405,956.6624,716.2990,135869.6300, NaN, NaN, NaN, NaN, NaN, NaN, NaN, NaN, NaN, NaN, NaN, NaN, NaN, NaN, NaN, NaN, NaN, NaN, NaN, NaN, NaN, NaN, NaN, NaN, NaN, NaN, NaN, NaN, NaN, NaN, NaN, NaN, NaN, NaN, NaN, NaN,
08/2012,134.0064,31443.9235,209.3566,42176.5412,17.3887,2626.9026,1138.6099,258525.3917,134.0064,31443.9235,91.1489,24262.4981,7.5640,1016.3834,1138.6099,258525.3917,68.7226,11805.2554,97.4756,12346.4458,8.1770,1271.6935,585.0176,94868.8674,119.0419,26522.9770,181.1883,31393.6245,15.1062,2152.5505,1011.4255,218486.5890,134.0064,31443.9235,129.0939,34644.8302,14.8622,2061.1623,1138.6099,218486.5890, NaN, NaN, NaN, NaN, NaN, NaN, NaN, NaN, NaN, NaN, NaN, NaN, NaN, NaN, NaN, NaN, NaN, NaN, NaN, NaN, NaN, NaN, NaN, NaN, NaN, NaN, NaN, NaN, NaN, NaN, NaN, NaN, NaN, NaN, NaN, NaN,
09/2012,116.2426,30615.4253,180.1055,39849.5214,14.8636,2503.2763,1001.3658,242840.7714,116.2426,30615.4253,78.9361,22748.5537,6.5389,962.4819,1001.3658,242840.7714,58.2077,11980.2413,80.7739,12641.3973,6.7844,1186.1377,501.7378,94544.3641,95.5411,20800.1434,141.5144,24173.2685,11.8230,1821.1504,822.8154,164726.0966,116.2426,30615.4253,111.7859,32070.2782,12.8435,1962.0224,1001.3658,164726.0966, NaN, NaN, NaN, NaN, NaN, NaN, NaN, NaN, NaN, NaN, NaN, NaN, NaN, NaN, NaN, NaN, NaN, NaN, NaN, NaN, NaN, NaN, NaN, NaN, NaN, NaN, NaN, NaN, NaN, NaN, NaN, NaN, NaN, NaN, NaN, NaN,
10/2012,68.7312,10713.1594,93.1224,11460.6037,7.8666,763.8066,581.1908,81961.1382,68.7312,10713.1594,46.1784,6769.4752,3.8828,384.1480,581.1908,81961.1382,28.4256,3531.2458,32.6703,3270.9789,2.7992,274.3194,240.3048,27334.6511,53.1446,6878.0448,68.4578,6945.8314,5.8132,533.2225,449.3192,52538.6112,68.7312,10713.1594,65.1425,9527.5368,7.5005,677.4902,581.1908,52538.6112, NaN, NaN, NaN, NaN, NaN, NaN, NaN, NaN, NaN, NaN, NaN, NaN, NaN, NaN, NaN, NaN, NaN, NaN, NaN, NaN, NaN, NaN, NaN, NaN, NaN, NaN, NaN, NaN, NaN, NaN, NaN, NaN, NaN, NaN, NaN, NaN,
11/2012,55.2874,10841.1523,76.7347,11905.6847,6.4459,1134.8068,469.9311,78896.7032,55.2874,10841.1523,36.9657,6120.6625,3.1139,405.3246,469.9311,78896.7032,20.1398,3604.3315,23.0969,3333.0047,1.9729,377.1070,171.2283,26770.0840,43.2000,10714.9306,57.7256,10380.0483,4.8659,923.9117,367.2723,75586.2699,55.2874,10841.1523,52.4207,9565.7704,5.8294,826.6820,469.9311,75586.2699, NaN, NaN, NaN, NaN, NaN, NaN, NaN, NaN, NaN, NaN, NaN, NaN, NaN, NaN, NaN, NaN, NaN, NaN, NaN, NaN, NaN, NaN, NaN, NaN, NaN, NaN, NaN, NaN, NaN, NaN, NaN, NaN, NaN, NaN, NaN, NaN,
12/2012,38.9923,7579.5869,52.4412,10451.3502,4.4061,586.0556,310.6537,50452.5480,38.9923,7579.5869,25.8233,7774.2033,2.1857,278.5995,310.6537,50452.5480,18.4118,2408.6765,23.0556,2207.2687,1.9465,251.7218,146.7391,16412.8712,35.5795,6673.6310,49.1076,6248.2282,4.1095,526.3166,283.4691,44327.8520,38.9923,7579.5869,36.7072,9451.5189,3.9516,462.9686,310.6537,44327.8520, NaN, NaN, NaN, NaN, NaN, NaN, NaN, NaN, NaN, NaN, NaN, NaN, NaN, NaN, NaN, NaN, NaN, NaN, NaN, NaN, NaN, NaN, NaN, NaN, NaN, NaN, NaN, NaN, NaN, NaN, NaN, NaN, NaN, NaN, NaN, NaN,
01/2013,15.0854,2563.0560,17.5499,2930.5520,1.4931,176.1195,115.7714,16130.7381,15.0854,2563.0560,9.8685,2123.9385,0.8513,93.0073,115.7714,16130.7381,8.1648,1078.7472,9.6816,891.5411,0.8202,96.8944,62.7442,6979.4843,12.6749,2532.3408,14.7683,2310.2363,1.2549,160.8161,97.2934,15293.5356,15.0854,2563.0560,13.9923,2659.4368,1.3932,142.6070,115.7714,15293.5356, NaN, NaN, NaN, NaN, NaN, NaN, NaN, NaN, NaN, NaN, NaN, NaN, NaN, NaN, NaN, NaN, NaN, NaN, NaN, NaN, NaN, NaN, NaN, NaN, NaN, NaN, NaN, NaN, NaN, NaN, NaN, NaN, NaN, NaN, NaN, NaN,
02/2013,4.3286,778.5072,3.7553,753.8757,0.3250,47.0614,28.0295,4731.0697,4.3286,778.5072,2.7287,509.3818,0.2425,32.9922,28.0295,4731.0697,1.8058,270.7517,1.3687,204.3881,0.1183,13.7753,11.6659,1655.3188,4.0003,683.6486,3.7768,622.4518,0.3248,47.7543,25.9090,4127.3971,4.3286,778.5072,3.5927,684.5996,0.3250,42.6047,28.0295,4127.3971, NaN, NaN, NaN, NaN, NaN, NaN, NaN, NaN, NaN, NaN, NaN, NaN, NaN, NaN, NaN, NaN, NaN, NaN, NaN, NaN, NaN, NaN, NaN, NaN, NaN, NaN, NaN, NaN, NaN, NaN, NaN, NaN, NaN, NaN, NaN, NaN,
03/2013,31.8989,5353.2058,53.1690,6200.1872,4.3671,745.5736,239.7220,32752.7989,31.8989,5353.2058,21.7591,2993.4561,1.8162,205.5633,239.7220,32752.7989,20.5632,3511.2269,32.4391,3612.5934,2.6855,488.8071,154.4704,21336.4062,16.1914,3154.9392,23.0478,3050.8795,1.9267,360.5595,121.5700,20315.3948,31.8989,5353.2058,30.9318,4768.7769,3.3916,453.4874,239.7220,20315.3948, NaN, NaN, NaN, NaN, NaN, NaN, NaN, NaN, NaN, NaN, NaN, NaN, NaN, NaN, NaN, NaN, NaN, NaN, NaN, NaN, NaN, NaN, NaN, NaN, NaN, NaN, NaN, NaN, NaN, NaN, NaN, NaN, NaN, NaN, NaN, NaN,
04/2013,15.2582,2374.2806,17.9020,2794.7682,1.5260,209.1418,108.8262,14577.8620,15.2582,2374.2806,10.0568,1894.7384,0.8649,101.4968,108.8262,14577.8620,5.8493,801.1872,5.8460,688.5190,0.5031,68.4701,41.7480,5010.7488,8.4067,1358.9165,9.0369,1290.9583,0.7745,119.1776,60.0005,8422.8029,15.2582,2374.2806,14.1663,2458.9208,1.4669,162.1194,108.8262,8422.8029, NaN, NaN, NaN, NaN, NaN, NaN, NaN, NaN, NaN, NaN, NaN, NaN, NaN, NaN, NaN, NaN, NaN, NaN, NaN, NaN, NaN, NaN, NaN, NaN, NaN, NaN, NaN, NaN, NaN, NaN, NaN, NaN, NaN, NaN, NaN, NaN,
05/2013,96.9322,13374.2362,163.8401,18000.8953,13.4476,1633.5340,604.0406,80682.1992,96.9322,13374.2362,66.3972,10290.6872,5.5205,558.8127,604.0406,80682.1992,50.1206,6822.9130,77.3989,7011.8589,6.4195,837.8560,309.3141,40070.2828,110.2810,19210.8586,195.6965,22006.2111,15.9629,1975.0963,685.8001,119960.0213,96.9322,13374.2362,94.8446,14584.9242,10.6166,1150.1623,604.0406,119960.0213, NaN, NaN, NaN, NaN, NaN, NaN, NaN, NaN, NaN, NaN, NaN, NaN, NaN, NaN, NaN, NaN, NaN, NaN, NaN, NaN, NaN, NaN, NaN, NaN, NaN, NaN, NaN, NaN, NaN, NaN, NaN, NaN, NaN, NaN, NaN, NaN,
06/2013,72.0749,8859.9139,104.5760,11606.7214,8.7676,776.4566,535.7229,61450.9980,72.0749,8859.9139,48.8411,7719.8004,4.1033,360.6688,535.7229,61450.9980,30.3264,2984.5584,39.3698,2880.7262,3.3325,290.3544,225.5692,20232.2080,71.1504,11980.8547,103.2460,12659.0699,8.6545,799.4623,528.9038,84885.2998,72.0749,8859.9139,69.2468,10108.3815,7.8548,659.6627,535.7229,84885.2998, NaN, NaN, NaN, NaN, NaN, NaN, NaN, NaN, NaN, NaN, NaN, NaN, NaN, NaN, NaN, NaN, NaN, NaN, NaN, NaN, NaN, NaN, NaN, NaN, NaN, NaN, NaN, NaN, NaN, NaN, NaN, NaN, NaN, NaN, NaN, NaN,
07/2013,146.4653,28577.7677,241.7519,40845.7344,19.9578,2759.6467,1182.6903,219657.0340,146.4653,28577.7677,100.2592,24812.8919,8.3230,1040.7361,1182.6903,219657.0340,67.3402,10134.5731,98.4072,10617.6174,8.2330,1158.9255,544.0679,75642.7885,164.7562,50139.7690,280.7833,81249.4347,23.0801,4244.4062,1330.9873,393983.2028,146.4653,28577.7677,142.8098,33435.8857,16.2875,2078.1556,1182.6903,393983.2028, NaN, NaN, NaN, NaN, NaN, NaN, NaN, NaN, NaN, NaN, NaN, NaN, NaN, NaN, NaN, NaN, NaN, NaN, NaN, NaN, NaN, NaN, NaN, NaN, NaN, NaN, NaN, NaN, NaN, NaN, NaN, NaN, NaN, NaN, NaN, NaN,
08/2013,260.9885,79273.4342,481.5958,140085.3761,38.9942,7230.8620,2224.1158,676074.1657,260.9885,79273.4342,180.9216,97946.7771,14.8952,2609.1257,2224.1158,676074.1657,142.6550,27236.0275,241.1842,33493.9270,19.8295,2673.8684,1218.0316,230134.0810,239.9760,87689.6755,429.0943,133769.5971,35.0455,6008.6036,2042.2883,754556.2972,260.9885,79273.4342,258.9804,117299.4020,29.1903,4604.0465,2224.1158,754556.2972, NaN, NaN, NaN, NaN, NaN, NaN, NaN, NaN, NaN, NaN, NaN, NaN, NaN, NaN, NaN, NaN, NaN, NaN, NaN, NaN, NaN, NaN, NaN, NaN, NaN, NaN, NaN, NaN, NaN, NaN, NaN, NaN, NaN, NaN, NaN, NaN,
09/2013,323.4384,137664.8006,643.1464,227805.8171,49.1731,18314.5694,2731.8955,1092735.2926,323.4384,137664.8006,226.7314,146007.6072,18.3031,3809.0323,2731.8955,1092735.2926,202.3661,44654.3798,354.8380,59060.2690,29.1104,3564.2382,1710.1234,362486.0470,267.3216,89614.0282,495.7333,142397.2483,39.5416,11422.3053,2258.1648,718256.4539,323.4384,137664.8006,326.1062,173182.3200,35.7571,6350.7919,2731.8955,718256.4539, NaN, NaN, NaN, NaN, NaN, NaN, NaN, NaN, NaN, NaN, NaN, NaN, NaN, NaN, NaN, NaN, NaN, NaN, NaN, NaN, NaN, NaN, NaN, NaN, NaN, NaN, NaN, NaN, NaN, NaN, NaN, NaN, NaN, NaN, NaN, NaN,
10/2013,189.1814,34669.3651,320.1266,43360.1482,25.8227,2076.0102,1630.6927,267377.9109,189.1814,34669.3651,130.7870,29307.9159,10.7391,955.6857,1630.6927,267377.9109,119.8454,13109.2819,181.6993,14181.6555,15.1935,993.7484,1033.8053,104125.4639,150.6125,26115.6960,240.2250,29411.8262,19.8288,1600.1303,1298.8241,203088.3550,189.1814,34669.3651,186.0503,36140.4810,21.0626,1683.5261,1630.6927,203088.3550, NaN, NaN, NaN, NaN, NaN, NaN, NaN, NaN, NaN, NaN, NaN, NaN, NaN, NaN, NaN, NaN, NaN, NaN, NaN, NaN, NaN, NaN, NaN, NaN, NaN, NaN, NaN, NaN, NaN, NaN, NaN, NaN, NaN, NaN, NaN, NaN,
11/2013,63.5904,7475.6995,85.5701,8383.7088,7.2449,523.2830,474.3469,46814.5204,63.5904,7475.6995,42.9508,5143.2054,3.6169,295.4559,474.3469,46814.5204,36.9360,3089.6381,44.6381,2950.8959,3.8176,225.6225,275.6358,20447.5570,48.3149,5057.3981,61.7308,5127.0393,5.2513,376.8667,360.2629,32236.2148,63.5904,7475.6995,60.5489,6973.8883,6.9796,473.3579,474.3469,32236.2148, NaN, NaN, NaN, NaN, NaN, NaN, NaN, NaN, NaN, NaN, NaN, NaN, NaN, NaN, NaN, NaN, NaN, NaN, NaN, NaN, NaN, NaN, NaN, NaN, NaN, NaN, NaN, NaN, NaN, NaN, NaN, NaN, NaN, NaN, NaN, NaN,
12/2013,27.4579,3035.6554,31.2326,3169.9080,2.6825,221.1496,191.6530,18222.9970,27.4579,3035.6554,18.0616,1859.2560,1.5561,151.0349,191.6530,18222.9970,15.1805,1354.1299,15.5645,1195.1132,1.3452,85.5982,105.9917,8438.4914,20.3818,2284.1654,21.9792,2245.6654,1.8940,155.7466,142.3035,13743.4158,27.4579,3035.6554,25.6343,2680.1442,2.6825,214.3227,191.6530,13743.4158, NaN, NaN, NaN, NaN, NaN, NaN, NaN, NaN, NaN, NaN, NaN, NaN, NaN, NaN, NaN, NaN, NaN, NaN, NaN, NaN, NaN, NaN, NaN, NaN, NaN, NaN, NaN, NaN, NaN, NaN, NaN, NaN, NaN, NaN, NaN, NaN,
01/2014,9.9533,1312.9603,9.5163,1331.7436,0.8244,84.5298,68.4000,7465.1861,9.9533,1312.9603,6.3881,804.3767,0.5624,66.3586,68.4000,7465.1861,5.2963,564.5290,4.5712,469.8827,0.3968,28.6357,36.3349,3339.1708,7.0243,997.9718,6.3420,985.9554,0.5501,59.7915,48.3329,5637.2896,9.9533,1312.9603,9.0237,1149.4071,0.8244,83.5415,68.4000,5637.2896, NaN, NaN, NaN, NaN, NaN, NaN, NaN, NaN, NaN, NaN, NaN, NaN, NaN, NaN, NaN, NaN, NaN, NaN, NaN, NaN, NaN, NaN, NaN, NaN, NaN, NaN, NaN, NaN, NaN, NaN, NaN, NaN, NaN, NaN, NaN, NaN,
02/2014,3.2141,656.4154,2.5822,690.6222,0.2239,39.0317,23.4460,3756.5881,3.2141,656.4154,2.0207,434.4069,0.1812,34.0105,23.4460,3756.5881,1.8403,262.3277,1.3546,219.3892,0.1171,10.7812,13.4400,1586.9514,2.0563,495.3571,1.5450,511.4284,0.1336,26.5105,14.9646,2759.5501,3.2141,656.4154,2.5822,595.7799,0.2239,38.9422,23.4460,2759.5501, NaN, NaN, NaN, NaN, NaN, NaN, NaN, NaN, NaN, NaN, NaN, NaN, NaN, NaN, NaN, NaN, NaN, NaN, NaN, NaN, NaN, NaN, NaN, NaN, NaN, NaN, NaN, NaN, NaN, NaN, NaN, NaN, NaN, NaN, NaN, NaN,
03/2014,7.1971,1094.5584,8.4694,1118.3690,0.7206,98.2208,42.7767,5445.9411,7.1971,1094.5584,4.7847,656.9272,0.4124,50.2933,42.7767,5445.9411,4.7088,605.8109,5.2871,521.2044,0.4515,52.1195,27.9317,3089.5783,3.8966,695.6928,3.9546,702.7693,0.3394,54.3745,23.2255,3417.6820,7.1971,1094.5584,6.4928,941.3364,0.6870,75.3101,42.7767,3417.6820, NaN, NaN, NaN, NaN, NaN, NaN, NaN, NaN, NaN, NaN, NaN, NaN, NaN, NaN, NaN, NaN, NaN, NaN, NaN, NaN, NaN, NaN, NaN, NaN, NaN, NaN, NaN, NaN, NaN, NaN, NaN, NaN, NaN, NaN, NaN, NaN,
04/2014,10.2125,2219.0890,13.0606,2321.1732,1.1049,280.2842,69.3268,11646.4097,10.2125,2219.0890,6.8661,1219.3264,0.5870,95.7787,69.3268,11646.4097,4.5360,994.6282,4.8888,871.8067,0.4187,108.5487,30.8761,5275.8340,6.3418,1539.3802,7.4279,1531.4819,0.6328,179.2078,43.0350,8016.5611,10.2125,2219.0890,9.4420,1859.5190,1.0264,180.6568,69.3268,8016.5611, NaN, NaN, NaN, NaN, NaN, NaN, NaN, NaN, NaN, NaN, NaN, NaN, NaN, NaN, NaN, NaN, NaN, NaN, NaN, NaN, NaN, NaN, NaN, NaN, NaN, NaN, NaN, NaN, NaN, NaN, NaN, NaN, NaN, NaN, NaN, NaN,
05/2014,74.5891,15706.4314,129.3800,25532.5541,10.5963,1945.7033,503.4834,91942.9941,74.5891,15706.4314,51.4806,17791.9993,4.2929,744.1529,503.4834,91942.9941,43.0445,7326.7200,68.2213,7549.2740,5.6474,960.5198,289.5462,40580.1762,91.6704,21345.0682,167.5800,28923.1899,13.6335,2398.7296,620.2139,126497.1231,74.5891,15706.4314,73.8054,22003.6242,8.2137,1345.3207,503.4834,126497.1231, NaN, NaN, NaN, NaN, NaN, NaN, NaN, NaN, NaN, NaN, NaN, NaN, NaN, NaN, NaN, NaN, NaN, NaN, NaN, NaN, NaN, NaN, NaN, NaN, NaN, NaN, NaN, NaN, NaN, NaN, NaN, NaN, NaN, NaN, NaN, NaN,
06/2014,99.7056,27163.3910,169.2736,46501.6307,13.9305,2370.0943,733.9804,206133.2999,99.7056,27163.3910,68.9875,32112.7162,5.7564,986.0530,733.9804,206133.2999,50.0342,7518.9946,77.6067,8133.1296,6.4500,877.0828,367.4232,53031.9552,105.0710,41370.4541,179.4040,76112.7219,14.7550,3543.3921,773.5064,322088.8505,99.7056,27163.3910,98.7333,39647.6218,11.1097,1854.7060,733.9804,322088.8505, NaN, NaN, NaN, NaN, NaN, NaN, NaN, NaN, NaN, NaN, NaN, NaN, NaN, NaN, NaN, NaN, NaN, NaN, NaN, NaN, NaN, NaN, NaN, NaN, NaN, NaN, NaN, NaN, NaN, NaN, NaN, NaN, NaN, NaN, NaN, NaN,
07/2014,219.6202,77988.6230,389.2173,128104.6750,31.9085,4625.4587,1809.7514,687999.9731,219.6202,77988.6230,152.2706,97453.7258,12.6023,2080.2813,1809.7514,687999.9731,105.2525,15012.6826,164.1747,17139.8135,13.6631,1563.7251,866.7072,124907.3765,259.6752,103447.2643,477.0547,173619.0182,38.9081,7610.7064,2140.0208,917560.1342,219.6202,77988.6230,217.7108,113465.1895,24.7155,3723.6547,1809.7514,917560.1342, NaN, NaN, NaN, NaN, NaN, NaN, NaN, NaN, NaN, NaN, NaN, NaN, NaN, NaN, NaN, NaN, NaN, NaN, NaN, NaN, NaN, NaN, NaN, NaN, NaN, NaN, NaN, NaN, NaN, NaN, NaN, NaN, NaN, NaN, NaN, NaN,
08/2014,208.1376,50000.4576,381.1425,76184.0241,30.3946,3856.6114,1784.6668,411170.5258,208.1376,50000.4576,144.8988,53740.7780,11.8818,1669.2904,1784.6668,411170.5258,111.7325,14735.8829,189.0491,18491.5171,15.5323,1630.4821,956.9464,116898.5628,205.7789,48031.6176,366.7036,63287.2380,29.4933,3345.4326,1765.5862,396594.5708,208.1376,50000.4576,207.0078,64758.5823,23.2771,2818.7224,1784.6668,396594.5708, NaN, NaN, NaN, NaN, NaN, NaN, NaN, NaN, NaN, NaN, NaN, NaN, NaN, NaN, NaN, NaN, NaN, NaN, NaN, NaN, NaN, NaN, NaN, NaN, NaN, NaN, NaN, NaN, NaN, NaN, NaN, NaN, NaN, NaN, NaN, NaN,
09/2014,197.0006,49182.1459,350.9766,65743.2267,27.7692,4220.9003,1758.2860,416700.0754,197.0006,49182.1459,137.0278,43312.1290,11.1820,1749.5238,1758.2860,416700.0754,110.3846,15682.5245,174.7152,18043.8793,14.5098,1386.5082,985.9511,129962.8566,174.4502,35763.0336,297.9109,43653.1490,23.9815,2677.2879,1555.9809,301737.5390,197.0006,49182.1459,195.4095,54158.3495,21.9055,2813.6693,1758.2860,301737.5390, NaN, NaN, NaN, NaN, NaN, NaN, NaN, NaN, NaN, NaN, NaN, NaN, NaN, NaN, NaN, NaN, NaN, NaN, NaN, NaN, NaN, NaN, NaN, NaN, NaN, NaN, NaN, NaN, NaN, NaN, NaN, NaN, NaN, NaN, NaN, NaN,
10/2014,130.1702,19337.6678,203.1259,22504.0206,16.7663,1346.1772,1191.2966,153506.8786,130.1702,19337.6678,89.2300,14558.0252,7.3865,664.0673,1191.2966,153506.8786,68.0918,5914.3046,92.8982,5795.4233,7.8531,499.0189,623.4134,48068.3472,105.7277,14034.6432,157.1766,14488.9906,13.1177,980.8441,968.4695,112029.2557,130.1702,19337.6678,126.2161,18777.7659,14.5116,1140.2768,1191.2966,112029.2557, NaN, NaN, NaN, NaN, NaN, NaN, NaN, NaN, NaN, NaN, NaN, NaN, NaN, NaN, NaN, NaN, NaN, NaN, NaN, NaN, NaN, NaN, NaN, NaN, NaN, NaN, NaN, NaN, NaN, NaN, NaN, NaN, NaN, NaN, NaN, NaN,
11/2014,65.4653,7529.8032,88.9887,8392.1233,7.5235,665.5377,537.8725,52087.4985,65.4653,7529.8032,44.2017,5034.9508,3.7208,302.3268,537.8725,52087.4985,33.0221,2725.0387,39.2759,2502.8032,3.3637,242.0237,273.1745,19937.3676,54.7085,6184.9008,71.9127,6154.1284,6.0999,542.9410,449.4056,43082.2255,65.4653,7529.8032,62.3627,6994.8022,7.1949,533.5076,537.8725,43082.2255, NaN, NaN, NaN, NaN, NaN, NaN, NaN, NaN, NaN, NaN, NaN, NaN, NaN, NaN, NaN, NaN, NaN, NaN, NaN, NaN, NaN, NaN, NaN, NaN, NaN, NaN, NaN, NaN, NaN, NaN, NaN, NaN, NaN, NaN, NaN, NaN,
12/2014,26.6371,2780.9309,30.2590,2917.7979,2.5988,186.0825,197.5551,20148.2666,26.6371,2780.9309,17.5146,1805.4947,1.5092,127.0680,197.5551,20148.2666,12.8909,1008.3312,12.9401,876.9637,1.1198,60.1859,95.5771,7495.3557,21.7555,2349.8640,23.8714,2282.4777,2.0550,152.6384,161.2851,17169.8719,26.6371,2780.9309,24.8591,2500.0534,2.5988,182.1823,197.5551,17169.8719, NaN, NaN, NaN, NaN, NaN, NaN, NaN, NaN, NaN, NaN, NaN, NaN, NaN, NaN, NaN, NaN, NaN, NaN, NaN, NaN, NaN, NaN, NaN, NaN, NaN, NaN, NaN, NaN, NaN, NaN, NaN, NaN, NaN, NaN, NaN, NaN,
01/2015,8.5104,1403.0237,8.0175,1401.3190,0.6945,102.3289,63.5544,10220.4237,8.5104,1403.0237,5.4581,835.4185,0.4816,65.9956,63.5544,10220.4237,4.6656,765.0979,4.1108,662.0006,0.3560,54.3974,34.4243,5224.6339,6.7651,1249.9142,6.1952,1239.6142,0.5367,90.4670,50.3344,9093.2137,8.5104,1403.0237,7.6598,1208.8741,0.6945,93.9440,63.5544,9093.2137, NaN, NaN, NaN, NaN, NaN, NaN, NaN, NaN, NaN, NaN, NaN, NaN, NaN, NaN, NaN, NaN, NaN, NaN, NaN, NaN, NaN, NaN, NaN, NaN, NaN, NaN, NaN, NaN, NaN, NaN, NaN, NaN, NaN, NaN, NaN, NaN,
02/2015,10.5149,2482.0992,12.3070,2525.5752,1.0461,323.9178,63.5913,16138.5887,10.5149,2482.0992,6.9074,1327.9296,0.5919,103.6049,63.5913,16138.5887,4.6483,1004.3482,4.6192,850.2189,0.3968,121.7108,27.8455,6427.1771,15.0077,4018.9478,20.7308,4406.3111,1.7352,590.9318,95.0525,26166.6923,10.5149,2482.0992,9.5219,2035.5357,1.0019,199.5978,63.5913,26166.6923, NaN, NaN, NaN, NaN, NaN, NaN, NaN, NaN, NaN, NaN, NaN, NaN, NaN, NaN, NaN, NaN, NaN, NaN, NaN, NaN, NaN, NaN, NaN, NaN, NaN, NaN, NaN, NaN, NaN, NaN, NaN, NaN, NaN, NaN, NaN, NaN,
03/2015,11.8109,2267.1187,14.1540,2189.5569,1.2020,257.1429,59.9487,13964.4621,11.8109,2267.1187,7.7986,1222.3989,0.6671,98.0757,59.9487,13964.4621,7.3526,1355.3050,8.4023,1108.7071,0.7162,151.2737,37.5144,8172.8117,7.0243,1502.5910,7.2690,1433.0547,0.6237,147.4053,35.3472,9395.0201,11.8109,2267.1187,10.7539,1792.0691,1.1440,168.5282,59.9487,9395.0201, NaN, NaN, NaN, NaN, NaN, NaN, NaN, NaN, NaN, NaN, NaN, NaN, NaN, NaN, NaN, NaN, NaN, NaN, NaN, NaN, NaN, NaN, NaN, NaN, NaN, NaN, NaN, NaN, NaN, NaN, NaN, NaN, NaN, NaN, NaN, NaN,
04/2015,25.1510,4453.6867,34.7681,4666.1091,2.9168,597.5862,174.7025,29837.6652,25.1510,4453.6867,16.8310,2356.3091,1.4182,181.8918,174.7025,29837.6652,10.0656,1835.0582,11.8369,1632.9749,1.0078,228.9784,69.7742,12234.3591,16.0186,3143.0592,20.2394,3118.2971,1.7126,388.8954,111.1835,21301.6340,25.1510,4453.6867,23.6783,3719.3702,2.5942,387.3779,174.7025,21301.6340, NaN, NaN, NaN, NaN, NaN, NaN,0.3205,0.0179,6.5174,2.3042,36.3640,0.3204,0.0179,6.5179,2.2837,36.3938,0.3174,0.0177,6.5025,2.2114,36.4477,0.3203,0.0179,6.5175,2.3042,36.3641, NaN, NaN, NaN, NaN, NaN, NaN, NaN, NaN, NaN, NaN,
05/2015,48.3235,7252.0790,81.2253,8853.5731,6.6598,906.0046,388.7509,52474.0104,48.3235,7252.0790,32.9883,4067.3219,2.7551,286.4906,388.7509,52474.0104,26.2224,3890.0822,41.2342,4291.6904,3.4124,490.7038,211.5062,27776.3818,56.1082,10418.4922,100.5304,12738.9009,8.1803,1162.2103,452.3278,76735.1860,48.3235,7252.0790,47.2555,6625.8367,5.1395,610.7646,388.7509,76735.1860, NaN, NaN, NaN, NaN, NaN, NaN,0.3202,0.0216,7.1678,3.2204,35.9018,0.3216,0.0220,7.1653,3.2506,35.9610,0.3187,0.0224,7.1031,3.0558,36.2323,0.3197,0.0216,7.1667,3.2116,35.9018, NaN, NaN, NaN, NaN, NaN, NaN, NaN, NaN, NaN, NaN,
06/2015,73.0944,11618.2080,119.4254,14019.5771,9.8364,1337.7676,565.9791,79688.1256,73.0944,11618.2080,49.7405,7000.5251,4.1531,444.9952,565.9791,79688.1256,36.9187,5337.8006,56.0501,5665.3047,4.6579,663.6617,286.6296,35711.8525,72.4464,12879.2333,118.8526,14833.6359,9.7844,1357.8152,561.0544,90645.3697,73.0944,11618.2080,71.1747,11177.2020,7.8477,991.5032,565.9791,90645.3697, NaN, NaN, NaN, NaN, NaN, NaN,0.2921,0.0234,7.4408,2.8756,34.2371,0.2910,0.0235,7.4422,2.8654,34.2926,0.2843,0.0222,7.3148,2.3462,34.8202,0.2892,0.0231,7.4343,2.8223,34.2370, NaN, NaN, NaN, NaN, NaN, NaN, NaN, NaN, NaN, NaN,
07/2015,144.3571,19148.5642,244.8045,26134.1221,20.1421,2114.8485,1103.1592,137941.7176,144.3571,19148.5642,99.3604,12832.9217,8.2525,721.7972,1103.1592,137941.7176,67.8240,7456.1040,103.3341,7813.0890,8.6072,902.3181,517.9063,52558.6264,163.6243,24676.6262,287.1851,34093.1758,23.5238,2565.4982,1250.2892,178295.7675,144.3571,19148.5642,141.8679,19689.0588,16.1408,1582.1699,1103.1592,178295.7675, NaN, NaN, NaN, NaN, NaN, NaN,0.2129,0.0215,7.4674,3.1021,33.1273,0.2048,0.0202,7.4486,2.9146,33.1492,0.2325,0.0252,7.4943,3.0918,33.8396,0.2083,0.0209,7.4563,3.0015,33.1269, NaN, NaN, NaN, NaN, NaN, NaN, NaN, NaN, NaN, NaN,
08/2015,178.7357,54283.3661,302.5409,90264.2988,24.8387,3838.3619,1390.2226,444495.6203,178.7357,54283.3661,123.3735,71082.8346,10.2073,2158.4305,1390.2226,444495.6203,94.2278,13784.5152,145.8857,14874.7276,12.1476,1310.9775,733.4853,108891.2641,169.7328,64079.0611,280.5752,111488.1719,23.1972,4543.0556,1319.7902,527345.2419,178.7357,54283.3661,175.7129,80813.3216,20.0327,3277.7572,1390.2226,527345.2419, NaN, NaN, NaN, NaN, NaN, NaN,0.2509,0.0188,7.4664,3.4557,32.3473,0.2354,0.0167,7.4491,3.1783,32.3537,0.2504,0.0210,7.5118,3.2958,33.2014,0.2425,0.0179,7.4571,3.3245,32.3471, NaN, NaN, NaN, NaN, NaN, NaN, NaN, NaN, NaN, NaN,
09/2015,129.7382,22688.2166,204.0423,29907.1945,16.8862,1809.7646,1118.6324,175156.3963,129.7382,22688.2166,89.1864,19381.7407,7.3982,856.8677,1118.6324,175156.3963,63.1325,7361.7466,87.4085,7645.3438,7.3765,724.4702,543.8716,58511.5283,110.3933,17993.6554,167.3511,19970.3282,13.9789,1338.1903,950.5009,140644.6666,129.7382,22688.2166,126.2760,24971.2934,14.5350,1481.7032,1118.6324,140644.6666, NaN, NaN, NaN, NaN, NaN, NaN,0.4191,0.0218,6.9636,4.9297,32.1415,0.3997,0.0197,6.9384,4.4991,32.1427,0.3787,0.0224,7.0279,4.3046,32.9331, NaN, NaN, NaN, NaN, NaN, NaN, NaN, NaN, NaN, NaN, NaN, NaN, NaN, NaN, NaN,
10/2015,69.8458,7792.7011,95.8656,8728.3730,8.0897,647.4499,613.9376,53229.1709,69.8458,7792.7011,47.0706,5212.6337,3.9591,314.8840,613.9376,53229.1709,32.7802,2912.6909,39.0862,2736.9254,3.3424,247.7447,288.4298,21038.8498,56.8858,5566.1990,74.7699,5794.3952,6.3386,487.2406,500.5327,38878.6226,69.8458,7792.7011,66.4705,7258.5136,7.6663,552.9874,613.9376,38878.6226, NaN, NaN, NaN, NaN, NaN, NaN,0.3418,0.0221,7.0576,3.6360,33.3005,0.3291,0.0208,7.0412,3.4411,33.3027,0.3218,0.0223,7.0584,3.4851,33.7053, NaN, NaN, NaN, NaN, NaN, NaN, NaN, NaN, NaN, NaN, NaN, NaN, NaN, NaN, NaN,
11/2015,66.2774,4799.6582,105.4558,5275.5518,8.7000,424.2754,499.7637,29371.4200,66.2774,4799.6582,45.1319,2955.6189,3.7849,204.1578,499.7637,29371.4200,24.6845,1616.2762,32.4748,1480.9079,2.7360,133.8536,186.1598,10344.4010,53.4643,3855.8333,82.5476,3972.7714,6.8329,336.5018,403.0286,23305.0770,66.2774,4799.6582,64.5121,4286.4593,7.1892,358.0631,499.7637,23305.0770, NaN, NaN, NaN, NaN, NaN, NaN,0.2836,0.0170,6.6563,4.1859,33.3486,0.2758,0.0163,6.6449,4.0953,33.3549,0.2740,0.0177,6.6602,4.1804,33.6765, NaN, NaN, NaN, NaN, NaN, NaN, NaN, NaN, NaN, NaN, NaN, NaN, NaN, NaN, NaN,
12/2015,24.1488,2870.4586,28.4365,2884.0233,2.4264,280.7631,188.8310,17148.8486,24.1488,2870.4586,15.8773,1603.1002,1.3614,124.4374,188.8310,17148.8486,10.8000,1569.1277,11.5377,1367.8929,0.9891,148.1578,84.5326,9187.0231,20.8138,4517.8474,24.5786,5441.7572,2.0937,348.7392,162.8579,24630.4407,24.1488,2870.4586,22.5158,2399.1668,2.3408,212.9508,188.8310,24630.4407, NaN, NaN, NaN, NaN, NaN, NaN,0.2880,0.0196,6.7714,3.7637,34.6242,0.2831,0.0192,6.7665,3.7190,34.6373,0.2828,0.0202,6.7534,3.8362,34.8881, NaN, NaN, NaN, NaN, NaN, NaN, NaN, NaN, NaN, NaN, NaN, NaN, NaN, NaN, NaN,
01/2016,12.7181,2341.7770,15.1216,2407.1488,1.2860,270.2350,86.6581,11158.1890,12.7181,2341.7770,8.4359,1538.8840,0.7287,92.5880,86.6581,11158.1890,8.2598,2487.8362,10.1297,2284.7409,0.8587,232.3552,55.8879,12643.5093,10.9987,7116.6211,13.2017,9159.9497,1.1212,423.1039,74.7558,40172.4331,12.7181,2341.7770,11.8528,2097.4726,1.1959,162.3206,86.6581,40172.4331, NaN, NaN, NaN, NaN, NaN, NaN,0.4153,0.0197,6.3203,3.1846,35.6706,0.4120,0.0195,6.3178,3.1695,35.6898,0.4112,0.0204,6.3154,3.3045,35.8751, NaN, NaN, NaN, NaN, NaN, NaN, NaN, NaN, NaN, NaN, NaN, NaN, NaN, NaN, NaN,
02/2016,5.1322,2073.3408,5.0507,6878.1589,0.4349,431.1086,37.8182,12471.6938,5.1322,2073.3408,3.3263,6609.5105,0.2925,417.6359,37.8182,12471.6938,2.2464,307.8950,1.9129,251.9571,0.1652,14.2872,16.5415,1738.0870,5.9962,1196.4413,6.9600,1170.6556,0.5927,65.3051,44.9229,6594.1312,5.1322,2073.3408,4.4367,6780.7501,0.4349,426.0698,37.8182,6594.1312, NaN, NaN, NaN, NaN, NaN, NaN,0.3393,0.0279,6.4174,4.0525,36.1789,0.3371,0.0277,6.4170,4.0556,36.2082,0.3350,0.0285,6.4202,4.1662,36.3301, NaN, NaN, NaN, NaN, NaN, NaN, NaN, NaN, NaN, NaN, NaN, NaN, NaN, NaN, NaN,
03/2016,13.6253,6852.0902,19.7473,27474.2821,1.6468,1315.4244,97.6115,38419.1297,13.6253,6852.0902,9.1958,26139.3098,0.7746,1010.1861,97.6115,38419.1297,8.8128,2221.9488,12.1874,1862.9007,1.0226,273.5298,63.1225,11116.7789,7.4477,3100.0838,9.1534,2835.7486,0.7749,233.8751,53.3581,17029.9680,13.6253,6852.0902,12.7444,26766.5023,1.4081,1096.4656,97.6115,17029.9680, NaN, NaN, NaN, NaN, NaN, NaN,0.4346,0.0293,6.2435,4.4426,36.8559,0.4333,0.0292,6.2440,4.4457,36.8929, NaN, NaN, NaN, NaN, NaN, NaN, NaN, NaN, NaN, NaN, NaN, NaN, NaN, NaN, NaN, NaN, NaN, NaN, NaN, NaN,
04/2016,36.1843,12819.2198,54.4019,29960.7619,4.5232,1439.6237,213.7386,74078.7301,36.1843,12819.2198,24.4065,27011.5843,2.0451,945.0023,213.7386,74078.7301,14.3597,3261.9974,18.1831,2734.6618,1.5386,282.8206,85.0209,17671.7978,22.1011,6628.0637,30.2523,5887.1099,2.5407,479.2744,130.7630,36995.2573,36.1843,12819.2198,34.5224,28691.6146,3.8336,1190.7708,213.7386,36995.2573, NaN, NaN, NaN, NaN, NaN, NaN,0.3697,0.0403,6.4652,4.4149,37.0342,0.3677,0.0401,6.4527,4.3497,37.1211, NaN, NaN, NaN, NaN, NaN, NaN, NaN, NaN, NaN, NaN, NaN, NaN, NaN, NaN, NaN, NaN, NaN, NaN, NaN, NaN,
05/2016,68.7139,24644.6410,107.2245,40480.7000,8.8957,1950.6916,480.3320,169367.8402,68.7139,24644.6410,46.7302,33835.7037,3.9051,991.0732,480.3320,169367.8402,34.6032,6581.4250,49.0789,6576.9587,4.1158,752.5635,242.2980,42278.3644,74.8224,23072.0227,122.8420,28349.8168,10.1311,1967.8136,525.7466,157729.0901,68.7139,24644.6410,66.5218,37674.4133,7.4441,1510.4167,480.3320,157729.0901, NaN, NaN, NaN, NaN, NaN, NaN, NaN, NaN, NaN, NaN, NaN, NaN, NaN, NaN, NaN, NaN, NaN, NaN, NaN, NaN, NaN, NaN, NaN, NaN, NaN, NaN, NaN, NaN, NaN, NaN, NaN, NaN, NaN, NaN, NaN, NaN,
06/2016,129.3062,31750.8509,217.1890,45186.3260,17.8736,2066.3863,940.3733,256833.3190,129.3062,31750.8509,88.6761,36274.9214,7.3624,1014.5246,940.3733,256833.3190,58.2941,6877.0253,88.2675,6726.7809,7.3493,744.3718,423.2878,51783.7162,122.5152,32234.5267,205.4094,39179.4926,16.9074,2070.1816,890.8897,262585.6308,129.3062,31750.8509,126.5457,41455.0755,14.3460,1640.3779,940.3733,262585.6308, NaN, NaN, NaN, NaN, NaN, NaN, NaN, NaN, NaN, NaN, NaN, NaN, NaN, NaN, NaN, NaN, NaN, NaN, NaN, NaN, NaN, NaN, NaN, NaN, NaN, NaN, NaN, NaN, NaN, NaN, NaN, NaN, NaN, NaN, NaN, NaN,
07/2016,230.0832,97274.3558,419.0990,200509.0051,34.1548,9854.5092,1758.5646,881493.4588,230.0832,97274.3558,159.1386,161216.2083,13.1338,4275.6262,1758.5646,881493.4588,95.9904,14538.5366,153.8746,15618.7380,12.7356,1389.0809,738.8216,120514.8729,248.1062,127681.4880,464.8036,285528.4488,37.7264,12596.3350,1898.4904,1170242.8441,230.0832,97274.3558,227.9826,176967.0545,25.7479,5942.7915,1758.5646,1170242.8441, NaN, NaN, NaN, NaN, NaN, NaN, NaN, NaN, NaN, NaN, NaN, NaN, NaN, NaN, NaN, NaN, NaN, NaN, NaN, NaN, NaN, NaN, NaN, NaN, NaN, NaN, NaN, NaN, NaN, NaN, NaN, NaN, NaN, NaN, NaN, NaN,
08/2016,273.4214,102968.4442,503.6537,174691.5262,40.2606,12831.9794,2162.8193,904373.5176,273.4214,102968.4442,190.0194,122387.6760,15.5667,3229.2949,2162.8193,904373.5176,148.0982,24559.3382,244.5722,29943.9272,20.2097,2255.8199,1177.6676,207373.6746,246.4646,78334.2490,439.1923,118787.2998,35.5483,8625.6055,1946.0414,682680.4690,273.4214,102968.4442,272.1364,140142.4595,30.4915,5072.0812,2162.8193,682680.4690, NaN, NaN, NaN, NaN, NaN, NaN, NaN, NaN, NaN, NaN, NaN, NaN, NaN, NaN, NaN, NaN, NaN, NaN, NaN, NaN, NaN, NaN, NaN, NaN, NaN, NaN, NaN, NaN, NaN, NaN, NaN, NaN, NaN, NaN, NaN, NaN,
09/2016,229.8154,59848.1136,415.5740,84068.6105,32.7014,4584.9562,2031.8245,535301.5249,229.8154,59848.1136,159.8637,60941.8188,13.0216,1640.9385,2031.8245,535301.5249,136.0541,17424.2966,217.7361,18964.1677,18.0813,1343.0418,1204.6292,153009.0416,194.3050,40670.2253,333.4795,50541.6626,26.9073,3011.6354,1715.9854,362709.2475,229.8154,59848.1136,228.5489,71064.4622,25.4980,2693.1133,2031.8245,362709.2475, NaN, NaN, NaN, NaN, NaN, NaN, NaN, NaN, NaN, NaN, NaN, NaN, NaN, NaN, NaN, NaN, NaN, NaN, NaN, NaN, NaN, NaN, NaN, NaN, NaN, NaN, NaN, NaN, NaN, NaN, NaN, NaN, NaN, NaN, NaN, NaN,
10/2016,163.5206,29056.1472,269.3653,35558.2180,21.7229,2508.2583,1540.2022,236173.3182,163.5206,29056.1472,112.8894,21918.9989,9.2718,989.1534,1540.2022,236173.3182,90.0029,8234.7494,129.2138,8392.2977,10.8720,685.8466,847.4889,70202.4354,129.0298,18196.2634,200.3724,20125.0821,16.5242,1318.2631,1214.6949,151003.4932,163.5206,29056.1472,160.2185,28236.0978,18.1912,1684.7070,1540.2022,151003.4932, NaN, NaN, NaN, NaN, NaN, NaN, NaN, NaN, NaN, NaN, NaN, NaN, NaN, NaN, NaN, NaN, NaN, NaN, NaN, NaN, NaN, NaN, NaN, NaN, NaN, NaN, NaN, NaN, NaN, NaN, NaN, NaN, NaN, NaN, NaN, NaN,
11/2016,58.7174,7120.4918,78.2025,8119.3038,6.6249,525.8911,463.5768,46146.6989,58.7174,7120.4918,39.5263,5139.4716,3.3357,286.3294,463.5768,46146.6989,32.3914,2471.0227,38.4481,2319.2974,3.2924,188.8264,256.7281,17216.9115,46.3709,4904.9107,59.1641,5013.4962,5.0316,390.5673,365.6241,32502.9878,58.7174,7120.4918,55.7907,6852.8487,6.4097,468.3407,463.5768,32502.9878, NaN, NaN, NaN, NaN, NaN, NaN, NaN, NaN, NaN, NaN, NaN, NaN, NaN, NaN, NaN, NaN, NaN, NaN, NaN, NaN, NaN, NaN, NaN, NaN, NaN, NaN, NaN, NaN, NaN, NaN, NaN, NaN, NaN, NaN, NaN, NaN,
12/2016,27.6826,3254.8262,32.3475,3352.1820,2.7695,280.6313,204.0508,18336.1039,27.6826,3254.8262,18.2743,2016.6606,1.5710,146.5515,204.0508,18336.1039,15.3446,1614.8074,16.3501,1378.1590,1.4080,134.6307,113.0536,9078.4971,22.7578,3172.8067,26.1654,3033.7207,2.2405,260.1705,167.4934,16844.6392,27.6826,3254.8262,25.9378,2836.7174,2.7130,224.9107,204.0508,16844.6392, NaN, NaN, NaN, NaN, NaN, NaN, NaN, NaN, NaN, NaN, NaN, NaN, NaN, NaN, NaN, NaN, NaN, NaN, NaN, NaN, NaN, NaN, NaN, NaN, NaN, NaN, NaN, NaN, NaN, NaN, NaN, NaN, NaN, NaN, NaN, NaN,
01/2017,13.1155,3203.8157,14.8053,3373.3763,1.2670,473.1760,88.5310,13480.7022,13.1155,3203.8157,8.6664,1670.4295,0.7520,128.9300,88.5310,13480.7022,8.6314,4648.6310,9.7994,7553.1491,0.8368,546.8681,58.7960,23311.5794,10.8086,3326.2099,12.2170,3436.1402,1.0443,460.2522,73.3396,14369.7872,13.1155,3203.8157,12.2648,2631.0788,1.2149,266.4852,88.5310,14369.7872, NaN, NaN, NaN, NaN, NaN, NaN, NaN, NaN, NaN, NaN, NaN, NaN, NaN, NaN, NaN, NaN, NaN, NaN, NaN, NaN, NaN, NaN, NaN, NaN, NaN, NaN, NaN, NaN, NaN, NaN, NaN, NaN, NaN, NaN, NaN, NaN,
02/2017,81.1123,256611.7411,163.3540,940197.3902,13.0707,45327.1660,585.1678,1766168.1627,81.1123,256611.7411,56.4021,932726.0178,4.6678,44424.3161,585.1678,1766168.1627,27.6653,27231.9149,47.2826,60999.0327,3.8678,2232.9212,200.3884,177105.2206,174.5885,588701.2522,408.3792,2840915.9956,31.9890,115169.0731,1257.7735,4036596.2604,81.1123,256611.7411,81.3930,936121.5739,8.8594,44879.3978,585.1678,4036596.2604, NaN, NaN, NaN, NaN, NaN, NaN, NaN, NaN, NaN, NaN, NaN, NaN, NaN, NaN, NaN, NaN, NaN, NaN, NaN, NaN, NaN, NaN, NaN, NaN, NaN, NaN, NaN, NaN, NaN, NaN, NaN, NaN, NaN, NaN, NaN, NaN,
03/2017,32.8147,33757.3872,41.2903,104365.5151,3.5098,3639.3677,230.8084,225990.1774,32.8147,33757.3872,21.8910,102612.9895,1.8678,3426.6089,230.8084,225990.1774,14.3856,3116.7072,16.5934,2741.1915,1.4177,206.0152,100.8989,18120.8744,38.9146,19450.0483,47.7623,37451.0703,4.0780,1325.6533,274.2919,130837.6704,32.8147,33757.3872,31.0432,103661.5723,3.3351,3550.2720,230.8084,130837.6704, NaN, NaN, NaN, NaN, NaN, NaN, NaN, NaN, NaN, NaN, NaN, NaN, NaN, NaN, NaN, NaN, NaN, NaN, NaN, NaN, NaN, NaN, NaN, NaN, NaN, NaN, NaN, NaN, NaN, NaN, NaN, NaN, NaN, NaN, NaN, NaN,
04/2017,14.4979,3725.4730,14.6896,6562.1096,1.2714,197.8549,99.4076,22392.8396,14.4979,3725.4730,9.4046,5829.1459,0.8234,163.7005,99.4076,22392.8396,3.9917,616.9046,3.2837,545.9289,0.2852,28.5414,27.3488,3599.7793,22.8614,2432.2550,25.1007,2500.7706,2.1631,164.8341,156.7908,14413.3754,14.4979,3725.4730,13.4226,6266.9067,1.2714,196.7380,99.4076,14413.3754, NaN, NaN, NaN, NaN, NaN, NaN, NaN, NaN, NaN, NaN, NaN, NaN, NaN, NaN, NaN, NaN, NaN, NaN, NaN, NaN, NaN, NaN, NaN, NaN, NaN, NaN,0.4967,0.0280,5.4976,6.5406,33.9141,0.4995,0.0281,5.4962,6.5209,33.9954,
05/2017,59.8925,9224.5219,90.7090,11579.3514,7.5554,911.3990,442.1264,58021.5773,59.8925,9224.5219,40.6859,7787.9490,3.4174,338.3743,442.1264,58021.5773,28.4429,3733.5427,39.4477,3501.7278,3.3151,453.9417,206.1754,22031.8795,90.8928,10858.4064,146.9967,11936.6182,12.1561,1200.0269,675.7925,68283.6922,59.8925,9224.5219,57.9315,9993.0440,6.4285,653.7649,442.1264,68283.6922, NaN, NaN, NaN, NaN, NaN, NaN, NaN, NaN, NaN, NaN, NaN, NaN, NaN, NaN, NaN, NaN, NaN, NaN, NaN, NaN, NaN, NaN, NaN, NaN, NaN, NaN,0.3427,0.0207,3.8865,6.6202,34.4632,0.3452,0.0210,3.8994,6.6134,34.4936,
06/2017,49.3949,10231.5830,72.9376,13144.9746,6.0695,934.2494,366.9094,74285.9908,49.3949,10231.5830,33.2389,8079.7491,2.8025,351.4538,366.9094,74285.9908,20.4422,3666.3322,28.5542,4097.6803,2.3847,433.4524,147.7782,24245.9859,70.0358,11008.9584,105.1679,12984.1746,8.7538,1082.8985,528.8100,78454.6504,49.3949,10231.5830,47.4471,10787.6443,5.1490,711.7012,366.9094,78454.6504, NaN, NaN, NaN, NaN, NaN, NaN, NaN, NaN, NaN, NaN, NaN, NaN, NaN, NaN, NaN, NaN, NaN, NaN, NaN, NaN, NaN, NaN, NaN, NaN, NaN, NaN,0.3735,0.0223,3.1700,7.2989,33.8625,0.3721,0.0226,3.1557,7.2881,33.8196,
07/2017,202.8413,44822.5056,354.9351,58524.2109,29.0828,3719.9324,1542.9205,346921.2443,202.8413,44822.5056,140.3084,37682.5385,11.6104,1439.3463,1542.9205,346921.2443,94.3920,13070.9462,145.3004,13559.0203,12.1089,1551.7163,713.3137,95494.5977,284.3597,63347.8838,535.8049,89016.8932,42.7469,6172.8209,2167.4453,490838.8479,202.8413,44822.5056,200.5123,49818.6151,22.7689,2762.9209,1542.9205,490838.8479, NaN, NaN, NaN, NaN, NaN, NaN, NaN, NaN, NaN, NaN, NaN, NaN, NaN, NaN, NaN, NaN, NaN, NaN, NaN, NaN, NaN, NaN, NaN, NaN, NaN, NaN,0.3236,0.0177,4.5702,7.5886,33.2389,0.3240,0.0181,4.5927,7.5774,33.1532,
08/2017,304.1885,153511.4246,608.3182,294450.2586,46.5684,17189.5619,2714.4026,1348151.0487,304.1885,153511.4246,213.4781,229876.1598,17.2456,6679.2295,2714.4026,1348151.0487,174.9773,33534.4752,311.2801,42170.0938,25.4486,2794.9660,1563.8130,286957.0706,301.5274,114476.2848,603.0227,209898.7267,45.2698,16349.5228,2688.7303,992549.2193,304.1885,153511.4246,306.3038,252459.5951,33.6945,8802.2250,2714.4026,992549.2193, NaN, NaN, NaN, NaN, NaN, NaN, NaN, NaN, NaN, NaN, NaN, NaN, NaN, NaN, NaN, NaN, NaN, NaN, NaN, NaN, NaN, NaN, NaN, NaN, NaN, NaN,0.6154,0.0240,5.4222,7.5020,31.9410,0.6343,0.0253,5.4406,7.4669,31.8981,
09/2017,208.4746,52317.2909,369.8117,73391.5954,29.5111,3420.3869,1610.9259,416572.4184,208.4746,52317.2909,144.6594,54872.1316,11.8446,1290.2197,1610.9259,416572.4184,120.6749,14485.5562,191.2194,15062.5840,15.8887,1297.8109,934.0886,109841.3781,188.7494,31687.6406,323.8835,37081.3268,26.0682,2324.1341,1456.5963,248170.0987,208.4746,52317.2909,206.6039,63192.4631,23.2110,2236.4152,1610.9259,248170.0987, NaN, NaN, NaN, NaN, NaN, NaN, NaN, NaN, NaN, NaN, NaN, NaN, NaN, NaN, NaN, NaN, NaN, NaN, NaN, NaN, NaN, NaN, NaN, NaN, NaN, NaN,0.5585,0.0292,11.5806,7.1656,30.8085,0.5315,0.0304,11.6397,7.1484,31.1917,
10/2017,137.2378,24765.4022,214.4144,29190.3318,17.7671,1465.4192,1163.6319,184987.3427,137.2378,24765.4022,94.2006,20837.4032,7.8064,727.7256,1163.6319,184987.3427,74.3904,6485.1494,102.5644,6475.1932,8.6647,540.2138,630.4022,50246.0937,116.4845,14436.9562,175.1379,15481.1732,14.6122,1090.0113,986.9795,110057.9405,137.2378,24765.4022,133.2410,25161.4175,15.3381,1213.1013,1163.6319,110057.9405, NaN, NaN, NaN, NaN, NaN, NaN, NaN, NaN, NaN, NaN, NaN, NaN, NaN, NaN, NaN, NaN, NaN, NaN, NaN, NaN, NaN, NaN, NaN, NaN, NaN, NaN,0.3520,0.0162,2.2189,7.2946,31.3103, NaN, NaN, NaN, NaN, NaN,
11/2017,46.8115,5975.5277,58.8029,6717.2180,5.0108,355.7862,408.6184,42276.0922,46.8115,5975.5277,31.2611,4608.1235,2.6545,225.8383,408.6184,42276.0922,25.7299,1889.6026,29.0434,1760.3966,2.4972,128.1166,224.5883,14564.8028,39.6749,4076.8618,48.2953,4225.8059,4.1266,294.0353,346.3605,29992.4872,46.8115,5975.5277,44.1473,5838.5701,4.9825,340.2563,408.6184,29992.4872, NaN, NaN, NaN, NaN, NaN, NaN, NaN, NaN, NaN, NaN, NaN, NaN, NaN, NaN, NaN, NaN, NaN, NaN, NaN, NaN, NaN, NaN, NaN, NaN, NaN, NaN,0.2889,0.0232,3.3041,6.9396,33.0341, NaN, NaN, NaN, NaN, NaN,
12/2017,31.7693,4911.0192,39.6329,5340.3644,3.3740,487.6678,262.4523,31709.1677,31.7693,4911.0192,21.2307,3094.2754,1.8165,200.1493,262.4523,31709.1677,17.9798,2508.5462,20.6782,2307.4765,1.7709,272.0944,148.7751,16495.1655,30.1018,4838.1754,38.0215,5060.7717,3.2311,524.9671,248.9581,31534.9031,31.7693,4911.0192,30.1335,4415.5531,3.2153,355.3755,262.4523,31534.9031, NaN, NaN, NaN, NaN, NaN, NaN, NaN, NaN, NaN, NaN, NaN, NaN, NaN, NaN, NaN, NaN, NaN, NaN, NaN, NaN, NaN, NaN, NaN, NaN, NaN, NaN,0.2264,0.0163,3.2057,6.7395,34.3361, NaN, NaN, NaN, NaN, NaN,
01/2018,110.9376,18339.6182,247.5756,35121.3949,19.4824,1830.0745,777.4985,94466.7622,110.9376,18339.6182,78.1318,25299.2153,6.4213,790.1816,777.4985,94466.7622,89.2685,10427.3482,201.2022,14873.4405,15.8238,1261.2997,625.1428,57919.7620,107.2224,29287.0339,239.8862,64266.9121,18.8746,2956.0739,751.3231,138213.1158,110.9376,18339.6182,112.1649,29965.3545,12.3060,1349.6540,777.4985,138213.1158, NaN, NaN, NaN, NaN, NaN, NaN, NaN, NaN, NaN, NaN, NaN, NaN, NaN, NaN, NaN, NaN, NaN, NaN, NaN, NaN, NaN, NaN, NaN, NaN, NaN, NaN,0.2945,0.0220,3.3471,6.3717,35.1040, NaN, NaN, NaN, NaN, NaN,
02/2018,17.8416,2782.1146,19.0764,4384.3969,1.6462,140.3926,130.8354,15833.2555,17.8416,2782.1146,11.6732,3664.6797,1.0150,110.9666,130.8354,15833.2555,12.2602,892.8317,12.3399,788.8127,1.0688,49.8389,89.8974,5875.9055,14.9386,1939.8355,15.5013,1887.0202,1.3398,113.1818,109.4941,11718.3995,17.8416,2782.1146,16.6203,4131.4405,1.6462,137.9320,130.8354,11718.3995, NaN, NaN, NaN, NaN, NaN, NaN, NaN, NaN, NaN, NaN, NaN, NaN, NaN, NaN, NaN, NaN, NaN, NaN, NaN, NaN, NaN, NaN, NaN, NaN, NaN, NaN,0.3109,0.0279,5.0046,6.2011,34.6530, NaN, NaN, NaN, NaN, NaN,
03/2018,12.7872,2247.5837,12.8651,3608.9921,1.1135,117.9929,101.2300,14459.1899,12.7872,2247.5837,8.3189,3027.7950,0.7297,92.0139,101.2300,14459.1899,8.0525,729.6221,7.5429,615.2473,0.6545,41.1935,63.7270,5116.5016,10.1347,1292.9587,9.7192,1333.1710,0.8429,86.5892,80.2230,8993.4080,12.7872,2247.5837,11.8777,3399.3223,1.1135,113.7674,101.2300,8993.4080, NaN, NaN, NaN, NaN, NaN, NaN, NaN, NaN, NaN, NaN, NaN, NaN, NaN, NaN, NaN, NaN, NaN, NaN, NaN, NaN, NaN, NaN, NaN, NaN, NaN, NaN,0.3412,0.0225,3.6211,6.4692,35.5891, NaN, NaN, NaN, NaN, NaN,
04/2018,24.8832,2679.7392,32.7470,2823.7689,2.7618,268.4944,198.8583,18442.8146,24.8832,2679.7392,16.6124,1664.2434,1.4140,117.1548,198.8583,18442.8146,11.6467,1131.9005,12.9332,984.6108,1.1069,101.7232,93.1484,7841.2491,17.5824,1979.1216,21.0990,2003.1049,1.7951,192.6846,140.6016,13755.5444,24.8832,2679.7392,23.6188,2352.8986,2.4978,198.7215,198.8583,13755.5444, NaN, NaN, NaN, NaN, NaN, NaN, NaN, NaN, NaN, NaN, NaN, NaN, NaN, NaN, NaN, NaN, NaN, NaN, NaN, NaN, NaN, NaN, NaN, NaN, NaN, NaN,0.3060,0.0223,3.1781,6.7015,35.7923, NaN, NaN, NaN, NaN, NaN,
