Date,BC BASE Flow Local (ML),BC BASE Flow Local + Upstream (ML),BC BASE TN Local (KG),BC BASE TN Local + Upstream (KG),BC BASE TP Local (KG),BC BASE TP Local + Upstream (KG),BC BASE OXY Local (KG),BC BASE OXY Local + Upstream (KG),BC Capped Flow Local (ML),BC Capped Flow Local + Upstream (ML),BC Capped TN Local (KG),BC Capped TN Local + Upstream (KG),BC Capped TP Local (KG),BC Capped TP Local + Upstream (KG),BC Capped OXY Local (KG),BC Capped OXY Local + Upstream (KG),BC Dry Flow Local (ML),BC Dry Flow Local + Upstream (ML),BC Dry TN Local (KG),BC Dry TN Local + Upstream (KG),BC Dry TP Local (KG),BC Dry TP Local + Upstream (KG),BC Dry OXY Local (KG),BC Dry OXY Local + Upstream (KG),BC Wet Flow Local (ML),BC Wet Flow Local + Upstream (ML),BC Wet TN Local (KG),BC Wet TN Local + Upstream (KG),BC Wet TP Local (KG),BC Wet TP Local + Upstream (KG),BC Wet OXY Local (KG),BC Wet OXY Local + Upstream (KG),BC Targets Flow Local (ML),BC Targets Flow Local + Upstream (ML),BC Targets TN Local (KG),BC Targets TN Local + Upstream (KG),BC Targets TP Local (KG),BC Targets TP Local + Upstream (KG),BC Targets OXY Local (KG),BC Targets OXY Local + Upstream (KG),Field Mean TN (mg/L),Field Mean TP (mg/L),Field Mean TCHLA (ug/L),Field Mean Oxygen (mg/L),Field Mean TEMP (C),Field Mean Salinity (psu),SCERM44_2015_2016_ALL Mean TN (mg/L),SCERM44_2015_2016_ALL Mean TP (mg/L),SCERM44_2015_2016_ALL Mean Oxy (mg/L),SCERM44_2015_2016_ALL Mean TCHLA (ug/L),SCERM44_2015_2016_ALL Mean Salinity (psu),SCERM44_2015_2016_Capped_ALL Mean TN (mg/L),SCERM44_2015_2016_Capped_ALL Mean TP (mg/L,)SCERM44_2015_2016_Capped_ALL Mean Oxy (mg/L),SCERM44_2015_2016_Capped_ALL Mean TCHLA (ug/L),SCERM44_2015_2016_Capped_ALL Mean Salinity (psu),SCERM44_2015_2016_Dry_ALL Mean TN (mg/L),SCERM44_2015_2016_Dry_ALL Mean TP (mg/L),SCERM44_2015_2016_Dry_ALL Mean Oxy (mg/L),SCERM44_2015_2016_Dry_ALL Mean TCHLA (ug/L),SCERM44_2015_2016_Dry_ALL Mean Salinity (psu),SCERM44_2015_2016_Target_ALL Mean TN (mg/L),SCERM44_2015_2016_Target_ALL Mean TP (mg/L),SCERM44_2015_2016_Target_ALL Mean Oxy (mg/L),SCERM44_2015_2016_Target_ALL Mean TCHLA (ug/L),SCERM44_2015_2016_Target_ALL Mean Salinity (psu),SCERM44_2017_2018_ALL Mean TN (mg/L),SCERM44_2017_2018_ALL Mean TP (mg/L),SCERM44_2017_2018_ALL Mean Oxy (mg/L),SCERM44_2017_2018_ALL Mean TCHLA (ug/L),SCERM44_2017_2018_ALL Mean Salinity (psu),SCERM44_2017_2018_Wet_ALL Mean TN (mg/L),SCERM44_2017_2018_Wet_ALL Mean TP (mg/L),SCERM44_2017_2018_Wet_ALL Mean Oxy (mg/L),SCERM44_2017_2018_Wet_ALL Mean TCHLA (ug/L),SCERM44_2017_2018_Wet_ALL Mean Salinity (psu),
01/2008,295.2979,706.7174,269.6798,821.0448,14.9614,42.0512,2429.0462,4652.6388,295.2979,706.7174,167.6237,509.4255,13.2948,39.4945,2429.0462,4652.6388,99.7488,231.8285,77.3670,235.0519,4.5755,9.2335,823.1201,1515.7932,231.0682,620.0237,204.0610,689.4290,11.3403,33.7891,1906.9744,4059.4287,295.2979,706.7174,234.3845,675.0799,14.9614,41.5775,2429.0462,4059.4287,0.5500,0.1128,5.0700,4.2240,26.9412,26.7430, NaN, NaN, NaN, NaN, NaN, NaN, NaN, NaN, NaN, NaN, NaN, NaN, NaN, NaN, NaN, NaN, NaN, NaN, NaN, NaN, NaN, NaN, NaN, NaN, NaN, NaN, NaN, NaN, NaN, NaN,
02/2008,483.9523,1813.8816,527.5106,1888.7176,34.9502,243.2903,4200.0260,11722.8778,483.9523,1813.8816,264.7895,952.7888,20.7685,74.9420,4200.0260,11722.8778,171.0893,718.5715,160.8574,638.8178,11.0722,92.0188,1439.1124,4530.2790,758.6266,3508.1510,947.2019,3975.5109,64.7122,458.7448,6430.2013,21799.0050,483.9523,1813.8816,401.3312,1531.6392,31.7952,149.7115,4200.0260,21799.0050,0.5400,0.1210,5.5750,4.4551,24.9772,30.6340, NaN, NaN, NaN, NaN, NaN, NaN, NaN, NaN, NaN, NaN, NaN, NaN, NaN, NaN, NaN, NaN, NaN, NaN, NaN, NaN, NaN, NaN, NaN, NaN, NaN, NaN, NaN, NaN, NaN, NaN,
03/2008,246.5683,909.8698,225.1472,1001.8741,14.4422,121.5743,1720.0622,5629.9671,246.5683,909.8698,133.6866,556.9085,10.3610,46.1096,1720.0622,5629.9671,105.2438,466.8106,91.1457,442.5531,6.2381,69.6851,700.2005,2810.8272,216.2938,727.9978,186.5414,795.5383,11.5214,75.6611,1556.0160,4566.7208,246.5683,909.8698,193.2958,795.8853,13.9378,74.5857,1720.0622,4566.7208,0.6000,0.1039,5.0700,4.7897,23.4740,31.9421, NaN, NaN, NaN, NaN, NaN, NaN, NaN, NaN, NaN, NaN, NaN, NaN, NaN, NaN, NaN, NaN, NaN, NaN, NaN, NaN, NaN, NaN, NaN, NaN, NaN, NaN, NaN, NaN, NaN, NaN,
04/2008,1411.7155,12703.6858,1668.9429,20629.0000,118.8505,1258.7047,9075.7680,79004.6049,1411.7155,12703.6858,769.2561,17785.2317,60.7294,574.5189,9075.7680,79004.6049,467.1734,1997.7235,469.8011,1806.3127,33.9009,349.4413,2953.6618,11970.3963,909.4810,3801.2803,992.6650,3716.1611,70.2268,568.8876,5845.4198,23115.6496,1411.7155,12703.6858,1210.9821,19433.2074,105.9763,861.6298,9075.7680,23115.6496,0.9988,0.0970,8.0625,2.1238,20.5555,30.8833, NaN, NaN, NaN, NaN, NaN, NaN, NaN, NaN, NaN, NaN, NaN, NaN, NaN, NaN, NaN, NaN, NaN, NaN, NaN, NaN, NaN, NaN, NaN, NaN, NaN, NaN, NaN, NaN, NaN, NaN,
05/2008,1101.8246,6245.1130,1140.7021,8032.1379,82.2554,658.9483,7911.5581,44841.2785,1101.8246,6245.1130,601.0763,6055.1892,48.2152,245.0681,7911.5581,44841.2785,379.3651,1956.0787,338.8739,1715.3167,24.9480,314.3108,2681.7609,13101.4941,1044.7574,5775.5376,1094.6549,5659.2334,79.6126,705.8366,7455.6782,41415.3957,1101.8246,6245.1130,897.6700,7209.2286,78.2874,410.5027,7911.5581,41415.3957,0.6188,0.0810,6.7250,2.6694,19.3856,28.4712, NaN, NaN, NaN, NaN, NaN, NaN, NaN, NaN, NaN, NaN, NaN, NaN, NaN, NaN, NaN, NaN, NaN, NaN, NaN, NaN, NaN, NaN, NaN, NaN, NaN, NaN, NaN, NaN, NaN, NaN,
06/2008,2573.4586,16781.1869,3214.0359,22061.0729,229.9334,1585.5233,20954.7757,142495.7648,2573.4586,16781.1869,1425.7278,14630.5308,113.2791,591.7837,20954.7757,142495.7648,1027.8317,4696.9286,1129.3662,4382.3783,83.4509,752.6738,8319.7171,37642.7052,2397.1507,17054.0122,2962.1630,18896.9307,214.7320,1485.9014,19515.2562,146545.6122,2573.4586,16781.1869,2270.7251,19992.1454,202.9675,1026.9460,20954.7757,146545.6122,0.5100,0.0511,8.2125,3.1072,17.2722,26.3566, NaN, NaN, NaN, NaN, NaN, NaN, NaN, NaN, NaN, NaN, NaN, NaN, NaN, NaN, NaN, NaN, NaN, NaN, NaN, NaN, NaN, NaN, NaN, NaN, NaN, NaN, NaN, NaN, NaN, NaN,
07/2008,4173.1373,87844.1760,6049.5106,259944.6060,391.6143,11845.1770,37650.2951,883260.6350,4173.1373,87844.1760,2350.0259,226158.8566,182.6500,4818.5137,37650.2951,883260.6350,1709.4586,16165.2499,1970.2037,19042.9451,146.9229,1388.8398,15418.8224,158375.9973,4430.0909,141428.4019,6373.7695,334963.0086,423.9225,18772.5868,39956.2712,1435474.4645,4173.1373,87844.1760,4080.5125,239555.0066,339.5733,5684.2715,37650.2951,1435474.4645,1.4083,0.0672,1.3667,5.0026,14.1650,15.2109, NaN, NaN, NaN, NaN, NaN, NaN, NaN, NaN, NaN, NaN, NaN, NaN, NaN, NaN, NaN, NaN, NaN, NaN, NaN, NaN, NaN, NaN, NaN, NaN, NaN, NaN, NaN, NaN, NaN, NaN,
08/2008,3188.3242,93407.9126,4343.8670,229482.1925,260.4040,8098.9485,28672.1360,954592.8989,3188.3242,93407.9126,1818.9403,214176.3729,145.5408,5258.5257,28672.1360,954592.8989,1243.0109,10418.2157,1348.0480,11033.5852,100.3103,474.2479,11187.1272,102101.9321,3202.1914,113072.2589,4298.7693,287431.7237,260.5569,11747.7136,28807.7066,1158338.8466,3188.3242,93407.9126,2972.9024,220034.1552,240.7990,5614.6755,28672.1360,1158338.8466,1.6250,0.0810,2.6750,5.9350,13.8669,10.6175, NaN, NaN, NaN, NaN, NaN, NaN, NaN, NaN, NaN, NaN, NaN, NaN, NaN, NaN, NaN, NaN, NaN, NaN, NaN, NaN, NaN, NaN, NaN, NaN, NaN, NaN, NaN, NaN, NaN, NaN,
09/2008,2797.3642,21408.4253,3644.7471,25542.5098,225.4366,1175.4766,24775.5448,195125.5461,2797.3642,21408.4253,1572.7082,20172.1068,126.6543,569.0298,24775.5448,195125.5461,1212.3389,4742.6602,1290.7105,4164.7484,93.7812,488.6769,10719.4738,41711.0126,2586.6605,18083.0621,3250.8304,18506.3435,203.3201,964.1096,22934.1833,165792.5255,2797.3642,21408.4253,2505.2363,23332.2137,207.0220,844.9575,24775.5448,165792.5255,0.8680,0.0438,7.0800,2.2006,17.3560,17.9528, NaN, NaN, NaN, NaN, NaN, NaN, NaN, NaN, NaN, NaN, NaN, NaN, NaN, NaN, NaN, NaN, NaN, NaN, NaN, NaN, NaN, NaN, NaN, NaN, NaN, NaN, NaN, NaN, NaN, NaN,
10/2008,2174.7398,15084.4896,2648.9374,18047.3669,163.6251,843.2701,18062.1006,120914.3685,2174.7398,15084.4896,1229.0881,14355.0383,101.1625,432.4801,18062.1006,120914.3685,831.3667,2748.7901,825.6235,2407.3821,59.0878,243.3993,6903.3295,21335.5184,1873.2730,10182.5078,2194.4504,9650.7313,136.8435,572.8018,15580.5016,81487.2514,2174.7398,15084.4896,1863.2295,16376.9214,154.6658,613.7181,18062.1006,81487.2514,0.9337,0.0770,10.1000,1.1850,21.1849,17.0798, NaN, NaN, NaN, NaN, NaN, NaN, NaN, NaN, NaN, NaN, NaN, NaN, NaN, NaN, NaN, NaN, NaN, NaN, NaN, NaN, NaN, NaN, NaN, NaN, NaN, NaN, NaN, NaN, NaN, NaN,
11/2008,1979.4931,9012.2112,2341.8123,10424.2364,148.7640,729.8457,15631.6211,62175.1633,1979.4931,9012.2112,1107.7339,7470.4918,91.1618,332.5020,15631.6211,62175.1633,673.2029,1838.6006,640.9230,1617.0751,45.6264,205.4819,5319.0443,12629.1452,1668.0125,6708.8995,1887.4553,6110.7549,122.1454,546.5833,13175.6579,45786.3004,1979.4931,9012.2112,1679.6695,9175.8568,140.8174,526.3307,15631.6211,45786.3004,0.7650,0.1202,13.3500,1.8367,22.3808,17.9508, NaN, NaN, NaN, NaN, NaN, NaN, NaN, NaN, NaN, NaN, NaN, NaN, NaN, NaN, NaN, NaN, NaN, NaN, NaN, NaN, NaN, NaN, NaN, NaN, NaN, NaN, NaN, NaN, NaN, NaN,
12/2008,1066.3229,2869.5082,1137.0953,3045.6228,69.2665,233.8271,7892.3230,18182.1526,1066.3229,2869.5082,603.6518,1807.8452,50.6379,124.1197,7892.3230,18182.1526,353.6611,867.4301,310.6418,793.2710,21.1855,91.7168,2618.5199,5447.2844,947.5574,2966.3626,988.3776,2830.9689,60.8627,228.6546,7015.9982,18622.2989,1066.3229,2869.5082,865.0607,2494.0378,68.6565,178.7716,7892.3230,18622.2989,0.7368,0.1427,7.3250,2.9154,25.5221,19.4614, NaN, NaN, NaN, NaN, NaN, NaN, NaN, NaN, NaN, NaN, NaN, NaN, NaN, NaN, NaN, NaN, NaN, NaN, NaN, NaN, NaN, NaN, NaN, NaN, NaN, NaN, NaN, NaN, NaN, NaN,
01/2009,480.6346,1256.4806,465.5050,1921.5122,26.1580,73.2359,3449.8943,7716.0339,480.6346,1256.4806,272.6196,1474.6255,22.2715,62.8996,3449.8943,7716.0339,142.5427,1021.5158,111.5295,1537.4365,7.0820,49.6175,1018.2981,5955.2677,414.9187,1031.1581,393.2277,1119.9792,22.1551,59.1563,2980.1119,6403.3143,480.6346,1256.4806,384.4128,1724.4785,26.1580,70.3891,3449.8943,6403.3143,0.6588,0.1065,4.7625,2.9885,27.8995,25.2436, NaN, NaN, NaN, NaN, NaN, NaN, NaN, NaN, NaN, NaN, NaN, NaN, NaN, NaN, NaN, NaN, NaN, NaN, NaN, NaN, NaN, NaN, NaN, NaN, NaN, NaN, NaN, NaN, NaN, NaN,
02/2009,303.7046,4219.6118,279.7552,12205.7500,16.4601,205.6791,2193.0484,23570.6053,303.7046,4219.6118,169.6956,11806.7802,13.4600,179.7068,2193.0484,23570.6053,81.0346,400.1098,61.1957,382.9754,3.8933,22.0524,587.3653,2473.1142,304.5600,1148.2646,290.8842,1192.5874,17.8642,101.1664,2218.6016,7491.7388,303.7046,4219.6118,239.3616,12045.6439,16.2749,192.6965,2193.0484,7491.7388,0.7317,0.1128,12.2000,2.2549,25.4494,26.8310, NaN, NaN, NaN, NaN, NaN, NaN, NaN, NaN, NaN, NaN, NaN, NaN, NaN, NaN, NaN, NaN, NaN, NaN, NaN, NaN, NaN, NaN, NaN, NaN, NaN, NaN, NaN, NaN, NaN, NaN,
03/2009,238.3344,1680.9984,203.1398,3123.6990,12.2549,116.4284,1839.1749,9421.5910,238.3344,1680.9984,131.9124,2735.4516,10.2739,65.9174,1839.1749,9421.5910,72.4637,368.3664,52.5465,337.6609,3.4149,47.7731,552.0593,2388.8641,189.3283,688.8413,157.0531,782.9572,9.2647,63.9962,1467.8399,4458.4736,238.3344,1680.9984,182.9681,2935.6186,12.2549,80.9612,1839.1749,4458.4736,0.6338,0.1115,6.2833,4.4705,23.1068,29.8321, NaN, NaN, NaN, NaN, NaN, NaN, NaN, NaN, NaN, NaN, NaN, NaN, NaN, NaN, NaN, NaN, NaN, NaN, NaN, NaN, NaN, NaN, NaN, NaN, NaN, NaN, NaN, NaN, NaN, NaN,
04/2009,185.6909,834.2093,152.6152,1011.7046,9.9005,103.8575,1346.2702,5496.0745,185.6909,834.2093,101.7282,605.9178,7.8709,47.6758,1346.2702,5496.0745,50.8550,302.1408,36.5766,313.0708,2.3560,34.8355,365.1953,1974.9106,144.2880,670.3085,113.9334,797.1926,7.2868,76.1786,1049.8255,4405.5537,185.6909,834.2093,140.4597,804.0511,9.8514,65.2462,1346.2702,4405.5537,0.6038,0.0926,5.1250,4.6815,20.9648,31.8698, NaN, NaN, NaN, NaN, NaN, NaN, NaN, NaN, NaN, NaN, NaN, NaN, NaN, NaN, NaN, NaN, NaN, NaN, NaN, NaN, NaN, NaN, NaN, NaN, NaN, NaN, NaN, NaN, NaN, NaN,
05/2009,459.3456,2355.7651,466.4236,2631.4255,33.7343,387.2903,3653.8450,16744.0554,459.3456,2355.7651,245.1914,1424.2403,19.3019,99.9738,3653.8450,16744.0554,230.3424,1313.7552,222.6742,1244.1270,16.1710,231.9707,1820.0832,9312.5172,524.0160,2988.8784,564.6472,3171.9007,40.8041,488.0873,4155.9869,21158.6806,459.3456,2355.7651,371.2112,2112.1603,31.3677,210.9739,3653.8450,21158.6806,0.5137,0.0715,5.2542,4.1920,18.2473,32.8693, NaN, NaN, NaN, NaN, NaN, NaN, NaN, NaN, NaN, NaN, NaN, NaN, NaN, NaN, NaN, NaN, NaN, NaN, NaN, NaN, NaN, NaN, NaN, NaN, NaN, NaN, NaN, NaN, NaN, NaN,
06/2009,1352.6438,10689.4771,1493.2487,13197.4204,109.6199,1144.7991,10944.3114,85930.0349,1352.6438,10689.4771,725.6828,9323.2402,57.6204,333.1005,10944.3114,85930.0349,727.4016,5372.6976,722.9384,5197.7361,53.3137,700.7787,5864.7296,42869.6315,1362.2083,13259.1773,1506.6156,15701.2797,110.9100,1259.6981,11023.9328,109232.4216,1352.6438,10689.4771,1128.2038,11806.9478,100.3297,640.6306,10944.3114,109232.4216,0.5660,0.0548,2.4300,4.3274,15.8632,29.9469, NaN, NaN, NaN, NaN, NaN, NaN, NaN, NaN, NaN, NaN, NaN, NaN, NaN, NaN, NaN, NaN, NaN, NaN, NaN, NaN, NaN, NaN, NaN, NaN, NaN, NaN, NaN, NaN, NaN, NaN,
07/2009,2513.3760,108752.1466,3084.3691,254586.5158,222.6314,7798.8954,21183.9736,1020428.2287,2513.3760,108752.1466,1399.3663,240801.5255,111.8151,5963.5668,21183.9736,1020428.2287,1080.1296,14937.3677,1153.5195,17975.8134,85.4486,1165.4906,9113.1812,135072.4097,2886.0106,156314.0678,3654.4985,387481.0399,263.1759,15193.8498,24348.8643,1471999.0492,2513.3760,108752.1466,2215.5372,250112.9760,198.9270,6461.7547,21183.9736,1471999.0492,1.2088,0.0654,2.6250,3.8067,14.8186,18.3188, NaN, NaN, NaN, NaN, NaN, NaN, NaN, NaN, NaN, NaN, NaN, NaN, NaN, NaN, NaN, NaN, NaN, NaN, NaN, NaN, NaN, NaN, NaN, NaN, NaN, NaN, NaN, NaN, NaN, NaN,
08/2009,3186.6739,104210.7379,4114.4832,201168.0247,277.3489,10467.5605,26501.2687,961908.8874,3186.6739,104210.7379,1782.2265,171939.9126,141.2394,3956.6300,26501.2687,961908.8874,1627.4909,24044.4720,1816.7701,28742.2076,136.3738,1499.8260,13546.4031,214682.5014,3023.9309,94298.9299,3797.2826,159995.4743,258.5139,8972.0884,25115.7461,866009.4185,3186.6739,104210.7379,2858.8440,182652.9954,247.7657,4721.5247,26501.2687,866009.4185,1.3570,0.0645,2.8125,7.4711,14.6181,4.7583, NaN, NaN, NaN, NaN, NaN, NaN, NaN, NaN, NaN, NaN, NaN, NaN, NaN, NaN, NaN, NaN, NaN, NaN, NaN, NaN, NaN, NaN, NaN, NaN, NaN, NaN, NaN, NaN, NaN, NaN,
09/2009,3183.2093,70605.2160,4204.9773,98436.3205,268.3857,6614.6573,27722.4867,653878.8530,3183.2093,70605.2160,1783.1071,76150.6033,141.9324,1811.1176,27722.4867,653878.8530,1604.6294,18261.2275,1766.6227,18921.0392,130.6472,1024.4517,13977.9686,165505.5687,2778.7190,53312.6966,3475.0426,76407.8210,225.5848,4279.6020,24219.6931,494466.3881,3183.2093,70605.2160,2937.7398,84864.8036,244.2627,2452.2348,27722.4867,494466.3881,1.0962,0.0645,1.0250,8.0025,15.8348,3.0485, NaN, NaN, NaN, NaN, NaN, NaN, NaN, NaN, NaN, NaN, NaN, NaN, NaN, NaN, NaN, NaN, NaN, NaN, NaN, NaN, NaN, NaN, NaN, NaN, NaN, NaN, NaN, NaN, NaN, NaN,
10/2009,1655.6746,14315.0458,1881.4394,14614.7853,117.2179,504.8682,14362.7758,120611.4825,1655.6746,14315.0458,931.0190,12077.2936,77.2936,324.7617,14362.7758,120611.4825,748.5091,3426.8054,729.4943,2899.3012,51.6394,150.2942,6496.4380,28623.3808,1412.5190,12381.5606,1560.8830,13268.8434,97.5710,477.8704,12270.9810,105348.2559,1655.6746,14315.0458,1370.1941,13377.0186,113.5477,424.4394,14362.7758,105348.2559,0.5687,0.0508,3.8125,4.4910,19.3501,10.4889, NaN, NaN, NaN, NaN, NaN, NaN, NaN, NaN, NaN, NaN, NaN, NaN, NaN, NaN, NaN, NaN, NaN, NaN, NaN, NaN, NaN, NaN, NaN, NaN, NaN, NaN, NaN, NaN, NaN, NaN,
11/2009,1225.7741,6473.8310,1361.2022,6876.8111,87.0992,482.1489,8712.8867,43345.1999,1225.7741,6473.8310,682.7076,4868.0057,56.0349,196.1415,8712.8867,43345.1999,493.0070,1448.9280,461.8144,1296.6331,32.1075,155.5039,3521.5422,9277.4119,1051.5139,6472.9066,1137.3409,5987.9328,72.6429,423.5168,7488.3847,43826.4143,1225.7741,6473.8310,1011.4683,5934.4583,82.8911,325.0596,8712.8867,43826.4143,0.6657,0.0780,7.4450,1.5233,23.3733,19.8767, NaN, NaN, NaN, NaN, NaN, NaN, NaN, NaN, NaN, NaN, NaN, NaN, NaN, NaN, NaN, NaN, NaN, NaN, NaN, NaN, NaN, NaN, NaN, NaN, NaN, NaN, NaN, NaN, NaN, NaN,
12/2009,545.1235,1607.6966,532.0223,1789.5654,30.9672,90.9132,3649.7213,9920.1996,545.1235,1607.6966,310.1716,1166.4109,25.4495,75.3979,3649.7213,9920.1996,191.2896,427.6109,156.4287,414.1820,10.0211,20.3016,1281.6389,2569.0754,460.5725,1309.3574,440.0722,1369.0659,25.4523,74.8745,3094.6972,8055.0111,545.1235,1607.6966,434.5851,1477.5316,30.9672,88.0977,3649.7213,8055.0111,0.6654,0.1263,10.9500,2.8347,26.8578,24.3551, NaN, NaN, NaN, NaN, NaN, NaN, NaN, NaN, NaN, NaN, NaN, NaN, NaN, NaN, NaN, NaN, NaN, NaN, NaN, NaN, NaN, NaN, NaN, NaN, NaN, NaN, NaN, NaN, NaN, NaN,
01/2010,252.4608,648.5357,227.9896,807.3573,12.3223,44.4282,1808.6212,4064.3523,252.4608,648.5357,143.4718,476.5906,11.2742,42.5939,1808.6212,4064.3523,79.1510,213.2438,59.5546,222.4290,3.4611,8.2513,566.5318,1329.6267,210.0038,582.4829,185.9739,718.7782,9.9503,37.8697,1508.4405,3645.2988,252.4608,648.5357,200.3736,638.5744,12.3223,44.0229,1808.6212,3645.2988,0.6625,0.1263,12.8625,4.0061,26.9906,27.3393, NaN, NaN, NaN, NaN, NaN, NaN, NaN, NaN, NaN, NaN, NaN, NaN, NaN, NaN, NaN, NaN, NaN, NaN, NaN, NaN, NaN, NaN, NaN, NaN, NaN, NaN, NaN, NaN, NaN, NaN,
02/2010,129.6691,463.5274,108.3112,632.0536,5.8059,35.5268,969.3936,3000.3760,129.6691,463.5274,72.7693,371.4023,5.4698,34.0900,969.3936,3000.3760,38.2579,152.9280,26.8599,178.1326,1.5082,6.1554,285.2431,982.7866,104.5613,421.3037,85.8239,562.0851,4.5146,30.9099,783.2787,2718.9776,129.6691,463.5274,101.1805,492.9930,5.8059,34.9780,969.3936,2718.9776,0.7087,0.1391,17.8750,4.4612,26.2436,30.7985, NaN, NaN, NaN, NaN, NaN, NaN, NaN, NaN, NaN, NaN, NaN, NaN, NaN, NaN, NaN, NaN, NaN, NaN, NaN, NaN, NaN, NaN, NaN, NaN, NaN, NaN, NaN, NaN, NaN, NaN,
03/2010,354.5338,2011.0810,414.0368,4731.7576,28.6274,312.4216,2376.9730,12624.6903,354.5338,2011.0810,189.9016,3870.6973,14.3927,143.5350,2376.9730,12624.6903,213.7622,1202.6362,245.3298,1281.4570,17.4203,157.7089,1425.3510,7582.3245,198.1238,1358.9424,199.7979,1472.4507,13.5316,135.5685,1334.9066,8546.1104,354.5338,2011.0810,309.7785,4356.8059,25.1692,217.8949,2376.9730,8546.1104,0.9360,0.1610,23.3700,4.6851,24.8294,33.0441, NaN, NaN, NaN, NaN, NaN, NaN, NaN, NaN, NaN, NaN, NaN, NaN, NaN, NaN, NaN, NaN, NaN, NaN, NaN, NaN, NaN, NaN, NaN, NaN, NaN, NaN, NaN, NaN, NaN, NaN,
04/2010,295.8163,2366.4960,265.0906,5824.3541,18.7354,277.2140,2042.4021,14021.0739,295.8163,2366.4960,156.5122,5166.4690,12.2262,157.5928,2042.4021,14021.0739,107.7235,542.1341,86.2260,524.0167,5.9551,68.7898,742.2827,3622.6174,176.1005,966.6691,146.7548,1086.9970,10.1268,126.9998,1215.5792,6410.7166,295.8163,2366.4960,226.2832,5500.0484,18.1353,209.1224,2042.4021,6410.7166,0.8113,0.1675,20.0000,2.9110,21.3212,30.9575, NaN, NaN, NaN, NaN, NaN, NaN, NaN, NaN, NaN, NaN, NaN, NaN, NaN, NaN, NaN, NaN, NaN, NaN, NaN, NaN, NaN, NaN, NaN, NaN, NaN, NaN, NaN, NaN, NaN, NaN,
05/2010,790.3613,4067.8675,860.0702,4926.9587,62.9954,658.5128,6244.2693,29700.8767,790.3613,4067.8675,420.5959,2906.3177,33.1009,158.1001,6244.2693,29700.8767,427.9738,2217.5683,434.3704,2085.9842,31.7452,396.3203,3369.0247,16063.7340,878.1091,4971.6634,1010.7525,5214.4733,73.4151,818.2594,6940.5957,36178.3866,790.3613,4067.8675,658.2827,4014.4727,57.4211,354.6107,6244.2693,36178.3866,0.5210,0.0949,12.8700,3.3334,18.0062,31.1860, NaN, NaN, NaN, NaN, NaN, NaN, NaN, NaN, NaN, NaN, NaN, NaN, NaN, NaN, NaN, NaN, NaN, NaN, NaN, NaN, NaN, NaN, NaN, NaN, NaN, NaN, NaN, NaN, NaN, NaN,
06/2010,739.6704,4714.8221,745.6572,7200.3929,55.9974,490.4734,5815.3205,37716.8404,739.6704,4714.8221,403.0100,5670.1199,32.0404,184.6671,5815.3205,37716.8404,322.2202,1709.1821,302.6316,1607.7099,22.3802,251.5321,2510.5448,12925.2393,688.9018,3869.0784,693.7307,3832.5205,52.1293,442.7144,5411.9931,30451.4624,739.6704,4714.8221,599.4353,6465.1970,52.7734,317.5413,5815.3205,30451.4624,0.4263,0.0541,8.3750,3.4531,16.4053,30.5404, NaN, NaN, NaN, NaN, NaN, NaN, NaN, NaN, NaN, NaN, NaN, NaN, NaN, NaN, NaN, NaN, NaN, NaN, NaN, NaN, NaN, NaN, NaN, NaN, NaN, NaN, NaN, NaN, NaN, NaN,
07/2010,2015.3059,17859.3552,2424.9980,26010.1341,177.3662,1485.9724,16631.3869,159452.2635,2015.3059,17859.3552,1112.1720,20399.2558,88.0746,560.4133,16631.3869,159452.2635,938.3904,4862.4538,1008.6882,4590.7659,75.4084,725.5397,7732.3792,40162.0642,2235.9802,29151.0230,2764.2126,39209.8452,202.9306,2104.7701,18450.3595,267592.6811,2015.3059,17859.3552,1769.8566,24110.8002,158.5667,946.0846,16631.3869,267592.6811,0.4600,0.0607,5.4125,3.0919,15.6087,26.3430, NaN, NaN, NaN, NaN, NaN, NaN, NaN, NaN, NaN, NaN, NaN, NaN, NaN, NaN, NaN, NaN, NaN, NaN, NaN, NaN, NaN, NaN, NaN, NaN, NaN, NaN, NaN, NaN, NaN, NaN,
08/2010,1696.2048,12362.1638,1944.6371,13579.5835,137.9504,777.0554,14078.1995,104291.1627,1696.2048,12362.1638,945.5775,10296.5096,75.5448,326.0622,14078.1995,104291.1627,798.1718,3502.6128,831.4324,3225.2768,63.1289,427.2089,6622.9282,27760.7811,1618.9286,14541.9408,1823.2067,14236.7359,129.5432,757.4263,13450.0798,124864.1692,1696.2048,12362.1638,1434.7549,12267.1595,127.2151,530.0857,14078.1995,124864.1692,0.5717,0.0592,7.4400,1.7646,17.3278,25.0668, NaN, NaN, NaN, NaN, NaN, NaN, NaN, NaN, NaN, NaN, NaN, NaN, NaN, NaN, NaN, NaN, NaN, NaN, NaN, NaN, NaN, NaN, NaN, NaN, NaN, NaN, NaN, NaN, NaN, NaN,
09/2010,1412.1821,7387.4333,1590.6665,7305.4486,108.7045,522.0944,12325.9944,59486.9073,1412.1821,7387.4333,795.5362,5006.5869,64.2303,219.6584,12325.9944,59486.9073,623.8598,2149.3469,616.7337,1976.7163,46.3318,256.6971,5454.2912,16821.6272,1249.0675,6279.5520,1367.7504,6009.3290,93.3082,435.6361,10920.0028,50682.0870,1412.1821,7387.4333,1174.2569,6262.3485,102.0763,358.8499,12325.9944,50682.0870,0.5825,0.0912,7.3375,2.2378,18.9098,23.3693, NaN, NaN, NaN, NaN, NaN, NaN, NaN, NaN, NaN, NaN, NaN, NaN, NaN, NaN, NaN, NaN, NaN, NaN, NaN, NaN, NaN, NaN, NaN, NaN, NaN, NaN, NaN, NaN, NaN, NaN,
10/2010,872.1475,2648.1600,877.4928,2753.2867,58.9420,230.5787,7458.2017,17055.0721,872.1475,2648.1600,482.9726,1735.3408,39.0437,110.7025,7458.2017,17055.0721,326.4106,830.3731,280.4148,767.0832,20.7052,83.8122,2809.5137,5137.4320,728.9136,1894.2768,714.4816,1927.4402,47.3774,176.4736,6268.4705,11938.4543,872.1475,2648.1600,698.4256,2303.6809,57.6704,173.4007,7458.2017,11938.4543,0.5250,0.0605,5.1500,2.7071,21.3427,25.2785, NaN, NaN, NaN, NaN, NaN, NaN, NaN, NaN, NaN, NaN, NaN, NaN, NaN, NaN, NaN, NaN, NaN, NaN, NaN, NaN, NaN, NaN, NaN, NaN, NaN, NaN, NaN, NaN, NaN, NaN,
11/2010,488.2982,1257.1459,465.1509,1360.0212,30.1826,127.1765,3730.9071,7150.0560,488.2982,1257.1459,274.0758,787.8217,21.9915,64.2829,3730.9071,7150.0560,155.2090,417.2947,124.2227,397.6572,8.7650,39.0626,1198.4758,2321.0526,402.9005,1075.9997,375.7608,1146.6818,24.0631,107.6850,3094.1810,6082.7495,488.2982,1257.1459,386.1244,1088.1943,29.6072,90.3824,3730.9071,6082.7495,0.6075,0.0835,5.1750,4.0727,23.2863,26.5967, NaN, NaN, NaN, NaN, NaN, NaN, NaN, NaN, NaN, NaN, NaN, NaN, NaN, NaN, NaN, NaN, NaN, NaN, NaN, NaN, NaN, NaN, NaN, NaN, NaN, NaN, NaN, NaN, NaN, NaN,
12/2010,341.1072,1126.5005,314.6407,1169.3176,20.1687,151.9865,2400.1680,6097.1447,341.1072,1126.5005,188.0279,656.0709,14.8372,53.3876,2400.1680,6097.1447,143.1389,582.2410,119.6988,518.6432,8.3295,88.7124,998.8068,3121.6176,315.9648,1170.2966,293.9135,1193.6945,18.9463,165.1808,2218.3423,6311.6631,341.1072,1126.5005,267.9182,943.6565,19.7237,91.2419,2400.1680,6311.6631,0.5525,0.0705,5.8625,4.5768,24.3481,29.3369, NaN, NaN, NaN, NaN, NaN, NaN, NaN, NaN, NaN, NaN, NaN, NaN, NaN, NaN, NaN, NaN, NaN, NaN, NaN, NaN, NaN, NaN, NaN, NaN, NaN, NaN, NaN, NaN, NaN, NaN,
01/2011,362.4394,1258.9690,347.3056,1257.9060,23.7207,180.4797,2127.9345,6759.3300,362.4394,1258.9690,191.0191,687.3132,14.7793,52.0383,2127.9345,6759.3300,243.7949,938.3904,231.1128,834.9670,16.8393,151.3367,1412.4214,5056.2606,337.0982,1222.1798,322.4953,1210.1033,22.1220,177.0387,1975.1847,6579.2583,362.4394,1258.9690,289.3917,1057.2288,22.7204,111.4597,2127.9345,6579.2583,0.6333,0.0810,8.0150,4.0526,27.4491,32.6616, NaN, NaN, NaN, NaN, NaN, NaN, NaN, NaN, NaN, NaN, NaN, NaN, NaN, NaN, NaN, NaN, NaN, NaN, NaN, NaN, NaN, NaN, NaN, NaN, NaN, NaN, NaN, NaN, NaN, NaN,
02/2011,81.8986,344.2608,63.9105,422.4951,3.5428,24.0984,544.7201,1968.3416,81.8986,344.2608,45.5697,261.3011,3.3217,19.3868,544.7201,1968.3416,28.0714,114.6960,20.2521,121.7629,1.0923,5.1204,186.7759,653.4802,69.9840,361.7741,54.1925,419.7868,2.9488,27.7118,464.9648,2051.4398,81.8986,344.2608,62.5010,345.5935,3.5428,20.8417,544.7201,2051.4398,0.6875,0.0875,9.7042,4.8966,26.0863,34.8208, NaN, NaN, NaN, NaN, NaN, NaN, NaN, NaN, NaN, NaN, NaN, NaN, NaN, NaN, NaN, NaN, NaN, NaN, NaN, NaN, NaN, NaN, NaN, NaN, NaN, NaN, NaN, NaN, NaN, NaN,
03/2011,49.0838,586.2413,35.9952,668.9066,1.9209,50.9748,329.9156,3929.4284,49.0838,586.2413,27.0209,375.8930,1.8508,27.7181,329.9156,3929.4284,20.7187,315.1958,15.4086,300.9608,0.7942,26.4535,139.2013,2175.1827,39.1565,410.8752,28.4500,489.9105,1.4563,32.1706,263.4424,2693.3274,49.0838,586.2413,35.3149,580.5661,1.9209,32.6210,329.9156,2693.3274,0.7750,0.1095,14.5125,4.8762,24.9519,36.8015, NaN, NaN, NaN, NaN, NaN, NaN, NaN, NaN, NaN, NaN, NaN, NaN, NaN, NaN, NaN, NaN, NaN, NaN, NaN, NaN, NaN, NaN, NaN, NaN, NaN, NaN, NaN, NaN, NaN, NaN,
04/2011,174.3811,1013.9731,149.7053,1006.9113,10.7445,158.6535,1100.5787,6872.3936,174.3811,1013.9731,87.4173,559.0448,6.6386,43.1379,1100.5787,6872.3936,75.4272,427.4899,57.0875,372.3842,4.0437,63.1669,475.9539,2892.9787,118.1261,738.9274,94.4564,756.0121,6.6366,106.8390,745.1918,5003.0293,174.3811,1013.9731,128.7854,824.8398,10.4873,86.4788,1100.5787,5003.0293,0.5925,0.0685,10.1958,6.1608,22.2034,37.9890, NaN, NaN, NaN, NaN, NaN, NaN, NaN, NaN, NaN, NaN, NaN, NaN, NaN, NaN, NaN, NaN, NaN, NaN, NaN, NaN, NaN, NaN, NaN, NaN, NaN, NaN, NaN, NaN, NaN, NaN,
05/2011,509.2243,2400.9955,553.6086,2486.6127,39.6294,435.1266,3641.0248,17586.7910,509.2243,2400.9955,267.4677,1220.7363,20.9927,98.2697,3641.0248,17586.7910,313.7875,1518.3850,315.1424,1401.7909,22.7313,273.5935,2246.6350,11116.3534,625.8298,3061.2989,719.1844,3159.3288,51.2860,554.3589,4481.3676,22696.3739,509.2243,2400.9955,412.8615,1922.6435,35.9143,232.2398,3641.0248,22696.3739,0.6175,0.0665,13.4583,7.0403,18.0227,35.9767, NaN, NaN, NaN, NaN, NaN, NaN, NaN, NaN, NaN, NaN, NaN, NaN, NaN, NaN, NaN, NaN, NaN, NaN, NaN, NaN, NaN, NaN, NaN, NaN, NaN, NaN, NaN, NaN, NaN, NaN,
06/2011,1347.8141,6647.3482,1635.6558,9177.5063,118.1734,1016.5586,10140.0720,52594.4947,1347.8141,6647.3482,725.5924,6070.9811,56.4170,268.4877,10140.0720,52594.4947,778.0147,3653.9856,862.5856,3432.4950,62.6145,625.9967,5855.2538,28335.2688,1368.5674,7468.7098,1670.6911,7613.2022,120.5411,1001.1240,10294.3130,59925.2236,1347.8141,6647.3482,1159.1915,7824.7960,102.5694,569.3052,10140.0720,59925.2236,0.6150,0.0698,8.4625,4.0661,15.8231,31.2985, NaN, NaN, NaN, NaN, NaN, NaN, NaN, NaN, NaN, NaN, NaN, NaN, NaN, NaN, NaN, NaN, NaN, NaN, NaN, NaN, NaN, NaN, NaN, NaN, NaN, NaN, NaN, NaN, NaN, NaN,
07/2011,2366.5824,32536.6502,2917.6330,68747.4592,212.3480,2968.3365,18220.4360,282939.7750,2366.5824,32536.6502,1317.8573,60344.0884,104.6883,1850.4025,18220.4360,282939.7750,1074.8765,7727.1149,1166.0604,7471.1911,85.9024,922.4575,8256.6902,61012.3841,2721.2198,56113.8451,3479.5268,83917.3088,251.5105,3465.9292,20948.1732,502336.9850,2366.5824,32536.6502,2050.8244,66571.6055,186.5895,2308.9381,18220.4360,502336.9850,0.6400,0.0432,7.5250,1.0556,16.0361,26.9684, NaN, NaN, NaN, NaN, NaN, NaN, NaN, NaN, NaN, NaN, NaN, NaN, NaN, NaN, NaN, NaN, NaN, NaN, NaN, NaN, NaN, NaN, NaN, NaN, NaN, NaN, NaN, NaN, NaN, NaN,
08/2011,3137.0112,91263.0845,4042.8695,218164.8312,283.8648,6589.9618,25150.3376,815032.0898,3137.0112,91263.0845,1766.7692,206736.7011,141.3445,5611.3037,25150.3376,815032.0898,1559.8397,17156.1802,1818.8354,19891.6295,135.4012,1184.0386,12511.1078,144953.0001,3017.0102,84341.8656,3853.3726,142595.3133,267.1652,4661.3754,24186.0727,747900.4095,3137.0112,91263.0845,2778.0500,215349.7884,248.5574,6064.0489,25150.3376,747900.4095,1.4667,0.0781,6.4900,5.4147,15.7079,10.0745, NaN, NaN, NaN, NaN, NaN, NaN, NaN, NaN, NaN, NaN, NaN, NaN, NaN, NaN, NaN, NaN, NaN, NaN, NaN, NaN, NaN, NaN, NaN, NaN, NaN, NaN, NaN, NaN, NaN, NaN,
09/2011,3194.3549,34882.1942,4189.1480,44183.9858,273.9382,1905.3800,27116.6391,318004.4745,3194.3549,34882.1942,1804.0097,35892.5490,144.3952,1009.2249,27116.6391,318004.4745,1605.4934,11074.7347,1852.7443,10901.7697,135.8938,825.6946,13642.2436,96927.8481,2771.6861,27140.0630,3531.6072,28681.8462,230.9729,1381.3541,23539.4055,247792.2290,3194.3549,34882.1942,2814.1798,41366.9159,242.9120,1416.1930,27116.6391,247792.2290,1.2000,0.0800,9.1000,3.9201,17.6226,7.8330, NaN, NaN, NaN, NaN, NaN, NaN, NaN, NaN, NaN, NaN, NaN, NaN, NaN, NaN, NaN, NaN, NaN, NaN, NaN, NaN, NaN, NaN, NaN, NaN, NaN, NaN, NaN, NaN, NaN, NaN,
10/2011,2467.1174,17537.7917,3090.2172,21849.2678,197.3208,1051.3690,19324.3595,135859.4409,2467.1174,17537.7917,1395.0287,17754.0243,113.7297,565.8081,19324.3595,135859.4409,1052.7235,3907.6992,1129.2662,3373.7816,80.7066,323.1153,8267.3623,28997.5173,1986.1718,12948.6298,2378.0935,12032.6955,152.5801,686.2228,15596.8198,99787.4011,2467.1174,17537.7917,2118.4963,19968.8164,180.1476,796.5920,19324.3595,99787.4011,0.7525,0.0955,8.8700,1.0813,20.5097,15.3417, NaN, NaN, NaN, NaN, NaN, NaN, NaN, NaN, NaN, NaN, NaN, NaN, NaN, NaN, NaN, NaN, NaN, NaN, NaN, NaN, NaN, NaN, NaN, NaN, NaN, NaN, NaN, NaN, NaN, NaN,
11/2011,1802.0275,11243.3962,2125.0340,15259.0270,132.8258,1327.3640,13814.3100,82317.2103,1802.0275,11243.3962,1018.5930,12666.0401,84.3388,1042.0700,13814.3100,82317.2103,650.6957,1928.5344,640.9024,1683.2179,44.5484,160.9973,5012.1014,13650.7546,1416.3379,10135.7309,1593.7655,9051.6988,101.0928,481.0251,10868.5652,74921.9552,1802.0275,11243.3962,1517.8065,14133.2296,126.3511,1181.4123,13814.3100,74921.9552,1.0900,0.3000,14.0000,1.3618,23.1190,18.7068, NaN, NaN, NaN, NaN, NaN, NaN, NaN, NaN, NaN, NaN, NaN, NaN, NaN, NaN, NaN, NaN, NaN, NaN, NaN, NaN, NaN, NaN, NaN, NaN, NaN, NaN, NaN, NaN, NaN, NaN,
12/2011,1594.9440,6004.9987,1928.5227,7367.7990,122.7589,557.4762,9888.8077,33810.9444,1594.9440,6004.9987,900.2220,4931.2758,73.9370,203.9796,9888.8077,33810.9444,727.4534,3188.4624,799.6837,2767.7988,55.3203,312.4063,4504.0842,18274.3487,1540.1837,9075.3610,1885.5229,9086.6376,121.8990,654.3449,9537.8474,53517.5857,1594.9440,6004.9987,1354.2016,6235.7336,112.4520,363.0988,9888.8077,53517.5857,0.6600,0.1535,16.6500,2.1834,25.1454,23.4490, NaN, NaN, NaN, NaN, NaN, NaN, NaN, NaN, NaN, NaN, NaN, NaN, NaN, NaN, NaN, NaN, NaN, NaN, NaN, NaN, NaN, NaN, NaN, NaN, NaN, NaN, NaN, NaN, NaN, NaN,
01/2012,755.2742,3814.3354,775.7417,5754.5218,46.3341,223.1942,5560.1969,18437.3694,755.2742,3814.3354,424.4991,4797.9235,35.0652,114.6628,5560.1969,18437.3694,336.7267,1196.9856,306.4637,1034.6860,20.4500,134.5984,2458.5269,5827.9382,683.9683,2121.4397,694.2772,2042.9133,41.6516,192.5573,5046.7100,10444.7934,755.2742,3814.3354,609.3814,5411.6349,45.7036,166.9197,5560.1969,10444.7934,0.6783,0.1632,13.1200,1.4222,27.0499,27.2621, NaN, NaN, NaN, NaN, NaN, NaN, NaN, NaN, NaN, NaN, NaN, NaN, NaN, NaN, NaN, NaN, NaN, NaN, NaN, NaN, NaN, NaN, NaN, NaN, NaN, NaN, NaN, NaN, NaN, NaN,
02/2012,566.9741,1854.8698,593.4389,2116.4832,36.0834,221.4044,4195.0602,8938.5087,566.9741,1854.8698,320.2157,1227.7829,25.9671,82.6409,4195.0602,8938.5087,182.9866,619.9027,162.9788,552.8326,10.4078,76.0007,1357.1655,2873.0709,710.5277,3768.2150,813.7209,3889.5914,51.3228,395.5024,5235.2432,18129.4309,566.9741,1854.8698,462.6256,1699.9407,34.4509,135.8269,4195.0602,18129.4309,0.7400,0.0990,7.6500,3.8400,25.5685,27.4549, NaN, NaN, NaN, NaN, NaN, NaN, NaN, NaN, NaN, NaN, NaN, NaN, NaN, NaN, NaN, NaN, NaN, NaN, NaN, NaN, NaN, NaN, NaN, NaN, NaN, NaN, NaN, NaN, NaN, NaN,
03/2012,252.4176,612.7747,226.2407,745.2657,12.4647,39.9845,1642.3101,3084.5235,252.4176,612.7747,143.4251,447.4457,11.2587,37.8808,1642.3101,3084.5235,66.7008,178.2778,50.3382,189.1495,2.8136,6.7514,436.7788,894.8019,249.8515,629.8819,226.4589,751.7407,12.3166,39.0984,1631.1275,3184.5956,252.4176,612.7747,200.6865,602.8913,12.4647,39.3422,1642.3101,3184.5956,0.6450,0.0730,6.3500,3.9339,24.3522,32.5170, NaN, NaN, NaN, NaN, NaN, NaN, NaN, NaN, NaN, NaN, NaN, NaN, NaN, NaN, NaN, NaN, NaN, NaN, NaN, NaN, NaN, NaN, NaN, NaN, NaN, NaN, NaN, NaN, NaN, NaN,
04/2012,662.8435,2403.3283,727.5610,2519.9025,50.1284,402.8755,4235.8260,12904.0743,662.8435,2403.3283,359.1012,1250.9640,28.1882,101.5715,4235.8260,12904.0743,230.5152,969.5894,215.7596,881.6466,15.3447,159.5149,1458.1218,5159.4979,487.2701,1774.3622,494.5468,1843.7169,33.4396,273.1066,3146.2249,9562.4709,662.8435,2403.3283,548.0344,1939.6154,45.3796,218.1247,4235.8260,9562.4709,0.6525,0.1160,5.3000,4.4073,21.2004,32.4808, NaN, NaN, NaN, NaN, NaN, NaN, NaN, NaN, NaN, NaN, NaN, NaN, NaN, NaN, NaN, NaN, NaN, NaN, NaN, NaN, NaN, NaN, NaN, NaN, NaN, NaN, NaN, NaN, NaN, NaN,
05/2012,783.1987,2404.9786,781.9589,2541.0075,55.3934,354.0086,5390.0746,14106.8292,783.1987,2404.9786,434.3060,1333.8122,35.0028,112.1972,5390.0746,14106.8292,280.2557,1202.5584,247.0750,1091.5459,17.7472,189.5294,1869.1851,6889.1387,805.3517,3893.4086,823.9406,3960.4197,57.9513,445.8895,5499.0535,22472.6794,783.1987,2404.9786,628.3138,1993.5502,53.3094,216.5279,5390.0746,22472.6794,0.5433,0.0765,9.5375,3.3446,18.7198,31.2180, NaN, NaN, NaN, NaN, NaN, NaN, NaN, NaN, NaN, NaN, NaN, NaN, NaN, NaN, NaN, NaN, NaN, NaN, NaN, NaN, NaN, NaN, NaN, NaN, NaN, NaN, NaN, NaN, NaN, NaN,
06/2012,1967.5267,16376.0746,2314.6449,24980.1197,165.7262,1754.0502,13901.2015,121112.8890,1967.5267,16376.0746,1094.2886,19560.0850,88.4858,656.2707,13901.2015,121112.8890,867.2918,5880.1334,892.7992,5367.3600,65.1531,882.9508,5978.6134,40231.1251,1912.3690,20383.4880,2249.5374,23731.3198,160.9564,1744.5889,13518.3019,153909.1215,1967.5267,16376.0746,1673.0669,23044.9200,150.2695,1070.7072,13901.2015,153909.1215,0.4800,0.0510,21.2000,3.9202,15.7815,29.5639, NaN, NaN, NaN, NaN, NaN, NaN, NaN, NaN, NaN, NaN, NaN, NaN, NaN, NaN, NaN, NaN, NaN, NaN, NaN, NaN, NaN, NaN, NaN, NaN, NaN, NaN, NaN, NaN, NaN, NaN,
07/2012,1412.9338,8761.2710,1544.7483,10561.6145,107.6801,537.1195,11493.3084,74388.4409,1412.9338,8761.2710,797.4031,8232.1488,65.2429,259.0808,11493.3084,74388.4409,459.4234,1649.4365,425.6313,1470.0423,31.4614,200.8314,3744.3448,12952.9853,1418.5843,9660.7123,1562.4628,9228.9156,109.1652,576.9622,11550.3290,82770.8590,1412.9338,8761.2710,1165.1924,9668.7366,102.6650,392.9761,11493.3084,82770.8590,0.5400,0.0920,46.6000,1.4482,16.0664,27.0773, NaN, NaN, NaN, NaN, NaN, NaN, NaN, NaN, NaN, NaN, NaN, NaN, NaN, NaN, NaN, NaN, NaN, NaN, NaN, NaN, NaN, NaN, NaN, NaN, NaN, NaN, NaN, NaN, NaN, NaN,
08/2012,2355.1603,19234.8173,2818.1572,23547.3799,196.5258,1289.9441,19395.3822,157140.1737,2355.1603,19234.8173,1313.0041,17186.5104,106.1579,525.1191,19395.3822,157140.1737,1142.6054,5999.8838,1213.3392,5690.0515,90.6398,743.0450,9386.2785,46590.8711,2048.3626,16384.8874,2383.6698,16814.5380,166.7468,1081.7588,16895.3345,134269.5871,2355.1603,19234.8173,2024.7523,21792.8408,179.0902,858.5263,19395.3822,134269.5871,1.3600,0.4500,29.1250,0.5501,16.9462,24.9680, NaN, NaN, NaN, NaN, NaN, NaN, NaN, NaN, NaN, NaN, NaN, NaN, NaN, NaN, NaN, NaN, NaN, NaN, NaN, NaN, NaN, NaN, NaN, NaN, NaN, NaN, NaN, NaN, NaN, NaN,
09/2012,2451.4272,17720.4154,3022.8083,20667.0103,204.7480,1141.2934,20378.4477,137476.1354,2451.4272,17720.4154,1369.1076,15331.1982,110.1257,462.7738,20378.4477,137476.1354,1179.2563,5708.4826,1278.4124,5332.1919,95.0621,606.6177,9814.8768,43075.1915,1968.6154,11161.1952,2302.9583,11217.9454,158.3765,854.6945,16394.5373,85775.9151,2451.4272,17720.4154,2132.5868,18924.4650,185.4007,765.3731,20378.4477,85775.9151,0.6950,0.1050,32.2500,2.1487,18.3574,20.6272, NaN, NaN, NaN, NaN, NaN, NaN, NaN, NaN, NaN, NaN, NaN, NaN, NaN, NaN, NaN, NaN, NaN, NaN, NaN, NaN, NaN, NaN, NaN, NaN, NaN, NaN, NaN, NaN, NaN, NaN,
10/2012,1402.8768,5247.2102,1522.8099,5384.6319,99.2181,288.2526,11450.4099,38294.3269,1402.8768,5247.2102,786.4748,3748.8865,65.0559,161.0144,11450.4099,38294.3269,544.3546,1193.9789,507.0411,1056.5788,36.7361,92.9844,4479.2822,8408.3253,1082.4019,2963.8742,1126.0979,2863.1569,73.4967,206.1926,8872.9214,21088.7164,1402.8768,5247.2102,1150.2507,4736.5720,96.6338,233.0429,11450.4099,21088.7164,0.6275,0.1020,18.2700,2.7655,21.3196,22.3703, NaN, NaN, NaN, NaN, NaN, NaN, NaN, NaN, NaN, NaN, NaN, NaN, NaN, NaN, NaN, NaN, NaN, NaN, NaN, NaN, NaN, NaN, NaN, NaN, NaN, NaN, NaN, NaN, NaN, NaN,
11/2012,1491.8688,5114.7763,1683.2757,5265.6212,112.3961,611.7838,11784.6679,34302.0736,1491.8688,5114.7763,819.5849,2966.0632,66.5053,178.3738,11784.6679,34302.0736,507.2198,1529.3146,477.5577,1328.0594,34.3274,216.3909,4038.4756,10389.7550,1179.6365,6341.5958,1283.8274,5458.2797,86.5166,535.1264,9352.4579,41417.4328,1491.8688,5114.7763,1251.6328,4353.6103,105.2881,359.2059,11784.6679,41417.4328,0.4325,0.0590,9.5583,3.2464,23.4484,24.2009, NaN, NaN, NaN, NaN, NaN, NaN, NaN, NaN, NaN, NaN, NaN, NaN, NaN, NaN, NaN, NaN, NaN, NaN, NaN, NaN, NaN, NaN, NaN, NaN, NaN, NaN, NaN, NaN, NaN, NaN,
12/2012,893.2118,4470.6557,905.8456,7190.7426,58.4396,325.4870,6586.8672,28161.4191,893.2118,4470.6557,496.1670,6107.6933,40.7424,153.4777,6586.8672,28161.4191,310.8154,1018.4400,272.5246,868.2476,19.0606,144.4566,2286.7202,6295.7404,746.1245,4023.6394,742.6637,3398.9839,48.6417,298.4945,5507.7065,25223.1708,893.2118,4470.6557,719.3644,6739.8914,57.4374,217.6988,6586.8672,25223.1708,0.6733,0.1051,15.7200,2.0400,25.1575,24.5186, NaN, NaN, NaN, NaN, NaN, NaN, NaN, NaN, NaN, NaN, NaN, NaN, NaN, NaN, NaN, NaN, NaN, NaN, NaN, NaN, NaN, NaN, NaN, NaN, NaN, NaN, NaN, NaN, NaN, NaN,
01/2013,428.2589,1528.2432,399.3464,2026.6371,23.9740,102.5203,3106.4232,8877.7681,428.2589,1528.2432,239.3496,1592.7275,19.2296,51.8954,3106.4232,8877.7681,146.6986,497.7850,119.8503,416.9369,7.9605,59.1679,1050.9548,2941.1281,340.2432,1665.6883,308.9411,1568.7496,18.6920,100.7632,2476.4033,9226.8452,428.2589,1528.2432,337.7483,1847.9305,23.8153,70.9245,3106.4232,9226.8452,0.5950,0.0673,8.2750,4.1305,26.6290,28.0085, NaN, NaN, NaN, NaN, NaN, NaN, NaN, NaN, NaN, NaN, NaN, NaN, NaN, NaN, NaN, NaN, NaN, NaN, NaN, NaN, NaN, NaN, NaN, NaN, NaN, NaN, NaN, NaN, NaN, NaN,
02/2013,171.3485,437.1322,146.3782,513.5940,8.0075,27.3486,1077.3814,2589.4802,171.3485,437.1322,95.9295,347.0552,7.3653,19.9938,1077.3814,2589.4802,43.4765,113.2186,30.9092,108.1732,1.7655,6.1398,274.6628,660.7043,133.0387,369.7661,110.0736,398.1259,6.0353,29.6032,836.0809,2162.2764,171.3485,437.1322,133.8518,446.7071,8.0075,22.8933,1077.3814,2162.2764,0.6075,0.0562,5.2000,4.3710,25.6895,29.4216, NaN, NaN, NaN, NaN, NaN, NaN, NaN, NaN, NaN, NaN, NaN, NaN, NaN, NaN, NaN, NaN, NaN, NaN, NaN, NaN, NaN, NaN, NaN, NaN, NaN, NaN, NaN, NaN, NaN, NaN,
03/2013,604.9642,2816.7523,671.4811,3098.2601,46.3210,505.7851,3878.9135,15491.3523,604.9642,2816.7523,324.7041,1605.3243,25.4316,109.0847,3878.9135,15491.3523,342.5760,1827.9821,365.0892,1694.3146,26.0327,340.7183,2143.8213,9952.0698,315.2736,1849.1155,306.9748,1696.5492,20.8655,254.5115,2039.5249,11415.4319,604.9642,2816.7523,504.0513,2430.4970,41.6488,249.6426,3878.9135,11415.4319,0.5575,0.0393,6.9750,4.6455,24.7712,32.7714, NaN, NaN, NaN, NaN, NaN, NaN, NaN, NaN, NaN, NaN, NaN, NaN, NaN, NaN, NaN, NaN, NaN, NaN, NaN, NaN, NaN, NaN, NaN, NaN, NaN, NaN, NaN, NaN, NaN, NaN,
04/2013,297.6394,1271.5402,262.8844,1786.2135,17.7314,126.4319,1930.2907,7042.4236,297.6394,1271.5402,163.8341,1333.1308,12.8780,58.9671,1930.2907,7042.4236,84.6634,349.4016,65.2771,342.9815,4.3898,40.1513,544.3906,1912.8931,155.0534,723.9888,126.7907,771.0248,8.2640,76.6158,1006.1127,4080.2371,297.6394,1271.5402,228.9617,1569.8260,17.3489,82.7560,1930.2907,4080.2371,0.5975,0.0678,6.2900,3.3269,23.3833,31.8327, NaN, NaN, NaN, NaN, NaN, NaN, NaN, NaN, NaN, NaN, NaN, NaN, NaN, NaN, NaN, NaN, NaN, NaN, NaN, NaN, NaN, NaN, NaN, NaN, NaN, NaN, NaN, NaN, NaN, NaN,
05/2013,1374.7190,6173.8589,1553.8170,8800.8638,112.1706,908.0779,7182.9578,32140.6680,1374.7190,6173.8589,748.7768,6239.8664,59.4727,268.8108,7182.9578,32140.6680,657.5558,3063.6749,676.4187,2728.0612,49.2507,502.5136,3291.1793,14809.0113,1473.1718,11004.5088,1728.0742,11074.8564,124.6922,1125.0829,7552.8457,64652.9679,1374.7190,6173.8589,1152.7392,7703.7680,101.7071,527.3551,7182.9578,64652.9679,0.4300,0.0455,4.3125,2.9927,19.6873,30.6261, NaN, NaN, NaN, NaN, NaN, NaN, NaN, NaN, NaN, NaN, NaN, NaN, NaN, NaN, NaN, NaN, NaN, NaN, NaN, NaN, NaN, NaN, NaN, NaN, NaN, NaN, NaN, NaN, NaN, NaN,
06/2013,903.6835,4073.2502,918.3510,6213.3735,66.0873,334.9511,5889.1818,25525.7812,903.6835,4073.2502,504.0220,5047.7945,40.6963,162.6077,5889.1818,25525.7812,316.9498,1127.3558,284.8977,1034.7558,20.9614,140.9090,2048.7480,6366.9346,828.2131,7440.2928,836.5211,7474.8254,60.7108,370.8400,5411.9683,50842.5666,903.6835,4073.2502,727.5381,5721.4801,63.5992,249.8524,5889.1818,50842.5666,0.3775,0.0307,2.1250,5.8281,16.6329,29.2321, NaN, NaN, NaN, NaN, NaN, NaN, NaN, NaN, NaN, NaN, NaN, NaN, NaN, NaN, NaN, NaN, NaN, NaN, NaN, NaN, NaN, NaN, NaN, NaN, NaN, NaN, NaN, NaN, NaN, NaN,
07/2013,2034.6509,16261.7328,2468.7236,22168.3463,175.7263,1393.2877,14627.2465,117028.1717,2034.6509,16261.7328,1134.0227,17617.8421,90.5523,548.5709,14627.2465,117028.1717,908.0035,4965.2525,978.1037,4481.7361,72.4698,677.7026,6483.5813,32884.1596,2201.5930,35972.6314,2747.3844,57172.4652,196.6272,2548.2665,15835.8486,275700.7433,2034.6509,16261.7328,1754.0847,20481.6757,156.3755,882.6894,14627.2465,275700.7433,0.3667,0.0260,3.9600,6.4519,15.7781,27.8543, NaN, NaN, NaN, NaN, NaN, NaN, NaN, NaN, NaN, NaN, NaN, NaN, NaN, NaN, NaN, NaN, NaN, NaN, NaN, NaN, NaN, NaN, NaN, NaN, NaN, NaN, NaN, NaN, NaN, NaN,
08/2013,3760.9920,57030.0566,5103.9177,99943.2611,343.9188,4551.6234,30601.6147,471928.0602,3760.9920,57030.0566,2130.0102,84589.8835,169.3423,1743.9372,30601.6147,471928.0602,1980.5990,15224.2762,2402.6934,15781.8554,177.5877,1337.4303,16110.1978,120658.2664,3333.8218,67936.1558,4382.1383,99720.5506,301.0062,3690.7359,27147.9462,573652.9812,3760.9920,57030.0566,3394.9847,92202.7398,297.5493,2327.4829,30601.6147,573652.9812,1.2250,0.0920,4.4000,3.1696,16.1693,15.1824, NaN, NaN, NaN, NaN, NaN, NaN, NaN, NaN, NaN, NaN, NaN, NaN, NaN, NaN, NaN, NaN, NaN, NaN, NaN, NaN, NaN, NaN, NaN, NaN, NaN, NaN, NaN, NaN, NaN, NaN,
09/2013,4751.6112,110981.1456,7040.1068,182036.4645,430.8004,15450.8148,37831.8777,843229.2329,4751.6112,110981.1456,2705.1838,130152.8797,211.3801,2870.9036,37831.8777,843229.2329,2590.2547,29133.6566,3231.7629,34240.1061,236.1221,1785.2239,20700.6393,218950.8079,3881.8051,68764.4726,5252.9793,108567.2100,336.4713,9190.7411,31024.2537,523751.8128,4751.6112,110981.1456,4648.3743,143522.2785,380.1592,3938.9781,37831.8777,523751.8128,1.2000,0.0765,0.9083,5.6676,16.4892,5.3654, NaN, NaN, NaN, NaN, NaN, NaN, NaN, NaN, NaN, NaN, NaN, NaN, NaN, NaN, NaN, NaN, NaN, NaN, NaN, NaN, NaN, NaN, NaN, NaN, NaN, NaN, NaN, NaN, NaN, NaN,
10/2013,3003.8083,23273.3002,3915.4597,28061.6310,234.1575,971.3997,24594.3944,170106.4841,3003.8083,23273.3002,1710.0990,22902.3274,139.6445,511.0952,24594.3944,170106.4841,1444.2365,6633.7229,1629.7002,6047.6548,113.4356,355.6747,11901.2652,48165.4878,2395.9066,17382.0730,2957.5684,18314.9324,181.0859,762.6803,19701.2789,128130.9239,3003.8083,23273.3002,2614.3626,25636.5679,217.5038,727.4959,24594.3944,128130.9239,1.0750,0.0622,3.7975,5.7263,19.0724,6.2992, NaN, NaN, NaN, NaN, NaN, NaN, NaN, NaN, NaN, NaN, NaN, NaN, NaN, NaN, NaN, NaN, NaN, NaN, NaN, NaN, NaN, NaN, NaN, NaN, NaN, NaN, NaN, NaN, NaN, NaN,
11/2013,1343.9866,4146.7766,1549.7989,4840.9493,88.2148,237.2518,9412.5702,22818.6137,1343.9866,4146.7766,769.5970,3312.9911,65.4765,155.5914,9412.5702,22818.6137,585.9734,1257.9149,575.8875,1157.7846,36.5157,77.6860,4129.6937,7135.3466,1007.9597,2498.9299,1102.7645,2500.9397,63.8238,163.4408,7079.7398,13770.9454,1343.9866,4146.7766,1107.7424,4143.0724,86.9754,202.9556,9412.5702,13770.9454,0.6700,0.1057,11.0625,2.6975,24.1205,20.2946, NaN, NaN, NaN, NaN, NaN, NaN, NaN, NaN, NaN, NaN, NaN, NaN, NaN, NaN, NaN, NaN, NaN, NaN, NaN, NaN, NaN, NaN, NaN, NaN, NaN, NaN, NaN, NaN, NaN, NaN,
12/2013,723.0125,1532.6064,759.1062,1781.3549,42.2074,106.7483,4752.7930,7998.4707,723.0125,1532.6064,414.7083,1059.5771,34.8792,87.8319,4752.7930,7998.4707,297.6480,550.7395,268.9693,522.1689,16.1111,29.6616,1973.0309,2942.1003,554.6880,1139.7888,559.6079,1231.4968,31.1479,71.8010,3673.0181,5938.6212,723.0125,1532.6064,586.6982,1455.4114,42.1754,100.5591,4752.7930,5938.6212,0.5200,0.0918,5.7100,4.0155,25.8492,25.1747, NaN, NaN, NaN, NaN, NaN, NaN, NaN, NaN, NaN, NaN, NaN, NaN, NaN, NaN, NaN, NaN, NaN, NaN, NaN, NaN, NaN, NaN, NaN, NaN, NaN, NaN, NaN, NaN, NaN, NaN,
01/2014,364.4611,744.7334,353.6716,871.1653,18.6987,46.1477,2382.6615,3685.3652,364.4611,744.7334,209.3934,513.2901,16.9531,42.7214,2382.6615,3685.3652,130.8874,258.5952,108.2517,252.7659,6.0198,10.7658,861.4374,1299.7509,267.4339,575.8992,249.2016,662.3343,13.0856,32.9268,1759.8087,2823.9813,364.4611,744.7334,294.9467,704.9255,18.6987,45.1594,2382.6615,2823.9813,0.5875,0.0872,5.1000,5.1952,26.7793,27.6651, NaN, NaN, NaN, NaN, NaN, NaN, NaN, NaN, NaN, NaN, NaN, NaN, NaN, NaN, NaN, NaN, NaN, NaN, NaN, NaN, NaN, NaN, NaN, NaN, NaN, NaN, NaN, NaN, NaN, NaN,
02/2014,168.7219,426.2285,151.9528,526.5388,7.7019,25.4897,1209.1560,2123.8077,168.7219,426.2285,96.6102,323.3997,7.3862,25.0004,1209.1560,2123.8077,54.3110,136.1318,41.6847,139.7165,2.1557,4.4069,388.5442,690.2416,116.7091,333.9187,101.1474,400.8760,5.0211,17.5067,839.3635,1614.5053,168.7219,426.2285,135.8936,431.6968,7.7019,25.4002,1209.1560,1614.5053,0.5300,0.0732,5.2000,5.0450,25.9728,30.6601, NaN, NaN, NaN, NaN, NaN, NaN, NaN, NaN, NaN, NaN, NaN, NaN, NaN, NaN, NaN, NaN, NaN, NaN, NaN, NaN, NaN, NaN, NaN, NaN, NaN, NaN, NaN, NaN, NaN, NaN,
03/2014,148.7290,592.5658,125.2546,682.8125,7.1133,64.3062,850.5430,2454.6055,148.7290,592.5658,81.6340,403.1110,6.0808,31.9850,850.5430,2454.6055,60.2554,281.0938,45.2481,258.5488,2.7802,31.9386,328.8262,1158.0051,92.2493,406.2614,73.5026,482.6765,3.9753,37.0525,536.2954,1688.3938,148.7290,592.5658,115.5536,551.9643,7.1007,42.5668,850.5430,1688.3938,0.5475,0.0750,5.9625,5.5131,24.2785,33.5858, NaN, NaN, NaN, NaN, NaN, NaN, NaN, NaN, NaN, NaN, NaN, NaN, NaN, NaN, NaN, NaN, NaN, NaN, NaN, NaN, NaN, NaN, NaN, NaN, NaN, NaN, NaN, NaN, NaN, NaN,
04/2014,229.2278,1249.2403,215.1911,1364.6603,14.4894,205.3835,1344.9209,5136.3630,229.2278,1249.2403,122.0102,716.1332,9.4513,60.4220,1344.9209,5136.3630,89.0006,556.1309,73.4735,513.0431,4.9747,80.2051,512.5363,2326.1699,144.4522,906.3878,125.9482,965.6008,8.3989,134.5750,847.4796,3761.8768,229.2278,1249.2403,178.8233,1054.0566,13.7843,110.7889,1344.9209,3761.8768,0.4975,0.0592,6.5500,5.5540,21.9581,34.4698, NaN, NaN, NaN, NaN, NaN, NaN, NaN, NaN, NaN, NaN, NaN, NaN, NaN, NaN, NaN, NaN, NaN, NaN, NaN, NaN, NaN, NaN, NaN, NaN, NaN, NaN, NaN, NaN, NaN, NaN,
05/2014,1205.5738,9468.7661,1401.5449,17559.1809,100.0234,1328.6744,6441.0290,48083.8887,1205.5738,9468.7661,651.0744,14281.2274,51.2292,503.6407,6441.0290,48083.8887,658.2298,3754.8058,697.6775,3444.8520,50.2923,644.9823,3394.3803,15603.3106,1436.2704,13538.0333,1754.3459,18351.3640,125.1397,1593.0101,7590.8021,71443.7507,1205.5738,9468.7661,1023.0425,15998.1469,89.2321,814.3275,6441.0290,71443.7507,0.4925,0.0442,8.0250,3.5553,19.1026,32.6002, NaN, NaN, NaN, NaN, NaN, NaN, NaN, NaN, NaN, NaN, NaN, NaN, NaN, NaN, NaN, NaN, NaN, NaN, NaN, NaN, NaN, NaN, NaN, NaN, NaN, NaN, NaN, NaN, NaN, NaN,
06/2014,1367.5306,18163.3450,1623.4464,31391.6760,117.5327,1294.6302,8802.1639,137670.3448,1367.5306,18163.3450,759.8029,26881.5318,60.3267,626.5162,8802.1639,137670.3448,614.2003,3763.6531,671.0891,3653.7610,48.8367,527.1545,3821.1897,24572.0032,1413.1757,31841.2771,1690.8535,58223.8338,122.4082,2328.4028,9095.3638,249542.5225,1367.5306,18163.3450,1184.8152,29770.8504,105.1843,889.8708,8802.1639,249542.5225,0.6050,0.0557,3.2700,1.9793,16.9817,28.3319, NaN, NaN, NaN, NaN, NaN, NaN, NaN, NaN, NaN, NaN, NaN, NaN, NaN, NaN, NaN, NaN, NaN, NaN, NaN, NaN, NaN, NaN, NaN, NaN, NaN, NaN, NaN, NaN, NaN, NaN,
07/2014,2668.8355,59622.4627,3307.8472,95412.6954,233.6162,2437.3245,21351.5670,533388.4538,2668.8355,59622.4627,1492.3277,86578.2125,119.6770,1364.9324,21351.5670,533388.4538,1185.6413,7454.2810,1268.6899,6940.9815,94.0018,793.1557,9466.8871,61600.5607,3102.6413,81591.3302,3976.2524,132670.1446,279.7900,4938.0096,24818.2287,733473.6704,2668.8355,59622.4627,2337.7569,92716.9113,208.3495,1800.8265,21351.5670,733473.6704,1.0550,0.0530,3.9625,3.5826,15.1994,18.8047, NaN, NaN, NaN, NaN, NaN, NaN, NaN, NaN, NaN, NaN, NaN, NaN, NaN, NaN, NaN, NaN, NaN, NaN, NaN, NaN, NaN, NaN, NaN, NaN, NaN, NaN, NaN, NaN, NaN, NaN,
08/2014,2605.2019,35804.4538,3436.4015,53441.9766,229.4947,2276.9151,20752.5262,290730.9233,2605.2019,35804.4538,1473.3068,45444.5414,117.2605,1107.2748,20752.5262,290730.9233,1328.5901,7299.4867,1592.8734,7401.2722,116.0400,805.4109,10554.1388,53746.0583,2605.2365,34537.5187,3372.6514,42880.8238,223.5683,1902.3858,20824.0636,282099.8190,2605.2019,35804.4538,2319.8266,49902.2046,201.2724,1478.3524,20752.5262,282099.8190,0.9125,0.0492,3.0000,2.3017,16.2961,18.5213, NaN, NaN, NaN, NaN, NaN, NaN, NaN, NaN, NaN, NaN, NaN, NaN, NaN, NaN, NaN, NaN, NaN, NaN, NaN, NaN, NaN, NaN, NaN, NaN, NaN, NaN, NaN, NaN, NaN, NaN,
09/2014,2739.8822,35093.0102,3576.3865,44706.5337,228.0740,2788.0527,23530.8704,298505.0183,2739.8822,35093.0102,1558.6464,35256.3821,125.4736,1222.0781,23530.8704,298505.0183,1331.6486,8290.9181,1481.1958,8009.9376,108.1659,637.6830,11469.8355,67577.1347,2460.1363,23789.5920,3091.5894,26943.5572,197.5394,1501.5789,21158.2684,200961.2486,2739.8822,35093.0102,2447.4229,39903.1070,206.8311,1563.5269,23530.8704,200961.2486,0.8525,0.0840,1.3750,1.9101,18.6171,14.3863, NaN, NaN, NaN, NaN, NaN, NaN, NaN, NaN, NaN, NaN, NaN, NaN, NaN, NaN, NaN, NaN, NaN, NaN, NaN, NaN, NaN, NaN, NaN, NaN, NaN, NaN, NaN, NaN, NaN, NaN,
10/2014,1974.9398,11813.0141,2347.8186,13353.9348,146.9456,657.6952,17127.2573,89913.2841,1974.9398,11813.0141,1121.8231,10392.3420,93.0086,364.5419,17127.2573,89913.2841,838.0282,2418.1891,844.9470,2108.0159,59.1125,201.1485,7320.1835,17974.1007,1643.7773,8098.2461,1886.0644,7655.1190,117.8289,452.7837,14310.1623,61584.4853,1974.9398,11813.0141,1662.5668,12030.5317,139.5037,515.2547,17127.2573,61584.4853,0.7200,0.0783,6.1125,1.1162,21.8274,14.6042, NaN, NaN, NaN, NaN, NaN, NaN, NaN, NaN, NaN, NaN, NaN, NaN, NaN, NaN, NaN, NaN, NaN, NaN, NaN, NaN, NaN, NaN, NaN, NaN, NaN, NaN, NaN, NaN, NaN, NaN,
11/2014,1160.9395,4048.0560,1256.6122,4680.4829,78.3389,364.4731,8746.7039,25353.9574,1160.9395,4048.0560,650.3237,3117.2032,54.0877,155.4309,8746.7039,25353.9574,458.8963,1119.9686,425.1303,1017.2036,28.5996,119.4169,3526.3528,7354.2751,991.3363,3291.1056,1047.2011,3159.1406,64.9299,299.1190,7509.5952,20785.5427,1160.9395,4048.0560,945.8360,3978.1117,76.5986,247.9723,8746.7039,20785.5427,0.6625,0.1442,5.9250,3.6173,23.5141,16.6872, NaN, NaN, NaN, NaN, NaN, NaN, NaN, NaN, NaN, NaN, NaN, NaN, NaN, NaN, NaN, NaN, NaN, NaN, NaN, NaN, NaN, NaN, NaN, NaN, NaN, NaN, NaN, NaN, NaN, NaN,
12/2014,601.9834,1491.1258,599.4357,1753.2973,34.9445,89.3716,4278.6814,10950.5473,601.9834,1491.1258,343.4035,1122.7216,28.3457,72.8345,4278.6814,10950.5473,208.7424,406.9526,176.6328,401.9070,11.0745,20.6051,1500.7360,3146.9303,508.9738,1287.1181,496.6743,1346.9229,28.7208,74.6257,3639.2588,9563.1331,601.9834,1491.1258,482.6688,1451.6973,34.9445,85.6163,4278.6814,9563.1331,0.5117,0.0897,6.2500,3.8953,25.4380,23.0119, NaN, NaN, NaN, NaN, NaN, NaN, NaN, NaN, NaN, NaN, NaN, NaN, NaN, NaN, NaN, NaN, NaN, NaN, NaN, NaN, NaN, NaN, NaN, NaN, NaN, NaN, NaN, NaN, NaN, NaN,
01/2015,312.2842,737.9770,294.5574,843.6723,16.3497,57.9557,2260.7779,5684.5221,312.2842,737.9770,178.0055,500.9558,14.1594,41.0945,2260.7779,5684.5221,122.7830,308.1110,103.8739,288.6868,6.3276,25.4282,864.4147,2169.8841,266.3453,658.1434,247.5266,745.2544,13.7072,51.3842,1928.5889,5081.7623,312.2842,737.9770,249.5819,687.8901,16.2484,50.0866,2260.7779,5081.7623,0.4950,0.1027,4.4125,5.1785,26.2025,26.7961, NaN, NaN, NaN, NaN, NaN, NaN, NaN, NaN, NaN, NaN, NaN, NaN, NaN, NaN, NaN, NaN, NaN, NaN, NaN, NaN, NaN, NaN, NaN, NaN, NaN, NaN, NaN, NaN, NaN, NaN,
02/2015,356.6506,1493.3030,349.5837,1553.2075,22.1222,247.8630,1928.9246,10210.9006,356.6506,1493.3030,194.4065,810.5892,15.3365,66.4531,1928.9246,10210.9006,120.8650,565.5398,101.2193,493.0613,6.7071,93.6866,664.8748,3816.5328,506.2522,2419.4506,547.3800,2570.2692,36.2964,449.9858,2797.7402,16345.4650,356.6506,1493.3030,286.6693,1209.7123,21.2527,128.2164,1928.9246,16345.4650,0.5975,0.1050,4.6125,5.0392,25.2137,28.2746, NaN, NaN, NaN, NaN, NaN, NaN, NaN, NaN, NaN, NaN, NaN, NaN, NaN, NaN, NaN, NaN, NaN, NaN, NaN, NaN, NaN, NaN, NaN, NaN, NaN, NaN, NaN, NaN, NaN, NaN,
03/2015,264.2717,1348.1078,228.4903,1388.6200,14.6288,193.9715,1244.3931,9014.3847,264.2717,1348.1078,140.4291,761.1534,10.8058,64.6711,1244.3931,9014.3847,120.9946,763.1712,94.3930,630.8019,6.5471,113.9368,569.2916,4960.6021,200.2666,926.2080,166.3242,987.6518,10.0788,111.5352,940.6636,6337.9200,264.2717,1348.1078,203.1741,1078.3802,14.5617,107.0845,1244.3931,6337.9200,0.5875,0.0867,5.9400,5.2626,24.2202,31.5680, NaN, NaN, NaN, NaN, NaN, NaN, NaN, NaN, NaN, NaN, NaN, NaN, NaN, NaN, NaN, NaN, NaN, NaN, NaN, NaN, NaN, NaN, NaN, NaN, NaN, NaN, NaN, NaN, NaN, NaN,
04/2015,553.2883,2436.7478,560.1266,2549.1016,38.8622,430.6066,3490.8603,15441.7767,553.2883,2436.7478,296.0887,1282.4262,23.4277,105.4343,3490.8603,15441.7767,192.0586,999.5616,166.5265,905.2212,11.8794,171.1734,1188.4687,6271.6613,377.2224,1805.5440,354.7697,1841.6701,24.2952,287.3209,2394.1579,11761.7899,553.2883,2436.7478,444.7856,1989.9812,36.5555,233.5750,3490.8603,11761.7899,0.5025,0.0483,3.7625,4.7399,20.4765,32.1390,0.7854,0.0865,5.5230,12.6973,29.4623,0.7688,0.0826,5.5092,12.5436,29.5336,0.7870,0.0855,5.6760,13.6673,31.1893,0.7788,0.0850,5.5220,12.6652,29.4621, NaN, NaN, NaN, NaN, NaN, NaN, NaN, NaN, NaN, NaN,
05/2015,786.7411,3252.4762,889.6756,3614.5894,63.6123,501.6352,5595.2877,21275.3911,786.7411,3252.4762,428.8094,1819.0887,33.5311,131.3132,5595.2877,21275.3911,367.0618,1739.6554,392.5132,1681.2865,28.3482,289.7096,2561.6948,11071.6940,886.0406,5645.6698,1061.4116,6105.4741,75.9467,658.8440,6269.7152,39511.8034,786.7411,3252.4762,670.4446,2738.8844,57.0861,270.8941,5595.2877,39511.8034,0.4125,0.0452,2.2875,6.0439,17.0654,31.4302,0.5759,0.0774,6.3533,10.6855,28.7553,0.5362,0.0618,6.3018,10.0417,28.8745,0.6257,0.0761,6.4771,11.3262,31.3483,0.5592,0.0677,6.3376,10.4547,28.7545, NaN, NaN, NaN, NaN, NaN, NaN, NaN, NaN, NaN, NaN,
06/2015,1254.8390,5220.7286,1436.3326,5930.2777,104.7945,693.6361,8041.3878,31029.4003,1254.8390,5220.7286,688.7279,3385.4909,54.5964,194.5961,8041.3878,31029.4003,571.3027,2389.4093,599.1835,2265.9312,44.0244,399.4377,3538.8937,13329.8891,1245.3696,6597.4262,1429.0579,6798.4438,104.3800,714.8958,7989.1408,42866.0143,1254.8390,5220.7286,1071.9412,4898.6342,94.7665,424.7608,8041.3878,42866.0143,0.4317,0.0565,3.0900,5.0261,16.9505,29.8276,0.4849,0.0675,5.6792,7.1491,26.7460,0.4199,0.0483,5.5996,6.4907,26.8896,0.5079,0.0681,6.1230,8.6542,30.1039,0.4528,0.0554,5.6506,6.8811,26.7458, NaN, NaN, NaN, NaN, NaN, NaN, NaN, NaN, NaN, NaN,
07/2015,1746.7574,8984.2867,2022.4710,10659.9461,145.5876,989.2597,11927.3429,59335.1488,1746.7574,8984.2867,965.6583,6948.0472,77.0235,311.4368,11927.3429,59335.1488,726.2525,3342.3926,741.5896,3041.9229,55.3679,524.3759,4914.1700,20852.9117,1919.5402,13232.4710,2285.2854,14691.1624,164.4178,1197.8108,13099.4354,89758.1720,1746.7574,8984.2867,1491.3899,9155.0671,132.6198,580.7982,11927.3429,89758.1720,0.5150,0.0722,2.4042,4.6694,16.1027,28.7391,0.4909,0.0645,4.9651,6.7797,23.8192,0.4036,0.0439,4.9063,6.3074,23.9297,0.4414,0.0636,5.5219,7.1003,28.3928,0.4508,0.0532,4.9351,6.5621,23.8196, NaN, NaN, NaN, NaN, NaN, NaN, NaN, NaN, NaN, NaN,
08/2015,2390.0573,40761.0922,2922.6198,68339.6380,204.4978,2300.9283,17606.0666,333873.3444,2390.0573,40761.0922,1334.2386,63174.3229,106.4486,1611.9684,17606.0666,333873.3444,1165.3459,7250.4979,1271.2296,6953.6578,95.2398,682.2349,8578.1928,55972.8347,2228.3856,51618.2458,2659.7730,91882.8800,187.3472,3153.7420,16449.3394,425415.8108,2390.0573,40761.0922,2074.5843,66381.4794,183.6880,1921.0999,17606.0666,425415.8108,1.0325,0.0613,5.5500,2.7848,16.4417,21.8760,1.1538,0.0560,7.0090,5.6910,14.1452,1.0525,0.0387,6.9982,5.5100,14.1766,0.4432,0.0682,7.0002,6.1970,23.8893,1.1167,0.0458,7.0035,5.6167,14.1457, NaN, NaN, NaN, NaN, NaN, NaN, NaN, NaN, NaN, NaN,
09/2015,1992.1766,13699.7050,2375.1549,17674.8246,160.9850,895.9135,15882.2690,98599.3267,1992.1766,13699.7050,1121.7532,14223.7945,90.6895,486.3779,15882.2690,98599.3267,887.3194,3067.9690,920.6336,2785.7270,68.7486,333.3393,7113.0807,21814.2127,1703.2810,10602.2045,1960.3268,10510.0908,133.1749,611.8545,13634.3615,77659.7808,1992.1766,13699.7050,1701.1243,16253.5156,148.0256,671.9187,15882.2690,77659.7808,0.8300,0.0582,3.3375,2.9137,18.8618,18.1390,1.3397,0.0698,7.3659,10.6317,12.8169,1.1879,0.0521,7.3617,10.5042,12.8364,0.4349,0.0628,6.5055,8.3890,20.9458, NaN, NaN, NaN, NaN, NaN, NaN, NaN, NaN, NaN, NaN, NaN, NaN, NaN, NaN, NaN,
10/2015,1116.9014,3725.3520,1168.5835,4239.4713,76.1570,286.6743,8739.7885,20651.3572,1116.9014,3725.3520,620.1753,2935.3730,50.6462,142.6480,8739.7885,20651.3572,432.5702,993.6518,389.9374,908.4640,28.0657,98.7873,3463.1925,5422.9645,926.3549,2356.5514,942.6443,2397.6170,60.8609,212.2111,7342.7261,12988.4602,1116.9014,3725.3520,902.3362,3661.3757,74.5487,214.9698,8739.7885,12988.4602,0.5975,0.0865,5.1875,3.5047,22.4611,21.5074,0.7619,0.0500,5.7160,9.8659,15.3067,0.6449,0.0344,5.5738,8.0611,15.3352,0.4357,0.0538,5.7913,8.4214,22.1067, NaN, NaN, NaN, NaN, NaN, NaN, NaN, NaN, NaN, NaN, NaN, NaN, NaN, NaN, NaN,
11/2015,786.4042,2118.1997,808.7817,2373.1738,52.0090,189.9159,5399.6059,9929.8845,786.4042,2118.1997,439.6789,1482.2393,35.7693,91.2754,5399.6059,9929.8845,254.7072,588.4272,220.5271,552.0475,15.3515,57.4755,1782.0215,2802.9587,639.8438,1806.1315,640.2550,1802.0052,40.9229,159.3092,4431.2173,8375.1856,786.4042,2118.1997,634.1865,1972.7989,50.4977,141.2288,5399.6059,8375.1856,0.6167,0.1002,8.1925,3.7947,25.0071,23.8128,0.6941,0.0534,4.9764,13.0566,17.2632,0.5913,0.0413,4.8544,11.3115,17.2999,0.4922,0.0546,5.3595,9.9716,23.4654, NaN, NaN, NaN, NaN, NaN, NaN, NaN, NaN, NaN, NaN, NaN, NaN, NaN, NaN, NaN,
12/2015,486.0259,1371.4618,465.3400,1413.4668,29.3245,161.7812,3416.1700,6012.7376,486.0259,1371.4618,269.7033,803.3944,21.6013,63.3866,3416.1700,6012.7376,183.2112,751.7923,155.4800,643.0287,10.6752,90.2759,1261.8079,3115.2996,432.3110,3105.8381,412.1348,4036.4867,26.2183,235.9402,3027.4768,14157.4072,486.0259,1371.4618,386.6442,1151.6735,28.7869,100.1577,3416.1700,14157.4072,0.5650,0.0995,6.3750,5.2121,24.8271,25.5925,0.6838,0.0637,6.5925,12.8199,18.6183,0.5777,0.0488,6.5317,11.1547,18.6790,0.5693,0.0630,6.6804,11.3029,24.7300, NaN, NaN, NaN, NaN, NaN, NaN, NaN, NaN, NaN, NaN, NaN, NaN, NaN, NaN, NaN,
01/2016,289.6214,1509.9782,256.5554,1704.6006,16.0275,215.5248,1766.4011,5905.0856,289.6214,1509.9782,156.1924,1123.1468,12.1330,62.1242,1766.4011,5905.0856,150.1546,1862.2138,123.7523,1767.8615,8.6125,193.0862,850.8011,8744.6812,254.5517,6353.8733,222.4553,8517.9405,14.0118,373.4711,1541.1091,35376.8965,289.6214,1509.9782,225.3407,1449.3025,15.8928,108.6630,1766.4011,35376.8965,0.6475,0.1450,6.4625,4.3600,27.1107,29.9434,0.6492,0.0636,5.7193,11.8282,24.0742,0.5675,0.0503,5.6782,10.8545,24.1633,0.6226,0.0669,5.8619,12.3042,28.5280, NaN, NaN, NaN, NaN, NaN, NaN, NaN, NaN, NaN, NaN, NaN, NaN, NaN, NaN, NaN,
02/2016,104.3626,1785.9744,83.8009,6666.0788,4.5288,414.1720,718.2862,10515.6771,104.3626,1785.9744,57.9171,6472.0565,4.2509,407.0306,718.2862,10515.6771,30.7152,165.8621,21.4489,161.4421,1.1797,7.2242,212.4894,764.0343,88.3440,863.0669,69.5294,890.9022,3.7655,43.5847,602.8400,4369.6077,104.3626,1785.9744,80.7299,6575.4350,4.5288,409.1742,718.2862,4369.6077,0.7300,0.1275,6.1400,4.2558,25.9796,30.8731,0.6999,0.0825,5.3381,13.0492,25.4346,0.6208,0.0648,5.2788,12.1309,25.5580,0.6999,0.0865,5.3620,14.1847,28.8657, NaN, NaN, NaN, NaN, NaN, NaN, NaN, NaN, NaN, NaN, NaN, NaN, NaN, NaN, NaN,
03/2016,188.6112,6033.3984,170.7643,26651.5865,11.5891,1250.3099,1139.1302,32856.5629,188.6112,6033.3984,98.4374,25711.5907,7.4640,979.1012,1139.1302,32856.5629,109.9008,1667.9347,96.0699,1341.4390,6.7483,232.3848,644.9719,7361.8474,111.8880,2639.0102,91.1230,2440.6312,5.9148,202.3375,693.9468,13885.0569,188.6112,6033.3984,145.5165,26098.1606,11.1809,1036.8343,1139.1302,13885.0569,0.6275,0.1350,6.4375,4.6262,24.8121,32.7365,0.8267,0.0973,5.8858,15.6860,27.9594,0.7680,0.0816,5.8512,15.1745,28.1438, NaN, NaN, NaN, NaN, NaN, NaN, NaN, NaN, NaN, NaN, NaN, NaN, NaN, NaN, NaN, NaN, NaN, NaN, NaN, NaN,
04/2016,516.2659,10059.9322,524.3893,26887.2319,37.4159,1201.4109,2568.0448,56206.1999,516.2659,10059.9322,268.8772,25527.6404,20.9285,842.4009,2568.0448,56206.1999,205.4592,2094.7075,178.9803,1664.1549,12.9229,199.0860,1019.0352,10088.0286,322.9459,4881.8678,300.2945,4136.4755,21.4475,342.7890,1611.8441,25667.8888,516.2659,10059.9322,413.9870,26250.6034,34.9540,977.7425,2568.0448,25667.8888,1.1250,0.2025,14.6750,0.4955,22.3640,31.0591,1.9057,0.1411,4.2772,9.5254,22.9003,1.8361,0.1236,4.2510,9.3255,23.1215, NaN, NaN, NaN, NaN, NaN, NaN, NaN, NaN, NaN, NaN, NaN, NaN, NaN, NaN, NaN, NaN, NaN, NaN, NaN, NaN,
05/2016,1021.8960,18679.6282,1143.1061,33031.7709,82.7715,1365.7549,5917.8988,122930.7531,1021.8960,18679.6282,546.2894,30484.9860,42.8357,755.2259,5917.8988,122930.7531,524.6554,3478.1616,535.0554,3131.2612,38.9432,485.9674,2976.6263,18196.1639,1140.7133,16281.5875,1336.0854,19479.5731,96.5186,1280.3147,6564.1461,104650.7372,1021.8960,18679.6282,856.5657,31904.2875,74.7964,998.7411,5917.8988,104650.7372,0.8033,0.2617,22.4000,0.7268,18.5829,26.0817, NaN, NaN, NaN, NaN, NaN, NaN, NaN, NaN, NaN, NaN, NaN, NaN, NaN, NaN, NaN, NaN, NaN, NaN, NaN, NaN, NaN, NaN, NaN, NaN, NaN, NaN, NaN, NaN, NaN, NaN,
06/2016,1384.4995,23984.2426,1556.1162,35135.7699,113.2893,1264.1513,9272.5116,191041.2412,1384.4995,23984.2426,762.5382,31805.9830,60.8413,685.5829,9272.5116,191041.2412,588.4099,3622.5965,595.5018,3151.6682,43.4983,460.3601,3889.3968,24943.2310,1321.3238,24709.6742,1482.0574,28814.3042,108.1257,1264.4671,8853.1277,198846.6180,1384.4995,23984.2426,1159.7958,33834.3488,103.7605,925.2896,9272.5116,198846.6180,0.7150,0.1155,7.6083,0.7262,16.6327,24.6595, NaN, NaN, NaN, NaN, NaN, NaN, NaN, NaN, NaN, NaN, NaN, NaN, NaN, NaN, NaN, NaN, NaN, NaN, NaN, NaN, NaN, NaN, NaN, NaN, NaN, NaN, NaN, NaN, NaN, NaN,
07/2016,2560.6022,80480.0621,3249.3931,169447.4907,231.9911,7745.1337,18757.6297,744391.4526,2560.6022,80480.0621,1438.0075,151167.1158,114.5904,3595.5815,18757.6297,744391.4526,1034.5277,8187.2986,1157.6623,7709.1736,85.7083,763.2323,7615.5442,69253.1869,2792.9059,108957.2170,3637.8459,248549.6521,259.7981,10135.8482,20458.8120,1017119.6463,2560.6022,80480.0621,2257.4108,157857.4291,202.9662,4107.7246,18757.6297,1017119.6463,1.1950,0.0675,3.4750,3.6947,14.3046,17.9941, NaN, NaN, NaN, NaN, NaN, NaN, NaN, NaN, NaN, NaN, NaN, NaN, NaN, NaN, NaN, NaN, NaN, NaN, NaN, NaN, NaN, NaN, NaN, NaN, NaN, NaN, NaN, NaN, NaN, NaN,
08/2016,3130.3498,83644.4016,4057.8157,141694.5454,276.4933,10624.8171,24097.0189,737423.1520,3130.3498,83644.4016,1757.8040,110991.0441,140.2046,2480.3873,24097.0189,737423.1520,1544.8406,14555.3674,1776.3836,14528.9620,131.9425,1141.0734,11941.9967,121470.3646,2854.7597,61364.5805,3615.6253,91085.0213,247.1026,6732.7499,21960.1524,536479.2911,3130.3498,83644.4016,2770.5278,118797.9552,243.3660,3172.5289,24097.0189,536479.2911,1.0800,0.0467,2.2600,6.6764,13.6691,7.9471, NaN, NaN, NaN, NaN, NaN, NaN, NaN, NaN, NaN, NaN, NaN, NaN, NaN, NaN, NaN, NaN, NaN, NaN, NaN, NaN, NaN, NaN, NaN, NaN, NaN, NaN, NaN, NaN, NaN, NaN,
09/2016,2815.3267,45919.4659,3576.3169,63189.6831,230.9527,3115.4594,24113.1623,410894.4109,2815.3267,45919.4659,1589.9435,52920.1522,128.3697,1087.7001,24113.1623,410894.4109,1299.4646,9856.1578,1432.1272,8866.9998,105.6791,574.5773,11200.3656,85451.0471,2369.6669,29218.1213,2906.0489,34414.4723,190.3514,1834.5043,20303.0891,260514.5659,2815.3267,45919.4659,2452.2711,56961.0200,210.0055,1427.3731,24113.1623,260514.5659,1.0775,0.0548,1.0750,7.4598,15.0853,5.3568, NaN, NaN, NaN, NaN, NaN, NaN, NaN, NaN, NaN, NaN, NaN, NaN, NaN, NaN, NaN, NaN, NaN, NaN, NaN, NaN, NaN, NaN, NaN, NaN, NaN, NaN, NaN, NaN, NaN, NaN,
10/2016,2277.7200,18661.5360,2759.5829,21372.8786,173.9588,1476.8702,20554.8166,143746.3730,2277.7200,18661.5360,1286.3536,16030.2178,105.6120,573.3541,20554.8166,143746.3730,915.4080,3508.7990,938.6979,2995.4646,67.4522,252.8161,8312.9628,27555.3343,1778.1984,10414.2499,2052.7074,10231.7129,131.6058,566.5278,16080.4545,81465.6483,2277.7200,18661.5360,1939.9429,18315.3488,163.4860,776.1575,20554.8166,81465.6483,0.9050,0.0622,8.8900,3.0466,19.0204,10.5368, NaN, NaN, NaN, NaN, NaN, NaN, NaN, NaN, NaN, NaN, NaN, NaN, NaN, NaN, NaN, NaN, NaN, NaN, NaN, NaN, NaN, NaN, NaN, NaN, NaN, NaN, NaN, NaN, NaN, NaN,
11/2016,1040.1437,3750.9264,1121.5165,4513.2906,68.1888,233.4023,7634.4547,20713.2985,1040.1437,3750.9264,588.2045,3284.5622,49.0691,144.1169,7634.4547,20713.2985,396.2218,860.1379,366.2181,787.5642,24.8106,62.1513,2967.7091,4881.2951,843.9725,2245.4410,878.7288,2260.5193,53.5991,166.0670,6226.5068,12389.7859,1040.1437,3750.9264,844.4664,3937.1139,67.0418,192.5127,7634.4547,12389.7859,0.6925,0.0685,12.4750,3.0189,24.4200,17.2552, NaN, NaN, NaN, NaN, NaN, NaN, NaN, NaN, NaN, NaN, NaN, NaN, NaN, NaN, NaN, NaN, NaN, NaN, NaN, NaN, NaN, NaN, NaN, NaN, NaN, NaN, NaN, NaN, NaN, NaN,
12/2016,597.8880,1749.3840,598.3411,1962.6526,35.0557,167.0690,4038.6678,7669.3493,597.8880,1749.3840,338.3759,1219.2167,27.7651,84.7210,4038.6678,7669.3493,225.4867,784.0368,195.1028,691.6143,12.6902,78.8784,1519.1653,3179.8948,504.7834,1868.3914,494.8756,1848.4092,29.2666,163.8282,3412.1342,7626.7517,597.8880,1749.3840,480.0846,1613.7720,34.7243,113.6479,4038.6678,7626.7517,0.6350,0.1180,12.1333,3.9388,25.3443,22.4416, NaN, NaN, NaN, NaN, NaN, NaN, NaN, NaN, NaN, NaN, NaN, NaN, NaN, NaN, NaN, NaN, NaN, NaN, NaN, NaN, NaN, NaN, NaN, NaN, NaN, NaN, NaN, NaN, NaN, NaN,
01/2017,513.2333,2252.2925,565.4943,2436.5122,35.1815,399.4272,3069.4762,7222.4142,513.2333,2252.2925,287.4861,1164.7695,22.8952,91.2844,3069.4762,7222.4142,305.1821,3954.6403,340.4376,6868.6609,22.9813,494.0668,1775.8570,18724.7917,454.4381,2479.8701,500.8272,2600.9448,31.5037,394.9868,2710.7227,8792.1413,513.2333,2252.2925,428.5294,1830.3810,32.4027,196.3552,3069.4762,8792.1413,0.5933,0.0682,8.2975,4.4660,26.2233,27.1830, NaN, NaN, NaN, NaN, NaN, NaN, NaN, NaN, NaN, NaN, NaN, NaN, NaN, NaN, NaN, NaN, NaN, NaN, NaN, NaN, NaN, NaN, NaN, NaN, NaN, NaN, NaN, NaN, NaN, NaN,
02/2017,1183.4294,251913.0413,1593.2698,932938.4323,106.2681,44779.2447,7304.5531,1734219.4666,1183.4294,251913.0413,677.7952,929979.8379,53.8348,44236.1449,7304.5531,1734219.4666,388.4717,25524.1152,448.3267,58796.8431,30.7695,2062.9082,2366.2980,165507.9192,2294.6630,578749.9507,3742.6525,2822885.9342,248.4398,113864.4536,14200.3805,3969094.6080,1183.4294,251913.0413,1057.3242,931340.7623,90.4249,44454.1124,7304.5531,3969094.6080,2.7000,0.1383,9.0167,4.5217,25.3759,3.8489, NaN, NaN, NaN, NaN, NaN, NaN, NaN, NaN, NaN, NaN, NaN, NaN, NaN, NaN, NaN, NaN, NaN, NaN, NaN, NaN, NaN, NaN, NaN, NaN, NaN, NaN, NaN, NaN, NaN, NaN,
03/2017,611.6429,31983.3446,603.7047,102613.9644,38.1138,3496.3564,3878.2909,213921.8921,611.6429,31983.3446,344.8031,101669.0500,27.9888,3354.9046,3878.2909,213921.8921,214.1338,2226.8650,181.5837,1960.9576,12.2955,143.0881,1292.4427,12101.7514,720.7142,17650.7338,748.5095,35685.7819,44.6695,1179.1064,4718.2706,118510.0495,611.6429,31983.3446,491.0888,102174.5930,37.6416,3413.1867,3878.2909,118510.0495,2.1167,0.1267,20.7250,3.5450,23.7640,10.9457, NaN, NaN, NaN, NaN, NaN, NaN, NaN, NaN, NaN, NaN, NaN, NaN, NaN, NaN, NaN, NaN, NaN, NaN, NaN, NaN, NaN, NaN, NaN, NaN, NaN, NaN, NaN, NaN, NaN, NaN,
04/2017,327.7584,2967.9264,299.5578,5926.9846,18.1563,144.0638,2136.4297,17300.6164,327.7584,2967.9264,188.6058,5438.4974,15.0432,132.4546,2136.4297,17300.6164,74.3213,356.8320,56.2650,367.2407,3.4796,13.5033,490.9041,1839.6850,448.3728,1417.4093,438.7136,1576.5714,25.8550,87.0030,2923.9268,7579.5073,327.7584,2967.9264,260.9751,5662.1642,18.1563,142.9594,2136.4297,7579.5073,0.9075,0.0983,14.4125,1.4302,21.6198,22.6274, NaN, NaN, NaN, NaN, NaN, NaN, NaN, NaN, NaN, NaN, NaN, NaN, NaN, NaN, NaN, NaN, NaN, NaN, NaN, NaN,1.7790,0.0842,3.9263,3.0663,18.3219,1.6130,0.0879,4.8379,2.7804,20.6310,
05/2017,845.8214,5558.7168,878.0053,7455.0206,61.4132,582.7146,5349.8812,30693.9562,845.8214,5558.7168,463.4036,5802.7227,37.0715,193.5178,5349.8812,30693.9562,373.2221,1829.6410,344.9302,1623.4162,25.0841,304.2827,2210.7983,7959.5334,1196.6918,5851.7165,1338.7893,5857.6823,92.4461,717.2188,7673.5006,30814.0789,845.8214,5558.7168,683.8411,6699.4883,57.9209,353.9774,5349.8812,30814.0789,0.8250,0.0877,9.1375,3.0015,19.4934,26.8240, NaN, NaN, NaN, NaN, NaN, NaN, NaN, NaN, NaN, NaN, NaN, NaN, NaN, NaN, NaN, NaN, NaN, NaN, NaN, NaN,0.9893,0.0644,5.5453,3.3147,24.0995,0.8421,0.0681,7.8068,3.6749,25.5869,
06/2017,1048.1616,6034.4525,1277.4292,7621.3046,89.3929,488.2866,6798.6127,42645.2220,1048.1616,6034.4525,595.2804,5739.3274,47.3629,182.2723,6798.6127,42645.2220,443.3962,1710.6768,514.9258,1720.2390,36.9245,247.5627,2730.6411,9543.9456,1339.6925,5827.1875,1665.5855,6068.2512,114.3841,524.5382,8866.7282,39200.8693,1048.1616,6034.4525,903.9700,6693.8072,78.5661,330.2287,6798.6127,39200.8693,0.6075,0.0985,16.6250,1.5327,17.2423,28.6467, NaN, NaN, NaN, NaN, NaN, NaN, NaN, NaN, NaN, NaN, NaN, NaN, NaN, NaN, NaN, NaN, NaN, NaN, NaN, NaN,0.6203,0.0541,4.1157,3.7975,25.1575,0.5233,0.0551,4.4199,3.6861,26.0366,
07/2017,2847.8995,28994.8810,3536.3319,36239.7660,249.7294,2004.4502,20066.5695,219527.8314,2847.8995,28994.8810,1588.3199,28482.2110,127.5343,796.6309,20066.5695,219527.8314,1271.4710,6172.6838,1352.9167,5460.4651,100.2440,909.4105,8824.8264,40490.7590,3796.8912,42167.1485,5098.7732,54539.6426,344.5333,3672.7998,26843.3601,320136.3804,2847.8995,28994.8810,2498.0562,33656.6704,222.8502,1295.7729,20066.5695,320136.3804,0.6500,0.0722,4.6125,1.1493,16.1406,24.7980, NaN, NaN, NaN, NaN, NaN, NaN, NaN, NaN, NaN, NaN, NaN, NaN, NaN, NaN, NaN, NaN, NaN, NaN, NaN, NaN,0.6053,0.0544,2.2764,5.1779,20.6036,0.5334,0.0531,2.3302,4.8556,21.3755,
08/2017,4312.4918,132215.9155,6121.9811,256414.3429,390.0689,14667.7016,36697.7062,1160377.7799,4312.4918,132215.9155,2469.7145,217134.1709,195.8191,5847.8786,36697.7062,1160377.7799,2195.0784,22287.2861,2737.4602,26090.0989,200.1446,1563.0163,18775.6960,187520.3542,4472.9798,93831.0739,6413.5738,174249.3124,391.8801,14000.8952,38082.8900,810695.8364,4312.4918,132215.9155,3957.0811,229065.5749,339.6168,6672.9240,36697.7062,810695.8364,1.3575,0.0700,2.2250,6.9789,14.6833,6.4086, NaN, NaN, NaN, NaN, NaN, NaN, NaN, NaN, NaN, NaN, NaN, NaN, NaN, NaN, NaN, NaN, NaN, NaN, NaN, NaN,1.5685,0.0922,3.2406,8.3938,4.2461,1.6430,0.1451,3.1201,8.1073,4.6549,
09/2017,3098.2781,40364.6717,3998.0835,55937.4591,249.9138,2151.5877,22371.9284,316188.6774,3098.2781,40364.6717,1755.0284,47915.1148,142.8783,801.5130,22371.9284,316188.6774,1519.8192,8001.8496,1718.2333,7210.0172,122.2331,672.5242,11010.9431,56268.3052,2974.7779,21224.2205,3824.8250,22777.1954,233.1921,1250.8685,21544.5628,160734.1000,3098.2781,40364.6717,2680.5202,51484.3090,228.5159,1140.1572,22371.9284,160734.1000,1.3500,0.0550,1.1333,4.1328,17.0541,8.4156, NaN, NaN, NaN, NaN, NaN, NaN, NaN, NaN, NaN, NaN, NaN, NaN, NaN, NaN, NaN, NaN, NaN, NaN, NaN, NaN,1.4474,0.0446,0.8497,7.7120,5.5110,0.8071,0.0508,0.6765,5.5317,9.5019,
10/2017,2253.5539,17142.5635,2750.5102,20005.5287,167.6615,746.5050,18331.8880,121849.9625,2253.5539,17142.5635,1286.9310,16517.7008,107.1572,408.8267,18331.8880,121849.9625,956.1974,2857.7405,998.4753,2587.6523,68.2191,222.7893,7809.7948,19998.8781,2069.2800,8146.5437,2502.9824,8137.0771,149.0890,506.3578,16883.4979,57744.6700,2253.5539,17142.5635,1897.2957,18325.1650,159.0190,571.4088,18331.8880,57744.6700,0.9942,0.0675,7.3867,3.4436,19.8163,13.0071, NaN, NaN, NaN, NaN, NaN, NaN, NaN, NaN, NaN, NaN, NaN, NaN, NaN, NaN, NaN, NaN, NaN, NaN, NaN, NaN,1.1215,0.0455,0.4753,7.4867,5.8657, NaN, NaN, NaN, NaN, NaN,
11/2017,989.6774,3795.8890,1086.4377,4542.3611,62.0348,176.8243,8192.1773,24403.4301,989.6774,3795.8890,568.7566,3416.2394,48.4199,132.1794,8192.1773,24403.4301,398.3213,792.0374,376.0222,767.7398,23.5403,45.4277,3340.9977,5384.3490,926.2166,2217.8362,1015.4343,2393.1536,56.8638,142.4085,7717.0228,14663.0525,989.6774,3795.8890,809.1887,4008.9186,61.8902,164.1398,8192.1773,14663.0525,0.8200,0.1292,10.1250,2.1799,24.9335,18.8862, NaN, NaN, NaN, NaN, NaN, NaN, NaN, NaN, NaN, NaN, NaN, NaN, NaN, NaN, NaN, NaN, NaN, NaN, NaN, NaN,0.7138,0.0452,4.6683,5.6187,13.0928, NaN, NaN, NaN, NaN, NaN,
12/2017,860.4576,2822.3424,933.1699,3214.4624,56.5904,318.0326,6548.4716,16028.4595,860.4576,2822.3424,485.8702,1966.4066,40.0999,116.6631,6548.4716,16028.4595,392.6707,1254.4589,381.9041,1140.8286,25.0664,179.5898,2960.4133,7091.3138,884.7706,2694.7728,974.8509,2830.3827,59.1969,348.0331,6731.3039,15500.6084,860.4576,2822.3424,706.7078,2638.5943,54.1989,195.1852,6548.4716,15500.6084,0.5350,0.0625,5.8667,4.3720,24.2041,22.8706, NaN, NaN, NaN, NaN, NaN, NaN, NaN, NaN, NaN, NaN, NaN, NaN, NaN, NaN, NaN, NaN, NaN, NaN, NaN, NaN,0.5972,0.0526,10.1256,5.7902,19.6032, NaN, NaN, NaN, NaN, NaN,
01/2018,1387.0483,12058.7098,1917.9672,24817.7916,126.0147,1093.3647,8935.5254,54115.2046,1387.0483,12058.7098,795.6643,21431.8608,63.3093,548.8737,8935.5254,54115.2046,926.2858,5367.3754,1308.6209,6442.8154,90.5612,659.8399,5850.1012,25564.2925,1380.7584,23137.8595,1910.3697,54152.2762,125.0676,2233.1210,8914.8450,98723.7352,1387.0483,12058.7098,1283.4956,23176.9973,108.0235,790.7561,8935.5254,98723.7352,0.8333,0.1022,9.2100,2.7939,26.1895,23.8216, NaN, NaN, NaN, NaN, NaN, NaN, NaN, NaN, NaN, NaN, NaN, NaN, NaN, NaN, NaN, NaN, NaN, NaN, NaN, NaN,0.6246,0.0678,10.5214,5.7868,21.2299, NaN, NaN, NaN, NaN, NaN,
02/2018,405.5962,2011.8326,398.9483,3738.5669,22.1616,86.4706,2897.4473,10503.2986,405.5962,2011.8326,235.1886,3270.0543,19.2727,79.6194,2897.4473,10503.2986,178.2691,416.4998,155.6232,412.5630,9.1143,18.3457,1281.8643,2539.2357,391.3315,1246.9334,386.7225,1319.0636,21.1319,66.0751,2807.8309,6944.9258,405.5962,2011.8326,328.8279,3524.5632,22.1616,84.0245,2897.4473,6944.9258,0.7675,0.1500,7.2625,2.4297,26.3147,24.8482, NaN, NaN, NaN, NaN, NaN, NaN, NaN, NaN, NaN, NaN, NaN, NaN, NaN, NaN, NaN, NaN, NaN, NaN, NaN, NaN,1.3171,0.0832,16.7374,5.3964,20.4346, NaN, NaN, NaN, NaN, NaN,
03/2018,292.9651,1578.8131,268.9152,3080.4857,14.9266,74.7226,2238.8298,9494.6677,292.9651,1578.8131,166.8573,2691.4659,13.2262,65.9258,2238.8298,9494.6677,120.1133,316.4659,97.2134,317.8830,5.6298,17.1431,917.7987,2052.8489,272.5402,761.8838,251.6884,926.2098,13.5802,52.9286,2100.9533,5011.6279,292.9651,1578.8131,234.4823,2888.9470,14.9266,70.5603,2238.8298,5011.6279,0.7225,0.0892,8.0750,4.0367,23.8558,27.2986, NaN, NaN, NaN, NaN, NaN, NaN, NaN, NaN, NaN, NaN, NaN, NaN, NaN, NaN, NaN, NaN, NaN, NaN, NaN, NaN,1.1369,0.0830,16.5986,6.1623,22.6005, NaN, NaN, NaN, NaN, NaN,
04/2018,328.9507,1387.0310,298.4806,1606.6190,18.9754,170.2579,2425.5017,8834.3184,328.9507,1387.0310,181.3489,994.5091,14.2831,67.1769,2425.5017,8834.3184,125.3146,520.2403,98.4827,500.7547,6.4113,62.2025,922.5103,3269.1498,271.5206,1034.7869,239.5451,1181.6894,14.7175,125.6090,2035.3030,6687.8690,328.9507,1387.0310,256.8085,1307.3911,18.7518,105.2973,2425.5017,6687.8690,0.6100,0.0822,7.7400,4.1718,22.1603,29.4572, NaN, NaN, NaN, NaN, NaN, NaN, NaN, NaN, NaN, NaN, NaN, NaN, NaN, NaN, NaN, NaN, NaN, NaN, NaN, NaN,0.9117,0.0713,13.9310,5.2813,25.3242, NaN, NaN, NaN, NaN, NaN,
