Date,BC BASE Flow Local (ML),BC BASE Flow Local + Upstream (ML),BC BASE TN Local (KG),BC BASE TN Local + Upstream (KG),BC BASE TP Local (KG),BC BASE TP Local + Upstream (KG),BC BASE OXY Local (KG),BC BASE OXY Local + Upstream (KG),BC Capped Flow Local (ML),BC Capped Flow Local + Upstream (ML),BC Capped TN Local (KG),BC Capped TN Local + Upstream (KG),BC Capped TP Local (KG),BC Capped TP Local + Upstream (KG),BC Capped OXY Local (KG),BC Capped OXY Local + Upstream (KG),BC Dry Flow Local (ML),BC Dry Flow Local + Upstream (ML),BC Dry TN Local (KG),BC Dry TN Local + Upstream (KG),BC Dry TP Local (KG),BC Dry TP Local + Upstream (KG),BC Dry OXY Local (KG),BC Dry OXY Local + Upstream (KG),BC Wet Flow Local (ML),BC Wet Flow Local + Upstream (ML),BC Wet TN Local (KG),BC Wet TN Local + Upstream (KG),BC Wet TP Local (KG),BC Wet TP Local + Upstream (KG),BC Wet OXY Local (KG),BC Wet OXY Local + Upstream (KG),BC Targets Flow Local (ML),BC Targets Flow Local + Upstream (ML),BC Targets TN Local (KG),BC Targets TN Local + Upstream (KG),BC Targets TP Local (KG),BC Targets TP Local + Upstream (KG),BC Targets OXY Local (KG),BC Targets OXY Local + Upstream (KG),Field Mean TN (mg/L),Field Mean TP (mg/L),Field Mean TCHLA (ug/L),Field Mean Oxygen (mg/L),Field Mean TEMP (C),Field Mean Salinity (psu),SCERM44_2015_2016_ALL Mean TN (mg/L),SCERM44_2015_2016_ALL Mean TP (mg/L),SCERM44_2015_2016_ALL Mean Oxy (mg/L),SCERM44_2015_2016_ALL Mean TCHLA (ug/L),SCERM44_2015_2016_ALL Mean Salinity (psu),SCERM44_2015_2016_Capped_ALL Mean TN (mg/L),SCERM44_2015_2016_Capped_ALL Mean TP (mg/L,)SCERM44_2015_2016_Capped_ALL Mean Oxy (mg/L),SCERM44_2015_2016_Capped_ALL Mean TCHLA (ug/L),SCERM44_2015_2016_Capped_ALL Mean Salinity (psu),SCERM44_2015_2016_Dry_ALL Mean TN (mg/L),SCERM44_2015_2016_Dry_ALL Mean TP (mg/L),SCERM44_2015_2016_Dry_ALL Mean Oxy (mg/L),SCERM44_2015_2016_Dry_ALL Mean TCHLA (ug/L),SCERM44_2015_2016_Dry_ALL Mean Salinity (psu),SCERM44_2015_2016_Target_ALL Mean TN (mg/L),SCERM44_2015_2016_Target_ALL Mean TP (mg/L),SCERM44_2015_2016_Target_ALL Mean Oxy (mg/L),SCERM44_2015_2016_Target_ALL Mean TCHLA (ug/L),SCERM44_2015_2016_Target_ALL Mean Salinity (psu),SCERM44_2017_2018_ALL Mean TN (mg/L),SCERM44_2017_2018_ALL Mean TP (mg/L),SCERM44_2017_2018_ALL Mean Oxy (mg/L),SCERM44_2017_2018_ALL Mean TCHLA (ug/L),SCERM44_2017_2018_ALL Mean Salinity (psu),SCERM44_2017_2018_Wet_ALL Mean TN (mg/L),SCERM44_2017_2018_Wet_ALL Mean TP (mg/L),SCERM44_2017_2018_Wet_ALL Mean Oxy (mg/L),SCERM44_2017_2018_Wet_ALL Mean TCHLA (ug/L),SCERM44_2017_2018_Wet_ALL Mean Salinity (psu),
01/2008,370.7942,370.7942,263.8806,263.8806,21.3768,21.3768,2779.1379,2779.1379,370.7942,370.7942,163.5800,163.5800,12.3800,12.3800,2779.1379,2779.1379,204.7853,204.7853,128.5921,128.5921,10.2184,10.2184,1578.7953,1578.7953,308.5171,308.5171,213.1150,213.1150,17.2502,17.2502,2334.8015,2334.8015,370.7942,370.7942,260.6894,260.6894,21.3767,21.3767,2779.1379,2334.8015,0.7865,0.0827,4.3142,69.1628,22.6500,22.6368, NaN, NaN, NaN, NaN, NaN, NaN, NaN, NaN, NaN, NaN, NaN, NaN, NaN, NaN, NaN, NaN, NaN, NaN, NaN, NaN, NaN, NaN, NaN, NaN, NaN, NaN, NaN, NaN, NaN, NaN,
02/2008,1276.3008,1276.3008,1398.9581,1398.9581,106.9142,106.9142,9009.0975,9009.0975,1276.3008,1276.3008,637.3288,637.3288,42.2988,42.2988,9009.0975,9009.0975,544.7002,544.7002,494.8447,494.8447,37.9065,37.9065,3854.1326,3854.1326,2341.2586,2341.2586,2968.8017,2968.8017,223.4391,223.4391,16218.9845,16218.9845,1276.3008,1276.3008,1166.1397,1166.1397,95.4018,95.4018,9009.0975,16218.9845,0.7723,0.0745,4.2852,69.0124,22.5282,22.4324, NaN, NaN, NaN, NaN, NaN, NaN, NaN, NaN, NaN, NaN, NaN, NaN, NaN, NaN, NaN, NaN, NaN, NaN, NaN, NaN, NaN, NaN, NaN, NaN, NaN, NaN, NaN, NaN, NaN, NaN,
03/2008,536.5526,536.5526,445.6081,445.6081,35.4257,35.4257,3611.2797,3611.2797,536.5526,536.5526,246.7275,246.7275,17.2674,17.2674,3611.2797,3611.2797,320.8896,320.8896,246.9254,246.9254,19.2368,19.2368,2140.5371,2140.5371,422.4960,422.4960,318.5016,318.5016,25.8447,25.8447,2903.7512,2903.7512,536.5526,536.5526,407.2575,407.2575,33.8831,33.8831,3611.2797,2903.7512,0.7808,0.0734,4.3188,68.9790,22.3041,22.7408, NaN, NaN, NaN, NaN, NaN, NaN, NaN, NaN, NaN, NaN, NaN, NaN, NaN, NaN, NaN, NaN, NaN, NaN, NaN, NaN, NaN, NaN, NaN, NaN, NaN, NaN, NaN, NaN, NaN, NaN,
04/2008,4303.9901,4303.9901,4933.6599,4933.6599,382.8196,382.8196,29643.0580,29643.0580,4303.9901,4303.9901,2291.3675,2291.3675,151.5992,151.5992,29643.0580,29643.0580,1608.2150,1608.2150,1504.6386,1504.6386,115.5101,115.5101,11095.2815,11095.2815,2705.7974,2705.7974,2800.7882,2800.7882,216.5834,216.5834,18643.8811,18643.8811,4303.9901,4303.9901,4073.2952,4073.2952,339.9624,339.9624,29643.0580,18643.8811,0.7849,0.0723,4.2845,70.0978,22.1588,21.5812, NaN, NaN, NaN, NaN, NaN, NaN, NaN, NaN, NaN, NaN, NaN, NaN, NaN, NaN, NaN, NaN, NaN, NaN, NaN, NaN, NaN, NaN, NaN, NaN, NaN, NaN, NaN, NaN, NaN, NaN,
05/2008,4404.3782,4404.3782,4784.7424,4784.7424,387.7939,387.7939,30176.2740,30176.2740,4404.3782,4404.3782,2392.0441,2392.0441,160.1320,160.1320,30176.2740,30176.2740,1770.6038,1770.6038,1649.8314,1649.8314,125.4583,125.4583,12153.7349,12153.7349,4396.1875,4396.1875,4958.8491,4958.8491,397.1755,397.1755,30183.1308,30183.1308,4404.3782,4404.3782,4195.5802,4195.5802,360.7850,360.7850,30176.2740,30183.1308,0.7198,0.0651,4.4484,69.4874,22.0851,21.6716, NaN, NaN, NaN, NaN, NaN, NaN, NaN, NaN, NaN, NaN, NaN, NaN, NaN, NaN, NaN, NaN, NaN, NaN, NaN, NaN, NaN, NaN, NaN, NaN, NaN, NaN, NaN, NaN, NaN, NaN,
06/2008,10887.2726,10887.2726,17198.5829,17198.5829,1180.0156,1180.0156,87431.8436,87431.8436,10887.2726,10887.2726,6218.1196,6218.1196,386.4843,386.4843,87431.8436,87431.8436,3869.2771,3869.2771,4261.0159,4261.0159,327.2211,327.2211,30982.6875,30982.6875,10382.6189,10382.6189,16406.6808,16406.6808,1140.2222,1140.2222,83476.8847,83476.8847,10887.2726,10887.2726,12252.7855,12252.7855,1074.9819,1074.9819,87431.8436,83476.8847,0.7823,0.0648,4.3588,69.2186,21.7332,20.9264, NaN, NaN, NaN, NaN, NaN, NaN, NaN, NaN, NaN, NaN, NaN, NaN, NaN, NaN, NaN, NaN, NaN, NaN, NaN, NaN, NaN, NaN, NaN, NaN, NaN, NaN, NaN, NaN, NaN, NaN,
07/2008,19344.1306,19344.1306,37062.7532,37062.7532,2184.9829,2184.9829,169147.6981,169147.6981,19344.1306,19344.1306,11197.0503,11197.0503,622.7222,622.7222,169147.6981,169147.6981,7152.3994,7152.3994,10084.3016,10084.3016,737.8000,737.8000,62784.7877,62784.7877,22155.2323,22155.2323,43622.4747,43622.4747,2536.1228,2536.1228,193612.0939,193612.0939,19344.1306,19344.1306,24127.5423,24127.5423,1964.8227,1964.8227,169147.6981,193612.0939,0.8549,0.0633,4.4542,68.6707,21.6282,20.8718, NaN, NaN, NaN, NaN, NaN, NaN, NaN, NaN, NaN, NaN, NaN, NaN, NaN, NaN, NaN, NaN, NaN, NaN, NaN, NaN, NaN, NaN, NaN, NaN, NaN, NaN, NaN, NaN, NaN, NaN,
08/2008,9443.3990,9443.3990,14204.0868,14204.0868,877.4212,877.4212,84416.1158,84416.1158,9443.3990,9443.3990,5099.5495,5099.5495,303.7679,303.7679,84416.1158,84416.1158,4492.6790,4492.6790,6586.6128,6586.6128,456.8406,456.8406,40225.2209,40225.2209,9484.5427,9484.5427,14103.4433,14103.4433,865.5517,865.5517,84726.4526,84726.4526,9443.3990,9443.3990,10076.5257,10076.5257,794.2702,794.2702,84416.1158,84726.4526,0.8873,0.0650,4.5812,68.9957,21.6198,20.5140, NaN, NaN, NaN, NaN, NaN, NaN, NaN, NaN, NaN, NaN, NaN, NaN, NaN, NaN, NaN, NaN, NaN, NaN, NaN, NaN, NaN, NaN, NaN, NaN, NaN, NaN, NaN, NaN, NaN, NaN,
09/2008,8889.7046,8889.7046,12871.5083,12871.5083,853.4645,853.4645,77013.1606,77013.1606,8889.7046,8889.7046,4758.5249,4758.5249,300.6648,300.6648,77013.1606,77013.1606,4220.4845,4220.4845,4693.3923,4693.3923,363.6525,363.6525,36668.1827,36668.1827,7479.0346,7479.0346,9862.0620,9862.0620,687.3758,687.3758,64955.8417,64955.8417,8889.7046,8889.7046,8982.0403,8982.0403,774.4957,774.4957,77013.1606,64955.8417,0.7958,0.0647,4.5153,69.8582,21.8624,20.7708, NaN, NaN, NaN, NaN, NaN, NaN, NaN, NaN, NaN, NaN, NaN, NaN, NaN, NaN, NaN, NaN, NaN, NaN, NaN, NaN, NaN, NaN, NaN, NaN, NaN, NaN, NaN, NaN, NaN, NaN,
10/2008,5940.4925,5940.4925,6588.6130,6588.6130,473.2393,473.2393,45085.7887,45085.7887,5940.4925,5940.4925,3057.0634,3057.0634,196.0688,196.0688,45085.7887,45085.7887,2347.1942,2347.1942,2253.0282,2253.0282,177.9805,177.9805,18135.2038,18135.2038,4652.2426,4652.2426,4839.2559,4839.2559,361.3775,361.3775,35602.9097,35602.9097,5940.4925,5940.4925,5329.5659,5329.5659,435.1007,435.1007,45085.7887,35602.9097,0.8869,0.0843,4.4057,69.3911,22.1202,20.6212, NaN, NaN, NaN, NaN, NaN, NaN, NaN, NaN, NaN, NaN, NaN, NaN, NaN, NaN, NaN, NaN, NaN, NaN, NaN, NaN, NaN, NaN, NaN, NaN, NaN, NaN, NaN, NaN, NaN, NaN,
11/2008,5707.2643,5707.2643,6839.1470,6839.1470,485.3839,485.3839,41518.3729,41518.3729,5707.2643,5707.2643,2943.2367,2943.2367,191.4326,191.4326,41518.3729,41518.3729,1753.4275,1753.4275,1587.6650,1587.6650,126.2355,126.2355,13095.2698,13095.2698,4538.7130,4538.7130,4890.4637,4890.4637,367.7824,367.7824,33174.6840,33174.6840,5707.2643,5707.2643,5291.4978,5291.4978,447.6311,447.6311,41518.3729,33174.6840,0.7948,0.0733,4.3447,69.4790,22.2433,20.6792, NaN, NaN, NaN, NaN, NaN, NaN, NaN, NaN, NaN, NaN, NaN, NaN, NaN, NaN, NaN, NaN, NaN, NaN, NaN, NaN, NaN, NaN, NaN, NaN, NaN, NaN, NaN, NaN, NaN, NaN,
12/2008,1934.4960,1934.4960,1776.7798,1776.7798,141.4432,141.4432,13330.5295,13330.5295,1934.4960,1934.4960,961.6244,961.6244,69.9894,69.9894,13330.5295,13330.5295,812.3328,812.3328,651.3232,651.3232,52.5493,52.5493,5720.8359,5720.8359,1739.3616,1739.3616,1600.5941,1600.5941,128.0417,128.0417,12029.0239,12029.0239,1934.4960,1934.4960,1608.2932,1608.2932,137.5775,137.5775,13330.5295,12029.0239,0.7649,0.0701,4.2961,69.1295,22.5546,21.2295, NaN, NaN, NaN, NaN, NaN, NaN, NaN, NaN, NaN, NaN, NaN, NaN, NaN, NaN, NaN, NaN, NaN, NaN, NaN, NaN, NaN, NaN, NaN, NaN, NaN, NaN, NaN, NaN, NaN, NaN,
01/2009,536.7859,536.7859,403.4077,403.4077,32.5742,32.5742,3522.3615,3522.3615,536.7859,536.7859,244.3448,244.3448,18.1280,18.1280,3522.3615,3522.3615,274.1126,274.1126,175.5733,175.5733,13.6758,13.6758,1826.4799,1826.4799,473.0918,473.0918,349.9385,349.9385,28.2085,28.2085,3119.6142,3119.6142,536.7859,536.7859,394.5435,394.5435,32.5607,32.5607,3522.3615,3119.6142,0.7965,0.0811,4.2926,70.1936,22.6551,21.8265, NaN, NaN, NaN, NaN, NaN, NaN, NaN, NaN, NaN, NaN, NaN, NaN, NaN, NaN, NaN, NaN, NaN, NaN, NaN, NaN, NaN, NaN, NaN, NaN, NaN, NaN, NaN, NaN, NaN, NaN,
02/2009,599.7802,599.7802,530.1399,530.1399,40.2114,40.2114,3977.4693,3977.4693,599.7802,599.7802,291.9597,291.9597,19.3734,19.3734,3977.4693,3977.4693,264.8765,264.8765,190.5757,190.5757,14.4120,14.4120,1769.9589,1769.9589,834.7363,834.7363,867.9879,867.9879,62.9629,62.9629,5479.3538,5479.3538,599.7802,599.7802,484.4716,484.4716,38.3190,38.3190,3977.4693,5479.3538,0.7729,0.0763,4.2521,69.1145,22.6501,22.6188, NaN, NaN, NaN, NaN, NaN, NaN, NaN, NaN, NaN, NaN, NaN, NaN, NaN, NaN, NaN, NaN, NaN, NaN, NaN, NaN, NaN, NaN, NaN, NaN, NaN, NaN, NaN, NaN, NaN, NaN,
03/2009,405.5702,405.5702,288.5879,288.5879,23.7121,23.7121,2882.1948,2882.1948,405.5702,405.5702,177.6793,177.6793,12.9364,12.9364,2882.1948,2882.1948,204.7421,204.7421,123.4352,123.4352,9.8231,9.8231,1446.3420,1446.3420,330.2381,330.2381,229.7225,229.7225,19.0102,19.0102,2392.9481,2392.9481,405.5702,405.5702,283.2223,283.2223,23.6930,23.6930,2882.1948,2392.9481,0.7617,0.0671,4.2861,69.0661,22.2885,22.6539, NaN, NaN, NaN, NaN, NaN, NaN, NaN, NaN, NaN, NaN, NaN, NaN, NaN, NaN, NaN, NaN, NaN, NaN, NaN, NaN, NaN, NaN, NaN, NaN, NaN, NaN, NaN, NaN, NaN, NaN,
04/2009,395.7811,395.7811,292.1382,292.1382,24.0319,24.0319,2713.3991,2713.3991,395.7811,395.7811,174.6631,174.6631,12.4275,12.4275,2713.3991,2713.3991,167.3136,167.3136,102.1549,102.1549,8.2850,8.2850,1161.8784,1161.8784,318.6518,318.6518,224.0253,224.0253,18.5697,18.5697,2215.6704,2215.6704,395.7811,395.7811,282.5483,282.5483,23.8624,23.8624,2713.3991,2215.6704,0.7558,0.0671,4.2969,69.1228,22.1725,22.7341, NaN, NaN, NaN, NaN, NaN, NaN, NaN, NaN, NaN, NaN, NaN, NaN, NaN, NaN, NaN, NaN, NaN, NaN, NaN, NaN, NaN, NaN, NaN, NaN, NaN, NaN, NaN, NaN, NaN, NaN,
05/2009,1566.6998,1566.6998,1598.8209,1598.8209,124.2598,124.2598,11306.0242,11306.0242,1566.6998,1566.6998,779.5830,779.5830,49.7183,49.7183,11306.0242,11306.0242,866.9030,866.9030,800.7086,800.7086,59.7614,59.7614,6253.7631,6253.7631,1837.6416,1837.6416,1985.8119,1985.8119,148.3390,148.3390,13218.4805,13218.4805,1566.6998,1566.6998,1411.4350,1411.4350,115.8776,115.8776,11306.0242,13218.4805,0.7678,0.0704,4.4612,69.6395,21.6578,22.8063, NaN, NaN, NaN, NaN, NaN, NaN, NaN, NaN, NaN, NaN, NaN, NaN, NaN, NaN, NaN, NaN, NaN, NaN, NaN, NaN, NaN, NaN, NaN, NaN, NaN, NaN, NaN, NaN, NaN, NaN,
06/2009,5853.4877,5853.4877,6499.2494,6499.2494,503.5071,503.5071,45104.3989,45104.3989,5853.4877,5853.4877,3182.4568,3182.4568,189.6424,189.6424,45104.3989,45104.3989,2993.3971,2993.3971,2894.7516,2894.7516,218.1277,218.1277,23169.8536,23169.8536,5889.5078,5889.5078,6605.6703,6605.6703,518.5722,518.5722,45473.3669,45473.3669,5853.4877,5853.4877,5688.6538,5688.6538,464.7231,464.7231,45104.3989,45473.3669,0.7543,0.0676,4.1402,69.0332,21.5389,21.7118, NaN, NaN, NaN, NaN, NaN, NaN, NaN, NaN, NaN, NaN, NaN, NaN, NaN, NaN, NaN, NaN, NaN, NaN, NaN, NaN, NaN, NaN, NaN, NaN, NaN, NaN, NaN, NaN, NaN, NaN,
07/2009,13158.8410,13158.8410,21413.0450,21413.0450,1400.4969,1400.4969,114161.8757,114161.8757,13158.8410,13158.8410,7543.2606,7543.2606,438.0868,438.0868,114161.8757,114161.8757,4709.6122,4709.6122,4983.5826,4983.5826,390.2338,390.2338,40779.5896,40779.5896,15835.4266,15835.4266,27589.7833,27589.7833,1742.5627,1742.5627,137662.1325,137662.1325,13158.8410,13158.8410,15032.7327,15032.7327,1298.5234,1298.5234,114161.8757,137662.1325,0.8317,0.0623,4.4316,68.5411,21.5922,20.5042, NaN, NaN, NaN, NaN, NaN, NaN, NaN, NaN, NaN, NaN, NaN, NaN, NaN, NaN, NaN, NaN, NaN, NaN, NaN, NaN, NaN, NaN, NaN, NaN, NaN, NaN, NaN, NaN, NaN, NaN,
08/2009,16390.2528,16390.2528,28464.9310,28464.9310,1690.7097,1690.7097,144695.8182,144695.8182,16390.2528,16390.2528,9438.1499,9438.1499,516.9802,516.9802,144695.8182,144695.8182,8712.2390,8712.2390,13401.2834,13401.2834,922.9632,922.9632,76649.4916,76649.4916,14565.8909,14565.8909,23806.2799,23806.2799,1441.7520,1441.7520,128602.2766,128602.2766,16390.2528,16390.2528,19791.9967,19791.9967,1535.4273,1535.4273,144695.8182,128602.2766,0.8913,0.0667,4.5125,68.5728,21.7031,20.2505, NaN, NaN, NaN, NaN, NaN, NaN, NaN, NaN, NaN, NaN, NaN, NaN, NaN, NaN, NaN, NaN, NaN, NaN, NaN, NaN, NaN, NaN, NaN, NaN, NaN, NaN, NaN, NaN, NaN, NaN,
09/2009,13780.4458,13780.4458,19900.7411,19900.7411,1206.5332,1206.5332,135411.6230,135411.6230,13780.4458,13780.4458,7685.9566,7685.9566,413.2033,413.2033,135411.6230,135411.6230,7339.4813,7339.4813,9570.4799,9570.4799,676.8461,676.8461,71545.9136,71545.9136,11091.3581,11091.3581,14951.2951,14951.2951,950.3051,950.3051,108753.2460,108753.2460,13780.4458,13780.4458,14579.5708,14579.5708,1084.1638,1084.1638,135411.6230,108753.2460,0.8253,0.0665,4.5366,68.5661,21.7341,20.2157, NaN, NaN, NaN, NaN, NaN, NaN, NaN, NaN, NaN, NaN, NaN, NaN, NaN, NaN, NaN, NaN, NaN, NaN, NaN, NaN, NaN, NaN, NaN, NaN, NaN, NaN, NaN, NaN, NaN, NaN,
10/2009,4145.1955,4145.1955,4043.1397,4043.1397,301.7390,301.7390,35388.1793,35388.1793,4145.1955,4145.1955,2079.6266,2079.6266,141.1803,141.1803,35388.1793,35388.1793,2127.5222,2127.5222,1930.6543,1930.6543,153.2858,153.2858,18291.4284,18291.4284,3356.4586,3356.4586,3148.6807,3148.6807,240.6401,240.6401,28753.3696,28753.3696,4145.1955,4145.1955,3422.0408,3422.0408,282.0524,282.0524,35388.1793,28753.3696,0.7818,0.0667,4.3935,69.2457,22.1339,20.6894, NaN, NaN, NaN, NaN, NaN, NaN, NaN, NaN, NaN, NaN, NaN, NaN, NaN, NaN, NaN, NaN, NaN, NaN, NaN, NaN, NaN, NaN, NaN, NaN, NaN, NaN, NaN, NaN, NaN, NaN,
11/2009,3378.6202,3378.6202,3410.2481,3410.2481,262.8949,262.8949,22401.5334,22401.5334,3378.6202,3378.6202,1706.9336,1706.9336,115.6698,115.6698,22401.5334,22401.5334,1293.3130,1293.3130,1136.9749,1136.9749,89.4597,89.4597,8721.5735,8721.5735,2670.5635,2670.5635,2664.6728,2664.6728,206.5649,206.5649,17753.2530,17753.2530,3378.6202,3378.6202,2966.9784,2966.9784,244.5006,244.5006,22401.5334,17753.2530,0.7753,0.0742,4.3781,69.5332,22.4662,21.0106, NaN, NaN, NaN, NaN, NaN, NaN, NaN, NaN, NaN, NaN, NaN, NaN, NaN, NaN, NaN, NaN, NaN, NaN, NaN, NaN, NaN, NaN, NaN, NaN, NaN, NaN, NaN, NaN, NaN, NaN,
12/2009,826.5110,826.5110,621.7048,621.7048,49.5014,49.5014,5352.8796,5352.8796,826.5110,826.5110,374.8558,374.8558,27.2270,27.2270,5352.8796,5352.8796,381.4819,381.4819,262.1479,262.1479,21.2754,21.2754,2514.9540,2514.9540,673.2634,673.2634,497.4006,497.4006,39.9021,39.9021,4380.7161,4380.7161,826.5110,826.5110,598.4306,598.4306,49.4245,49.4245,5352.8796,4380.7161,0.8309,0.0951,4.3644,70.1895,22.5679,21.3615, NaN, NaN, NaN, NaN, NaN, NaN, NaN, NaN, NaN, NaN, NaN, NaN, NaN, NaN, NaN, NaN, NaN, NaN, NaN, NaN, NaN, NaN, NaN, NaN, NaN, NaN, NaN, NaN, NaN, NaN,
01/2010,308.1456,308.1456,208.9180,208.9180,16.9870,16.9870,2053.6762,2053.6762,308.1456,308.1456,131.2424,131.2424,9.9191,9.9191,2053.6762,2053.6762,176.1696,176.1696,105.9572,105.9572,8.4489,8.4489,1186.6312,1186.6312,261.3946,261.3946,173.6966,173.6966,14.0899,14.0899,1750.4595,1750.4595,308.1456,308.1456,208.2961,208.2961,16.9861,16.9861,2053.6762,1750.4595,0.7693,0.0852,4.4011,69.5374,22.6657,22.1771, NaN, NaN, NaN, NaN, NaN, NaN, NaN, NaN, NaN, NaN, NaN, NaN, NaN, NaN, NaN, NaN, NaN, NaN, NaN, NaN, NaN, NaN, NaN, NaN, NaN, NaN, NaN, NaN, NaN, NaN,
02/2010,182.1744,182.1744,118.1126,118.1126,9.5949,9.5949,1280.5328,1280.5328,182.1744,182.1744,75.9874,75.9874,5.7664,5.7664,1280.5328,1280.5328,100.9325,100.9325,56.7325,56.7325,4.4133,4.4133,718.5635,718.5635,154.0685,154.0685,98.6471,98.6471,7.9419,7.9419,1081.7572,1081.7572,182.1744,182.1744,118.0535,118.0535,9.5948,9.5948,1280.5328,1081.7572,0.7753,0.0882,4.3342,69.8145,22.6736,22.6394, NaN, NaN, NaN, NaN, NaN, NaN, NaN, NaN, NaN, NaN, NaN, NaN, NaN, NaN, NaN, NaN, NaN, NaN, NaN, NaN, NaN, NaN, NaN, NaN, NaN, NaN, NaN, NaN, NaN, NaN,
03/2010,1168.0848,1168.0848,1504.8300,1504.8300,113.9145,113.9145,6618.0485,6618.0485,1168.0848,1168.0848,609.4842,609.4842,38.4994,38.4994,6618.0485,6618.0485,803.0102,803.0102,976.2043,976.2043,73.6889,73.6889,4504.9640,4504.9640,622.0109,622.0109,674.1835,674.1835,51.6461,51.6461,3564.5461,3564.5461,1168.0848,1168.0848,1148.6888,1148.6888,96.4699,96.4699,6618.0485,3564.5461,0.7970,0.0867,4.3445,69.6178,22.4111,22.3615, NaN, NaN, NaN, NaN, NaN, NaN, NaN, NaN, NaN, NaN, NaN, NaN, NaN, NaN, NaN, NaN, NaN, NaN, NaN, NaN, NaN, NaN, NaN, NaN, NaN, NaN, NaN, NaN, NaN, NaN,
04/2010,1175.4806,1175.4806,1117.4560,1117.4560,84.6040,84.6040,7563.4240,7563.4240,1175.4806,1175.4806,578.5861,578.5861,36.7322,36.7322,7563.4240,7563.4240,514.2787,514.2787,405.9669,405.9669,31.1922,31.1922,3311.4624,3311.4624,736.1971,736.1971,631.1590,631.1590,48.0293,48.0293,4732.7210,4732.7210,1175.4806,1175.4806,992.4585,992.4585,79.1729,79.1729,7563.4240,4732.7210,0.7483,0.0690,4.3455,69.6270,22.2058,22.2238, NaN, NaN, NaN, NaN, NaN, NaN, NaN, NaN, NaN, NaN, NaN, NaN, NaN, NaN, NaN, NaN, NaN, NaN, NaN, NaN, NaN, NaN, NaN, NaN, NaN, NaN, NaN, NaN, NaN, NaN,
05/2010,2950.0502,2950.0502,3310.9011,3310.9011,267.1482,267.1482,22742.8611,22742.8611,2950.0502,2950.0502,1515.7154,1515.7154,98.7572,98.7572,22742.8611,22742.8611,1660.2538,1660.2538,1687.4353,1687.4353,129.2185,129.2185,12781.9787,12781.9787,3350.1341,3350.1341,3966.7485,3966.7485,308.8011,308.8011,25876.3952,25876.3952,2950.0502,2950.0502,2776.1609,2776.1609,239.9129,239.9129,22742.8611,25876.3952,0.7178,0.0668,4.3551,69.2778,21.9052,22.0427, NaN, NaN, NaN, NaN, NaN, NaN, NaN, NaN, NaN, NaN, NaN, NaN, NaN, NaN, NaN, NaN, NaN, NaN, NaN, NaN, NaN, NaN, NaN, NaN, NaN, NaN, NaN, NaN, NaN, NaN,
06/2010,3439.4976,3439.4976,3655.9281,3655.9281,294.5075,294.5075,26869.4955,26869.4955,3439.4976,3439.4976,1812.1725,1812.1725,117.3286,117.3286,26869.4955,26869.4955,1410.4454,1410.4454,1357.5266,1357.5266,105.2789,105.2789,10982.6546,10982.6546,3082.5446,3082.5446,3338.0613,3338.0613,277.4346,277.4346,24079.2503,24079.2503,3439.4976,3439.4976,3242.3716,3242.3716,275.7267,275.7267,26869.4955,24079.2503,0.7189,0.0629,4.3470,69.0911,21.7715,21.8851, NaN, NaN, NaN, NaN, NaN, NaN, NaN, NaN, NaN, NaN, NaN, NaN, NaN, NaN, NaN, NaN, NaN, NaN, NaN, NaN, NaN, NaN, NaN, NaN, NaN, NaN, NaN, NaN, NaN, NaN,
07/2010,8677.6358,8677.6358,12103.5217,12103.5217,883.2050,883.2050,79461.4777,79461.4777,8677.6358,8677.6358,4835.6099,4835.6099,306.3956,306.3956,79461.4777,79461.4777,3324.7325,3324.7325,3576.2571,3576.2571,277.7898,277.7898,30358.7197,30358.7197,9708.0768,9708.0768,15155.5424,15155.5424,1069.6461,1069.6461,88924.8136,88924.8136,8677.6358,8677.6358,9375.9629,9375.9629,806.1121,806.1121,79461.4777,88924.8136,0.7653,0.0611,4.4304,68.7561,21.7195,20.9907, NaN, NaN, NaN, NaN, NaN, NaN, NaN, NaN, NaN, NaN, NaN, NaN, NaN, NaN, NaN, NaN, NaN, NaN, NaN, NaN, NaN, NaN, NaN, NaN, NaN, NaN, NaN, NaN, NaN, NaN,
08/2010,6174.6278,6174.6278,8459.6118,8459.6118,594.7608,594.7608,47841.2147,47841.2147,6174.6278,6174.6278,3347.8304,3347.8304,222.8137,222.8137,47841.2147,47841.2147,2752.0646,2752.0646,2865.1833,2865.1833,230.4356,230.4356,21378.3655,21378.3655,5665.4986,5665.4986,7482.3226,7482.3226,531.0064,531.0064,44172.2163,44172.2163,6174.6278,6174.6278,6403.4197,6403.4197,554.1313,554.1313,47841.2147,44172.2163,0.7280,0.0602,4.3208,68.9950,21.8692,21.3695, NaN, NaN, NaN, NaN, NaN, NaN, NaN, NaN, NaN, NaN, NaN, NaN, NaN, NaN, NaN, NaN, NaN, NaN, NaN, NaN, NaN, NaN, NaN, NaN, NaN, NaN, NaN, NaN, NaN, NaN,
09/2010,4281.9494,4281.9494,5433.3432,5433.3432,385.7494,385.7494,33590.3729,33590.3729,4281.9494,4281.9494,2283.2183,2283.2183,152.5994,152.5994,33590.3729,33590.3729,1809.5357,1809.5357,1738.1846,1738.1846,139.1829,139.1829,14486.7664,14486.7664,3554.1677,3554.1677,4155.7984,4155.7984,304.7484,304.7484,27959.7105,27959.7105,4281.9494,4281.9494,4170.5985,4170.5985,365.2871,365.2871,33590.3729,27959.7105,0.7253,0.0598,4.3533,68.9186,22.0692,21.3589, NaN, NaN, NaN, NaN, NaN, NaN, NaN, NaN, NaN, NaN, NaN, NaN, NaN, NaN, NaN, NaN, NaN, NaN, NaN, NaN, NaN, NaN, NaN, NaN, NaN, NaN, NaN, NaN, NaN, NaN,
10/2010,1845.0547,1845.0547,1703.3964,1703.3964,135.9291,135.9291,13980.4500,13980.4500,1845.0547,1845.0547,915.1674,915.1674,65.8641,65.8641,13980.4500,13980.4500,819.8755,819.8755,641.8195,641.8195,51.7637,51.7637,6464.3755,6464.3755,1446.8890,1446.8890,1284.2721,1284.2721,103.0178,103.0178,11089.4152,11089.4152,1845.0547,1845.0547,1531.0169,1531.0169,130.9195,130.9195,13980.4500,11089.4152,0.7493,0.0617,4.3385,69.6228,22.2947,21.7529, NaN, NaN, NaN, NaN, NaN, NaN, NaN, NaN, NaN, NaN, NaN, NaN, NaN, NaN, NaN, NaN, NaN, NaN, NaN, NaN, NaN, NaN, NaN, NaN, NaN, NaN, NaN, NaN, NaN, NaN,
11/2010,844.5946,844.5946,706.9132,706.9132,57.1409,57.1409,6012.6199,6012.6199,844.5946,844.5946,399.9216,399.9216,29.4505,29.4505,6012.6199,6012.6199,366.6643,366.6643,251.5400,251.5400,20.1564,20.1564,2704.3518,2704.3518,685.9382,685.9382,550.0875,550.0875,44.4629,44.4629,4909.2527,4909.2527,844.5946,844.5946,657.6734,657.6734,55.9219,55.9219,6012.6199,4909.2527,0.7593,0.0608,4.2570,69.1020,22.4644,22.2160, NaN, NaN, NaN, NaN, NaN, NaN, NaN, NaN, NaN, NaN, NaN, NaN, NaN, NaN, NaN, NaN, NaN, NaN, NaN, NaN, NaN, NaN, NaN, NaN, NaN, NaN, NaN, NaN, NaN, NaN,
12/2010,560.0102,560.0102,423.8469,423.8469,33.9167,33.9167,3748.8016,3748.8016,560.0102,560.0102,253.3409,253.3409,18.3691,18.3691,3748.8016,3748.8016,339.7075,339.7075,231.8931,231.8931,18.2225,18.2225,2284.0189,2284.0189,541.4947,541.4947,415.1606,415.1606,32.9548,32.9548,3614.0276,3614.0276,560.0102,560.0102,399.0602,399.0602,33.4660,33.4660,3748.8016,3614.0276,0.7623,0.0619,4.1890,68.8686,22.5122,22.6490, NaN, NaN, NaN, NaN, NaN, NaN, NaN, NaN, NaN, NaN, NaN, NaN, NaN, NaN, NaN, NaN, NaN, NaN, NaN, NaN, NaN, NaN, NaN, NaN, NaN, NaN, NaN, NaN, NaN, NaN,
01/2011,904.4784,904.4784,864.6291,864.6291,65.5716,65.5716,4840.6838,4840.6838,904.4784,904.4784,445.0387,445.0387,29.0719,29.0719,4840.6838,4840.6838,786.3782,786.3782,747.0171,747.0171,56.0936,56.0936,4173.2813,4173.2813,873.0115,873.0115,837.3775,837.3775,63.3443,63.3443,4659.4575,4659.4575,904.4784,904.4784,761.0430,761.0430,61.1883,61.1883,4840.6838,4659.4575,0.7688,0.0656,4.1663,69.6395,22.6873,22.8733, NaN, NaN, NaN, NaN, NaN, NaN, NaN, NaN, NaN, NaN, NaN, NaN, NaN, NaN, NaN, NaN, NaN, NaN, NaN, NaN, NaN, NaN, NaN, NaN, NaN, NaN, NaN, NaN, NaN, NaN,
02/2011,114.3331,114.3331,72.5693,72.5693,5.7485,5.7485,739.6713,739.6713,114.3331,114.3331,47.9131,47.9131,3.6728,3.6728,739.6713,739.6713,68.0486,68.0486,40.2895,40.2895,2.9865,2.9865,443.4862,443.4862,96.1718,96.1718,61.3801,61.3801,4.8101,4.8101,621.1617,621.1617,114.3331,114.3331,72.5668,72.5668,5.7484,5.7484,739.6713,621.1617,0.7963,0.0680,4.2051,69.8145,22.6007,22.7715, NaN, NaN, NaN, NaN, NaN, NaN, NaN, NaN, NaN, NaN, NaN, NaN, NaN, NaN, NaN, NaN, NaN, NaN, NaN, NaN, NaN, NaN, NaN, NaN, NaN, NaN, NaN, NaN, NaN, NaN,
03/2011,262.4832,262.4832,237.1848,237.1848,17.6021,17.6021,1435.7733,1435.7733,262.4832,262.4832,122.2384,122.2384,8.1675,8.1675,1435.7733,1435.7733,180.0230,180.0230,155.2355,155.2355,11.4176,11.4176,972.7066,972.7066,158.8550,158.8550,122.7444,122.7444,9.2910,9.2910,899.1629,899.1629,262.4832,262.4832,225.9767,225.9767,17.2436,17.2436,1435.7733,899.1629,0.7853,0.0663,4.2900,69.3020,22.4648,23.3478, NaN, NaN, NaN, NaN, NaN, NaN, NaN, NaN, NaN, NaN, NaN, NaN, NaN, NaN, NaN, NaN, NaN, NaN, NaN, NaN, NaN, NaN, NaN, NaN, NaN, NaN, NaN, NaN, NaN, NaN,
04/2011,787.1299,787.1299,700.9061,700.9061,51.1913,51.1913,4910.1087,4910.1087,787.1299,787.1299,381.2173,381.2173,23.4016,23.4016,4910.1087,4910.1087,355.6570,355.6570,263.6027,263.6027,19.4951,19.4951,2219.3913,2219.3913,521.7869,521.7869,421.4404,421.4404,31.1838,31.1838,3255.3948,3255.3948,787.1299,787.1299,641.0067,641.0067,49.3670,49.3670,4910.1087,3255.3948,0.7523,0.0619,4.2820,69.3283,22.2145,23.5200, NaN, NaN, NaN, NaN, NaN, NaN, NaN, NaN, NaN, NaN, NaN, NaN, NaN, NaN, NaN, NaN, NaN, NaN, NaN, NaN, NaN, NaN, NaN, NaN, NaN, NaN, NaN, NaN, NaN, NaN,
05/2011,1932.6038,1932.6038,2149.7048,2149.7048,160.3912,160.3912,14258.7570,14258.7570,1932.6038,1932.6038,996.1156,996.1156,62.5981,62.5981,14258.7570,14258.7570,1220.8666,1220.8666,1234.4758,1234.4758,91.7898,91.7898,9010.4240,9010.4240,2366.8502,2366.8502,2795.9183,2795.9183,206.5519,206.5519,17483.4331,17483.4331,1932.6038,1932.6038,1801.6826,1801.6826,145.1028,145.1028,14258.7570,17483.4331,0.7637,0.0676,4.3949,70.4495,21.9938,22.5430, NaN, NaN, NaN, NaN, NaN, NaN, NaN, NaN, NaN, NaN, NaN, NaN, NaN, NaN, NaN, NaN, NaN, NaN, NaN, NaN, NaN, NaN, NaN, NaN, NaN, NaN, NaN, NaN, NaN, NaN,
06/2011,6196.4698,6196.4698,8227.0345,8227.0345,623.0192,623.0192,47691.5622,47691.5622,6196.4698,6196.4698,3376.3769,3376.3769,218.8041,218.8041,47691.5622,47691.5622,3354.7824,3354.7824,3734.7804,3734.7804,281.2459,281.2459,25757.1188,25757.1188,6218.3549,6218.3549,8685.4021,8685.4021,638.6477,638.6477,47866.0673,47866.0673,6196.4698,6196.4698,6406.6003,6406.6003,551.3252,551.3252,47691.5622,47866.0673,0.7533,0.0634,4.2902,71.5561,21.8177,22.3094, NaN, NaN, NaN, NaN, NaN, NaN, NaN, NaN, NaN, NaN, NaN, NaN, NaN, NaN, NaN, NaN, NaN, NaN, NaN, NaN, NaN, NaN, NaN, NaN, NaN, NaN, NaN, NaN, NaN, NaN,
07/2011,10858.2250,10858.2250,19097.8288,19097.8288,1273.6859,1273.6859,88837.8118,88837.8118,10858.2250,10858.2250,6254.7688,6254.7688,398.3988,398.3988,88837.8118,88837.8118,4153.7146,4153.7146,4428.8488,4428.8488,342.3971,342.3971,33827.3165,33827.3165,12306.5222,12306.5222,23424.7327,23424.7327,1528.9284,1528.9284,100749.7498,100749.7498,10858.2250,10858.2250,12814.2084,12814.2084,1177.7214,1177.7214,88837.8118,100749.7498,0.8513,0.0656,4.4324,70.6686,21.6472,21.3079, NaN, NaN, NaN, NaN, NaN, NaN, NaN, NaN, NaN, NaN, NaN, NaN, NaN, NaN, NaN, NaN, NaN, NaN, NaN, NaN, NaN, NaN, NaN, NaN, NaN, NaN, NaN, NaN, NaN, NaN,
08/2011,14992.4909,14992.4909,26664.5070,26664.5070,1604.0698,1604.0698,121533.9017,121533.9017,14992.4909,14992.4909,8539.5174,8539.5174,480.4682,480.4682,121533.9017,121533.9017,7168.7981,7168.7981,11850.7189,11850.7189,789.9711,789.9711,58095.9030,58095.9030,13885.3008,13885.3008,23915.1576,23915.1576,1433.6964,1433.6964,112634.9744,112634.9744,14992.4909,14992.4909,17778.8374,17778.8374,1466.2194,1466.2194,121533.9017,112634.9744,0.8747,0.0662,4.4774,68.5311,21.7663,20.2290, NaN, NaN, NaN, NaN, NaN, NaN, NaN, NaN, NaN, NaN, NaN, NaN, NaN, NaN, NaN, NaN, NaN, NaN, NaN, NaN, NaN, NaN, NaN, NaN, NaN, NaN, NaN, NaN, NaN, NaN,
09/2011,11900.0016,11900.0016,18672.5993,18672.5993,1168.2879,1168.2879,105481.9313,105481.9313,11900.0016,11900.0016,6522.4748,6522.4748,384.8667,384.8667,105481.9313,105481.9313,6240.7843,6240.7843,9039.8408,9039.8408,615.9638,615.9638,55199.9240,55199.9240,9504.9245,9504.9245,13661.2901,13661.2901,893.9724,893.9724,84177.2344,84177.2344,11900.0016,11900.0016,12738.0407,12738.0407,1056.7250,1056.7250,105481.9313,84177.2344,0.8313,0.0670,4.4996,73.9395,21.8841,20.3376, NaN, NaN, NaN, NaN, NaN, NaN, NaN, NaN, NaN, NaN, NaN, NaN, NaN, NaN, NaN, NaN, NaN, NaN, NaN, NaN, NaN, NaN, NaN, NaN, NaN, NaN, NaN, NaN, NaN, NaN,
10/2011,6214.4150,6214.4150,7094.3543,7094.3543,524.8155,524.8155,45464.2943,45464.2943,6214.4150,6214.4150,3194.3182,3194.3182,217.3561,217.3561,45464.2943,45464.2943,2792.0419,2792.0419,2733.5720,2733.5720,214.9868,214.9868,20819.7984,20819.7984,4666.5158,4666.5158,4839.2464,4839.2464,371.8717,371.8717,34418.0845,34418.0845,6214.4150,6214.4150,5552.7655,5552.7655,470.4850,470.4850,45464.2943,34418.0845,0.8673,0.0769,4.3041,72.9395,22.1633,20.7108, NaN, NaN, NaN, NaN, NaN, NaN, NaN, NaN, NaN, NaN, NaN, NaN, NaN, NaN, NaN, NaN, NaN, NaN, NaN, NaN, NaN, NaN, NaN, NaN, NaN, NaN, NaN, NaN, NaN, NaN,
11/2011,4217.9789,4217.9789,4631.3678,4631.3678,345.1525,345.1525,30298.1494,30298.1494,4217.9789,4217.9789,2128.9520,2128.9520,146.6695,146.6695,30298.1494,30298.1494,1495.8864,1495.8864,1334.9008,1334.9008,106.8998,106.8998,10955.0119,10955.0119,3193.0589,3193.0589,3194.2079,3194.2079,249.0518,249.0518,23032.1709,23032.1709,4217.9789,4217.9789,3706.2809,3706.2809,318.9907,318.9907,30298.1494,23032.1709,0.7633,0.0679,4.4160,68.6811,22.2997,20.6725, NaN, NaN, NaN, NaN, NaN, NaN, NaN, NaN, NaN, NaN, NaN, NaN, NaN, NaN, NaN, NaN, NaN, NaN, NaN, NaN, NaN, NaN, NaN, NaN, NaN, NaN, NaN, NaN, NaN, NaN,
12/2011,3022.6090,3022.6090,3165.4726,3165.4726,242.6746,242.6746,18622.5730,18622.5730,3022.6090,3022.6090,1535.3892,1535.3892,103.6626,103.6626,18622.5730,18622.5730,1563.1056,1563.1056,1552.8395,1552.8395,119.3990,119.3990,9651.7589,9651.7589,3026.0131,3026.0131,3268.7370,3268.7370,249.7186,249.7186,18635.1015,18635.1015,3022.6090,3022.6090,2664.2833,2664.2833,219.6993,219.6993,18622.5730,18635.1015,0.8383,0.0820,4.2715,69.6020,22.6088,21.5178, NaN, NaN, NaN, NaN, NaN, NaN, NaN, NaN, NaN, NaN, NaN, NaN, NaN, NaN, NaN, NaN, NaN, NaN, NaN, NaN, NaN, NaN, NaN, NaN, NaN, NaN, NaN, NaN, NaN, NaN,
01/2012,1054.5120,1054.5120,883.1252,883.1252,66.9422,66.9422,7102.5855,7102.5855,1054.5120,1054.5120,505.6292,505.6292,33.8100,33.8100,7102.5855,7102.5855,702.0173,702.0173,563.3172,563.3172,41.2026,41.2026,4704.5947,4704.5947,968.4230,968.4230,803.2772,803.2772,60.5515,60.5515,6522.1043,6522.1043,1054.5120,1054.5120,821.0524,821.0524,65.9219,65.9219,7102.5855,6522.1043,0.8105,0.0875,4.4044,70.2061,22.5807,21.9239, NaN, NaN, NaN, NaN, NaN, NaN, NaN, NaN, NaN, NaN, NaN, NaN, NaN, NaN, NaN, NaN, NaN, NaN, NaN, NaN, NaN, NaN, NaN, NaN, NaN, NaN, NaN, NaN, NaN, NaN,
02/2012,807.8573,807.8573,738.6849,738.6849,57.6372,57.6372,5614.4352,5614.4352,807.8573,807.8573,388.2025,388.2025,26.8240,26.8240,5614.4352,5614.4352,357.6960,357.6960,272.4647,272.4647,21.1548,21.1548,2511.3577,2511.3577,1178.9885,1178.9885,1251.1602,1251.1602,95.6136,95.6136,8114.0616,8114.0616,807.8573,807.8573,660.4800,660.4800,54.1987,54.1987,5614.4352,8114.0616,0.7668,0.0737,4.4130,69.2200,22.5933,22.3027, NaN, NaN, NaN, NaN, NaN, NaN, NaN, NaN, NaN, NaN, NaN, NaN, NaN, NaN, NaN, NaN, NaN, NaN, NaN, NaN, NaN, NaN, NaN, NaN, NaN, NaN, NaN, NaN, NaN, NaN,
03/2012,259.3037,259.3037,181.5416,181.5416,15.0489,15.0489,1667.1223,1667.1223,259.3037,259.3037,112.3734,112.3734,8.5194,8.5194,1667.1223,1667.1223,121.9018,121.9018,74.0966,74.0966,5.8645,5.8645,788.7265,788.7265,241.0560,241.0560,167.3981,167.3981,13.8072,13.8072,1550.1874,1550.1874,259.3037,259.3037,181.4354,181.4354,15.0489,15.0489,1667.1223,1550.1874,0.7563,0.0690,4.2669,68.9978,22.4326,22.6833, NaN, NaN, NaN, NaN, NaN, NaN, NaN, NaN, NaN, NaN, NaN, NaN, NaN, NaN, NaN, NaN, NaN, NaN, NaN, NaN, NaN, NaN, NaN, NaN, NaN, NaN, NaN, NaN, NaN, NaN,
04/2012,1942.0992,1942.0992,2109.8462,2109.8462,160.3428,160.3428,13347.4716,13347.4716,1942.0992,1942.0992,996.9763,996.9763,63.7983,63.7983,13347.4716,13347.4716,830.5805,830.5805,734.0586,734.0586,56.1385,56.1385,5708.6108,5708.6108,1320.2525,1320.2525,1292.1101,1292.1101,99.2482,99.2482,9079.3252,9079.3252,1942.0992,1942.0992,1744.0376,1744.0376,141.6200,141.6200,13347.4716,9079.3252,0.7328,0.0646,4.3812,68.9040,22.2023,22.6727, NaN, NaN, NaN, NaN, NaN, NaN, NaN, NaN, NaN, NaN, NaN, NaN, NaN, NaN, NaN, NaN, NaN, NaN, NaN, NaN, NaN, NaN, NaN, NaN, NaN, NaN, NaN, NaN, NaN, NaN,
05/2012,2137.5101,2137.5101,2130.9265,2130.9265,166.3804,166.3804,15273.0152,15273.0152,2137.5101,2137.5101,1070.0610,1070.0610,72.6341,72.6341,15273.0152,15273.0152,1001.3069,1001.3069,861.3880,861.3880,66.2912,66.2912,7164.3094,7164.3094,2246.2618,2246.2618,2291.0910,2291.0910,176.0834,176.0834,16019.4545,16019.4545,2137.5101,2137.5101,1913.7974,1913.7974,159.4968,159.4968,15273.0152,16019.4545,0.7893,0.0785,4.2892,70.4311,22.0390,22.0657, NaN, NaN, NaN, NaN, NaN, NaN, NaN, NaN, NaN, NaN, NaN, NaN, NaN, NaN, NaN, NaN, NaN, NaN, NaN, NaN, NaN, NaN, NaN, NaN, NaN, NaN, NaN, NaN, NaN, NaN,
06/2012,6977.5517,6977.5517,7979.2289,7979.2289,617.1553,617.1553,57319.0497,57319.0497,6977.5517,6977.5517,3757.1111,3757.1111,239.9397,239.9397,57319.0497,57319.0497,3034.8778,3034.8778,2977.7432,2977.7432,225.0017,225.0017,24385.7111,24385.7111,6484.4064,6484.4064,7425.7831,7425.7831,575.3018,575.3018,53153.8319,53153.8319,6977.5517,6977.5517,6874.8912,6874.8912,568.4132,568.4132,57319.0497,53153.8319,0.7343,0.0652,4.4124,71.4395,21.7412,21.8331, NaN, NaN, NaN, NaN, NaN, NaN, NaN, NaN, NaN, NaN, NaN, NaN, NaN, NaN, NaN, NaN, NaN, NaN, NaN, NaN, NaN, NaN, NaN, NaN, NaN, NaN, NaN, NaN, NaN, NaN,
07/2012,4235.1293,4235.1293,4689.4730,4689.4730,363.2349,363.2349,35778.6883,35778.6883,4235.1293,4235.1293,2205.9417,2205.9417,153.8887,153.8887,35778.6883,35778.6883,1331.4672,1331.4672,1148.7510,1148.7510,92.0476,92.0476,11240.9448,11240.9448,4148.0986,4148.0986,4741.5232,4741.5232,365.7750,365.7750,35028.1809,35028.1809,4235.1293,4235.1293,3964.0430,3964.0430,348.6237,348.6237,35778.6883,35028.1809,0.7233,0.0635,4.4843,69.2200,21.7416,21.8375, NaN, NaN, NaN, NaN, NaN, NaN, NaN, NaN, NaN, NaN, NaN, NaN, NaN, NaN, NaN, NaN, NaN, NaN, NaN, NaN, NaN, NaN, NaN, NaN, NaN, NaN, NaN, NaN, NaN, NaN,
08/2012,8600.8781,8600.8781,13104.3546,13104.3546,890.4610,890.4610,70742.6279,70742.6279,8600.8781,8600.8781,4753.4196,4753.4196,304.7261,304.7261,70742.6279,70742.6279,3974.0026,3974.0026,4131.4123,4131.4123,320.8845,320.8845,32695.1541,32695.1541,7056.5472,7056.5472,10038.2128,10038.2128,699.9665,699.9665,58043.4722,58043.4722,8600.8781,8600.8781,9372.2033,9372.2033,830.9380,830.9380,70742.6279,58043.4722,0.7373,0.0594,4.4663,68.8311,21.8608,20.7440, NaN, NaN, NaN, NaN, NaN, NaN, NaN, NaN, NaN, NaN, NaN, NaN, NaN, NaN, NaN, NaN, NaN, NaN, NaN, NaN, NaN, NaN, NaN, NaN, NaN, NaN, NaN, NaN, NaN, NaN,
09/2012,9249.7162,9249.7162,13394.8047,13394.8047,901.0643,901.0643,73944.9648,73944.9648,9249.7162,9249.7162,5062.6065,5062.6065,311.3517,311.3517,73944.9648,73944.9648,4379.7974,4379.7974,4626.8045,4626.8045,359.4149,359.4149,35148.5311,35148.5311,6780.0586,6780.0586,8682.9813,8682.9813,619.2230,619.2230,54316.5455,54316.5455,9249.7162,9249.7162,9600.0659,9600.0659,822.7670,822.7670,73944.9648,54316.5455,0.7513,0.0601,4.3718,69.6270,22.0632,20.7464, NaN, NaN, NaN, NaN, NaN, NaN, NaN, NaN, NaN, NaN, NaN, NaN, NaN, NaN, NaN, NaN, NaN, NaN, NaN, NaN, NaN, NaN, NaN, NaN, NaN, NaN, NaN, NaN, NaN, NaN,
10/2012,3595.4410,3595.4410,3617.8358,3617.8358,271.6187,271.6187,27842.6085,27842.6085,3595.4410,3595.4410,1833.9945,1833.9945,126.3397,126.3397,27842.6085,27842.6085,1486.0886,1486.0886,1247.6960,1247.6960,99.9184,99.9184,11725.3039,11725.3039,2512.4602,2512.4602,2345.3513,2345.3513,181.8026,181.8026,19590.4696,19590.4696,3595.4410,3595.4410,3071.1968,3071.1968,258.2632,258.2632,27842.6085,19590.4696,0.8433,0.0747,4.3319,69.9311,22.2374,20.9654, NaN, NaN, NaN, NaN, NaN, NaN, NaN, NaN, NaN, NaN, NaN, NaN, NaN, NaN, NaN, NaN, NaN, NaN, NaN, NaN, NaN, NaN, NaN, NaN, NaN, NaN, NaN, NaN, NaN, NaN,
11/2012,3976.5514,3976.5514,4187.0247,4187.0247,321.7886,321.7886,29735.0596,29735.0596,3976.5514,3976.5514,2046.9896,2046.9896,136.8016,136.8016,29735.0596,29735.0596,1392.4483,1392.4483,1209.7863,1209.7863,94.2232,94.2232,10581.6504,10581.6504,2998.2614,2998.2614,3067.0694,3067.0694,235.9599,235.9599,22490.4220,22490.4220,3976.5514,3976.5514,3576.7134,3576.7134,293.4909,293.4909,29735.0596,22490.4220,0.7823,0.0694,4.3542,69.8006,22.4402,21.1640, NaN, NaN, NaN, NaN, NaN, NaN, NaN, NaN, NaN, NaN, NaN, NaN, NaN, NaN, NaN, NaN, NaN, NaN, NaN, NaN, NaN, NaN, NaN, NaN, NaN, NaN, NaN, NaN, NaN, NaN,
12/2012,2072.8570,2072.8570,1969.4951,1969.4951,153.0173,153.0173,14033.3571,14033.3571,2072.8570,2072.8570,1018.8362,1018.8362,71.6417,71.6417,14033.3571,14033.3571,911.8138,911.8138,797.2456,797.2456,61.8541,61.8541,6302.6949,6302.6949,1735.4304,1735.4304,1700.0736,1700.0736,132.3067,132.3067,11815.3910,11815.3910,2072.8570,2072.8570,1767.6273,1767.6273,146.1805,146.1805,14033.3571,11815.3910,0.7453,0.0669,4.3312,69.6061,22.6642,21.4386, NaN, NaN, NaN, NaN, NaN, NaN, NaN, NaN, NaN, NaN, NaN, NaN, NaN, NaN, NaN, NaN, NaN, NaN, NaN, NaN, NaN, NaN, NaN, NaN, NaN, NaN, NaN, NaN, NaN, NaN,
01/2013,658.9555,658.9555,512.7439,512.7439,40.5234,40.5234,4373.8715,4373.8715,658.9555,658.9555,301.8582,301.8582,21.7059,21.7059,4373.8715,4373.8715,392.8522,392.8522,285.1670,285.1670,21.7320,21.7320,2596.8675,2596.8675,560.7187,560.7187,427.4927,427.4927,33.5057,33.5057,3723.2801,3723.2801,658.9555,658.9555,484.1149,484.1149,39.9278,39.9278,4373.8715,3723.2801,0.7573,0.0730,4.2227,69.5961,22.7848,22.3231, NaN, NaN, NaN, NaN, NaN, NaN, NaN, NaN, NaN, NaN, NaN, NaN, NaN, NaN, NaN, NaN, NaN, NaN, NaN, NaN, NaN, NaN, NaN, NaN, NaN, NaN, NaN, NaN, NaN, NaN,
02/2013,232.3296,232.3296,151.8447,151.8447,12.1532,12.1532,1433.8756,1433.8756,232.3296,232.3296,98.0367,98.0367,7.3979,7.3979,1433.8756,1433.8756,112.8643,112.8643,64.4681,64.4681,4.9316,4.9316,704.9918,704.9918,220.0608,220.0608,146.0301,146.0301,11.4768,11.4768,1354.2878,1354.2878,232.3296,232.3296,151.1921,151.1921,12.1519,12.1519,1433.8756,1354.2878,0.7918,0.0719,4.2665,69.2686,22.5787,22.9790, NaN, NaN, NaN, NaN, NaN, NaN, NaN, NaN, NaN, NaN, NaN, NaN, NaN, NaN, NaN, NaN, NaN, NaN, NaN, NaN, NaN, NaN, NaN, NaN, NaN, NaN, NaN, NaN, NaN, NaN,
03/2013,1783.8230,1783.8230,1958.1540,1958.1540,147.2149,147.2149,11604.1672,11604.1672,1783.8230,1783.8230,911.6450,911.6450,57.8861,57.8861,11604.1672,11604.1672,1204.2778,1204.2778,1230.1954,1230.1954,91.9908,91.9908,7785.2964,7785.2964,925.9056,925.9056,860.9504,860.9504,65.4069,65.4069,6046.7223,6046.7223,1783.8230,1783.8230,1627.6915,1627.6915,130.2656,130.2656,11604.1672,6046.7223,0.7753,0.0687,4.2514,69.4811,22.4578,22.3840, NaN, NaN, NaN, NaN, NaN, NaN, NaN, NaN, NaN, NaN, NaN, NaN, NaN, NaN, NaN, NaN, NaN, NaN, NaN, NaN, NaN, NaN, NaN, NaN, NaN, NaN, NaN, NaN, NaN, NaN,
04/2013,744.8026,744.8026,614.5674,614.5674,49.6943,49.6943,4980.6926,4980.6926,744.8026,744.8026,342.9209,342.9209,24.1978,24.1978,4980.6926,4980.6926,315.4982,315.4982,217.9802,217.9802,17.5280,17.5280,2124.3597,2124.3597,441.2794,441.2794,324.9933,324.9933,26.1384,26.1384,2959.3497,2959.3497,744.8026,744.8026,575.3337,575.3337,48.3479,48.3479,4980.6926,2959.3497,0.7469,0.0679,4.3440,69.9928,22.3676,22.0316, NaN, NaN, NaN, NaN, NaN, NaN, NaN, NaN, NaN, NaN, NaN, NaN, NaN, NaN, NaN, NaN, NaN, NaN, NaN, NaN, NaN, NaN, NaN, NaN, NaN, NaN, NaN, NaN, NaN, NaN,
05/2013,4913.5334,4913.5334,5627.1976,5627.1976,435.7438,435.7438,34364.2684,34364.2684,4913.5334,4913.5334,2586.2177,2586.2177,171.4758,171.4758,34364.2684,34364.2684,2589.9523,2589.9523,2626.2826,2626.2826,199.5804,199.5804,18085.0274,18085.0274,5625.7718,5625.7718,6703.0056,6703.0056,509.2802,509.2802,39355.8339,39355.8339,4913.5334,4913.5334,4687.9256,4687.9256,391.1287,391.1287,34364.2684,39355.8339,0.7623,0.0716,4.3788,69.5020,22.0458,21.9443, NaN, NaN, NaN, NaN, NaN, NaN, NaN, NaN, NaN, NaN, NaN, NaN, NaN, NaN, NaN, NaN, NaN, NaN, NaN, NaN, NaN, NaN, NaN, NaN, NaN, NaN, NaN, NaN, NaN, NaN,
06/2013,3207.6950,3207.6950,3264.5723,3264.5723,265.0471,265.0471,24195.4496,24195.4496,3207.6950,3207.6950,1670.9072,1670.9072,115.8583,115.8583,24195.4496,24195.4496,1192.1990,1192.1990,1045.8752,1045.8752,82.5389,82.5389,8919.6560,8919.6560,2993.9155,2993.9155,3097.0355,3097.0355,255.5702,255.5702,22551.5438,22551.5438,3207.6950,3207.6950,2930.5706,2930.5706,253.0415,253.0415,24195.4496,22551.5438,0.7273,0.0643,4.4505,69.6061,21.8429,22.1120, NaN, NaN, NaN, NaN, NaN, NaN, NaN, NaN, NaN, NaN, NaN, NaN, NaN, NaN, NaN, NaN, NaN, NaN, NaN, NaN, NaN, NaN, NaN, NaN, NaN, NaN, NaN, NaN, NaN, NaN,
07/2013,8718.6758,8718.6758,12916.8601,12916.8601,901.5811,901.5811,73563.0850,73563.0850,8718.6758,8718.6758,4876.5369,4876.5369,305.5583,305.5583,73563.0850,73563.0850,3477.3149,3477.3149,3729.9186,3729.9186,284.0242,284.0242,29081.8065,29081.8065,10101.5078,10101.5078,17344.5687,17344.5687,1154.4868,1154.4868,85417.4828,85417.4828,8718.6758,8718.6758,9467.0080,9467.0080,824.6316,824.6316,73563.0850,85417.4828,0.7540,0.0633,4.4175,70.0672,21.7808,21.8132, NaN, NaN, NaN, NaN, NaN, NaN, NaN, NaN, NaN, NaN, NaN, NaN, NaN, NaN, NaN, NaN, NaN, NaN, NaN, NaN, NaN, NaN, NaN, NaN, NaN, NaN, NaN, NaN, NaN, NaN,
08/2013,15939.9274,15939.9274,28870.2291,28870.2291,1803.0869,1803.0869,150508.6801,150508.6801,15939.9274,15939.9274,9233.8616,9233.8616,537.9603,537.9603,150508.6801,150508.6801,8344.8490,8344.8490,11758.7195,11758.7195,855.2645,855.2645,78211.3817,78211.3817,13977.2995,13977.2995,24116.8516,24116.8516,1530.3921,1530.3921,131805.1981,131805.1981,15939.9274,15939.9274,18801.7189,18801.7189,1621.2705,1621.2705,150508.6801,131805.1981,0.9113,0.0666,4.4963,68.6478,21.8285,20.3023, NaN, NaN, NaN, NaN, NaN, NaN, NaN, NaN, NaN, NaN, NaN, NaN, NaN, NaN, NaN, NaN, NaN, NaN, NaN, NaN, NaN, NaN, NaN, NaN, NaN, NaN, NaN, NaN, NaN, NaN,
09/2013,19646.2195,19646.2195,32761.3112,32761.3112,1891.6067,1891.6067,190081.6622,190081.6622,19646.2195,19646.2195,11227.0146,11227.0146,575.2812,575.2812,190081.6622,190081.6622,10698.2467,10698.2467,16895.0640,16895.0640,1137.0698,1137.0698,102799.7030,102799.7030,14933.2810,14933.2810,23554.7831,23554.7831,1435.5066,1435.5066,144539.8362,144539.8362,19646.2195,19646.2195,22500.5726,22500.5726,1686.3231,1686.3231,190081.6622,144539.8362,0.8713,0.0695,4.4983,68.5853,21.8898,20.2136, NaN, NaN, NaN, NaN, NaN, NaN, NaN, NaN, NaN, NaN, NaN, NaN, NaN, NaN, NaN, NaN, NaN, NaN, NaN, NaN, NaN, NaN, NaN, NaN, NaN, NaN, NaN, NaN, NaN, NaN,
10/2013,7395.3734,7395.3734,9009.4797,9009.4797,606.4680,606.4680,62787.5220,62787.5220,7395.3734,7395.3734,3818.3702,3818.3702,237.7491,237.7491,62787.5220,62787.5220,3795.1891,3795.1891,4318.3685,4318.3685,323.2565,323.2565,32840.7571,32840.7571,5486.0285,5486.0285,6273.6389,6273.6389,446.0243,446.0243,46954.2434,46954.2434,7395.3734,7395.3734,6635.3860,6635.3860,547.0044,547.0044,62787.5220,46954.2434,0.8293,0.0664,4.4574,68.7603,22.1089,20.3649, NaN, NaN, NaN, NaN, NaN, NaN, NaN, NaN, NaN, NaN, NaN, NaN, NaN, NaN, NaN, NaN, NaN, NaN, NaN, NaN, NaN, NaN, NaN, NaN, NaN, NaN, NaN, NaN, NaN, NaN,
11/2013,1907.6083,1907.6083,1749.2892,1749.2892,136.4603,136.4603,13403.9638,13403.9638,1907.6083,1907.6083,934.2936,934.2936,66.3581,66.3581,13403.9638,13403.9638,1002.3091,1002.3091,851.6424,851.6424,68.5629,68.5629,7125.5240,7125.5240,1463.0026,1463.0026,1307.6500,1307.6500,102.9915,102.9915,10304.0971,10304.0971,1907.6083,1907.6083,1536.3530,1536.3530,130.5534,130.5534,13403.9638,10304.0971,0.8153,0.0827,4.4099,70.2728,22.5876,21.4771, NaN, NaN, NaN, NaN, NaN, NaN, NaN, NaN, NaN, NaN, NaN, NaN, NaN, NaN, NaN, NaN, NaN, NaN, NaN, NaN, NaN, NaN, NaN, NaN, NaN, NaN, NaN, NaN, NaN, NaN,
12/2013,863.6630,863.6630,703.9230,703.9230,56.4656,56.4656,5758.6151,5758.6151,863.6630,863.6630,406.7001,406.7001,30.2151,30.2151,5758.6151,5758.6151,458.0582,458.0582,339.5223,339.5223,27.5419,27.5419,3083.0534,3083.0534,664.5974,664.5974,524.9900,524.9900,42.4348,42.4348,4451.6301,4451.6301,863.6630,863.6630,662.9953,662.9953,56.2194,56.2194,5758.6151,4451.6301,0.8113,0.0954,4.3636,70.2172,22.7254,21.8289, NaN, NaN, NaN, NaN, NaN, NaN, NaN, NaN, NaN, NaN, NaN, NaN, NaN, NaN, NaN, NaN, NaN, NaN, NaN, NaN, NaN, NaN, NaN, NaN, NaN, NaN, NaN, NaN, NaN, NaN,
01/2014,338.5152,338.5152,253.9044,253.9044,20.7459,20.7459,2199.8149,2199.8149,338.5152,338.5152,153.4721,153.4721,11.8078,11.8078,2199.8149,2199.8149,191.6352,191.6352,125.0191,125.0191,9.9960,9.9960,1253.8182,1253.8182,261.5674,261.5674,187.2281,187.2281,15.2152,15.2152,1707.1147,1707.1147,338.5152,338.5152,250.3870,250.3870,20.7459,20.7459,2199.8149,1707.1147,0.7843,0.0862,4.4481,69.4811,22.6916,22.2519, NaN, NaN, NaN, NaN, NaN, NaN, NaN, NaN, NaN, NaN, NaN, NaN, NaN, NaN, NaN, NaN, NaN, NaN, NaN, NaN, NaN, NaN, NaN, NaN, NaN, NaN, NaN, NaN, NaN, NaN,
02/2014,156.3754,156.3754,108.2856,108.2856,8.7791,8.7791,1094.0097,1094.0097,156.3754,156.3754,67.7648,67.7648,5.2186,5.2186,1094.0097,1094.0097,89.3722,89.3722,54.5235,54.5235,4.2362,4.2362,628.1597,628.1597,116.0179,116.0179,78.5325,78.5325,6.2797,6.2797,814.5372,814.5372,156.3754,156.3754,108.2856,108.2856,8.7791,8.7791,1094.0097,814.5372,0.7733,0.0897,4.4373,69.5249,22.5088,22.7811, NaN, NaN, NaN, NaN, NaN, NaN, NaN, NaN, NaN, NaN, NaN, NaN, NaN, NaN, NaN, NaN, NaN, NaN, NaN, NaN, NaN, NaN, NaN, NaN, NaN, NaN, NaN, NaN, NaN, NaN,
03/2014,360.5558,360.5558,285.9804,285.9804,21.3002,21.3002,2144.3119,2144.3119,360.5558,360.5558,167.4690,167.4690,10.9688,10.9688,2144.3119,2144.3119,236.7014,236.7014,173.3813,173.3813,12.6273,12.6273,1405.4587,1405.4587,213.3734,213.3734,150.3872,150.3872,11.3989,11.3989,1272.9771,1272.9771,360.5558,360.5558,271.7532,271.7532,21.0190,21.0190,2144.3119,1272.9771,0.7578,0.0782,4.3955,69.2061,22.3334,23.1321, NaN, NaN, NaN, NaN, NaN, NaN, NaN, NaN, NaN, NaN, NaN, NaN, NaN, NaN, NaN, NaN, NaN, NaN, NaN, NaN, NaN, NaN, NaN, NaN, NaN, NaN, NaN, NaN, NaN, NaN,
04/2014,707.5037,707.5037,638.7291,638.7291,48.6038,48.6038,4731.5204,4731.5204,707.5037,707.5037,341.4694,341.4694,22.0204,22.0204,4731.5204,4731.5204,326.6438,326.6438,244.2415,244.2415,18.7371,18.7371,2190.6932,2190.6932,470.8022,470.8022,386.0500,386.0500,29.6398,29.6398,3155.7993,3155.7993,707.5037,707.5037,575.3047,575.3047,46.0516,46.0516,4731.5204,3155.7993,0.7789,0.0724,4.4251,69.9378,22.2497,22.7663, NaN, NaN, NaN, NaN, NaN, NaN, NaN, NaN, NaN, NaN, NaN, NaN, NaN, NaN, NaN, NaN, NaN, NaN, NaN, NaN, NaN, NaN, NaN, NaN, NaN, NaN, NaN, NaN, NaN, NaN,
05/2014,4457.4106,4457.4106,5183.4366,5183.4366,391.9134,391.9134,31877.7475,31877.7475,4457.4106,4457.4106,2376.5594,2376.5594,149.1107,149.1107,31877.7475,31877.7475,2566.1923,2566.1923,2671.1003,2671.1003,198.6754,198.6754,18234.8095,18234.8095,5628.6403,5628.6403,6976.7138,6976.7138,517.5999,517.5999,40362.0719,40362.0719,4457.4106,4457.4106,4297.6298,4297.6298,352.0268,352.0268,31877.7475,40362.0719,0.7728,0.0738,4.3714,69.9832,22.0768,21.6511, NaN, NaN, NaN, NaN, NaN, NaN, NaN, NaN, NaN, NaN, NaN, NaN, NaN, NaN, NaN, NaN, NaN, NaN, NaN, NaN, NaN, NaN, NaN, NaN, NaN, NaN, NaN, NaN, NaN, NaN,
06/2014,6863.4000,6863.4000,11738.8145,11738.8145,802.2572,802.2572,52718.5108,52718.5108,6863.4000,6863.4000,3856.6892,3856.6892,247.9425,247.9425,52718.5108,52718.5108,2720.6496,2720.6496,2982.6431,2982.6431,227.4606,227.4606,20854.2229,20854.2229,7288.9891,7288.9891,14339.2603,14339.2603,927.3377,927.3377,56038.8662,56038.8662,6863.4000,6863.4000,7833.4443,7833.4443,748.5985,748.5985,52718.5108,56038.8662,0.7213,0.0694,4.4579,70.0853,21.8319,21.6314, NaN, NaN, NaN, NaN, NaN, NaN, NaN, NaN, NaN, NaN, NaN, NaN, NaN, NaN, NaN, NaN, NaN, NaN, NaN, NaN, NaN, NaN, NaN, NaN, NaN, NaN, NaN, NaN, NaN, NaN,
07/2014,13433.4374,13433.4374,24396.8627,24396.8627,1527.1611,1527.1611,113975.9296,113975.9296,13433.4374,13433.4374,7665.5817,7665.5817,457.9206,457.9206,113975.9296,113975.9296,5231.7446,5231.7446,6792.3431,6792.3431,491.2303,491.2303,44153.4593,44153.4593,16054.5283,16054.5283,30844.8492,30844.8492,1870.9703,1870.9703,136291.6465,136291.6465,13433.4374,13433.4374,15904.7655,15904.7655,1411.2694,1411.2694,113975.9296,136291.6465,0.8227,0.0643,4.4963,68.5645,21.6572,20.5100, NaN, NaN, NaN, NaN, NaN, NaN, NaN, NaN, NaN, NaN, NaN, NaN, NaN, NaN, NaN, NaN, NaN, NaN, NaN, NaN, NaN, NaN, NaN, NaN, NaN, NaN, NaN, NaN, NaN, NaN,
08/2014,9716.1206,9716.1206,15010.7718,15010.7718,977.5583,977.5583,82033.5487,82033.5487,9716.1206,9716.1206,5370.2820,5370.2820,329.0896,329.0896,82033.5487,82033.5487,5032.3507,5032.3507,7263.8190,7263.8190,515.7583,515.7583,42569.4497,42569.4497,9095.6304,9095.6304,13043.9507,13043.9507,864.2262,864.2262,76762.8322,76762.8322,9716.1206,9716.1206,10427.7015,10427.7015,878.1999,878.1999,82033.5487,76762.8322,0.7943,0.0631,4.4664,69.1186,21.7574,20.4996, NaN, NaN, NaN, NaN, NaN, NaN, NaN, NaN, NaN, NaN, NaN, NaN, NaN, NaN, NaN, NaN, NaN, NaN, NaN, NaN, NaN, NaN, NaN, NaN, NaN, NaN, NaN, NaN, NaN, NaN,
09/2014,10004.9213,10004.9213,14371.2068,14371.2068,912.3471,912.3471,81754.4390,81754.4390,10004.9213,10004.9213,5401.5718,5401.5718,316.2913,316.2913,81754.4390,81754.4390,5093.7293,5093.7293,6712.3322,6712.3322,476.0271,476.0271,41869.6026,41869.6026,8343.1901,8343.1901,11016.8264,11016.8264,724.2920,724.2920,68406.0419,68406.0419,10004.9213,10004.9213,10277.0381,10277.0381,832.3927,832.3927,81754.4390,68406.0419,0.7943,0.0677,4.4680,68.5436,21.8275,20.2531, NaN, NaN, NaN, NaN, NaN, NaN, NaN, NaN, NaN, NaN, NaN, NaN, NaN, NaN, NaN, NaN, NaN, NaN, NaN, NaN, NaN, NaN, NaN, NaN, NaN, NaN, NaN, NaN, NaN, NaN,
10/2014,4891.0954,4891.0954,5392.1099,5392.1099,382.5017,382.5017,39461.7069,39461.7069,4891.0954,4891.0954,2478.2735,2478.2735,163.3424,163.3424,39461.7069,39461.7069,2130.7536,2130.7536,1985.1161,1985.1161,155.6241,155.6241,17579.3215,17579.3215,3776.7168,3776.7168,3892.9638,3892.9638,285.8397,285.8397,30640.3924,30640.3924,4891.0954,4891.0954,4272.7406,4272.7406,358.1182,358.1182,39461.7069,30640.3924,0.7993,0.0710,4.4288,70.0783,22.1621,20.5811, NaN, NaN, NaN, NaN, NaN, NaN, NaN, NaN, NaN, NaN, NaN, NaN, NaN, NaN, NaN, NaN, NaN, NaN, NaN, NaN, NaN, NaN, NaN, NaN, NaN, NaN, NaN, NaN, NaN, NaN,
11/2014,2134.7194,2134.7194,2027.8642,2027.8642,160.7079,160.7079,15659.7615,15659.7615,2134.7194,2134.7194,1071.6288,1071.6288,77.4346,77.4346,15659.7615,15659.7615,945.8640,945.8640,766.6386,766.6386,61.8641,61.8641,7127.0116,7127.0116,1760.7542,1760.7542,1623.9340,1623.9340,129.1544,129.1544,12982.4478,12982.4478,2134.7194,2134.7194,1794.8313,1794.8313,153.4026,153.4026,15659.7615,12982.4478,0.7893,0.0767,4.3501,72.9395,22.4984,21.1200, NaN, NaN, NaN, NaN, NaN, NaN, NaN, NaN, NaN, NaN, NaN, NaN, NaN, NaN, NaN, NaN, NaN, NaN, NaN, NaN, NaN, NaN, NaN, NaN, NaN, NaN, NaN, NaN, NaN, NaN,
12/2014,754.9978,754.9978,608.1670,608.1670,49.5473,49.5473,5232.6397,5232.6397,754.9978,754.9978,355.5657,355.5657,26.6530,26.6530,5232.6397,5232.6397,353.3069,353.3069,247.4095,247.4095,20.1487,20.1487,2510.1064,2510.1064,622.8576,622.8576,492.5853,492.5853,40.3873,40.3873,4346.7524,4346.7524,754.9978,754.9978,581.4712,581.4712,49.4611,49.4611,5232.6397,4346.7524,0.7433,0.0717,4.3288,70.7867,22.5338,21.6426, NaN, NaN, NaN, NaN, NaN, NaN, NaN, NaN, NaN, NaN, NaN, NaN, NaN, NaN, NaN, NaN, NaN, NaN, NaN, NaN, NaN, NaN, NaN, NaN, NaN, NaN, NaN, NaN, NaN, NaN,
01/2015,450.2650,450.2650,356.0977,356.0977,27.3936,27.3936,2983.1982,2983.1982,450.2650,450.2650,206.5318,206.5318,14.0817,14.0817,2983.1982,2983.1982,325.3997,325.3997,251.7871,251.7871,18.7835,18.7835,2126.6810,2126.6810,411.4109,411.4109,326.5781,326.5781,24.9765,24.9765,2718.0769,2718.0769,450.2650,450.2650,341.3327,341.3327,27.0623,27.0623,2983.1982,2718.0769,0.7683,0.0767,4.2545,69.2520,22.7308,22.4619, NaN, NaN, NaN, NaN, NaN, NaN, NaN, NaN, NaN, NaN, NaN, NaN, NaN, NaN, NaN, NaN, NaN, NaN, NaN, NaN, NaN, NaN, NaN, NaN, NaN, NaN, NaN, NaN, NaN, NaN,
02/2015,700.9632,700.9632,637.7927,637.7927,48.3123,48.3123,4149.7999,4149.7999,700.9632,700.9632,340.7409,340.7409,22.5826,22.5826,4149.7999,4149.7999,317.1398,317.1398,237.3888,237.3888,17.9647,17.9647,1860.8705,1860.8705,1158.2352,1158.2352,1231.8014,1231.8014,91.6854,91.6854,6991.8838,6991.8838,700.9632,700.9632,574.4212,574.4212,45.8281,45.8281,4149.7999,6991.8838,0.7557,0.0699,4.2490,69.1714,22.5788,21.9213, NaN, NaN, NaN, NaN, NaN, NaN, NaN, NaN, NaN, NaN, NaN, NaN, NaN, NaN, NaN, NaN, NaN, NaN, NaN, NaN, NaN, NaN, NaN, NaN, NaN, NaN, NaN, NaN, NaN, NaN,
03/2015,667.1808,667.1808,528.0029,528.0029,40.2955,40.2955,3665.1040,3665.1040,667.1808,667.1808,307.5298,307.5298,20.5771,20.5771,3665.1040,3665.1040,440.1475,440.1475,320.7578,320.7578,24.1180,24.1180,2431.6081,2431.6081,419.9990,419.9990,298.3961,298.3961,23.4354,23.4354,2268.3286,2268.3286,667.1808,667.1808,497.9514,497.9514,39.7370,39.7370,3665.1040,2268.3286,0.7598,0.0669,4.2354,69.3297,22.3750,22.6233, NaN, NaN, NaN, NaN, NaN, NaN, NaN, NaN, NaN, NaN, NaN, NaN, NaN, NaN, NaN, NaN, NaN, NaN, NaN, NaN, NaN, NaN, NaN, NaN, NaN, NaN, NaN, NaN, NaN, NaN,
04/2015,1390.4870,1390.4870,1311.8446,1311.8446,100.7493,100.7493,10040.6138,10040.6138,1390.4870,1390.4870,684.9666,684.9666,44.8078,44.8078,10040.6138,10040.6138,590.9069,590.9069,460.5898,460.5898,35.4924,35.4924,4266.5550,4266.5550,931.5216,931.5216,799.9046,799.9046,62.0185,62.0185,6718.9052,6718.9052,1390.4870,1390.4870,1160.3569,1160.3569,94.4383,94.4383,10040.6138,6718.9052,0.7588,0.0621,4.2940,70.0603,22.1294,22.2646,0.6866,0.0512,7.3521,5.2062,18.9432,0.5166,0.0394,7.3474,4.8239,18.9819,0.6668,0.0496,7.1361,6.7204,25.6931,0.6566,0.0504,7.3523,5.1781,18.9431, NaN, NaN, NaN, NaN, NaN, NaN, NaN, NaN, NaN, NaN,
05/2015,2840.3136,2840.3136,3388.5136,3388.5136,255.7567,255.7567,21860.9693,21860.9693,2840.3136,2840.3136,1510.1855,1510.1855,95.5838,95.5838,21860.9693,21860.9693,1539.9677,1539.9677,1695.7102,1695.7102,126.8735,126.8735,11772.2474,11772.2474,3409.4995,3409.4995,4313.2049,4313.2049,318.5180,318.5180,26219.4502,26219.4502,2840.3136,2840.3136,2767.0087,2767.0087,225.6023,225.6023,21860.9693,26219.4502,0.7283,0.0583,4.2506,68.7353,21.9031,21.8950,0.6070,0.0607,7.7581,13.2722,19.8110,0.4621,0.0450,7.6796,10.8946,19.8909,0.6177,0.0588,7.4829,14.2258,26.1549,0.5889,0.0598,7.7487,12.9294,19.8095, NaN, NaN, NaN, NaN, NaN, NaN, NaN, NaN, NaN, NaN,
06/2015,4673.1946,4673.1946,5486.2347,5486.2347,433.3622,433.3622,35294.6764,35294.6764,4673.1946,4673.1946,2519.6367,2519.6367,161.9375,161.9375,35294.6764,35294.6764,2103.3302,2103.3302,2221.7056,2221.7056,168.0133,168.0133,15811.1925,15811.1925,4548.2342,4548.2342,5408.0144,5408.0144,430.2280,430.2280,34342.2796,34342.2796,4673.1946,4673.1946,4637.3899,4637.3899,394.8794,394.8794,35294.6764,34342.2796,0.7080,0.0603,4.3729,68.6672,21.7438,21.5944,0.8209,0.0807,7.8177,12.3447,11.1728,0.4634,0.0497,7.7607,11.0694,11.2435,0.6332,0.0718,7.6856,15.0611,19.7608,0.8033,0.0787,7.8658,12.5940,10.5380, NaN, NaN, NaN, NaN, NaN, NaN, NaN, NaN, NaN, NaN,
07/2015,7222.7722,7222.7722,10891.0669,10891.0669,754.7974,754.7974,56130.9338,56130.9338,7222.7722,7222.7722,3993.3335,3993.3335,257.8045,257.8045,56130.9338,56130.9338,2768.9818,2768.9818,2897.3583,2897.3583,223.9155,223.9155,21435.0487,21435.0487,8108.6054,8108.6054,14020.3489,14020.3489,933.8902,933.8902,63054.5431,63054.5431,7222.7722,7222.7722,7719.2453,7719.2453,700.9238,700.9238,56130.9338,63054.5431,0.7073,0.0591,4.3329,68.8561,21.7979,21.4341,1.1234,0.1062,8.2442,34.3461,4.5908,0.6160,0.0675,8.1808,33.3452,4.6224,0.7169,0.0791,7.9134,22.0291,14.2846, NaN, NaN, NaN, NaN, NaN, NaN, NaN, NaN, NaN, NaN, NaN, NaN, NaN, NaN, NaN,
08/2015,9507.4733,9507.4733,15480.1741,15480.1741,1024.0976,1024.0976,79387.6356,79387.6356,9507.4733,9507.4733,5308.2512,5308.2512,338.3531,338.3531,79387.6356,79387.6356,4423.0493,4423.0493,4850.1269,4850.1269,377.1540,377.1540,36481.6792,36481.6792,8678.4566,8678.4566,13699.9214,13699.9214,914.1199,914.1199,72513.0646,72513.0646,9507.4733,9507.4733,10543.0057,10543.0057,944.5557,944.5557,79387.6356,72513.0646,0.8013,0.0624,4.3736,68.8436,21.7451,20.7353,1.5229,0.0995,9.1518,7.6861,2.1954,0.3921,0.0390,9.1440,7.3207,2.2031,0.6456,0.0649,8.9411,8.3026,9.6907, NaN, NaN, NaN, NaN, NaN, NaN, NaN, NaN, NaN, NaN, NaN, NaN, NaN, NaN, NaN,
09/2015,5955.3533,5955.3533,7701.9461,7701.9461,547.8527,547.8527,50422.9322,50422.9322,5955.3533,5955.3533,3207.8365,3207.8365,213.7069,213.7069,50422.9322,50422.9322,2803.6282,2803.6282,2897.3017,2897.3017,228.6421,228.6421,23878.7140,23878.7140,4825.6560,4825.6560,5774.9667,5774.9667,425.5065,425.5065,40907.7384,40907.7384,5955.3533,5955.3533,5840.6505,5840.6505,501.3451,501.3451,50422.9322,40907.7384,0.7963,0.0669,4.4495,69.2700,21.8831,20.4442,1.5319,0.1017,9.0827,19.3317,1.0429,0.4854,0.0475,9.0176,17.6285,1.0457,0.8759,0.0744,8.9802,17.5275,5.3484, NaN, NaN, NaN, NaN, NaN, NaN, NaN, NaN, NaN, NaN, NaN, NaN, NaN, NaN, NaN,
10/2015,2478.9370,2478.9370,2440.3458,2440.3458,190.5730,190.5730,18698.8791,18698.8791,2478.9370,2478.9370,1275.8260,1275.8260,90.2950,90.2950,18698.8791,18698.8791,1172.6294,1172.6294,990.8920,990.8920,78.4662,78.4662,9087.6045,9087.6045,1931.0054,1931.0054,1822.5864,1822.5864,143.5310,143.5310,14702.0386,14702.0386,2478.9370,2478.9370,2141.4943,2141.4943,181.0432,181.0432,18698.8791,14702.0386,0.7707,0.0749,4.2874,70.3353,22.3847,21.3721,0.7983,0.0644,7.9788,11.2403,3.9118,0.4055,0.0342,7.8654,7.3236,3.9206,0.5882,0.0459,7.6559,11.9004,11.8580, NaN, NaN, NaN, NaN, NaN, NaN, NaN, NaN, NaN, NaN, NaN, NaN, NaN, NaN, NaN,
11/2015,1558.1549,1558.1549,1416.0598,1416.0598,111.4657,111.4657,10960.5854,10960.5854,1558.1549,1558.1549,765.9205,765.9205,54.5624,54.5624,10960.5854,10960.5854,592.1251,592.1251,448.1016,448.1016,35.9667,35.9667,4252.0489,4252.0489,1153.8115,1153.8115,1025.1561,1025.1561,82.1487,82.1487,8167.6762,8167.6762,1558.1549,1558.1549,1278.6997,1278.6997,107.4664,107.4664,10960.5854,8167.6762,0.7683,0.0695,4.2962,71.1061,22.5480,21.2558,0.8479,0.0753,7.6392,17.6860,3.9262,0.4478,0.0443,7.5523,13.9196,3.9340,0.7220,0.0650,7.3129,21.0258,12.9429, NaN, NaN, NaN, NaN, NaN, NaN, NaN, NaN, NaN, NaN, NaN, NaN, NaN, NaN, NaN,
12/2015,926.0525,926.0525,808.3573,808.3573,63.6619,63.6619,6652.4616,6652.4616,926.0525,926.0525,446.3031,446.3031,31.6544,31.6544,6652.4616,6652.4616,539.4470,539.4470,427.0746,427.0746,32.9374,32.9374,3894.7106,3894.7106,897.0826,897.0826,798.6126,798.6126,62.3060,62.3060,6440.4696,6440.4696,926.0525,926.0525,733.3454,733.3454,61.0733,61.0733,6652.4616,6440.4696,0.7817,0.0758,4.3384,69.4609,22.5414,21.9001,0.7554,0.0713,7.9070,16.5631,8.4530,0.4564,0.0462,7.8712,13.2070,8.4692, NaN, NaN, NaN, NaN, NaN, NaN, NaN, NaN, NaN, NaN, NaN, NaN, NaN, NaN, NaN, NaN, NaN, NaN, NaN, NaN,
01/2016,595.0886,595.0886,466.8493,466.8493,34.7116,34.7116,3638.2824,3638.2824,595.0886,595.0886,272.3145,272.3145,18.2260,18.2260,3638.2824,3638.2824,475.0445,475.0445,366.8684,366.8684,26.5547,26.5547,2878.4058,2878.4058,559.2931,559.2931,439.6866,439.6866,32.4744,32.4744,3410.9571,3410.9571,595.0886,595.0886,447.5691,447.5691,34.3696,34.3696,3638.2824,3410.9571,0.7843,0.0822,4.3146,69.4585,22.6663,22.5684,0.7389,0.0751,6.7715,20.9490,21.1507,0.6109,0.0633,6.7502,19.1151,21.2095, NaN, NaN, NaN, NaN, NaN, NaN, NaN, NaN, NaN, NaN, NaN, NaN, NaN, NaN, NaN, NaN, NaN, NaN, NaN, NaN,
02/2016,205.3901,205.3901,143.3814,143.3814,11.0531,11.0531,1357.9940,1357.9940,205.3901,205.3901,88.6580,88.6580,6.3290,6.3290,1357.9940,1357.9940,105.7709,105.7709,63.9267,63.9267,4.7914,4.7914,709.4695,709.4695,248.0371,248.0371,197.8243,197.8243,14.7276,14.7276,1592.5306,1592.5306,205.3901,205.3901,141.4412,141.4412,11.0388,11.0388,1357.9940,1592.5306,0.7943,0.0784,4.3188,69.2075,22.4578,22.6673,0.7814,0.0856,6.6911,22.0250,21.9765,0.6587,0.0744,6.6661,20.4631,22.0866, NaN, NaN, NaN, NaN, NaN, NaN, NaN, NaN, NaN, NaN, NaN, NaN, NaN, NaN, NaN, NaN, NaN, NaN, NaN, NaN,
03/2016,568.1146,568.1146,500.0456,500.0456,38.4654,38.4654,3767.0233,3767.0233,568.1146,568.1146,271.1951,271.1951,18.2235,18.2235,3767.0233,3767.0233,390.4848,390.4848,320.8179,320.8179,24.4812,24.4812,2583.3086,2583.3086,325.5638,325.5638,246.4489,246.4489,19.0867,19.0867,2173.8436,2173.8436,568.1146,568.1146,444.7993,444.7993,36.3013,36.3013,3767.0233,2173.8436,0.7689,0.0717,4.2438,69.1954,22.5194,23.1784,0.9268,0.1102,6.6457,27.9704,28.3623,0.8540,0.1028,6.6264,27.1728,28.5818, NaN, NaN, NaN, NaN, NaN, NaN, NaN, NaN, NaN, NaN, NaN, NaN, NaN, NaN, NaN, NaN, NaN, NaN, NaN, NaN,
04/2016,1937.9606,1937.9606,1918.8561,1918.8561,143.9700,143.9700,12988.2330,12988.2330,1937.9606,1937.9606,968.7050,968.7050,60.8092,60.8092,12988.2330,12988.2330,837.7171,837.7171,681.5111,681.5111,51.4201,51.4201,5618.1638,5618.1638,1243.3219,1243.3219,1107.9400,1107.9400,83.4922,83.4922,8331.2752,8331.2752,1937.9606,1937.9606,1672.5058,1672.5058,132.8380,132.8380,12988.2330,8331.2752,0.7657,0.0698,4.2277,69.3178,22.2234,22.3877,0.8338,0.1136,7.0299,23.5411,20.8073,0.6974,0.1011,6.9883,22.2516,21.0593, NaN, NaN, NaN, NaN, NaN, NaN, NaN, NaN, NaN, NaN, NaN, NaN, NaN, NaN, NaN, NaN, NaN, NaN, NaN, NaN,
05/2016,4294.8835,4294.8835,4920.3846,4920.3846,379.3937,379.3937,34697.4445,34697.4445,4294.8835,4294.8835,2286.7589,2286.7589,149.6400,149.6400,34697.4445,34697.4445,2250.5126,2250.5126,2275.8329,2275.8329,170.4851,170.4851,18081.6299,18081.6299,4926.0182,4926.0182,5896.4653,5896.4653,447.3348,447.3348,39907.0803,39907.0803,4294.8835,4294.8835,4177.1829,4177.1829,344.6994,344.6994,34697.4445,39907.0803,0.7583,0.0745,4.3642,70.0561,21.9971,21.5912, NaN, NaN, NaN, NaN, NaN, NaN, NaN, NaN, NaN, NaN, NaN, NaN, NaN, NaN, NaN, NaN, NaN, NaN, NaN, NaN, NaN, NaN, NaN, NaN, NaN, NaN, NaN, NaN, NaN, NaN,
06/2016,5194.5667,5194.5667,6136.2893,6136.2893,483.3810,483.3810,47022.1175,47022.1175,5194.5667,5194.5667,2819.3965,2819.3965,195.4393,195.4393,47022.1175,47022.1175,2108.0650,2108.0650,2011.5269,2011.5269,155.3261,155.3261,18479.0535,18479.0535,5061.7699,5061.7699,6621.2535,6621.2535,500.6637,500.6637,45763.4186,45763.4186,5194.5667,5194.5667,5153.6316,5153.6316,451.8030,451.8030,47022.1175,45763.4186,0.7323,0.0666,4.4443,71.1895,21.6766,21.1254, NaN, NaN, NaN, NaN, NaN, NaN, NaN, NaN, NaN, NaN, NaN, NaN, NaN, NaN, NaN, NaN, NaN, NaN, NaN, NaN, NaN, NaN, NaN, NaN, NaN, NaN, NaN, NaN, NaN, NaN,
07/2016,11838.4416,11838.4416,22593.0886,22593.0886,1431.7227,1431.7227,99256.3250,99256.3250,11838.4416,11838.4416,6825.1771,6825.1771,421.5281,421.5281,99256.3250,99256.3250,4262.6650,4262.6650,4772.8081,4772.8081,370.2345,370.2345,35202.3874,35202.3874,13318.4736,13318.4736,27466.6171,27466.6171,1701.5632,1701.5632,111801.6801,111801.6801,11838.4416,11838.4416,14205.1776,14205.1776,1317.3705,1317.3705,99256.3250,111801.6801,0.9013,0.0667,4.4993,68.6395,21.4566,20.5538, NaN, NaN, NaN, NaN, NaN, NaN, NaN, NaN, NaN, NaN, NaN, NaN, NaN, NaN, NaN, NaN, NaN, NaN, NaN, NaN, NaN, NaN, NaN, NaN, NaN, NaN, NaN, NaN, NaN, NaN,
08/2016,13625.2973,13625.2973,23219.5181,23219.5181,1440.8592,1440.8592,121821.9579,121821.9579,13625.2973,13625.2973,7679.3215,7679.3215,452.9084,452.9084,121821.9579,121821.9579,6926.8781,6926.8781,10686.7897,10686.7897,729.5028,729.5028,61395.5860,61395.5860,11785.6685,11785.6685,19082.6891,19082.6891,1209.9779,1209.9779,105229.4537,105229.4537,13625.2973,13625.2973,15685.2605,15685.2605,1307.8096,1307.8096,121821.9579,105229.4537,0.8480,0.0675,4.5840,68.6561,21.5122,20.2356, NaN, NaN, NaN, NaN, NaN, NaN, NaN, NaN, NaN, NaN, NaN, NaN, NaN, NaN, NaN, NaN, NaN, NaN, NaN, NaN, NaN, NaN, NaN, NaN, NaN, NaN, NaN, NaN, NaN, NaN,
09/2016,9297.2448,9297.2448,13268.9482,13268.9482,873.3059,873.3059,83450.4493,83450.4493,9297.2448,9297.2448,5012.2029,5012.2029,313.6085,313.6085,83450.4493,83450.4493,4855.2307,4855.2307,6130.3048,6130.3048,442.9001,442.9001,43527.8656,43527.8656,7490.6381,7490.6381,9909.5964,9909.5964,680.7669,680.7669,67202.7292,67202.7292,9297.2448,9297.2448,9554.5553,9554.5553,789.3269,789.3269,83450.4493,67202.7292,0.8413,0.0645,4.6288,68.6686,21.6292,20.2401, NaN, NaN, NaN, NaN, NaN, NaN, NaN, NaN, NaN, NaN, NaN, NaN, NaN, NaN, NaN, NaN, NaN, NaN, NaN, NaN, NaN, NaN, NaN, NaN, NaN, NaN, NaN, NaN, NaN, NaN,
10/2016,6866.8387,6866.8387,8782.9635,8782.9635,599.9284,599.9284,59207.7851,59207.7851,6866.8387,6866.8387,3610.7790,3610.7790,232.9522,232.9522,59207.7851,59207.7851,2844.9014,2844.9014,2891.1815,2891.1815,224.8779,224.8779,24937.3158,24937.3158,4982.7917,4982.7917,5840.7781,5840.7781,421.8772,421.8772,43190.6645,43190.6645,6866.8387,6866.8387,6531.3754,6531.3754,549.0019,549.0019,59207.7851,43190.6645,0.8207,0.0643,4.4651,68.6672,21.8967,20.3165, NaN, NaN, NaN, NaN, NaN, NaN, NaN, NaN, NaN, NaN, NaN, NaN, NaN, NaN, NaN, NaN, NaN, NaN, NaN, NaN, NaN, NaN, NaN, NaN, NaN, NaN, NaN, NaN, NaN, NaN,
11/2016,2074.4122,2074.4122,1995.3100,1995.3100,158.0969,158.0969,15203.2286,15203.2286,2074.4122,2074.4122,1041.2229,1041.2229,75.3413,75.3413,15203.2286,15203.2286,932.0918,932.0918,783.4056,783.4056,63.4831,63.4831,6954.8957,6954.8957,1629.9360,1629.9360,1524.6036,1524.6036,121.6111,121.6111,11990.6254,11990.6254,2074.4122,2074.4122,1740.1129,1740.1129,149.1935,149.1935,15203.2286,11990.6254,0.7880,0.0706,4.5097,69.5561,22.4226,20.9777, NaN, NaN, NaN, NaN, NaN, NaN, NaN, NaN, NaN, NaN, NaN, NaN, NaN, NaN, NaN, NaN, NaN, NaN, NaN, NaN, NaN, NaN, NaN, NaN, NaN, NaN, NaN, NaN, NaN, NaN,
12/2016,916.8250,916.8250,754.3344,754.3344,59.9736,59.9736,6329.9697,6329.9697,916.8250,916.8250,436.2519,436.2519,31.5394,31.5394,6329.9697,6329.9697,517.3200,517.3200,378.1732,378.1732,29.6071,29.6071,3591.1541,3591.1541,817.6032,817.6032,667.4611,667.4611,52.6860,52.6860,5637.3382,5637.3382,916.8250,916.8250,705.2030,705.2030,58.8935,58.8935,6329.9697,5637.3382,0.8013,0.0797,4.3874,70.5936,22.5633,21.4683, NaN, NaN, NaN, NaN, NaN, NaN, NaN, NaN, NaN, NaN, NaN, NaN, NaN, NaN, NaN, NaN, NaN, NaN, NaN, NaN, NaN, NaN, NaN, NaN, NaN, NaN, NaN, NaN, NaN, NaN,
01/2017,569.2032,569.2032,484.9689,484.9689,36.8800,36.8800,3639.0100,3639.0100,569.2032,569.2032,273.6225,273.6225,18.6909,18.6909,3639.0100,3639.0100,421.2691,421.2691,354.3397,354.3397,26.0569,26.0569,2699.7313,2699.7313,515.2810,515.2810,439.3795,439.3795,33.0965,33.0965,3298.3668,3298.3668,569.2032,569.2032,453.0505,453.0505,35.9301,35.9301,3639.0100,3298.3668,0.8048,0.0887,4.4751,69.6986,22.6754,22.0363, NaN, NaN, NaN, NaN, NaN, NaN, NaN, NaN, NaN, NaN, NaN, NaN, NaN, NaN, NaN, NaN, NaN, NaN, NaN, NaN, NaN, NaN, NaN, NaN, NaN, NaN, NaN, NaN, NaN, NaN,
02/2017,2964.8246,2964.8246,4070.9458,4070.9458,296.7967,296.7967,19443.0902,19443.0902,2964.8246,2964.8246,1622.4499,1622.4499,98.3197,98.3197,19443.0902,19443.0902,1108.8576,1108.8576,1266.5942,1266.5942,94.7904,94.7904,7259.8931,7259.8931,6307.0531,6307.0531,10222.2272,10222.2272,702.0852,702.0852,41242.3272,41242.3272,2964.8246,2964.8246,3037.4145,3037.4145,247.4941,247.4941,19443.0902,41242.3272,0.7793,0.0711,4.3872,69.0761,22.6331,21.1936, NaN, NaN, NaN, NaN, NaN, NaN, NaN, NaN, NaN, NaN, NaN, NaN, NaN, NaN, NaN, NaN, NaN, NaN, NaN, NaN, NaN, NaN, NaN, NaN, NaN, NaN, NaN, NaN, NaN, NaN,
03/2017,1065.8563,1065.8563,930.4638,930.4638,74.3605,74.3605,7083.9131,7083.9131,1065.8563,1065.8563,506.1790,506.1790,35.4108,35.4108,7083.9131,7083.9131,580.7722,580.7722,451.3474,451.3474,35.3007,35.3007,3849.4074,3849.4074,981.8582,981.8582,845.1332,845.1332,69.2272,69.2272,6563.7393,6563.7393,1065.8563,1065.8563,852.3898,852.3898,72.1016,72.1016,7083.9131,6563.7393,0.8457,0.0803,4.3132,70.7381,22.3321,21.0649, NaN, NaN, NaN, NaN, NaN, NaN, NaN, NaN, NaN, NaN, NaN, NaN, NaN, NaN, NaN, NaN, NaN, NaN, NaN, NaN, NaN, NaN, NaN, NaN, NaN, NaN, NaN, NaN, NaN, NaN,
04/2017,438.6010,438.6010,336.3790,336.3790,28.3888,28.3888,2905.6764,2905.6764,438.6010,438.6010,199.0652,199.0652,14.9378,14.9378,2905.6764,2905.6764,173.5085,173.5085,112.6981,112.6981,9.4140,9.4140,1166.9615,1166.9615,528.4051,528.4051,433.7913,433.7913,36.2794,36.2794,3498.5706,3498.5706,438.6010,438.6010,331.5215,331.5215,28.3763,28.3763,2905.6764,3498.5706,0.7368,0.0646,4.3842,69.1790,22.1548,21.8790, NaN, NaN, NaN, NaN, NaN, NaN, NaN, NaN, NaN, NaN, NaN, NaN, NaN, NaN, NaN, NaN, NaN, NaN, NaN, NaN,1.0679,0.0943,7.4619,16.6711,13.4145,1.1660,0.1095,7.2858,19.9308,14.8630,
05/2017,2404.8403,2404.8403,2427.1049,2427.1049,188.7487,188.7487,18021.3244,18021.3244,2404.8403,2404.8403,1191.8629,1191.8629,80.0737,80.0737,18021.3244,18021.3244,1305.8150,1305.8150,1147.9274,1147.9274,88.8962,88.8962,9742.8360,9742.8360,3130.2893,3130.2893,3373.6490,3373.6490,261.3328,261.3328,23516.3413,23516.3413,2404.8403,2404.8403,2127.0577,2127.0577,176.7652,176.7652,18021.3244,23516.3413,0.7405,0.0675,4.2619,69.7778,22.0034,21.9238, NaN, NaN, NaN, NaN, NaN, NaN, NaN, NaN, NaN, NaN, NaN, NaN, NaN, NaN, NaN, NaN, NaN, NaN, NaN, NaN,0.8852,0.0826,7.3157,16.3498,14.4893,0.9060,0.0895,7.1953,16.3587,15.6128,
06/2017,2725.9200,2725.9200,3261.4756,3261.4756,264.9507,264.9507,21052.9808,21052.9808,2725.9200,2725.9200,1409.1807,1409.1807,94.3640,94.3640,21052.9808,21052.9808,1303.1712,1303.1712,1421.5532,1421.5532,109.0094,109.0094,10106.8799,10106.8799,3239.6717,3239.6717,3920.8374,3920.8374,318.1582,318.1582,25047.9162,25047.9162,2725.9200,2725.9200,2666.3740,2666.3740,235.0107,235.0107,21052.9808,25047.9162,0.6933,0.0619,4.4189,68.8645,21.8102,22.0387, NaN, NaN, NaN, NaN, NaN, NaN, NaN, NaN, NaN, NaN, NaN, NaN, NaN, NaN, NaN, NaN, NaN, NaN, NaN, NaN,0.7141,0.0762,7.2766,9.7309,13.1784,0.7095,0.0768,7.1506,10.0015,13.7839,
07/2017,10546.1395,10546.1395,13449.2313,13449.2313,1017.1503,1017.1503,87102.6217,87102.6217,10546.1395,10546.1395,5776.8209,5776.8209,370.4126,370.4126,87102.6217,87102.6217,4453.9114,4453.9114,4581.3907,4581.3907,354.4680,354.4680,36459.9736,36459.9736,14152.6483,14152.6483,21806.6736,21806.6736,1530.7264,1530.7264,117082.8779,117082.8779,10546.1395,10546.1395,10828.9857,10828.9857,913.9204,913.9204,87102.6217,117082.8779,0.7533,0.0604,4.4052,69.1228,21.6969,20.9877, NaN, NaN, NaN, NaN, NaN, NaN, NaN, NaN, NaN, NaN, NaN, NaN, NaN, NaN, NaN, NaN, NaN, NaN, NaN, NaN,1.1480,0.0873,8.6499,2.1876,3.2066,1.2423,0.0898,8.3959,3.2207,4.6295,
08/2017,14505.5059,14505.5059,25475.9758,25475.9758,1581.9337,1581.9337,127200.6712,127200.6712,14505.5059,14505.5059,8280.8138,8280.8138,481.7521,481.7521,127200.6712,127200.6712,7122.5914,7122.5914,9359.8877,9359.8877,689.7422,689.7422,62627.2792,62627.2792,14042.2118,14042.2118,23512.2886,23512.2886,1450.2939,1450.2939,122997.9266,122997.9266,14505.5059,14505.5059,16417.2899,16417.2899,1425.4270,1425.4270,127200.6712,122997.9266,0.8613,0.0629,4.4576,68.5895,21.7092,20.3070, NaN, NaN, NaN, NaN, NaN, NaN, NaN, NaN, NaN, NaN, NaN, NaN, NaN, NaN, NaN, NaN, NaN, NaN, NaN, NaN,2.1132,0.1142,9.1257,3.4383,0.5097, NaN, NaN, NaN, NaN, NaN,
09/2017,7711.8134,7711.8134,10660.9511,10660.9511,728.4787,728.4787,67705.4096,67705.4096,7711.8134,7711.8134,4207.2728,4207.2728,268.5060,268.5060,67705.4096,67705.4096,3902.2214,3902.2214,4129.3555,4129.3555,319.1361,319.1361,33666.3590,33666.3590,6576.1459,6576.1459,8233.4787,8233.4787,588.8292,588.8292,57511.1987,57511.1987,7711.8134,7711.8134,7606.0866,7606.0866,659.6320,659.6320,67705.4096,57511.1987,0.8113,0.0626,4.4274,68.6645,21.8611,20.3411, NaN, NaN, NaN, NaN, NaN, NaN, NaN, NaN, NaN, NaN, NaN, NaN, NaN, NaN, NaN, NaN, NaN, NaN, NaN, NaN,0.8976,0.0768,8.6058,0.9962,0.8416, NaN, NaN, NaN, NaN, NaN,
10/2017,4648.5533,4648.5533,4873.9349,4873.9349,366.8253,366.8253,37897.5885,37897.5885,4648.5533,4648.5533,2409.6034,2409.6034,164.4945,164.4945,37897.5885,37897.5885,2031.9466,2031.9466,1852.1797,1852.1797,147.6344,147.6344,16719.7953,16719.7953,3725.3261,3725.3261,3757.7951,3757.7951,289.0246,289.0246,30561.9646,30561.9646,4648.5533,4648.5533,4031.6952,4031.6952,338.8376,338.8376,37897.5885,30561.9646,0.7807,0.0627,4.3829,68.9700,22.1175,20.4801, NaN, NaN, NaN, NaN, NaN, NaN, NaN, NaN, NaN, NaN, NaN, NaN, NaN, NaN, NaN, NaN, NaN, NaN, NaN, NaN,1.0748,0.0702,8.9004,0.8274,0.9602, NaN, NaN, NaN, NaN, NaN,
11/2017,1189.1750,1189.1750,1023.7931,1023.7931,82.1340,82.1340,9227.1637,9227.1637,1189.1750,1189.1750,574.0484,574.0484,42.4372,42.4372,9227.1637,9227.1637,571.2682,571.2682,444.8405,444.8405,36.2110,36.2110,4586.9872,4586.9872,997.0819,997.0819,858.6457,858.6457,69.5589,69.5589,7804.8923,7804.8923,1189.1750,1189.1750,942.9955,942.9955,81.3065,81.3065,9227.1637,7804.8923,0.7693,0.0737,4.4105,69.5756,22.5053,21.2840, NaN, NaN, NaN, NaN, NaN, NaN, NaN, NaN, NaN, NaN, NaN, NaN, NaN, NaN, NaN, NaN, NaN, NaN, NaN, NaN,0.7005,0.0654,7.6993,9.4069,5.8997, NaN, NaN, NaN, NaN, NaN,
12/2017,1329.4800,1329.4800,1230.3124,1230.3124,94.9334,94.9334,9464.3794,9464.3794,1329.4800,1329.4800,657.7011,657.7011,44.5697,44.5697,9464.3794,9464.3794,829.4659,829.4659,704.2665,704.2665,53.7424,53.7424,5925.0132,5925.0132,1391.7053,1391.7053,1327.6070,1327.6070,101.8990,101.8990,9882.0704,9882.0704,1329.4800,1329.4800,1097.1345,1097.1345,89.8765,89.8765,9464.3794,9882.0704,0.7283,0.0797,4.2628,68.9103,22.5685,21.3514, NaN, NaN, NaN, NaN, NaN, NaN, NaN, NaN, NaN, NaN, NaN, NaN, NaN, NaN, NaN, NaN, NaN, NaN, NaN, NaN,0.6856,0.0772,7.3527,17.3545,13.2922, NaN, NaN, NaN, NaN, NaN,
01/2018,4223.3530,4223.3530,6187.9948,6187.9948,415.8322,415.8322,25931.5268,25931.5268,4223.3530,4223.3530,2515.7694,2515.7694,133.3486,133.3486,25931.5268,25931.5268,3432.6115,3432.6115,5129.0722,5129.0722,344.4616,344.4616,20961.2647,20961.2647,4140.3312,4140.3312,6091.7994,6091.7994,409.4185,409.4185,25412.5914,25412.5914,4223.3530,4223.3530,4679.6551,4679.6551,344.8691,344.8691,25931.5268,25412.5914,0.7833,0.0776,4.3815,69.5922,22.5532,21.1334, NaN, NaN, NaN, NaN, NaN, NaN, NaN, NaN, NaN, NaN, NaN, NaN, NaN, NaN, NaN, NaN, NaN, NaN, NaN, NaN,0.7226,0.0865,7.0031,20.7058,18.0174, NaN, NaN, NaN, NaN, NaN,
02/2018,444.2515,444.2515,331.3783,331.3783,27.1109,27.1109,2939.0159,2939.0159,444.2515,444.2515,196.5867,196.5867,14.4384,14.4384,2939.0159,2939.0159,274.4064,274.4064,195.3979,195.3979,16.0214,16.0214,1856.0619,1856.0619,413.2339,413.2339,304.9806,304.9806,24.6800,24.6800,2723.6742,2723.6742,444.2515,444.2515,324.3861,324.3861,27.0964,27.0964,2939.0159,2723.6742,0.7441,0.0772,4.2822,69.2168,22.6474,21.9498, NaN, NaN, NaN, NaN, NaN, NaN, NaN, NaN, NaN, NaN, NaN, NaN, NaN, NaN, NaN, NaN, NaN, NaN, NaN, NaN,0.7800,0.0776,7.3104,23.4273,15.4097, NaN, NaN, NaN, NaN, NaN,
03/2018,425.5027,425.5027,307.3314,307.3314,24.3951,24.3951,3038.8300,3038.8300,425.5027,425.5027,190.2785,190.2785,13.5364,13.5364,3038.8300,3038.8300,273.8189,273.8189,180.6862,180.6862,14.0733,14.0733,1960.9683,1960.9683,335.6813,335.6813,237.0397,237.0397,19.1458,19.1458,2434.9761,2434.9761,425.5027,425.5027,302.2387,302.2387,24.3610,24.3610,3038.8300,2434.9761,0.7348,0.0671,4.2613,69.0828,22.4121,22.3544, NaN, NaN, NaN, NaN, NaN, NaN, NaN, NaN, NaN, NaN, NaN, NaN, NaN, NaN, NaN, NaN, NaN, NaN, NaN, NaN,0.7166,0.0893,7.1481,21.8720,21.7007, NaN, NaN, NaN, NaN, NaN,
04/2018,820.9296,820.9296,660.9739,660.9739,51.6331,51.6331,5841.1313,5841.1313,820.9296,820.9296,376.4775,376.4775,25.4597,25.4597,5841.1313,5841.1313,402.7709,402.7709,275.4331,275.4331,21.8336,21.8336,2903.1412,2903.1412,605.0506,605.0506,455.9649,455.9649,36.2353,36.2353,4356.1702,4356.1702,820.9296,820.9296,620.9318,620.9318,50.6583,50.6583,5841.1313,4356.1702,0.7213,0.0634,4.3064,69.4082,22.3242,22.3036, NaN, NaN, NaN, NaN, NaN, NaN, NaN, NaN, NaN, NaN, NaN, NaN, NaN, NaN, NaN, NaN, NaN, NaN, NaN, NaN,0.7263,0.1065,6.9828,24.4318,22.7348, NaN, NaN, NaN, NaN, NaN,
