Date,BC BASE Flow Local (ML),BC BASE Flow Local + Upstream (ML),BC BASE TN Local (KG),BC BASE TN Local + Upstream (KG),BC BASE TP Local (KG),BC BASE TP Local + Upstream (KG),BC BASE OXY Local (KG),BC BASE OXY Local + Upstream (KG),BC Capped Flow Local (ML),BC Capped Flow Local + Upstream (ML),BC Capped TN Local (KG),BC Capped TN Local + Upstream (KG),BC Capped TP Local (KG),BC Capped TP Local + Upstream (KG),BC Capped OXY Local (KG),BC Capped OXY Local + Upstream (KG),BC Dry Flow Local (ML),BC Dry Flow Local + Upstream (ML),BC Dry TN Local (KG),BC Dry TN Local + Upstream (KG),BC Dry TP Local (KG),BC Dry TP Local + Upstream (KG),BC Dry OXY Local (KG),BC Dry OXY Local + Upstream (KG),BC Wet Flow Local (ML),BC Wet Flow Local + Upstream (ML),BC Wet TN Local (KG),BC Wet TN Local + Upstream (KG),BC Wet TP Local (KG),BC Wet TP Local + Upstream (KG),BC Wet OXY Local (KG),BC Wet OXY Local + Upstream (KG),BC Targets Flow Local (ML),BC Targets Flow Local + Upstream (ML),BC Targets TN Local (KG),BC Targets TN Local + Upstream (KG),BC Targets TP Local (KG),BC Targets TP Local + Upstream (KG),BC Targets OXY Local (KG),BC Targets OXY Local + Upstream (KG),Field Mean TN (mg/L),Field Mean TP (mg/L),Field Mean TCHLA (ug/L),Field Mean Oxygen (mg/L),Field Mean TEMP (C),Field Mean Salinity (psu),SCERM44_2015_2016_ALL Mean TN (mg/L),SCERM44_2015_2016_ALL Mean TP (mg/L),SCERM44_2015_2016_ALL Mean Oxy (mg/L),SCERM44_2015_2016_ALL Mean TCHLA (ug/L),SCERM44_2015_2016_ALL Mean Salinity (psu),SCERM44_2015_2016_Capped_ALL Mean TN (mg/L),SCERM44_2015_2016_Capped_ALL Mean TP (mg/L,)SCERM44_2015_2016_Capped_ALL Mean Oxy (mg/L),SCERM44_2015_2016_Capped_ALL Mean TCHLA (ug/L),SCERM44_2015_2016_Capped_ALL Mean Salinity (psu),SCERM44_2015_2016_Dry_ALL Mean TN (mg/L),SCERM44_2015_2016_Dry_ALL Mean TP (mg/L),SCERM44_2015_2016_Dry_ALL Mean Oxy (mg/L),SCERM44_2015_2016_Dry_ALL Mean TCHLA (ug/L),SCERM44_2015_2016_Dry_ALL Mean Salinity (psu),SCERM44_2015_2016_Target_ALL Mean TN (mg/L),SCERM44_2015_2016_Target_ALL Mean TP (mg/L),SCERM44_2015_2016_Target_ALL Mean Oxy (mg/L),SCERM44_2015_2016_Target_ALL Mean TCHLA (ug/L),SCERM44_2015_2016_Target_ALL Mean Salinity (psu),SCERM44_2017_2018_ALL Mean TN (mg/L),SCERM44_2017_2018_ALL Mean TP (mg/L),SCERM44_2017_2018_ALL Mean Oxy (mg/L),SCERM44_2017_2018_ALL Mean TCHLA (ug/L),SCERM44_2017_2018_ALL Mean Salinity (psu),SCERM44_2017_2018_Wet_ALL Mean TN (mg/L),SCERM44_2017_2018_Wet_ALL Mean TP (mg/L),SCERM44_2017_2018_Wet_ALL Mean Oxy (mg/L),SCERM44_2017_2018_Wet_ALL Mean TCHLA (ug/L),SCERM44_2017_2018_Wet_ALL Mean Salinity (psu),
01/2008,86.3827,411.4195,43.5231,551.3650,2.2758,27.0898,407.9850,2223.5926,86.3827,411.4195,25.8317,341.8018,2.0669,26.1997,407.9850,2223.5926,36.2794,132.0797,20.0046,157.6849,1.0188,4.6580,170.3646,692.6731,64.8518,388.9555,30.3497,485.3680,1.5910,22.4488,308.0445,2152.4543,86.3827,411.4195,43.5169,440.6954,2.2758,26.6162,407.9850,2152.4543,0.7600,0.1070,3.4126,69.6486,27.8034,15.3981, NaN, NaN, NaN, NaN, NaN, NaN, NaN, NaN, NaN, NaN, NaN, NaN, NaN, NaN, NaN, NaN, NaN, NaN, NaN, NaN, NaN, NaN, NaN, NaN, NaN, NaN, NaN, NaN, NaN, NaN,
02/2008,698.2330,1329.9293,635.1619,1361.2071,100.5948,208.3401,3694.1516,7522.8519,698.2330,1329.9293,305.8555,687.9994,21.6103,54.1735,3694.1516,7522.8519,284.5238,547.4822,234.3980,477.9603,42.6236,80.9467,1505.2760,3091.1667,1419.8803,2749.5245,1517.1098,3028.3090,197.2720,394.0327,7513.2741,15368.8036,698.2330,1329.9293,622.7635,1130.3081,78.8859,117.9163,3694.1516,15368.8036,0.7757,0.1268,3.6200,68.3875,26.3126,20.8094, NaN, NaN, NaN, NaN, NaN, NaN, NaN, NaN, NaN, NaN, NaN, NaN, NaN, NaN, NaN, NaN, NaN, NaN, NaN, NaN, NaN, NaN, NaN, NaN, NaN, NaN, NaN, NaN, NaN, NaN,
03/2008,210.5222,663.3014,164.2865,776.7269,36.6174,107.1322,1053.9717,3909.9050,210.5222,663.3014,87.1933,423.2219,6.4634,35.7486,1053.9717,3909.9050,139.9507,361.5667,111.1825,351.4074,26.5348,63.4470,698.5925,2110.6267,140.9789,511.7040,91.1182,608.9969,18.8868,64.1396,704.8523,3010.7048,210.5222,663.3014,162.1048,602.5895,28.4456,60.6480,1053.9717,3010.7048,0.7259,0.1096,3.8834,69.2449,23.9815,24.6328, NaN, NaN, NaN, NaN, NaN, NaN, NaN, NaN, NaN, NaN, NaN, NaN, NaN, NaN, NaN, NaN, NaN, NaN, NaN, NaN, NaN, NaN, NaN, NaN, NaN, NaN, NaN, NaN, NaN, NaN,
04/2008,1990.6819,11291.9702,1854.6424,18960.0571,367.2579,1139.8542,10390.4785,69928.8369,1990.6819,11291.9702,897.2651,17015.9756,64.9706,513.7895,10390.4785,69928.8369,808.8595,1530.5501,674.7148,1336.5116,156.7399,315.5404,4210.8343,9016.7345,1259.0986,2891.7994,1091.1781,2723.4961,233.3468,498.6608,6561.8517,17270.2299,1990.6819,11291.9702,1795.9138,18222.2253,273.7325,755.6535,10390.4785,17270.2299,1.4540,0.2410,0.8844,66.6007,20.6065,21.6789, NaN, NaN, NaN, NaN, NaN, NaN, NaN, NaN, NaN, NaN, NaN, NaN, NaN, NaN, NaN, NaN, NaN, NaN, NaN, NaN, NaN, NaN, NaN, NaN, NaN, NaN, NaN, NaN, NaN, NaN,
05/2008,1463.6506,5143.2883,1268.7993,6891.4358,203.1608,576.6929,8637.0870,36929.7204,1463.6506,5143.2883,653.4642,5454.1129,46.8804,196.8529,8637.0870,36929.7204,745.8134,1576.7136,589.6774,1376.4428,122.4822,289.3628,4455.8415,10419.7332,1634.4202,4730.7802,1413.9404,4564.5785,248.5947,626.2240,9716.8141,33959.7175,1463.6506,5143.2883,1255.8156,6311.5585,152.1689,332.2153,8637.0870,33959.7175,1.1733,0.1922,1.2266,71.3924,19.8438,22.2891, NaN, NaN, NaN, NaN, NaN, NaN, NaN, NaN, NaN, NaN, NaN, NaN, NaN, NaN, NaN, NaN, NaN, NaN, NaN, NaN, NaN, NaN, NaN, NaN, NaN, NaN, NaN, NaN, NaN, NaN,
06/2008,5541.7306,14207.7283,7246.5186,18847.0370,589.0255,1355.5900,44237.6056,121540.9891,5541.7306,14207.7283,3091.1868,13204.8030,190.7070,478.5047,44237.6056,121540.9891,1760.0630,3669.0970,1562.5479,3253.0121,312.9588,669.2229,13572.4163,29322.9881,5363.3059,14656.8614,6923.2723,15934.7678,582.5891,1271.1694,42886.9520,127030.3560,5541.7306,14207.7283,7102.8263,17721.4203,476.7639,823.9785,44237.6056,127030.3560,0.9438,0.1756,2.1026,69.4104,16.6856,17.4289, NaN, NaN, NaN, NaN, NaN, NaN, NaN, NaN, NaN, NaN, NaN, NaN, NaN, NaN, NaN, NaN, NaN, NaN, NaN, NaN, NaN, NaN, NaN, NaN, NaN, NaN, NaN, NaN, NaN, NaN,
07/2008,12037.5331,83671.0387,16179.7347,253895.0954,953.4599,11453.5627,108767.6937,845610.3399,12037.5331,83671.0387,6160.6823,223808.8307,371.0583,4635.8636,108767.6937,845610.3399,4224.7267,14455.7914,5806.2334,17072.7414,507.5383,1241.9169,38441.4182,142957.1749,14375.2666,136998.3110,19211.7822,328589.2391,1116.0634,18348.6643,130118.1120,1395518.1934,12037.5331,83671.0387,15522.7775,235474.4941,800.1193,5344.6982,108767.6937,1395518.1934,1.5277,0.0747,7.6030,66.6111,12.8276,8.6714, NaN, NaN, NaN, NaN, NaN, NaN, NaN, NaN, NaN, NaN, NaN, NaN, NaN, NaN, NaN, NaN, NaN, NaN, NaN, NaN, NaN, NaN, NaN, NaN, NaN, NaN, NaN, NaN, NaN, NaN,
08/2008,5691.0902,90219.5885,6444.6825,225138.3255,271.2610,7838.5445,49062.5599,925920.7628,5691.0902,90219.5885,2484.7989,212357.4327,153.8805,5112.9849,49062.5599,925920.7628,2287.0080,9175.2048,2978.2035,9685.5372,143.8681,373.9376,20347.4441,90914.8048,5809.4669,109870.0675,6369.8079,283132.9545,261.8077,11487.1567,50006.8372,1129531.1401,5691.0902,90219.5885,5893.4717,217061.2528,253.7814,5373.8765,49062.5599,1129531.1401,1.4867,0.0616,9.1724,67.2250,12.4709,4.3539, NaN, NaN, NaN, NaN, NaN, NaN, NaN, NaN, NaN, NaN, NaN, NaN, NaN, NaN, NaN, NaN, NaN, NaN, NaN, NaN, NaN, NaN, NaN, NaN, NaN, NaN, NaN, NaN, NaN, NaN,
09/2008,3989.8051,18611.0611,3644.9606,21897.7627,300.6969,950.0399,33860.3401,170350.0013,3989.8051,18611.0611,1641.7151,18599.3986,105.5304,442.3756,33860.3401,170350.0013,1444.0723,3530.3213,1146.6191,2874.0379,175.4073,394.8957,12313.9518,30991.5388,3264.2006,15496.4016,2776.9056,15255.5130,246.0640,760.7895,27381.5679,142858.3422,3989.8051,18611.0611,3427.8880,20826.9775,248.9920,637.9355,33860.3401,142858.3422,0.9594,0.0494,7.3681,66.2778,16.0763,6.2638, NaN, NaN, NaN, NaN, NaN, NaN, NaN, NaN, NaN, NaN, NaN, NaN, NaN, NaN, NaN, NaN, NaN, NaN, NaN, NaN, NaN, NaN, NaN, NaN, NaN, NaN, NaN, NaN, NaN, NaN,
10/2008,2613.7814,12909.7498,2154.5607,15398.4295,182.4231,679.6450,19674.3235,102852.2678,2613.7814,12909.7498,1001.7717,13125.9503,68.0199,331.3176,19674.3235,102852.2678,731.8339,1917.4234,527.0706,1581.7585,72.2428,184.3116,5494.7321,14432.1888,1951.5341,8309.2349,1505.7301,7456.2809,137.4982,435.9583,14493.2115,65906.7497,2613.7814,12909.7498,2041.1841,14513.6919,154.1473,459.0523,19674.3235,65906.7497,0.9470,0.0582,5.4764,69.4820,21.0143,6.8925, NaN, NaN, NaN, NaN, NaN, NaN, NaN, NaN, NaN, NaN, NaN, NaN, NaN, NaN, NaN, NaN, NaN, NaN, NaN, NaN, NaN, NaN, NaN, NaN, NaN, NaN, NaN, NaN, NaN, NaN,
11/2008,2237.7859,7032.7181,1768.1827,8082.4241,216.7693,581.0817,15022.6868,46543.5423,2237.7859,7032.7181,851.9463,6362.7579,61.3898,241.3401,15022.6868,46543.5423,555.0682,1165.3978,399.9486,976.1521,75.4633,159.8554,3742.4815,7310.1010,1717.8653,5040.8870,1335.3666,4223.2996,182.3883,424.4379,11441.0869,32610.6425,2237.7859,7032.7181,1699.3231,7496.1873,172.0339,385.5133,15022.6868,32610.6425,0.9810,0.0836,5.7566,69.6153,21.8182,7.4369, NaN, NaN, NaN, NaN, NaN, NaN, NaN, NaN, NaN, NaN, NaN, NaN, NaN, NaN, NaN, NaN, NaN, NaN, NaN, NaN, NaN, NaN, NaN, NaN, NaN, NaN, NaN, NaN, NaN, NaN,
12/2008,700.7904,1803.1853,540.0009,1908.5274,52.4005,164.5606,4291.8289,10289.8296,700.7904,1803.1853,266.2622,1204.1935,21.0760,73.4818,4291.8289,10289.8296,202.4611,513.7690,139.4957,482.6292,25.1691,70.5313,1263.0331,2828.7644,613.8979,2018.8051,473.8205,1842.5913,52.9125,167.7919,3764.2748,11606.3007,700.7904,1803.1853,528.0027,1628.9771,46.7456,110.1151,4291.8289,11606.3007,0.8325,0.0794,4.1727,69.4479,25.9228,6.6500, NaN, NaN, NaN, NaN, NaN, NaN, NaN, NaN, NaN, NaN, NaN, NaN, NaN, NaN, NaN, NaN, NaN, NaN, NaN, NaN, NaN, NaN, NaN, NaN, NaN, NaN, NaN, NaN, NaN, NaN,
01/2009,190.6416,775.8461,123.4144,1456.0072,10.3681,47.0779,1141.4215,4266.1396,190.6416,775.8461,69.5292,1202.0059,5.4468,40.6281,1141.4215,4266.1396,88.3526,878.9731,58.8162,1425.9070,6.9209,42.5355,545.4847,4936.9696,160.9546,616.2394,102.6268,726.7515,9.3265,37.0012,970.3029,3423.2024,190.6416,775.8461,123.2120,1340.0657,8.6721,44.2311,1141.4215,3423.2024,0.8895,0.0834,2.5834,68.6090,28.3379,11.1743, NaN, NaN, NaN, NaN, NaN, NaN, NaN, NaN, NaN, NaN, NaN, NaN, NaN, NaN, NaN, NaN, NaN, NaN, NaN, NaN, NaN, NaN, NaN, NaN, NaN, NaN, NaN, NaN, NaN, NaN,
02/2009,244.7366,3915.9072,189.0292,11925.9948,20.8378,189.2190,1654.7663,21377.5568,244.7366,3915.9072,101.7727,11637.0846,7.7791,166.2468,1654.7663,21377.5568,101.6928,319.0752,71.8559,321.7797,8.5568,18.1592,685.8798,1885.7489,413.3203,843.7046,367.6001,901.7032,39.6668,83.3022,2844.7625,5273.1372,244.7366,3915.9072,188.6244,11806.2823,16.8296,176.4216,1654.7663,5273.1372,1.3860,0.1660,2.4692,70.8486,26.3442,14.4772, NaN, NaN, NaN, NaN, NaN, NaN, NaN, NaN, NaN, NaN, NaN, NaN, NaN, NaN, NaN, NaN, NaN, NaN, NaN, NaN, NaN, NaN, NaN, NaN, NaN, NaN, NaN, NaN, NaN, NaN,
03/2009,157.7491,1442.6640,109.0796,2920.5591,19.9456,104.1735,1053.0741,7582.4161,157.7491,1442.6640,64.4852,2603.5391,4.7209,55.6435,1053.0741,7582.4161,96.6384,295.9027,65.3254,285.1144,13.9204,44.3583,649.7709,1836.8048,96.8890,499.5130,60.9150,625.9041,10.2676,54.7315,644.3938,2990.6338,157.7491,1442.6640,108.6476,2752.6505,15.1511,68.7063,1053.0741,2990.6338,0.9932,0.0971,3.4771,68.7461,23.9048,18.2610, NaN, NaN, NaN, NaN, NaN, NaN, NaN, NaN, NaN, NaN, NaN, NaN, NaN, NaN, NaN, NaN, NaN, NaN, NaN, NaN, NaN, NaN, NaN, NaN, NaN, NaN, NaN, NaN, NaN, NaN,
04/2009,146.7158,648.5184,112.4943,859.0894,22.5775,93.9570,977.9605,4149.8042,146.7158,648.5184,63.5653,504.1896,4.7005,39.8050,977.9605,4149.8042,71.5133,251.2858,53.7145,276.4942,10.1162,32.4795,469.6662,1609.7153,100.1462,526.0205,72.4191,683.2592,14.5842,68.8918,664.1564,3355.7282,146.7158,648.5184,111.9148,663.5914,16.7706,55.3948,977.9605,3355.7282,0.8733,0.0749,3.3462,67.6903,21.2611,24.3146, NaN, NaN, NaN, NaN, NaN, NaN, NaN, NaN, NaN, NaN, NaN, NaN, NaN, NaN, NaN, NaN, NaN, NaN, NaN, NaN, NaN, NaN, NaN, NaN, NaN, NaN, NaN, NaN, NaN, NaN,
05/2009,813.4819,1896.4195,748.0571,2165.0018,151.3742,353.5559,5717.8043,13090.2103,813.4819,1896.4195,373.0321,1179.0489,27.4339,80.6719,5717.8043,13090.2103,531.2304,1083.4128,464.6147,1021.4527,100.9011,215.7998,3736.4280,7492.4340,1033.1712,2464.8624,986.4900,2607.2535,195.4388,447.2832,7264.7479,17002.6937,813.4819,1896.4195,738.4924,1740.9491,108.9428,179.6062,5717.8043,17002.6937,0.7512,0.0649,3.9538,66.9438,18.2717,26.3968, NaN, NaN, NaN, NaN, NaN, NaN, NaN, NaN, NaN, NaN, NaN, NaN, NaN, NaN, NaN, NaN, NaN, NaN, NaN, NaN, NaN, NaN, NaN, NaN, NaN, NaN, NaN, NaN, NaN, NaN,
06/2009,2768.9731,9336.8333,3125.5454,11704.1717,412.7083,1035.1792,20300.5530,74985.7235,2768.9731,9336.8333,1419.8297,8597.5574,96.5441,275.4801,20300.5530,74985.7235,1581.9840,4645.2960,1318.9577,4474.7978,267.4179,647.4650,11515.0550,37004.9020,3012.7248,11896.9690,3689.8994,14194.6641,430.3379,1148.7882,22167.4046,98208.4888,2768.9731,9336.8333,3099.1423,10678.7440,310.2144,540.3009,20300.5530,98208.4888,0.9641,0.0621,4.0783,68.4320,15.8670,21.3189, NaN, NaN, NaN, NaN, NaN, NaN, NaN, NaN, NaN, NaN, NaN, NaN, NaN, NaN, NaN, NaN, NaN, NaN, NaN, NaN, NaN, NaN, NaN, NaN, NaN, NaN, NaN, NaN, NaN, NaN,
07/2009,8360.6774,106238.7706,12488.7404,251502.1467,700.7071,7576.2640,68201.3410,999244.2551,8360.6774,106238.7706,4838.5262,239402.1592,287.5339,5851.7517,68201.3410,999244.2551,3014.5997,13857.2381,4041.4174,16822.2938,367.3683,1080.0420,24589.7396,125959.2285,10467.6278,153428.0573,15617.4848,383826.5413,844.7274,14930.6739,85421.3961,1447650.1849,8360.6774,106238.7706,12356.1091,247897.4388,591.6074,6262.8276,68201.3410,1447650.1849,1.9667,0.0800,15.2650,67.9583,12.6522,5.9222, NaN, NaN, NaN, NaN, NaN, NaN, NaN, NaN, NaN, NaN, NaN, NaN, NaN, NaN, NaN, NaN, NaN, NaN, NaN, NaN, NaN, NaN, NaN, NaN, NaN, NaN, NaN, NaN, NaN, NaN,
08/2009,9465.3014,101024.0640,11691.9205,197053.5415,670.1654,10190.2116,76271.8483,935407.6187,9465.3014,101024.0640,4601.7468,170157.6862,274.1790,3815.3906,76271.8483,935407.6187,5318.6112,22416.9811,7416.1615,26925.4375,499.2495,1363.4522,43310.9445,201136.0983,8238.6029,91274.9990,9516.9642,156198.1917,561.0005,8713.5745,66090.7996,840893.6725,9465.3014,101024.0640,11351.2648,179794.1514,559.7620,4473.7590,76271.8483,840893.6725,1.5540,0.0670,8.7627,67.7375,14.4045,4.1878, NaN, NaN, NaN, NaN, NaN, NaN, NaN, NaN, NaN, NaN, NaN, NaN, NaN, NaN, NaN, NaN, NaN, NaN, NaN, NaN, NaN, NaN, NaN, NaN, NaN, NaN, NaN, NaN, NaN, NaN,
09/2009,8790.1027,67422.0067,9303.5716,94231.3432,525.2745,6346.2715,72819.6054,626156.3663,8790.1027,67422.0067,3857.3206,74367.4962,233.1426,1669.1852,72819.6054,626156.3663,4274.0611,16656.5981,4820.0936,17154.4166,333.8221,893.8046,35709.5980,151527.6001,6741.8698,50533.9776,6744.0539,72932.7784,410.3816,4054.0172,55642.8940,470246.6951,8790.1027,67422.0067,8919.1086,81927.0638,447.5767,2207.9721,72819.6054,470246.6951,1.0707,0.0641,8.6428,65.8361,15.1905,3.3788, NaN, NaN, NaN, NaN, NaN, NaN, NaN, NaN, NaN, NaN, NaN, NaN, NaN, NaN, NaN, NaN, NaN, NaN, NaN, NaN, NaN, NaN, NaN, NaN, NaN, NaN, NaN, NaN, NaN, NaN,
10/2009,1747.5091,12659.3712,1240.7832,12733.3459,72.6396,387.6503,13334.0387,106248.7067,1747.5091,12659.3712,575.4197,11146.2746,40.8788,247.4681,13334.0387,106248.7067,607.1328,2678.2963,375.1980,2169.8068,26.9749,98.6548,4638.4464,22126.9428,1354.8816,10969.0416,911.3200,11707.9604,55.6641,380.2994,10284.1350,93077.2749,1747.5091,12659.3712,1157.5962,12006.8245,67.0626,310.8917,13334.0387,93077.2749,0.7005,0.0419,6.9216,68.4424,19.4215,4.0398, NaN, NaN, NaN, NaN, NaN, NaN, NaN, NaN, NaN, NaN, NaN, NaN, NaN, NaN, NaN, NaN, NaN, NaN, NaN, NaN, NaN, NaN, NaN, NaN, NaN, NaN, NaN, NaN, NaN, NaN,
11/2009,1294.9459,5248.0570,974.8115,5515.6089,131.5739,395.0497,8193.9125,34632.3131,1294.9459,5248.0570,470.2144,4185.2981,35.5125,140.1066,8193.9125,34632.3131,390.8563,955.9210,277.4546,834.8187,48.9013,123.3964,2480.5524,5755.8697,1014.4483,5421.3926,772.3198,4850.5919,111.0654,350.8739,6407.6368,36338.0296,1294.9459,5248.0570,947.3612,4922.9901,104.6359,242.1685,8193.9125,36338.0296,0.7532,0.0524,5.0413,69.1507,23.7442,6.2316, NaN, NaN, NaN, NaN, NaN, NaN, NaN, NaN, NaN, NaN, NaN, NaN, NaN, NaN, NaN, NaN, NaN, NaN, NaN, NaN, NaN, NaN, NaN, NaN, NaN, NaN, NaN, NaN, NaN, NaN,
12/2009,260.7984,1062.5731,143.6039,1257.5430,7.5365,59.9460,1392.1977,6270.4783,260.7984,1062.5731,76.7624,856.2393,6.3265,49.9484,1392.1977,6270.4783,69.5866,236.3213,35.2695,257.7533,1.9864,10.2805,367.2700,1287.4365,193.2250,848.7850,102.3920,928.9936,5.3986,49.4222,1032.9002,4960.3139,260.7984,1062.5731,143.3840,1042.9465,7.5082,57.1306,1392.1977,4960.3139,0.8507,0.0863,3.6032,69.7625,27.4826,8.9990, NaN, NaN, NaN, NaN, NaN, NaN, NaN, NaN, NaN, NaN, NaN, NaN, NaN, NaN, NaN, NaN, NaN, NaN, NaN, NaN, NaN, NaN, NaN, NaN, NaN, NaN, NaN, NaN, NaN, NaN,
01/2010,67.7549,396.0749,32.0553,579.3676,1.6458,32.1059,369.6395,2255.7311,67.7549,396.0749,19.6136,333.1188,1.5348,31.3197,369.6395,2255.7311,32.2531,134.0928,17.5825,162.8744,0.8684,4.7902,177.7435,763.0949,52.0214,372.4790,23.1656,532.8044,1.1798,27.9194,285.3989,2136.8583,67.7549,396.0749,32.0497,438.2009,1.6458,31.7005,369.6395,2136.8583,0.8633,0.1059,2.9580,70.0382,27.8664,15.3143, NaN, NaN, NaN, NaN, NaN, NaN, NaN, NaN, NaN, NaN, NaN, NaN, NaN, NaN, NaN, NaN, NaN, NaN, NaN, NaN, NaN, NaN, NaN, NaN, NaN, NaN, NaN, NaN, NaN, NaN,
02/2010,39.7699,333.8582,21.8422,523.7424,1.3786,29.7209,237.1495,2030.9824,39.7699,333.8582,13.3948,298.6329,1.0321,28.6202,237.1495,2030.9824,18.4464,114.6701,9.5169,151.2727,0.5831,4.6472,110.4063,697.5435,37.6704,316.7424,20.7873,476.2612,1.6207,26.3953,232.5295,1935.6989,39.7699,333.8582,21.8244,391.8124,1.3707,29.1721,237.1495,1935.6989,0.8785,0.1122,4.1091,72.4195,27.0195,19.5436, NaN, NaN, NaN, NaN, NaN, NaN, NaN, NaN, NaN, NaN, NaN, NaN, NaN, NaN, NaN, NaN, NaN, NaN, NaN, NaN, NaN, NaN, NaN, NaN, NaN, NaN, NaN, NaN, NaN, NaN,
03/2010,459.9504,1656.5472,446.2313,4317.7208,98.2556,283.7943,2865.2988,10247.7172,459.9504,1656.5472,208.5709,3680.7958,14.7155,129.1423,2865.2988,10247.7172,339.9754,988.8739,316.4462,1036.1272,72.1831,140.2886,2120.9116,6156.9735,239.8291,1160.8186,208.1295,1272.6528,49.1522,122.0369,1494.5191,7211.2038,459.9504,1656.5472,432.9293,4047.0274,69.6876,192.7257,2865.2988,7211.2038,1.2058,0.2051,3.7771,83.5306,25.3171,24.6548, NaN, NaN, NaN, NaN, NaN, NaN, NaN, NaN, NaN, NaN, NaN, NaN, NaN, NaN, NaN, NaN, NaN, NaN, NaN, NaN, NaN, NaN, NaN, NaN, NaN, NaN, NaN, NaN, NaN, NaN,
04/2010,358.8451,2070.6797,277.7979,5559.2635,61.7365,258.4786,2357.3708,11978.6717,358.8451,2070.6797,154.8773,5009.9568,11.0388,145.3666,2357.3708,11978.6717,162.9590,434.4106,117.1533,437.7907,27.0697,62.8346,1063.0860,2880.3347,231.6989,790.5686,171.1825,940.2422,39.5779,116.8730,1520.9673,5195.1374,358.8451,2070.6797,275.2841,5273.7653,45.8557,190.9872,2357.3708,5195.1374,1.4520,0.2680,2.3864,76.8778,21.9908,22.6378, NaN, NaN, NaN, NaN, NaN, NaN, NaN, NaN, NaN, NaN, NaN, NaN, NaN, NaN, NaN, NaN, NaN, NaN, NaN, NaN, NaN, NaN, NaN, NaN, NaN, NaN, NaN, NaN, NaN, NaN,
05/2010,1303.4822,3277.5062,1199.6695,4066.8885,247.4897,595.5174,9062.1792,23456.6075,1303.4822,3277.5062,594.2060,2485.7219,43.3794,124.9992,9062.1792,23456.6075,868.9421,1789.5946,761.6922,1651.6139,165.3991,364.5751,6024.6966,12694.7093,1631.8886,4093.5542,1548.5441,4203.7208,317.3877,744.8444,11371.6054,29237.7909,1303.4822,3277.5062,1180.4734,3356.1900,180.4263,297.1895,9062.1792,29237.7909,0.9372,0.0880,2.6203,69.0515,18.1160,23.7768, NaN, NaN, NaN, NaN, NaN, NaN, NaN, NaN, NaN, NaN, NaN, NaN, NaN, NaN, NaN, NaN, NaN, NaN, NaN, NaN, NaN, NaN, NaN, NaN, NaN, NaN, NaN, NaN, NaN, NaN,
06/2010,878.3078,3975.1517,763.1991,6454.7357,142.1002,434.4760,6233.9662,31901.5199,878.3078,3975.1517,393.4880,5267.1099,29.0141,152.6267,6233.9662,31901.5199,558.3427,1386.9619,464.2220,1305.0783,95.2955,229.1519,3927.5426,10414.6945,857.7792,3180.1766,733.7728,3138.7897,141.3129,390.5851,6097.8320,25039.4693,878.3078,3975.1517,754.7283,5865.7617,107.4903,264.7678,6233.9662,25039.4693,0.6823,0.0604,2.2011,68.5896,16.7863,24.8614, NaN, NaN, NaN, NaN, NaN, NaN, NaN, NaN, NaN, NaN, NaN, NaN, NaN, NaN, NaN, NaN, NaN, NaN, NaN, NaN, NaN, NaN, NaN, NaN, NaN, NaN, NaN, NaN, NaN, NaN,
07/2010,3742.9171,15844.0493,4653.7693,23585.1361,484.1682,1308.6062,28929.9690,142820.8766,3742.9171,15844.0493,2059.1611,19287.0837,128.0994,472.3387,28929.9690,142820.8766,1539.1901,3924.0634,1353.5344,3582.0777,285.7429,650.1312,11808.7630,32429.6850,4830.0365,26915.0429,6672.5799,36445.6326,596.6125,1901.8394,37660.9520,249142.3216,3742.9171,15844.0493,4594.8000,22340.9436,378.4201,787.5179,28929.9690,249142.3216,0.9930,0.0614,4.3367,67.0695,13.9683,16.3083, NaN, NaN, NaN, NaN, NaN, NaN, NaN, NaN, NaN, NaN, NaN, NaN, NaN, NaN, NaN, NaN, NaN, NaN, NaN, NaN, NaN, NaN, NaN, NaN, NaN, NaN, NaN, NaN, NaN, NaN,
08/2010,2290.2307,10665.9590,2283.2604,11634.9463,219.5053,639.1050,17195.1651,90212.9632,2290.2307,10665.9590,1108.5078,9350.9321,71.6825,250.5173,17195.1651,90212.9632,903.2774,2704.4410,767.7062,2393.8444,148.4265,364.0800,6668.1742,21137.8529,2144.8022,12923.0122,2038.7854,12413.5291,189.5501,627.8831,16024.1428,111414.0894,2290.2307,10665.9590,2244.9413,10832.4047,178.7173,402.8706,17195.1651,111414.0894,0.8793,0.0931,3.6163,66.3920,15.4229,15.0894, NaN, NaN, NaN, NaN, NaN, NaN, NaN, NaN, NaN, NaN, NaN, NaN, NaN, NaN, NaN, NaN, NaN, NaN, NaN, NaN, NaN, NaN, NaN, NaN, NaN, NaN, NaN, NaN, NaN, NaN,
09/2010,1432.4170,5975.2512,1251.3038,5714.7821,133.7919,413.3900,10698.8503,47160.9129,1432.4170,5975.2512,622.5248,4211.0507,43.1656,155.4282,10698.8503,47160.9129,533.3040,1525.4870,421.8583,1359.9825,80.6254,210.3653,4003.3657,11367.3360,1141.0243,5030.4845,923.5935,4641.5786,106.9142,342.3279,8416.0607,39762.0842,1432.4170,5975.2512,1223.8556,5088.0915,110.1335,256.7736,10698.8503,39762.0842,0.7420,0.1120,3.6846,67.6611,17.4650,12.9563, NaN, NaN, NaN, NaN, NaN, NaN, NaN, NaN, NaN, NaN, NaN, NaN, NaN, NaN, NaN, NaN, NaN, NaN, NaN, NaN, NaN, NaN, NaN, NaN, NaN, NaN, NaN, NaN, NaN, NaN,
10/2010,598.2768,1776.0125,442.9414,1875.7939,66.1747,171.6367,3488.1105,9596.8704,598.2768,1776.0125,238.8481,1252.3682,17.9547,71.6588,3488.1105,9596.8704,228.9082,503.9626,159.8531,486.6684,30.2661,63.1071,1328.0001,2327.9184,461.2032,1165.3632,326.8346,1212.9585,49.2283,129.0962,2686.3031,5669.9838,598.2768,1776.0125,439.6570,1605.2552,51.2556,115.7303,3488.1105,5669.9838,0.8020,0.0692,3.4525,69.5195,21.6607,14.8920, NaN, NaN, NaN, NaN, NaN, NaN, NaN, NaN, NaN, NaN, NaN, NaN, NaN, NaN, NaN, NaN, NaN, NaN, NaN, NaN, NaN, NaN, NaN, NaN, NaN, NaN, NaN, NaN, NaN, NaN,
11/2010,250.3181,768.8477,173.0075,894.8703,27.9844,96.9939,1306.4125,3419.1489,250.3181,768.8477,97.3533,513.7459,7.2589,42.2914,1306.4125,3419.1489,83.3760,262.0858,54.3954,273.4346,10.7226,30.2976,441.9099,1122.5768,202.7981,673.0992,138.5476,770.9210,23.6731,83.6218,1063.9306,2988.5685,250.3181,768.8477,171.6325,702.0700,21.6641,60.7752,1306.4125,2988.5685,0.7620,0.0661,3.9520,69.4490,24.1991,17.7541, NaN, NaN, NaN, NaN, NaN, NaN, NaN, NaN, NaN, NaN, NaN, NaN, NaN, NaN, NaN, NaN, NaN, NaN, NaN, NaN, NaN, NaN, NaN, NaN, NaN, NaN, NaN, NaN, NaN, NaN,
12/2010,280.4112,785.3933,217.7257,854.6769,48.7752,131.8178,1469.8965,3696.9767,280.4112,785.3933,119.3658,468.0430,8.7383,38.5504,1469.8965,3696.9767,184.6282,439.1021,143.8296,398.9444,34.9131,80.3829,975.2319,2122.8108,309.0096,854.3318,249.0468,899.7810,56.0741,146.2345,1623.8572,4093.3208,280.4112,785.3933,215.3067,675.7383,37.5431,71.5182,1469.8965,4093.3208,0.8140,0.0742,3.4424,68.8452,25.3494,20.6390, NaN, NaN, NaN, NaN, NaN, NaN, NaN, NaN, NaN, NaN, NaN, NaN, NaN, NaN, NaN, NaN, NaN, NaN, NaN, NaN, NaN, NaN, NaN, NaN, NaN, NaN, NaN, NaN, NaN, NaN,
01/2011,448.5456,896.5296,369.8587,910.6004,82.5656,156.7590,2362.7886,4631.3956,448.5456,896.5296,195.2574,496.2940,14.0458,37.2590,2362.7886,4631.3956,415.8950,694.5955,347.5974,603.8542,78.8838,134.4974,2187.4218,3643.8392,439.0934,885.0816,362.4104,887.6080,82.2310,154.9167,2321.1653,4604.0736,448.5456,896.5296,367.2201,767.8372,61.0368,88.7393,2362.7886,4604.0736,0.8310,0.0831,2.8735,70.9675,28.1602,25.0269, NaN, NaN, NaN, NaN, NaN, NaN, NaN, NaN, NaN, NaN, NaN, NaN, NaN, NaN, NaN, NaN, NaN, NaN, NaN, NaN, NaN, NaN, NaN, NaN, NaN, NaN, NaN, NaN, NaN, NaN,
02/2011,24.8400,262.3622,16.2155,358.5846,1.9292,20.5556,122.8593,1423.6215,24.8400,262.3622,9.3520,215.7314,0.7554,16.0651,122.8593,1423.6215,12.1392,86.6246,8.1044,101.5109,0.8356,4.0281,58.1010,466.7042,26.5766,291.7901,18.8269,365.5943,3.1736,24.7631,131.5474,1586.4749,24.8400,262.3622,16.1881,283.0924,1.7764,17.2989,122.8593,1586.4749,0.9430,0.1016,3.3402,70.9132,26.5569,28.8665, NaN, NaN, NaN, NaN, NaN, NaN, NaN, NaN, NaN, NaN, NaN, NaN, NaN, NaN, NaN, NaN, NaN, NaN, NaN, NaN, NaN, NaN, NaN, NaN, NaN, NaN, NaN, NaN, NaN, NaN,
03/2011,234.5414,537.1574,236.4289,632.9114,20.0852,49.0539,1685.0784,3599.5128,234.5414,537.1574,112.7383,348.8721,8.6202,25.8673,1685.0784,3599.5128,168.1862,294.4771,161.1739,285.5522,14.3083,25.6592,1213.1617,2035.9814,122.0054,371.7187,106.6141,461.4605,9.6836,30.7143,872.4613,2429.8850,234.5414,537.1574,236.3835,545.2512,12.0513,30.7001,1685.0784,2429.8850,1.0220,0.1154,3.5372,70.1202,24.8939,31.1628, NaN, NaN, NaN, NaN, NaN, NaN, NaN, NaN, NaN, NaN, NaN, NaN, NaN, NaN, NaN, NaN, NaN, NaN, NaN, NaN, NaN, NaN, NaN, NaN, NaN, NaN, NaN, NaN, NaN, NaN,
04/2011,351.3802,839.5920,277.9362,857.2061,62.5955,147.9090,2406.3283,5771.8149,351.3802,839.5920,154.1825,471.6275,11.0513,36.4994,2406.3283,5771.8149,160.8941,352.0627,117.7175,315.2967,27.4929,59.1232,1094.1305,2417.0248,233.0035,620.8013,176.4266,661.5557,40.4275,100.2024,1589.4640,4257.8376,351.3802,839.5920,276.9351,696.0544,45.8561,75.9914,2406.3283,4257.8376,0.9760,0.0998,3.6221,69.0313,21.9997,33.7964, NaN, NaN, NaN, NaN, NaN, NaN, NaN, NaN, NaN, NaN, NaN, NaN, NaN, NaN, NaN, NaN, NaN, NaN, NaN, NaN, NaN, NaN, NaN, NaN, NaN, NaN, NaN, NaN, NaN, NaN,
05/2011,842.4864,1891.7712,749.9218,1933.0041,169.5251,395.4972,6021.2760,13945.7663,842.4864,1891.7712,378.8044,953.2686,27.5145,77.2770,6021.2760,13945.7663,575.1216,1204.5974,491.8900,1086.6485,114.8870,250.8622,4099.0088,8869.7183,1078.4534,2435.4691,995.9266,2440.1444,219.7686,503.0729,7707.3134,18215.0063,842.4864,1891.7712,735.8551,1509.7820,129.7351,196.3254,6021.2760,18215.0063,0.9840,0.0757,4.0243,67.2452,18.2480,33.1059, NaN, NaN, NaN, NaN, NaN, NaN, NaN, NaN, NaN, NaN, NaN, NaN, NaN, NaN, NaN, NaN, NaN, NaN, NaN, NaN, NaN, NaN, NaN, NaN, NaN, NaN, NaN, NaN, NaN, NaN,
06/2011,2167.6550,5299.5341,2000.1511,7541.8505,379.1585,898.3852,16202.0180,42454.4228,2167.6550,5299.5341,978.3261,5345.3887,68.5335,212.0707,16202.0180,42454.4228,1431.6826,2875.9709,1250.9726,2569.9094,266.0466,563.3822,10678.3029,22480.0150,2216.4624,6100.1424,2066.2238,5942.5111,386.1000,880.5829,16561.1775,49630.9105,2167.6550,5299.5341,1960.7348,6665.6045,281.7748,466.7358,16202.0180,49630.9105,0.8850,0.0630,2.8647,67.4472,16.2775,26.0041, NaN, NaN, NaN, NaN, NaN, NaN, NaN, NaN, NaN, NaN, NaN, NaN, NaN, NaN, NaN, NaN, NaN, NaN, NaN, NaN, NaN, NaN, NaN, NaN, NaN, NaN, NaN, NaN, NaN, NaN,
07/2011,5852.2090,30170.0678,8486.1768,65829.8262,641.9639,2755.9885,40927.3099,264719.3391,5852.2090,30170.0678,3505.1458,59026.2311,212.2959,1745.7143,40927.3099,264719.3391,2100.8419,6652.2384,2118.5033,6305.1307,355.5081,836.5551,14475.7258,52755.6939,7350.8256,53392.6253,11131.1601,80437.7820,781.7458,3214.4187,51360.1953,481388.8118,5852.2090,30170.0678,8394.7774,64520.7811,515.3689,2122.3485,40927.3099,481388.8118,1.3460,0.0698,5.4245,75.4847,14.1290,14.2157, NaN, NaN, NaN, NaN, NaN, NaN, NaN, NaN, NaN, NaN, NaN, NaN, NaN, NaN, NaN, NaN, NaN, NaN, NaN, NaN, NaN, NaN, NaN, NaN, NaN, NaN, NaN, NaN, NaN, NaN,
08/2011,9068.2589,88126.0733,11816.1274,214121.9616,649.9707,6306.0969,65621.8712,789881.7522,9068.2589,88126.0733,4650.2336,204969.9319,279.9905,5469.9592,65621.8712,789881.7522,4646.5574,15596.3405,6482.1424,18072.7940,449.4657,1048.6374,34280.8261,132441.8924,8293.8125,81324.8554,10306.1340,138741.9407,560.1829,4394.2102,59263.3848,723714.3368,9068.2589,88126.0733,11522.8813,212571.7384,546.7550,5815.4914,65621.8712,723714.3368,1.7533,0.0570,8.2958,70.2057,15.0333,5.6748, NaN, NaN, NaN, NaN, NaN, NaN, NaN, NaN, NaN, NaN, NaN, NaN, NaN, NaN, NaN, NaN, NaN, NaN, NaN, NaN, NaN, NaN, NaN, NaN, NaN, NaN, NaN, NaN, NaN, NaN,
09/2011,6897.8390,31687.8394,7148.7290,39994.8378,500.5470,1631.4418,53458.3374,290887.8354,6897.8390,31687.8394,3086.3702,34088.5393,194.3406,864.8297,53458.3374,290887.8354,3191.7197,9469.2413,3203.1994,9049.0254,311.2448,689.8008,25059.4633,83285.6045,5169.4934,24368.3770,4972.4718,25150.2390,387.3229,1150.3812,39792.5489,224252.8235,6897.8390,31687.8394,6795.7982,38552.7361,415.8617,1173.2810,53458.3374,224252.8235,1.1200,0.0509,7.7759,71.6715,15.9099,4.1095, NaN, NaN, NaN, NaN, NaN, NaN, NaN, NaN, NaN, NaN, NaN, NaN, NaN, NaN, NaN, NaN, NaN, NaN, NaN, NaN, NaN, NaN, NaN, NaN, NaN, NaN, NaN, NaN, NaN, NaN,
10/2011,2986.4678,15070.6742,2378.9410,18759.0506,238.9644,854.0482,20627.2705,116535.0814,2986.4678,15070.6742,1096.7373,16358.9956,77.8273,452.0784,20627.2705,116535.0814,983.2493,2854.9757,705.0316,2244.5154,101.7098,242.4087,6846.2690,20730.1551,2080.6675,10962.4579,1612.5104,9654.6020,174.5915,533.6426,14260.5799,84190.5813,2986.4678,15070.6742,2219.1012,17850.3201,197.0054,616.4444,20627.2705,84190.5813,1.0620,0.0540,5.6952,67.7450,20.2688,6.3050, NaN, NaN, NaN, NaN, NaN, NaN, NaN, NaN, NaN, NaN, NaN, NaN, NaN, NaN, NaN, NaN, NaN, NaN, NaN, NaN, NaN, NaN, NaN, NaN, NaN, NaN, NaN, NaN, NaN, NaN,
11/2011,2081.3933,9441.3686,1503.8949,13133.9930,152.8439,1194.5382,13873.8502,68502.9003,2081.3933,9441.3686,719.8454,11647.4472,52.9572,957.7312,13873.8502,68502.9003,485.8445,1277.8387,338.0921,1042.3155,50.6532,116.4489,3233.3653,8638.6532,1465.3872,8719.3930,1075.7964,7457.9333,122.9404,379.9322,9689.0152,64053.3900,2081.3933,9441.3686,1439.7539,12615.4231,123.5372,1055.0612,13873.8502,64053.3900,1.1800,0.0958,4.7138,68.7153,22.4281,8.7080, NaN, NaN, NaN, NaN, NaN, NaN, NaN, NaN, NaN, NaN, NaN, NaN, NaN, NaN, NaN, NaN, NaN, NaN, NaN, NaN, NaN, NaN, NaN, NaN, NaN, NaN, NaN, NaN, NaN, NaN,
12/2011,1463.1062,4410.0547,1254.3358,5439.2764,182.4580,434.7173,6720.9055,23922.1368,1463.1062,4410.0547,585.0925,4031.0538,44.1637,130.0426,6720.9055,23922.1368,669.7555,2461.0090,570.7504,1968.1151,117.0527,257.0859,3177.0312,13770.2645,1443.2170,7535.1773,1272.3693,7201.1147,201.7085,532.4459,6675.0924,43979.7383,1463.1062,4410.0547,1207.1433,4881.5320,142.9769,250.6468,6720.9055,43979.7383,1.0550,0.1497,3.0582,71.3618,25.3641,10.8273, NaN, NaN, NaN, NaN, NaN, NaN, NaN, NaN, NaN, NaN, NaN, NaN, NaN, NaN, NaN, NaN, NaN, NaN, NaN, NaN, NaN, NaN, NaN, NaN, NaN, NaN, NaN, NaN, NaN, NaN,
01/2012,773.4960,3059.0611,627.5079,4978.7802,83.8582,176.8601,3399.4907,12877.1725,773.4960,3059.0611,316.8605,4373.4243,23.7961,79.5976,3399.4907,12877.1725,520.1885,860.2589,436.5297,728.2223,72.6157,114.1484,2336.0543,3369.4113,719.4787,1437.4714,589.6531,1348.6360,82.0098,150.9057,3169.0068,5398.0834,773.4960,3059.0611,624.9764,4802.2534,60.8086,121.2161,3399.4907,5398.0834,1.2300,0.2735,1.9722,71.2215,27.1432,15.4666, NaN, NaN, NaN, NaN, NaN, NaN, NaN, NaN, NaN, NaN, NaN, NaN, NaN, NaN, NaN, NaN, NaN, NaN, NaN, NaN, NaN, NaN, NaN, NaN, NaN, NaN, NaN, NaN, NaN, NaN,
02/2012,474.2323,1287.8957,397.6591,1523.0443,66.0016,185.3210,2076.8834,4743.4485,474.2323,1287.8957,198.3689,907.5673,15.2321,56.6738,2076.8834,4743.4485,166.8038,436.9162,127.5511,389.8538,26.7109,65.5929,737.2592,1515.9054,773.8675,3057.6874,727.1506,3075.8705,123.7069,344.1795,3398.1143,12894.1877,474.2323,1287.8957,388.2389,1237.3151,51.3459,101.3760,2076.8834,12894.1877,1.1290,0.1064,4.4305,73.3520,25.9277,18.6984, NaN, NaN, NaN, NaN, NaN, NaN, NaN, NaN, NaN, NaN, NaN, NaN, NaN, NaN, NaN, NaN, NaN, NaN, NaN, NaN, NaN, NaN, NaN, NaN, NaN, NaN, NaN, NaN, NaN, NaN,
03/2012,68.0227,360.3571,38.1074,519.0249,1.9234,27.5199,324.2187,1442.2133,68.0227,360.3571,23.0590,304.0205,1.8134,26.6222,324.2187,1442.2133,25.7731,111.5770,14.4236,138.8113,0.6909,3.9378,128.2743,458.0232,75.5827,380.0304,45.8673,525.2818,2.2228,26.7818,362.3665,1553.4681,68.0227,360.3571,38.1034,402.2048,1.9234,26.8775,324.2187,1553.4681,0.9780,0.1019,2.8605,69.3550,23.9088,25.0565, NaN, NaN, NaN, NaN, NaN, NaN, NaN, NaN, NaN, NaN, NaN, NaN, NaN, NaN, NaN, NaN, NaN, NaN, NaN, NaN, NaN, NaN, NaN, NaN, NaN, NaN, NaN, NaN, NaN, NaN,
04/2012,775.2672,1740.4848,665.0088,1792.3416,141.9781,352.7471,3697.1572,8668.2484,775.2672,1740.4848,339.8556,891.8628,24.2560,73.3833,3697.1572,8668.2484,337.3056,739.0742,266.2621,665.8869,61.9620,144.1702,1622.7901,3701.3761,518.9270,1287.0922,420.1466,1349.1701,91.9440,239.6670,2480.3727,6416.2460,775.2672,1740.4848,650.1762,1391.5810,108.6903,172.7451,3697.1572,6416.2460,1.0250,0.1024,3.0488,69.6745,20.7955,26.3776, NaN, NaN, NaN, NaN, NaN, NaN, NaN, NaN, NaN, NaN, NaN, NaN, NaN, NaN, NaN, NaN, NaN, NaN, NaN, NaN, NaN, NaN, NaN, NaN, NaN, NaN, NaN, NaN, NaN, NaN,
05/2012,735.2554,1621.7798,603.9440,1759.0486,121.0282,298.6151,3499.0468,8716.7546,735.2554,1621.7798,323.8921,899.5062,23.8880,77.1944,3499.0468,8716.7546,421.3728,922.3027,330.4587,844.4709,77.5170,171.7822,2078.5022,5019.9536,873.5990,3088.0570,733.1139,3136.4791,152.4853,387.9383,4239.5562,16973.6259,735.2554,1621.7798,598.7490,1365.2365,90.7977,163.2185,3499.0468,16973.6259,1.0157,0.1548,5.0130,82.4792,18.6297,26.8368, NaN, NaN, NaN, NaN, NaN, NaN, NaN, NaN, NaN, NaN, NaN, NaN, NaN, NaN, NaN, NaN, NaN, NaN, NaN, NaN, NaN, NaN, NaN, NaN, NaN, NaN, NaN, NaN, NaN, NaN,
06/2012,4032.3139,14408.5478,4522.0181,22665.4748,536.5313,1588.3241,23166.6300,107211.6874,4032.3139,14408.5478,2087.1669,18465.7964,137.5945,567.7849,23166.6300,107211.6874,1754.0669,5012.8416,1504.0330,4474.5608,327.8452,817.7977,9947.8190,34252.5117,3958.5024,18471.1190,4432.4521,21481.7824,539.8125,1583.6325,22894.2439,140390.8196,4032.3139,14408.5478,4419.6933,21371.8531,420.0027,920.4377,23166.6300,140390.8196,1.0230,0.1256,5.5330,77.1763,16.1601,23.5367, NaN, NaN, NaN, NaN, NaN, NaN, NaN, NaN, NaN, NaN, NaN, NaN, NaN, NaN, NaN, NaN, NaN, NaN, NaN, NaN, NaN, NaN, NaN, NaN, NaN, NaN, NaN, NaN, NaN, NaN,
07/2012,1761.5923,7348.3373,1684.2742,9016.8661,145.5409,429.4393,12560.7654,62895.1326,1761.5923,7348.3373,833.5524,7434.7457,54.8789,193.8379,12560.7654,62895.1326,418.0550,1190.0131,308.3930,1044.4110,67.5492,169.3700,2982.9720,9208.6406,1839.3782,8242.1280,1776.1996,7666.4528,162.2304,467.7970,13167.1409,71220.5300,1761.5923,7348.3373,1636.6806,8503.5442,121.4370,290.3111,12560.7654,71220.5300,0.9180,0.1659,2.5891,74.6525,15.4423,21.3449, NaN, NaN, NaN, NaN, NaN, NaN, NaN, NaN, NaN, NaN, NaN, NaN, NaN, NaN, NaN, NaN, NaN, NaN, NaN, NaN, NaN, NaN, NaN, NaN, NaN, NaN, NaN, NaN, NaN, NaN,
08/2012,5218.2144,16879.6570,6280.7121,20729.2227,460.2207,1093.4183,38459.4269,137744.7915,5218.2144,16879.6570,2770.8814,15873.5063,174.2485,418.9612,38459.4269,137744.7915,2268.3197,4857.2784,2324.0544,4476.7123,306.0682,652.4052,16705.6532,37204.5926,4102.1856,14336.5248,4651.8146,14430.8682,369.9940,915.0120,30151.6000,117374.2526,5218.2144,16879.6570,6141.1110,19768.0885,377.6009,679.4361,38459.4269,117374.2526,1.1860,0.3098,4.2524,69.4327,15.6100,15.2613, NaN, NaN, NaN, NaN, NaN, NaN, NaN, NaN, NaN, NaN, NaN, NaN, NaN, NaN, NaN, NaN, NaN, NaN, NaN, NaN, NaN, NaN, NaN, NaN, NaN, NaN, NaN, NaN, NaN, NaN,
09/2012,4279.5389,15268.9882,4542.3133,17644.2020,375.6589,936.5454,30607.5931,117097.6877,4279.5389,15268.9882,2021.1217,13962.0906,122.8205,352.6481,30607.5931,117097.6877,1905.9149,4529.2262,1806.1512,4053.7795,237.0741,511.5556,13734.5691,33260.3147,2960.0813,9192.5798,2902.1913,8914.9871,285.3507,696.3180,21089.0459,69381.3778,4279.5389,15268.9882,4390.8838,16791.8781,303.5871,579.9724,30607.5931,69381.3778,0.9140,0.0874,5.4919,71.0903,17.4461,10.0961, NaN, NaN, NaN, NaN, NaN, NaN, NaN, NaN, NaN, NaN, NaN, NaN, NaN, NaN, NaN, NaN, NaN, NaN, NaN, NaN, NaN, NaN, NaN, NaN, NaN, NaN, NaN, NaN, NaN, NaN,
10/2012,1205.5133,3844.3334,934.1979,3861.8220,71.3527,189.0345,8145.6203,26843.9171,1205.5133,3844.3334,454.2357,2962.4117,32.4276,95.9584,8145.6203,26843.9171,325.7280,649.6243,204.5964,549.5377,24.2780,56.2482,2214.7408,3929.0431,777.7123,1881.4723,575.6623,1737.0589,48.9782,132.6959,5215.7494,12215.7950,1205.5133,3844.3334,908.4122,3586.3213,62.1386,136.4091,8145.6203,12215.7950,1.1450,0.2590,4.3845,72.1611,20.8200,10.0128, NaN, NaN, NaN, NaN, NaN, NaN, NaN, NaN, NaN, NaN, NaN, NaN, NaN, NaN, NaN, NaN, NaN, NaN, NaN, NaN, NaN, NaN, NaN, NaN, NaN, NaN, NaN, NaN, NaN, NaN,
11/2012,1690.7098,3622.9075,1426.8945,3582.3455,224.8607,499.3877,10227.8313,22517.4057,1690.7098,3622.9075,689.2839,2146.4782,50.9368,111.8685,10227.8313,22517.4057,524.5171,1022.0947,404.7274,850.5018,84.8457,182.0635,3168.2605,6351.2794,1289.9779,5161.9594,1090.7691,4174.4523,188.3852,448.6098,7809.1562,32064.9749,1690.7098,3622.9075,1393.9355,3101.9775,171.4716,253.9178,10227.8313,32064.9749,0.8590,0.1105,4.2462,71.7445,23.9764,10.8084, NaN, NaN, NaN, NaN, NaN, NaN, NaN, NaN, NaN, NaN, NaN, NaN, NaN, NaN, NaN, NaN, NaN, NaN, NaN, NaN, NaN, NaN, NaN, NaN, NaN, NaN, NaN, NaN, NaN, NaN,
12/2012,733.5360,3577.4438,552.7607,6284.8970,79.2972,267.0474,3506.7769,21574.5519,733.5360,3577.4438,285.3135,5611.5263,21.7010,112.7353,3506.7769,21574.5519,308.5517,707.6246,234.1750,595.7230,48.6119,125.3960,1469.8193,4009.0201,629.5363,3277.5149,488.5254,2656.3202,83.1880,249.8528,3007.4276,19715.4643,733.5360,3577.4438,548.3751,6020.5270,60.8860,160.2614,3506.7769,19715.4643,0.9610,0.1026,3.7701,71.8274,26.4732,12.4536, NaN, NaN, NaN, NaN, NaN, NaN, NaN, NaN, NaN, NaN, NaN, NaN, NaN, NaN, NaN, NaN, NaN, NaN, NaN, NaN, NaN, NaN, NaN, NaN, NaN, NaN, NaN, NaN, NaN, NaN,
01/2013,239.9069,1099.9843,165.0824,1627.2907,24.6033,78.5463,1052.6152,5771.3449,239.9069,1099.9843,92.0917,1353.3779,6.9513,32.6658,1052.6152,5771.3449,138.5424,351.0864,100.3588,297.0866,20.5593,51.2074,610.0278,1890.1733,197.5968,1325.4451,136.1535,1259.8085,23.1146,82.0713,866.6604,6750.4420,239.9069,1099.9843,164.4097,1510.1822,19.1904,47.1091,1052.6152,6750.4420,1.0240,0.0996,3.9749,69.6278,27.2148,16.7905, NaN, NaN, NaN, NaN, NaN, NaN, NaN, NaN, NaN, NaN, NaN, NaN, NaN, NaN, NaN, NaN, NaN, NaN, NaN, NaN, NaN, NaN, NaN, NaN, NaN, NaN, NaN, NaN, NaN, NaN,
02/2013,53.1706,265.7837,29.5001,367.2158,4.5127,19.3411,225.4438,1512.0988,53.1706,265.7837,18.3025,251.1257,1.3796,12.6285,225.4438,1512.0988,24.7450,69.7421,15.8970,77.2640,2.0044,4.3743,113.6675,386.0415,59.0112,236.7274,36.7274,288.0522,7.6415,23.5679,249.6011,1326.1955,53.1706,265.7837,29.4579,312.8553,3.2329,14.8857,225.4438,1326.1955,0.9220,0.0810,5.3085,69.1632,26.7283,20.4829, NaN, NaN, NaN, NaN, NaN, NaN, NaN, NaN, NaN, NaN, NaN, NaN, NaN, NaN, NaN, NaN, NaN, NaN, NaN, NaN, NaN, NaN, NaN, NaN, NaN, NaN, NaN, NaN, NaN, NaN,
03/2013,956.6554,2211.7882,899.5443,2426.7790,189.0114,459.4641,3705.4899,11612.4388,956.6554,2211.7882,437.2481,1280.6203,32.0334,83.6531,3705.4899,11612.4388,673.6349,1485.4061,611.4056,1329.2254,137.3407,314.6856,2613.2270,7808.2485,487.2182,1533.8419,418.1623,1389.5744,94.1406,233.6460,1895.5173,9375.9071,956.6554,2211.7882,875.0704,1926.4457,138.1144,207.9938,3705.4899,9375.9071,0.8810,0.0867,4.1964,69.3840,25.0508,25.0537, NaN, NaN, NaN, NaN, NaN, NaN, NaN, NaN, NaN, NaN, NaN, NaN, NaN, NaN, NaN, NaN, NaN, NaN, NaN, NaN, NaN, NaN, NaN, NaN, NaN, NaN, NaN, NaN, NaN, NaN,
04/2013,200.9405,973.9008,148.8628,1523.3290,29.1323,108.7005,743.6471,5112.1329,200.9405,973.9008,83.3877,1169.2967,6.1301,46.0892,743.6471,5112.1329,76.5504,264.7382,52.7053,277.7044,12.1150,35.7615,284.2193,1368.5025,120.8131,568.9354,85.9899,644.2341,18.2631,68.3518,450.9183,3074.1245,200.9405,973.9008,147.6283,1340.8643,22.4268,65.4070,743.6471,3074.1245,0.7230,0.0942,3.7366,68.7470,23.4524,25.5449, NaN, NaN, NaN, NaN, NaN, NaN, NaN, NaN, NaN, NaN, NaN, NaN, NaN, NaN, NaN, NaN, NaN, NaN, NaN, NaN, NaN, NaN, NaN, NaN, NaN, NaN, NaN, NaN, NaN, NaN,
05/2013,1797.9667,4799.1398,1579.6574,7247.0468,316.5906,795.9073,6002.3866,24957.7101,1797.9667,4799.1398,797.3334,5491.0896,57.0804,209.3380,6002.3866,24957.7101,1096.2173,2406.1190,922.8690,2051.6425,207.6619,453.2629,3808.1579,11517.8320,2160.1987,9531.3370,1950.8932,9346.7822,401.2006,1000.3907,7289.2082,57100.1222,1797.9667,4799.1398,1546.8273,6551.0288,238.8619,425.6481,6002.3866,57100.1222,0.6530,0.0729,3.3300,68.2695,20.1077,25.9090, NaN, NaN, NaN, NaN, NaN, NaN, NaN, NaN, NaN, NaN, NaN, NaN, NaN, NaN, NaN, NaN, NaN, NaN, NaN, NaN, NaN, NaN, NaN, NaN, NaN, NaN, NaN, NaN, NaN, NaN,
06/2013,716.1178,3169.5667,608.8495,5295.0225,90.2099,268.8638,2427.2388,19636.5994,716.1178,3169.5667,319.8520,4543.7725,21.9950,121.9114,2427.2388,19636.5994,320.6304,810.4061,258.7197,749.8581,55.7565,119.9476,1348.6971,4318.1866,690.8544,6612.0797,589.0331,6638.3043,88.2490,310.1291,2335.4730,45430.5984,716.1178,3169.5667,603.0414,4993.9419,72.5920,186.2532,2427.2388,45430.5984,0.7290,0.0720,3.8782,67.5764,17.4144,24.7152, NaN, NaN, NaN, NaN, NaN, NaN, NaN, NaN, NaN, NaN, NaN, NaN, NaN, NaN, NaN, NaN, NaN, NaN, NaN, NaN, NaN, NaN, NaN, NaN, NaN, NaN, NaN, NaN, NaN, NaN,
07/2013,2987.8070,14227.0819,3422.2840,19699.6227,403.3145,1217.5614,14764.9827,102400.9252,2987.8070,14227.0819,1556.6160,16483.8193,93.6073,458.0186,14764.9827,102400.9252,1381.7520,4057.2490,1196.0473,3503.6324,252.9050,605.2327,7328.9152,26400.5782,3594.1018,33771.0384,4358.7406,54425.0808,477.2871,2351.6393,17969.6894,259864.8947,2987.8070,14227.0819,3353.2966,18727.5910,313.8439,726.3138,14764.9827,259864.8947,0.8160,0.0476,5.1349,68.3195,15.2983,20.3559, NaN, NaN, NaN, NaN, NaN, NaN, NaN, NaN, NaN, NaN, NaN, NaN, NaN, NaN, NaN, NaN, NaN, NaN, NaN, NaN, NaN, NaN, NaN, NaN, NaN, NaN, NaN, NaN, NaN, NaN,
08/2013,7273.5926,53269.0646,9589.5343,94839.3434,681.0749,4207.7045,50464.3571,441326.4455,7273.5926,53269.0646,3899.8439,82459.8733,231.5360,1574.5949,50464.3571,441326.4455,3374.2829,13243.6771,3895.0976,13379.1620,463.4033,1159.8426,23405.8642,104548.0686,6380.1734,64602.3341,8237.4173,95338.4123,577.6945,3389.7297,44185.1330,546505.0350,7273.5926,53269.0646,9142.8874,88807.7550,558.1369,2029.9336,50464.3571,546505.0350,1.2600,0.0463,7.1768,68.2104,15.0755,7.6719, NaN, NaN, NaN, NaN, NaN, NaN, NaN, NaN, NaN, NaN, NaN, NaN, NaN, NaN, NaN, NaN, NaN, NaN, NaN, NaN, NaN, NaN, NaN, NaN, NaN, NaN, NaN, NaN, NaN, NaN,
09/2013,11321.4326,106229.5344,13691.8965,174996.3577,819.1539,15020.0144,72880.4397,805397.3551,11321.4326,106229.5344,5381.3730,127447.6959,319.4937,2659.5235,72880.4397,805397.3551,5571.9706,26543.4019,6955.9046,31008.3432,527.8292,1549.1018,35790.8198,198250.1685,8142.4570,64882.6675,9479.1128,103314.2308,628.8502,8854.2698,52477.3959,492727.5591,11321.4326,106229.5344,12755.8971,138873.9043,693.1155,3558.8189,72880.4397,492727.5591,1.1400,0.0902,7.7734,65.9514,16.2704,3.0626, NaN, NaN, NaN, NaN, NaN, NaN, NaN, NaN, NaN, NaN, NaN, NaN, NaN, NaN, NaN, NaN, NaN, NaN, NaN, NaN, NaN, NaN, NaN, NaN, NaN, NaN, NaN, NaN, NaN, NaN,
10/2013,3318.9091,20269.4918,3077.5286,24146.1712,206.9060,737.2422,21395.9947,145512.0897,3318.9091,20269.4918,1290.2698,21192.2284,88.1879,371.4507,21395.9947,145512.0897,1342.2067,5189.4864,1161.0285,4417.9547,93.9067,242.2391,8666.7297,36264.2225,2302.9574,14986.1664,2063.7254,15357.3640,150.4328,581.5945,14861.6521,108429.6450,3318.9091,20269.4918,2697.2877,23022.2053,182.3499,509.9921,21395.9947,108429.6450,1.0260,0.0592,6.8191,66.7778,19.0512,4.0352, NaN, NaN, NaN, NaN, NaN, NaN, NaN, NaN, NaN, NaN, NaN, NaN, NaN, NaN, NaN, NaN, NaN, NaN, NaN, NaN, NaN, NaN, NaN, NaN, NaN, NaN, NaN, NaN, NaN, NaN,
11/2013,868.3286,2802.7901,693.3643,3291.1503,46.7740,149.0370,4435.3735,13406.0435,868.3286,2802.7901,321.1279,2543.3941,25.2663,90.1149,4435.3735,13406.0435,326.8771,671.9414,249.4455,581.8971,18.1810,41.1703,1686.5554,3005.6528,624.4646,1490.9702,491.7947,1398.1752,35.4562,99.6170,3200.0797,6691.2056,868.3286,2802.7901,667.2302,3035.3300,42.6083,115.9802,4435.3735,6691.2056,0.9060,0.0792,4.2150,70.3049,24.8796,7.8995, NaN, NaN, NaN, NaN, NaN, NaN, NaN, NaN, NaN, NaN, NaN, NaN, NaN, NaN, NaN, NaN, NaN, NaN, NaN, NaN, NaN, NaN, NaN, NaN, NaN, NaN, NaN, NaN, NaN, NaN,
12/2013,318.2803,809.5939,240.1579,1022.2488,13.7287,64.5409,1439.4851,3245.6777,318.2803,809.5939,118.4513,644.8688,9.8177,52.9527,1439.4851,3245.6777,104.5526,253.0915,69.8809,253.1996,5.0536,13.5504,465.3737,969.0694,219.1018,585.1008,160.0198,671.8889,10.1559,40.6531,999.0616,2265.6031,318.2803,809.5939,238.8782,868.7132,13.3799,58.3836,1439.4851,2265.6031,0.8200,0.0924,4.3398,70.5906,26.7470,13.3152, NaN, NaN, NaN, NaN, NaN, NaN, NaN, NaN, NaN, NaN, NaN, NaN, NaN, NaN, NaN, NaN, NaN, NaN, NaN, NaN, NaN, NaN, NaN, NaN, NaN, NaN, NaN, NaN, NaN, NaN,
01/2014,93.4675,380.2723,59.9370,517.4936,3.2877,27.4490,346.4251,1302.7037,93.4675,380.2723,33.8114,303.8967,2.7745,25.7683,346.4251,1302.7037,36.2880,127.7078,21.0144,144.5141,1.3457,4.7460,131.7926,438.3135,61.8019,308.4653,36.8125,413.1327,2.1312,19.8412,228.2776,1064.1726,93.4675,380.2723,59.9257,409.9788,3.1904,26.4607,346.4251,1064.1726,0.7930,0.0843,4.5220,69.6820,27.6021,17.1911, NaN, NaN, NaN, NaN, NaN, NaN, NaN, NaN, NaN, NaN, NaN, NaN, NaN, NaN, NaN, NaN, NaN, NaN, NaN, NaN, NaN, NaN, NaN, NaN, NaN, NaN, NaN, NaN, NaN, NaN,
02/2014,36.7891,257.5066,18.3811,374.5861,0.8883,17.7878,148.5438,914.6517,36.7891,257.5066,12.7510,226.7895,0.8673,17.6142,148.5438,914.6517,19.7338,81.8208,10.2338,98.0318,0.4838,2.2512,85.7767,301.6974,38.3962,217.2096,20.5920,299.7286,0.9321,12.4856,152.6969,775.1418,36.7891,257.5066,18.3802,295.8032,0.8883,17.6983,148.5438,775.1418,0.8680,0.1079,4.3970,68.7542,26.6765,21.8514, NaN, NaN, NaN, NaN, NaN, NaN, NaN, NaN, NaN, NaN, NaN, NaN, NaN, NaN, NaN, NaN, NaN, NaN, NaN, NaN, NaN, NaN, NaN, NaN, NaN, NaN, NaN, NaN, NaN, NaN,
03/2014,105.8832,443.8368,74.7431,557.5579,15.5808,57.1929,366.9058,1604.0626,105.8832,443.8368,43.6810,321.4770,3.0174,25.9042,366.9058,1604.0626,84.3782,220.8384,60.9758,213.3008,11.6913,29.1585,322.2667,829.1789,60.5923,314.0122,40.3990,409.1739,7.8698,33.0772,225.7715,1152.0984,105.8832,443.8368,74.5533,436.4106,11.1436,35.4661,366.9058,1152.0984,0.7810,0.0973,4.5598,68.5186,24.4327,26.4961, NaN, NaN, NaN, NaN, NaN, NaN, NaN, NaN, NaN, NaN, NaN, NaN, NaN, NaN, NaN, NaN, NaN, NaN, NaN, NaN, NaN, NaN, NaN, NaN, NaN, NaN, NaN, NaN, NaN, NaN,
04/2014,359.3635,1020.0125,305.6352,1149.4692,67.8214,190.8941,1226.2209,3791.4422,359.3635,1020.0125,161.7950,594.1230,11.6321,50.9707,1226.2209,3791.4422,164.6525,467.1302,127.8914,439.5695,29.9145,75.2305,578.8342,1813.6336,237.2285,761.9357,191.9075,839.6525,43.8286,126.1761,823.6345,2914.3972,359.3635,1020.0125,302.2385,875.2333,49.0002,97.0046,1226.2209,2914.3972,0.8550,0.0779,4.5722,67.8785,21.5055,28.6468, NaN, NaN, NaN, NaN, NaN, NaN, NaN, NaN, NaN, NaN, NaN, NaN, NaN, NaN, NaN, NaN, NaN, NaN, NaN, NaN, NaN, NaN, NaN, NaN, NaN, NaN, NaN, NaN, NaN, NaN,
05/2014,2081.7216,8263.1923,1934.0256,16157.6360,386.7608,1228.6510,6093.8410,41642.8597,2081.7216,8263.1923,946.3662,13630.1530,66.8628,452.4114,6093.8410,41642.8597,1317.1594,3096.5760,1159.4695,2747.1745,256.8892,594.6900,4006.1283,12208.9302,2701.8058,12101.7629,2625.2323,16597.0181,499.3061,1467.8704,7881.8475,63852.9486,2081.7216,8263.1923,1881.8541,14975.1044,285.1101,725.0954,6093.8410,63852.9486,1.0550,0.0790,3.4917,66.9813,19.2494,26.0423, NaN, NaN, NaN, NaN, NaN, NaN, NaN, NaN, NaN, NaN, NaN, NaN, NaN, NaN, NaN, NaN, NaN, NaN, NaN, NaN, NaN, NaN, NaN, NaN, NaN, NaN, NaN, NaN, NaN, NaN,
06/2014,2708.2598,16795.8144,3653.7974,29768.2296,327.1925,1177.0975,11051.9255,128868.1810,2708.2598,16795.8144,1553.1768,26121.7289,87.3329,566.1895,11051.9255,128868.1810,1062.3053,3149.4528,952.5985,2982.6719,193.7790,478.3178,4561.3041,20750.8135,3131.0410,30428.1014,4467.6755,56532.9803,349.5005,2205.9946,12921.4882,240447.1587,2708.2598,16795.8144,3597.3069,28586.0352,253.1267,784.6866,11051.9255,240447.1587,1.0613,0.0763,4.8123,69.0753,15.5385,18.6401, NaN, NaN, NaN, NaN, NaN, NaN, NaN, NaN, NaN, NaN, NaN, NaN, NaN, NaN, NaN, NaN, NaN, NaN, NaN, NaN, NaN, NaN, NaN, NaN, NaN, NaN, NaN, NaN, NaN, NaN,
07/2014,6227.9971,56953.6272,8314.8589,92104.8482,585.8928,2203.7083,45564.7961,512036.8868,6227.9971,56953.6272,3532.1020,85085.8848,207.1956,1245.2554,45564.7961,512036.8868,2156.6650,6268.6397,2189.0952,5672.2916,308.3747,699.1539,15690.5282,52133.6736,8032.8586,78488.6890,10706.1932,128693.8922,715.1188,4658.2196,58774.5885,708655.4417,6227.9971,56953.6272,8148.7127,90379.1544,475.3744,1592.4769,45564.7961,708655.4417,1.3900,0.0488,7.4793,69.1070,13.0550,9.3555, NaN, NaN, NaN, NaN, NaN, NaN, NaN, NaN, NaN, NaN, NaN, NaN, NaN, NaN, NaN, NaN, NaN, NaN, NaN, NaN, NaN, NaN, NaN, NaN, NaN, NaN, NaN, NaN, NaN, NaN,
08/2014,4938.6931,33199.2518,5543.9202,50005.5751,437.8454,2047.4204,31004.4587,269978.3971,4938.6931,33199.2518,2357.6698,43971.2346,146.3434,990.0143,31004.4587,269978.3971,2336.8781,5970.8966,2546.6702,5808.3987,312.3782,689.3709,14690.2740,43191.9195,4541.7715,31932.2822,4670.0247,39508.1724,374.2738,1678.8175,28494.1131,261275.7554,4938.6931,33199.2518,5309.9816,47582.3780,357.0819,1277.0799,31004.4587,261275.7554,1.1200,0.0470,6.0454,68.0611,15.1565,9.9419, NaN, NaN, NaN, NaN, NaN, NaN, NaN, NaN, NaN, NaN, NaN, NaN, NaN, NaN, NaN, NaN, NaN, NaN, NaN, NaN, NaN, NaN, NaN, NaN, NaN, NaN, NaN, NaN, NaN, NaN,
09/2014,5455.5293,32353.1280,5673.3140,41130.1472,376.7894,2559.9786,38632.6595,274974.1478,5455.5293,32353.1280,2463.0160,33697.7356,151.0472,1096.6045,38632.6595,274974.1478,2541.1190,6959.2694,2666.2742,6528.7418,236.2400,529.5172,18063.2801,56107.2991,4366.9238,21329.4557,4133.1073,23851.9678,298.2422,1304.0396,30892.6418,179802.9802,5455.5293,32353.1280,5412.1560,37455.6840,312.6263,1356.6958,38632.6595,179802.9802,0.9780,0.0569,6.7592,66.7811,17.1083,4.9145, NaN, NaN, NaN, NaN, NaN, NaN, NaN, NaN, NaN, NaN, NaN, NaN, NaN, NaN, NaN, NaN, NaN, NaN, NaN, NaN, NaN, NaN, NaN, NaN, NaN, NaN, NaN, NaN, NaN, NaN,
10/2014,2123.5997,9838.0742,1689.3725,11006.1162,147.9671,510.7496,13480.7424,72786.0268,2123.5997,9838.0742,795.1517,9270.5188,55.3935,271.5333,13480.7424,72786.0268,692.6602,1580.1610,476.9569,1263.0688,61.0818,142.0361,4394.1489,10653.9172,1560.3754,6454.4688,1150.6947,5769.0545,109.3609,334.9548,9903.3779,47274.3230,2123.5997,9838.0742,1600.3107,10367.9648,123.5524,375.7510,13480.7424,47274.3230,0.9690,0.0772,5.1554,67.3667,20.4367,5.7172, NaN, NaN, NaN, NaN, NaN, NaN, NaN, NaN, NaN, NaN, NaN, NaN, NaN, NaN, NaN, NaN, NaN, NaN, NaN, NaN, NaN, NaN, NaN, NaN, NaN, NaN, NaN, NaN, NaN, NaN,
11/2014,916.0992,2887.1165,747.3034,3423.8707,100.6252,286.1342,4471.7428,16607.2535,916.0992,2887.1165,369.4808,2466.8794,28.3739,101.3432,4471.7428,16607.2535,295.9718,661.0723,210.7393,592.0733,37.3071,90.8173,1405.2579,3827.9222,741.8995,2299.7693,590.1734,2111.9396,84.6903,234.1891,3621.9675,13275.9475,916.0992,2887.1165,733.8586,3032.2757,78.7534,171.3736,4471.7428,13275.9475,0.8930,0.0895,4.6899,68.1840,23.7073,7.5950, NaN, NaN, NaN, NaN, NaN, NaN, NaN, NaN, NaN, NaN, NaN, NaN, NaN, NaN, NaN, NaN, NaN, NaN, NaN, NaN, NaN, NaN, NaN, NaN, NaN, NaN, NaN, NaN, NaN, NaN,
12/2014,244.5898,889.1424,165.2820,1153.8616,9.6065,54.4272,1229.1295,6671.8659,244.5898,889.1424,86.7283,779.3181,7.1982,44.4888,1229.1295,6671.8659,61.5254,198.2102,35.5452,225.2741,2.5545,9.5306,303.3265,1646.1943,182.7792,778.1443,118.6947,850.2486,7.2430,45.9049,922.3759,5923.8743,244.5898,889.1424,164.8309,969.0285,9.1651,50.6718,1229.1295,5923.8743,0.9140,0.1128,4.0744,69.7874,25.8343,10.1616, NaN, NaN, NaN, NaN, NaN, NaN, NaN, NaN, NaN, NaN, NaN, NaN, NaN, NaN, NaN, NaN, NaN, NaN, NaN, NaN, NaN, NaN, NaN, NaN, NaN, NaN, NaN, NaN, NaN, NaN,
01/2015,123.9408,425.6928,81.5163,549.1149,14.1708,41.6059,546.6311,3423.7442,123.9408,425.6928,48.1421,322.9503,3.5734,26.9351,546.6311,3423.7442,87.4714,185.3280,62.9064,184.8130,12.8109,19.1006,387.5622,1305.4695,108.3715,391.7981,71.6450,497.7278,13.6795,37.6770,476.0654,3153.1734,123.9408,425.6928,81.4240,438.3082,9.7999,33.8383,546.6311,3153.1734,0.7870,0.1206,4.6449,69.0070,26.8997,15.5948, NaN, NaN, NaN, NaN, NaN, NaN, NaN, NaN, NaN, NaN, NaN, NaN, NaN, NaN, NaN, NaN, NaN, NaN, NaN, NaN, NaN, NaN, NaN, NaN, NaN, NaN, NaN, NaN, NaN, NaN,
02/2015,417.8304,1136.6525,354.4399,1203.6238,82.8756,225.7409,1794.9293,8281.9760,417.8304,1136.6525,186.2412,616.1827,13.3571,51.1166,1794.9293,8281.9760,180.3946,444.6749,141.1811,391.8420,35.5269,86.9796,777.7773,3151.6580,768.5280,1913.1984,718.1827,2022.8892,159.7494,413.6894,3308.2264,13547.7249,417.8304,1136.6525,350.0103,923.0429,59.9314,106.9637,1794.9293,13547.7249,0.7820,0.1110,4.9952,68.7986,26.0921,19.4269, NaN, NaN, NaN, NaN, NaN, NaN, NaN, NaN, NaN, NaN, NaN, NaN, NaN, NaN, NaN, NaN, NaN, NaN, NaN, NaN, NaN, NaN, NaN, NaN, NaN, NaN, NaN, NaN, NaN, NaN,
03/2015,349.5658,1083.8362,266.0784,1160.1297,57.8422,179.3427,1457.9159,7769.9915,349.5658,1083.8362,152.6203,620.7243,10.7472,53.8653,1457.9159,7769.9915,247.3200,642.1766,183.3057,536.4089,42.0168,107.3896,1028.7592,4391.3106,186.3475,725.9414,129.0779,821.3276,28.9199,101.4563,778.6080,5397.2564,349.5658,1083.8362,265.3447,875.2061,40.2369,92.5228,1457.9159,5397.2564,0.7670,0.1020,4.6593,68.5370,24.7071,23.6071, NaN, NaN, NaN, NaN, NaN, NaN, NaN, NaN, NaN, NaN, NaN, NaN, NaN, NaN, NaN, NaN, NaN, NaN, NaN, NaN, NaN, NaN, NaN, NaN, NaN, NaN, NaN, NaN, NaN, NaN,
04/2015,857.9347,1883.4595,751.5343,1988.9750,165.9434,391.7444,3576.3080,11950.9164,857.9347,1883.4595,387.2291,986.3376,28.1365,82.0066,3576.3080,11950.9164,377.3693,807.5030,301.8959,738.6947,72.5827,159.2940,1578.0551,5083.1926,568.5379,1428.3216,471.4027,1486.9004,107.2887,263.0257,2385.0628,9367.6320,857.9347,1883.4595,737.2706,1545.1957,123.2086,197.0194,3576.3080,9367.6320,0.7390,0.0791,5.2644,67.4027,20.3564,25.0584,0.9452,0.1331,3.3310,8.0228,22.1883,0.8920,0.1107,3.3218,7.9145,22.2404,0.9749,0.1264,3.7490,11.0782,25.0652,0.9257,0.1168,3.3312,8.0041,22.1884, NaN, NaN, NaN, NaN, NaN, NaN, NaN, NaN, NaN, NaN,
05/2015,994.3258,2465.7350,898.4756,2724.9138,166.0017,438.0229,4166.4907,15680.1034,994.3258,2465.7350,442.1238,1390.2793,31.3570,97.7821,4166.4907,15680.1034,606.2342,1372.5936,526.7366,1288.7733,108.4376,261.3614,2556.0846,8509.9992,1237.2134,4759.6291,1160.0383,5044.0626,212.4284,582.8973,5183.0341,33242.0882,994.3258,2465.7350,884.7176,2068.4398,119.5606,213.8080,4166.4907,33242.0882,0.6010,0.0612,6.0559,67.2264,17.1923,25.8287,0.7316,0.1134,4.6263,7.1579,22.6196,0.6427,0.0821,4.6014,6.8186,22.7230,0.7851,0.1135,5.3954,12.7552,26.2510,0.6903,0.0927,4.6218,7.0442,22.6189, NaN, NaN, NaN, NaN, NaN, NaN, NaN, NaN, NaN, NaN,
06/2015,1653.8688,3965.8896,1673.0957,4493.9451,270.7450,588.8415,4891.1297,22988.0125,1653.8688,3965.8896,797.7397,2696.7630,53.0217,139.9997,4891.1297,22988.0125,898.4477,1818.1066,785.7849,1666.7478,178.2220,355.4133,2915.4495,9790.9954,1660.5216,5352.0566,1680.8646,5369.3859,273.1727,610.5157,4929.2734,34876.8735,1653.8688,3965.8896,1645.2584,3826.6930,206.9538,329.9942,4891.1297,34876.8735,0.5567,0.0629,5.5569,67.7986,17.0010,23.5507,0.6371,0.0916,3.1670,4.8266,21.2235,0.5218,0.0607,3.1497,4.5761,21.3556,0.6270,0.0928,3.9752,7.3095,25.6951,0.5832,0.0731,3.2992,4.7125,21.3427, NaN, NaN, NaN, NaN, NaN, NaN, NaN, NaN, NaN, NaN,
07/2015,2351.6352,7237.5293,2509.7937,8637.4751,304.3625,843.6721,10779.8290,47407.8059,2351.6352,7237.5293,1186.9830,5982.3889,72.9447,234.4133,10779.8290,47407.8059,1066.7117,2616.1402,893.7175,2300.3333,187.3106,469.0081,5230.1904,15938.7417,2772.2218,11312.9309,3092.3231,12405.8770,359.0416,1033.3930,12818.1801,76658.7366,2351.6352,7237.5293,2476.8343,7663.6772,234.5834,448.1784,10779.8290,76658.7366,0.7160,0.0714,5.0052,66.8868,16.3569,22.8345,0.7562,0.0976,3.0995,10.6816,17.3083,0.6196,0.0597,3.0944,10.4201,17.4185,0.5714,0.0908,3.2896,7.8069,23.9220, NaN, NaN, NaN, NaN, NaN, NaN, NaN, NaN, NaN, NaN, NaN, NaN, NaN, NaN, NaN,
08/2015,3455.6890,38371.0349,3912.0371,65417.0183,351.3245,2096.4305,22550.3093,316267.2778,3455.6890,38371.0349,1804.3492,61840.0843,107.8699,1505.5198,22550.3093,316267.2778,1509.2179,6085.1520,1342.4699,5682.4282,244.8646,586.9952,10003.0127,47394.6419,3111.2899,49389.8602,3412.7357,89223.1069,299.5515,2966.3947,20250.3274,408966.4714,3455.6890,38371.0349,3847.8273,64306.8951,282.4235,1737.4119,22550.3093,408966.4714,1.4400,0.0660,7.3196,71.7120,14.6813,13.1388,1.7393,0.0557,8.2509,9.3102,11.1514,1.6920,0.0454,8.2518,9.2983,11.1585,0.6323,0.0808,5.1160,5.1025,17.0057, NaN, NaN, NaN, NaN, NaN, NaN, NaN, NaN, NaN, NaN, NaN, NaN, NaN, NaN, NaN,
09/2015,2314.8720,11707.5283,2258.2498,15299.6696,193.2002,734.9286,14124.4313,82717.0577,2314.8720,11707.5283,1070.4416,13102.0413,70.8521,395.6884,14124.4313,82717.0577,746.0899,2180.6496,599.9461,1865.0934,106.0681,264.5907,4499.1917,14701.1320,1702.6934,8898.9235,1507.2689,8549.7641,148.1632,478.6796,10348.2464,64025.4193,2314.8720,11707.5283,2205.0008,14552.3913,159.1885,523.8931,14124.4313,64025.4193,1.0360,0.0612,5.6066,68.1056,17.5410,9.1796,1.4490,0.0766,7.8944,17.9595,10.7716,1.3342,0.0584,7.8958,17.9442,10.7769,0.5947,0.0866,5.2827,6.6789,13.7262, NaN, NaN, NaN, NaN, NaN, NaN, NaN, NaN, NaN, NaN, NaN, NaN, NaN, NaN, NaN,
10/2015,777.0298,2608.4506,589.2090,3070.8878,74.0587,210.5173,3235.2606,11911.5687,777.0298,2608.4506,308.6530,2315.1977,23.1865,92.0018,3235.2606,11911.5687,257.3078,561.0816,175.8153,518.5266,31.4880,70.7216,987.8764,1959.7720,578.0160,1430.1965,421.5102,1454.9727,54.5068,151.3502,2430.1764,5645.7341,777.0298,2608.4506,584.8140,2759.0395,57.1479,140.4211,3235.2606,5645.7341,0.9760,0.0976,3.8720,68.9139,22.4062,11.2823,1.1844,0.0508,5.8128,2.7028,8.2186,1.0963,0.0387,5.8052,2.5920,8.2302,0.5780,0.0935,4.2286,5.8448,14.5675, NaN, NaN, NaN, NaN, NaN, NaN, NaN, NaN, NaN, NaN, NaN, NaN, NaN, NaN, NaN,
11/2015,467.2771,1331.7955,359.6394,1564.3921,54.5022,137.9068,1698.7853,4530.2786,467.2771,1331.7955,188.9549,1042.5604,14.2573,55.5061,1698.7853,4530.2786,144.7978,333.7200,103.0710,331.5204,20.0690,42.1240,528.1178,1020.9372,358.5859,1166.2877,269.8919,1161.7502,44.9370,118.3863,1305.6586,3943.9683,467.2771,1331.7955,355.5714,1338.6124,42.3465,90.7312,1698.7853,3943.9683,0.9767,0.1323,3.9872,69.8722,25.4563,12.1927,0.9571,0.1033,4.7920,7.1391,6.5899,0.7890,0.0617,4.7723,6.7458,6.6113,0.7265,0.1174,3.6229,8.6940,14.9008, NaN, NaN, NaN, NaN, NaN, NaN, NaN, NaN, NaN, NaN, NaN, NaN, NaN, NaN, NaN,
12/2015,350.8358,885.4358,265.8486,948.1268,49.4761,132.4566,1048.4831,2596.5676,350.8358,885.4358,145.6966,533.6912,10.5174,41.7853,1048.4831,2596.5676,217.8144,568.5811,168.9519,487.5486,34.7873,79.6007,656.0546,1853.4917,364.2192,2673.5270,286.6122,3624.3519,55.9177,209.7220,1066.5505,11129.9303,350.8358,885.4358,264.7252,765.0293,35.9452,71.3708,1048.4831,11129.9303,0.9150,0.1420,4.6851,70.3695,25.5268,14.1262,1.0126,0.1178,6.5558,6.1554,6.9198,0.8258,0.0753,6.5350,5.4748,6.9518, NaN, NaN, NaN, NaN, NaN, NaN, NaN, NaN, NaN, NaN, NaN, NaN, NaN, NaN, NaN, NaN, NaN, NaN, NaN, NaN,
01/2016,390.6835,1220.3568,306.2477,1448.0453,67.8456,199.4973,1006.6604,4138.6845,390.6835,1220.3568,170.4858,966.9543,12.1032,49.9912,1006.6604,4138.6845,346.4294,1712.0592,274.6601,1644.1092,64.1849,184.4737,856.6869,7893.8801,378.2333,6099.3216,297.0390,8295.4852,67.4046,359.4593,955.6029,33835.7874,390.6835,1220.3568,305.0484,1223.9618,47.8471,92.7702,1006.6604,33835.7874,0.8780,0.1327,4.3239,68.7299,27.5730,19.5061,0.9661,0.1322,4.2950,7.5622,12.8497,0.8039,0.0933,4.2648,6.7659,12.9340, NaN, NaN, NaN, NaN, NaN, NaN, NaN, NaN, NaN, NaN, NaN, NaN, NaN, NaN, NaN, NaN, NaN, NaN, NaN, NaN,
02/2016,55.5811,1681.6118,35.0920,6582.2778,5.0400,409.6432,157.0490,9797.3909,55.5811,1681.6118,22.0952,6414.1393,1.5864,402.7796,157.0490,9797.3909,27.8640,135.1469,18.3386,139.9932,2.2176,6.0445,95.3894,551.5449,81.1555,774.7229,57.0004,821.3728,9.2546,39.8191,204.4914,3766.7676,55.5811,1681.6118,35.0624,6494.7051,3.1321,404.6454,157.0490,3766.7676,1.4250,0.2200,4.3808,84.0678,26.4013,20.8722,1.8271,0.1715,3.8201,7.1718,14.5310,1.7163,0.1400,3.7997,6.8395,14.6129, NaN, NaN, NaN, NaN, NaN, NaN, NaN, NaN, NaN, NaN, NaN, NaN, NaN, NaN, NaN, NaN, NaN, NaN, NaN, NaN,
03/2016,421.2864,5844.7872,355.9399,26480.8222,70.1006,1238.7208,1148.7899,31717.4327,421.2864,5844.7872,190.8754,25613.1533,13.9927,971.6372,1148.7899,31717.4327,308.3702,1558.0339,252.3559,1245.3691,51.3085,225.6366,848.3615,6716.8755,222.6010,2527.1222,171.7021,2349.5082,35.0601,196.4227,630.2432,13191.1101,421.2864,5844.7872,353.3692,25952.6441,50.1474,1025.6534,1148.7899,13191.1101,1.3230,0.2120,3.8617,71.8083,24.7994,22.5962,2.3422,0.2305,4.4831,8.1769,18.3732,2.2665,0.2151,4.4482,7.8821,18.5048, NaN, NaN, NaN, NaN, NaN, NaN, NaN, NaN, NaN, NaN, NaN, NaN, NaN, NaN, NaN, NaN, NaN, NaN, NaN, NaN,
04/2016,919.6589,9543.6662,770.2156,26362.8427,166.8174,1163.9950,2679.9799,53638.1551,919.6589,9543.6662,407.6835,25258.7631,28.9463,821.4724,2679.9799,53638.1551,412.1539,1889.2483,316.4673,1485.1747,73.0854,186.1631,1229.2091,9068.9934,595.5811,4558.9219,474.2139,3836.1811,107.2062,321.3415,1747.9439,24056.0447,919.6589,9543.6662,761.8647,25836.6164,124.3596,942.7884,2679.9799,24056.0447,2.1800,0.4165,1.4073,74.4278,21.7283,21.3674,5.1923,0.2048,5.8509,13.0720,10.7594,5.1695,0.2022,5.8415,13.0415,10.8016, NaN, NaN, NaN, NaN, NaN, NaN, NaN, NaN, NaN, NaN, NaN, NaN, NaN, NaN, NaN, NaN, NaN, NaN, NaN, NaN,
05/2016,1709.1302,17657.7322,1593.8590,31888.6648,300.0992,1282.9834,5456.6924,117012.8543,1709.1302,17657.7322,782.9643,29938.6967,53.8996,712.3902,5456.6924,117012.8543,1015.3728,2953.5062,883.2571,2596.2059,198.1102,447.0242,3317.8251,15219.5376,2088.4867,15140.8742,2010.0738,18143.4877,385.3259,1183.7961,6686.6787,98086.5912,1709.1302,17657.7322,1562.6942,31047.7217,221.8351,923.9446,5456.6924,98086.5912,1.3480,0.1673,5.2003,70.6828,16.6717,15.7772, NaN, NaN, NaN, NaN, NaN, NaN, NaN, NaN, NaN, NaN, NaN, NaN, NaN, NaN, NaN, NaN, NaN, NaN, NaN, NaN, NaN, NaN, NaN, NaN, NaN, NaN, NaN, NaN, NaN, NaN,
06/2016,2265.0797,22599.7430,2514.9910,33579.6537,285.8978,1150.8620,11614.4944,181768.7296,2265.0797,22599.7430,1196.4467,31043.4448,71.9782,624.7417,11614.4944,181768.7296,963.2650,3034.1866,805.6576,2556.1664,176.1668,416.8617,5097.8090,21053.8342,2213.1446,23388.3504,2464.4835,27332.2468,285.1856,1156.3414,11419.1666,189993.4903,2265.0797,22599.7430,2486.5054,32674.5529,220.7291,821.5291,11614.4944,189993.4903,1.0130,0.0859,5.5798,67.0097,13.5199,14.1388, NaN, NaN, NaN, NaN, NaN, NaN, NaN, NaN, NaN, NaN, NaN, NaN, NaN, NaN, NaN, NaN, NaN, NaN, NaN, NaN, NaN, NaN, NaN, NaN, NaN, NaN, NaN, NaN, NaN, NaN,
07/2016,5859.9850,77919.4598,8058.5712,166198.0975,540.3314,7513.1426,40735.3752,725633.8228,5859.9850,77919.4598,3344.6239,149729.1083,198.7156,3480.9910,40735.3752,725633.8228,1736.7696,7152.7709,1711.3807,6551.5113,267.4414,677.5240,11948.7858,61637.6427,6787.1002,106164.3110,9668.3587,244911.8062,635.7679,9876.0500,47267.8758,996660.8343,5859.9850,77919.4598,7917.5911,155600.0183,444.0467,3904.7584,40735.3752,996660.8343,1.4000,0.0668,8.2751,67.0452,12.0119,6.8322, NaN, NaN, NaN, NaN, NaN, NaN, NaN, NaN, NaN, NaN, NaN, NaN, NaN, NaN, NaN, NaN, NaN, NaN, NaN, NaN, NaN, NaN, NaN, NaN, NaN, NaN, NaN, NaN, NaN, NaN,
08/2016,7128.0778,80514.0518,8327.1053,137636.7298,587.5344,10348.3238,50267.7602,713326.1331,7128.0778,80514.0518,3555.9408,109233.2401,212.7665,2340.1827,50267.7602,713326.1331,3436.7674,13010.5267,4084.9391,12752.5783,413.4179,1009.1309,24355.4471,109528.3679,5913.9504,58509.8208,6608.9144,87469.3960,485.5451,6485.6473,41645.2040,514519.1387,7128.0778,80514.0518,8036.3400,116027.4273,482.3362,2929.1629,50267.7602,514519.1387,1.1600,0.0573,8.9104,66.4161,12.3733,5.9626, NaN, NaN, NaN, NaN, NaN, NaN, NaN, NaN, NaN, NaN, NaN, NaN, NaN, NaN, NaN, NaN, NaN, NaN, NaN, NaN, NaN, NaN, NaN, NaN, NaN, NaN, NaN, NaN, NaN, NaN,
09/2016,4646.3414,43104.1392,4608.5756,59613.3662,316.9417,2884.5067,34137.3482,386781.2486,4646.3414,43104.1392,2050.2938,51330.2087,128.8771,959.3304,34137.3482,386781.2486,1969.1856,8556.6931,1826.9863,7434.8727,182.8126,468.8982,14449.6033,74250.6815,3426.8659,26848.4544,3187.4380,31508.4233,243.5500,1644.1529,25090.0282,240211.4767,4646.3414,43104.1392,4330.9325,54508.7489,270.1598,1217.3676,34137.3482,240211.4767,1.1570,0.0626,8.4908,65.8986,13.5514,5.5143, NaN, NaN, NaN, NaN, NaN, NaN, NaN, NaN, NaN, NaN, NaN, NaN, NaN, NaN, NaN, NaN, NaN, NaN, NaN, NaN, NaN, NaN, NaN, NaN, NaN, NaN, NaN, NaN, NaN, NaN,
10/2016,2783.0304,16383.8160,2411.6374,18613.2957,189.5628,1302.9113,19048.4387,123191.5564,2783.0304,16383.8160,1115.6092,14743.8642,74.1568,467.7421,19048.4387,123191.5564,774.8438,2593.3910,569.0606,2056.7667,73.1378,185.3640,5327.7234,19242.3716,1817.6832,8636.0515,1482.3961,8179.0055,134.3622,434.9220,12450.5574,65385.1939,2783.0304,16383.8160,2282.0699,16375.4059,158.6422,612.6714,19048.4387,65385.1939,0.9293,0.0517,7.2128,68.1806,17.1257,4.9936, NaN, NaN, NaN, NaN, NaN, NaN, NaN, NaN, NaN, NaN, NaN, NaN, NaN, NaN, NaN, NaN, NaN, NaN, NaN, NaN, NaN, NaN, NaN, NaN, NaN, NaN, NaN, NaN, NaN, NaN,
11/2016,654.9293,2710.7827,482.7759,3391.7740,40.1974,165.2135,2737.1543,13078.8438,654.9293,2710.7827,237.7621,2696.3577,18.7428,95.0478,2737.1543,13078.8438,163.3738,463.9162,102.8307,421.3461,12.3272,37.3407,640.1475,1913.5860,475.3296,1401.4685,343.6758,1381.7904,31.2777,112.4679,1969.6218,6163.2791,654.9293,2710.7827,476.6375,3092.6475,35.6105,125.4709,2737.1543,6163.2791,1.0140,0.0783,5.1208,69.7049,23.4011,6.7756, NaN, NaN, NaN, NaN, NaN, NaN, NaN, NaN, NaN, NaN, NaN, NaN, NaN, NaN, NaN, NaN, NaN, NaN, NaN, NaN, NaN, NaN, NaN, NaN, NaN, NaN, NaN, NaN, NaN, NaN,
12/2016,373.5158,1151.4960,270.7805,1364.3115,37.6370,132.0133,1061.3791,3630.6814,373.5158,1151.4960,146.9104,880.8408,11.0867,56.9559,1061.3791,3630.6814,176.6189,558.5501,126.3752,496.5114,24.0634,66.1882,421.9039,1660.7295,340.8998,1363.6080,252.8672,1353.5336,40.4556,134.5616,903.9078,4214.6175,373.5158,1151.4960,269.8198,1133.6874,27.3158,78.9236,1061.3791,4214.6175,0.9740,0.0876,4.4348,71.8542,25.9212,9.7228, NaN, NaN, NaN, NaN, NaN, NaN, NaN, NaN, NaN, NaN, NaN, NaN, NaN, NaN, NaN, NaN, NaN, NaN, NaN, NaN, NaN, NaN, NaN, NaN, NaN, NaN, NaN, NaN, NaN, NaN,
01/2017,687.2774,1739.0592,668.3154,1871.0179,139.2154,364.2457,1540.5540,4152.9380,687.2774,1739.0592,316.8732,877.2834,23.5769,68.3892,1540.5540,4152.9380,620.6630,3649.4582,615.9259,6528.2233,132.5506,471.0855,1369.9668,16948.9347,668.9952,2025.4320,657.3506,2100.1176,138.7130,363.4831,1485.1370,6081.4186,687.2774,1739.0592,644.4487,1401.8516,103.7385,163.9524,1540.5540,6081.4186,0.8980,0.0862,4.7673,68.9628,26.8424,14.5833, NaN, NaN, NaN, NaN, NaN, NaN, NaN, NaN, NaN, NaN, NaN, NaN, NaN, NaN, NaN, NaN, NaN, NaN, NaN, NaN, NaN, NaN, NaN, NaN, NaN, NaN, NaN, NaN, NaN, NaN,
02/2017,1329.9466,250729.6118,1353.3176,931345.1625,232.3975,44672.9766,3299.8852,1726914.9136,1329.9466,250729.6118,595.4210,929302.0427,43.8429,44182.3101,3299.8852,1726914.9136,491.7370,25135.6435,447.8740,58348.5163,95.9342,2032.1387,1106.5807,163141.6212,2818.8000,576455.2877,3345.8541,2819143.2817,467.2068,113616.0137,7169.5594,3954894.2275,1329.9466,250729.6118,1256.8007,930283.4381,184.7432,44363.6874,3299.8852,3954894.2275,2.9000,0.1527,5.7390,70.2986,25.5491,4.5568, NaN, NaN, NaN, NaN, NaN, NaN, NaN, NaN, NaN, NaN, NaN, NaN, NaN, NaN, NaN, NaN, NaN, NaN, NaN, NaN, NaN, NaN, NaN, NaN, NaN, NaN, NaN, NaN, NaN, NaN,
03/2017,516.7670,31371.7018,421.9347,102010.2597,68.0835,3458.2426,1377.6907,210043.6011,516.7670,31371.7018,221.1718,101324.2469,16.8152,3326.9158,1377.6907,210043.6011,260.6256,2012.7312,197.3203,1779.3739,44.9095,130.7926,552.4253,10809.3087,555.3706,16930.0195,497.1463,34937.2723,46.8651,1134.4369,1923.3980,113791.7789,516.7670,31371.7018,419.2360,101683.5042,51.9867,3375.5452,1377.6907,113791.7789,2.0067,0.0801,5.7933,76.3340,23.5339,7.3537, NaN, NaN, NaN, NaN, NaN, NaN, NaN, NaN, NaN, NaN, NaN, NaN, NaN, NaN, NaN, NaN, NaN, NaN, NaN, NaN, NaN, NaN, NaN, NaN, NaN, NaN, NaN, NaN, NaN, NaN,
04/2017,103.5245,2640.1680,75.4858,5627.4268,3.7350,125.9075,437.3614,15164.1866,103.5245,2640.1680,41.5221,5249.8916,3.4848,117.4113,437.3614,15164.1866,22.2653,282.5107,14.6105,310.9757,0.7261,10.0237,94.2067,1348.7809,188.3088,969.0365,158.1314,1137.8579,7.4040,61.1480,885.7135,4655.5805,103.5245,2640.1680,75.0406,5401.1891,3.7350,124.8031,437.3614,4655.5805,1.5100,0.0918,3.1314,70.7820,20.9699,12.9719, NaN, NaN, NaN, NaN, NaN, NaN, NaN, NaN, NaN, NaN, NaN, NaN, NaN, NaN, NaN, NaN, NaN, NaN, NaN, NaN,2.1992,0.0657,4.8499,1.7269,9.7236,1.3283,0.0843,2.9711,2.1923,11.8658,
05/2017,1078.2634,4712.8954,914.0911,6577.0153,192.4892,521.3014,2530.3051,25344.0750,1078.2634,4712.8954,480.0839,5339.3191,34.7111,156.4464,2530.3051,25344.0750,658.0570,1456.4189,530.3145,1278.4860,126.2453,279.1986,1522.2683,5748.7351,1500.5606,4655.0246,1329.7129,4518.8930,255.1269,624.7727,3740.5389,23140.5783,1078.2634,4712.8954,900.5096,6015.6473,142.7833,296.0565,2530.3051,23140.5783,1.0033,0.0704,3.0847,69.3420,19.2028,18.6634, NaN, NaN, NaN, NaN, NaN, NaN, NaN, NaN, NaN, NaN, NaN, NaN, NaN, NaN, NaN, NaN, NaN, NaN, NaN, NaN,1.4214,0.0887,1.8302,1.5053,16.6089,1.0827,0.1073,1.5325,2.6036,19.4290,
06/2017,917.8186,4986.2909,861.3059,6343.8754,151.9354,398.8937,3139.6286,35846.6093,917.8186,4986.2909,411.5884,5144.0471,30.1436,134.9094,3139.6286,35846.6093,527.9645,1267.2806,477.6678,1205.3132,101.1458,210.6382,1812.3531,6813.3045,1157.3453,4487.4950,1109.6531,4402.6658,164.2166,410.1540,4219.9679,30334.1412,917.8186,4986.2909,826.8376,5789.8372,119.3389,251.6626,3139.6286,30334.1412,0.9130,0.1089,3.0056,68.0507,17.1662,22.6432, NaN, NaN, NaN, NaN, NaN, NaN, NaN, NaN, NaN, NaN, NaN, NaN, NaN, NaN, NaN, NaN, NaN, NaN, NaN, NaN,0.9267,0.0742,1.9137,2.0312,18.9550,0.6796,0.0778,1.7058,2.6454,20.8256,
07/2017,5250.7440,26146.9814,6684.0754,32703.4341,633.2401,1754.7208,29257.0916,199461.2619,5250.7440,26146.9814,2877.2383,26893.8911,173.5529,669.0967,29257.0916,199461.2619,2142.1325,4901.2128,1844.9737,4107.5485,370.1573,809.1665,11776.8443,31665.9326,7672.7347,38370.2573,10480.4630,49440.8694,818.6682,3328.2665,43297.4881,293293.0203,5250.7440,26146.9814,6501.1026,31158.6141,498.3431,1072.9227,29257.0916,293293.0203,0.9640,0.0684,6.0961,66.3700,14.5000,11.9132, NaN, NaN, NaN, NaN, NaN, NaN, NaN, NaN, NaN, NaN, NaN, NaN, NaN, NaN, NaN, NaN, NaN, NaN, NaN, NaN,0.9572,0.0653,5.9546,1.4005,10.8651,0.6775,0.0799,4.4709,1.7716,13.9421,
08/2017,10107.2102,127903.4237,14008.8155,250292.3618,797.0258,14277.6327,73024.6256,1123680.0737,10107.2102,127903.4237,5272.3191,214664.4564,324.8185,5652.0594,73024.6256,1123680.0737,5012.5392,20092.2077,7111.4342,23352.6387,538.9334,1362.8717,36349.8092,168744.6582,9588.6547,89358.0941,12288.2526,167835.7386,692.9214,13609.0151,69166.7737,772612.9464,10107.2102,127903.4237,13134.5111,225108.4939,681.7276,6333.3073,73024.6256,772612.9464,1.3670,0.0614,8.8598,66.3333,13.9900,4.3431, NaN, NaN, NaN, NaN, NaN, NaN, NaN, NaN, NaN, NaN, NaN, NaN, NaN, NaN, NaN, NaN, NaN, NaN, NaN, NaN,1.7457,0.1083,8.6636,4.2150,3.5058, NaN, NaN, NaN, NaN, NaN,
09/2017,4155.7450,37266.3936,4139.4245,51939.3755,349.1031,1901.6738,24127.1896,293816.7491,4155.7450,37266.3936,1786.2163,46160.0864,120.2328,658.6347,24127.1896,293816.7491,1869.5232,6482.0304,1634.5461,5491.7840,215.3293,550.2912,10875.4282,45257.3621,3375.6480,18249.4426,3178.8648,18952.3705,284.5036,1017.6764,19711.8546,139189.5372,4155.7450,37266.3936,3733.1123,48803.7889,290.7595,911.6413,24127.1896,139189.5372,1.1750,0.0688,8.0423,65.8049,16.3434,4.7762, NaN, NaN, NaN, NaN, NaN, NaN, NaN, NaN, NaN, NaN, NaN, NaN, NaN, NaN, NaN, NaN, NaN, NaN, NaN, NaN,1.5125,0.0372,8.5377,0.9854,5.2505, NaN, NaN, NaN, NaN, NaN,
10/2017,2226.7786,14889.0096,1902.8198,17255.0185,155.4161,578.8435,14142.8448,103518.0745,2226.7786,14889.0096,871.8622,15230.7698,61.9727,301.6695,14142.8448,103518.0745,802.5437,1901.5430,636.4201,1589.1770,66.7600,154.5702,5126.3783,12189.0833,1693.8115,6077.2637,1403.9517,5634.0947,119.0079,357.2689,10798.7647,40861.1720,2226.7786,14889.0096,1751.2228,16427.8692,132.1024,412.3898,14142.8448,40861.1720,0.9747,0.0523,6.9425,66.4056,19.3118,5.4980, NaN, NaN, NaN, NaN, NaN, NaN, NaN, NaN, NaN, NaN, NaN, NaN, NaN, NaN, NaN, NaN, NaN, NaN, NaN, NaN,1.1790,0.0296,7.9401,0.5489,5.6416, NaN, NaN, NaN, NaN, NaN,
11/2017,552.0874,2806.2115,420.0026,3455.9234,27.1255,114.7895,2916.6053,16211.2528,552.0874,2806.2115,201.8128,2847.4828,16.2656,83.7594,2916.6053,16211.2528,171.2966,393.7162,125.8282,391.7176,9.1281,21.8874,914.0616,2043.3513,442.3248,1291.6195,335.3629,1377.7193,22.2370,85.5448,2345.3049,6946.0297,552.0874,2806.2115,415.5754,3199.7299,24.0975,102.2496,2916.6053,6946.0297,0.9760,0.0659,4.2482,68.9563,25.3560,8.3496, NaN, NaN, NaN, NaN, NaN, NaN, NaN, NaN, NaN, NaN, NaN, NaN, NaN, NaN, NaN, NaN, NaN, NaN, NaN, NaN,1.0873,0.0426,5.8962,1.2474,6.2577, NaN, NaN, NaN, NaN, NaN,
12/2017,706.2941,1961.8848,581.9454,2281.2925,95.7462,261.4422,3133.0593,9479.9880,706.2941,1961.8848,297.7605,1480.5363,22.3325,76.5631,3133.0593,9479.9880,404.8963,861.7882,324.7892,758.9245,65.4236,154.5234,1740.1070,4130.9005,745.8394,1810.0022,626.0572,1855.5318,108.2747,288.8361,3271.9882,8769.3045,706.2941,1961.8848,573.0086,1931.8865,73.0859,140.9863,3133.0593,8769.3045,0.8200,0.0600,3.2412,68.2931,25.4478,12.3607, NaN, NaN, NaN, NaN, NaN, NaN, NaN, NaN, NaN, NaN, NaN, NaN, NaN, NaN, NaN, NaN, NaN, NaN, NaN, NaN,1.0632,0.0726,5.3065,3.6286,8.9636, NaN, NaN, NaN, NaN, NaN,
01/2018,1742.3856,10671.6614,1922.8628,22899.8244,286.0656,967.3500,7316.0725,45179.6792,1742.3856,10671.6614,788.7524,20636.1965,55.1877,485.5644,7316.0725,45179.6792,1389.2515,4441.0896,1572.3971,5134.1945,263.5308,569.2787,5794.4311,19714.1913,1697.6477,21757.1011,1871.4804,52241.9065,284.4543,2108.0535,7130.2634,89808.8902,1742.3856,10671.6614,1739.1613,21893.5018,225.4911,682.7326,7316.0725,89808.8902,1.3780,0.0696,5.0471,71.4760,27.0978,11.1449, NaN, NaN, NaN, NaN, NaN, NaN, NaN, NaN, NaN, NaN, NaN, NaN, NaN, NaN, NaN, NaN, NaN, NaN, NaN, NaN,0.9786,0.1340,5.0622,4.7400,8.9696, NaN, NaN, NaN, NaN, NaN,
02/2018,191.2810,1606.2365,144.2603,3339.6186,6.8576,64.3090,871.3711,7605.8512,191.2810,1606.2365,73.5043,3034.8656,6.1291,60.3466,871.3711,7605.8512,79.9286,238.2307,57.2331,256.9398,2.7549,9.2314,367.3811,1257.3713,171.9101,855.6019,125.4675,932.3411,6.1146,44.9432,778.9893,4137.0949,191.2810,1606.2365,144.2353,3195.7353,6.7741,61.8629,871.3711,4137.0949,1.4650,0.0932,3.2832,68.4882,26.5896,11.4976, NaN, NaN, NaN, NaN, NaN, NaN, NaN, NaN, NaN, NaN, NaN, NaN, NaN, NaN, NaN, NaN, NaN, NaN, NaN, NaN,2.6028,0.1137,5.7746,20.8241,10.1998, NaN, NaN, NaN, NaN, NaN,
03/2018,123.5779,1285.8480,78.9998,2811.5704,5.9654,59.7960,596.0450,7255.8379,123.5779,1285.8480,47.1613,2524.6087,3.5396,52.6997,596.0450,7255.8379,69.7766,196.3526,43.3478,220.6696,3.6269,11.5133,339.8442,1135.0502,92.3530,489.3437,58.1688,674.5214,3.8039,39.3485,453.9901,2910.6746,123.5779,1285.8480,78.8382,2654.4647,5.5673,55.6337,596.0450,2910.6746,1.0540,0.0792,3.1420,68.9736,24.5543,17.1328, NaN, NaN, NaN, NaN, NaN, NaN, NaN, NaN, NaN, NaN, NaN, NaN, NaN, NaN, NaN, NaN, NaN, NaN, NaN, NaN,1.9824,0.0774,5.0178,4.7137,10.9408, NaN, NaN, NaN, NaN, NaN,
04/2018,319.5418,1058.0803,238.0866,1308.1383,48.4836,151.2825,1511.4533,6408.8167,319.5418,1058.0803,136.6819,813.1602,9.6567,52.8939,1511.4533,6408.8167,149.1437,394.9258,104.8045,402.2719,21.4098,55.7912,723.3383,2346.6396,215.4038,763.2662,151.7966,942.1443,31.3474,110.8915,1021.3609,4652.5660,319.5418,1058.0803,237.0992,1050.5825,34.5805,86.5455,1511.4533,4652.5660,0.8593,0.0626,4.1489,69.7895,22.3717,21.8244, NaN, NaN, NaN, NaN, NaN, NaN, NaN, NaN, NaN, NaN, NaN, NaN, NaN, NaN, NaN, NaN, NaN, NaN, NaN, NaN,1.4056,0.0972,3.0345,5.4841,16.9903, NaN, NaN, NaN, NaN, NaN,
