Date,BC BASE Flow Local (ML),BC BASE Flow Local + Upstream (ML),BC BASE TN Local (KG),BC BASE TN Local + Upstream (KG),BC BASE TP Local (KG),BC BASE TP Local + Upstream (KG),BC BASE OXY Local (KG),BC BASE OXY Local + Upstream (KG),BC Capped Flow Local (ML),BC Capped Flow Local + Upstream (ML),BC Capped TN Local (KG),BC Capped TN Local + Upstream (KG),BC Capped TP Local (KG),BC Capped TP Local + Upstream (KG),BC Capped OXY Local (KG),BC Capped OXY Local + Upstream (KG),BC Dry Flow Local (ML),BC Dry Flow Local + Upstream (ML),BC Dry TN Local (KG),BC Dry TN Local + Upstream (KG),BC Dry TP Local (KG),BC Dry TP Local + Upstream (KG),BC Dry OXY Local (KG),BC Dry OXY Local + Upstream (KG),BC Wet Flow Local (ML),BC Wet Flow Local + Upstream (ML),BC Wet TN Local (KG),BC Wet TN Local + Upstream (KG),BC Wet TP Local (KG),BC Wet TP Local + Upstream (KG),BC Wet OXY Local (KG),BC Wet OXY Local + Upstream (KG),BC Targets Flow Local (ML),BC Targets Flow Local + Upstream (ML),BC Targets TN Local (KG),BC Targets TN Local + Upstream (KG),BC Targets TP Local (KG),BC Targets TP Local + Upstream (KG),BC Targets OXY Local (KG),BC Targets OXY Local + Upstream (KG),Field Mean TN (mg/L),Field Mean TP (mg/L),Field Mean TCHLA (ug/L),Field Mean Oxygen (mg/L),Field Mean TEMP (C),Field Mean Salinity (psu),SCERM44_2015_2016_ALL Mean TN (mg/L),SCERM44_2015_2016_ALL Mean TP (mg/L),SCERM44_2015_2016_ALL Mean Oxy (mg/L),SCERM44_2015_2016_ALL Mean TCHLA (ug/L),SCERM44_2015_2016_ALL Mean Salinity (psu),SCERM44_2015_2016_Capped_ALL Mean TN (mg/L),SCERM44_2015_2016_Capped_ALL Mean TP (mg/L,)SCERM44_2015_2016_Capped_ALL Mean Oxy (mg/L),SCERM44_2015_2016_Capped_ALL Mean TCHLA (ug/L),SCERM44_2015_2016_Capped_ALL Mean Salinity (psu),SCERM44_2015_2016_Dry_ALL Mean TN (mg/L),SCERM44_2015_2016_Dry_ALL Mean TP (mg/L),SCERM44_2015_2016_Dry_ALL Mean Oxy (mg/L),SCERM44_2015_2016_Dry_ALL Mean TCHLA (ug/L),SCERM44_2015_2016_Dry_ALL Mean Salinity (psu),SCERM44_2015_2016_Target_ALL Mean TN (mg/L),SCERM44_2015_2016_Target_ALL Mean TP (mg/L),SCERM44_2015_2016_Target_ALL Mean Oxy (mg/L),SCERM44_2015_2016_Target_ALL Mean TCHLA (ug/L),SCERM44_2015_2016_Target_ALL Mean Salinity (psu),SCERM44_2017_2018_ALL Mean TN (mg/L),SCERM44_2017_2018_ALL Mean TP (mg/L),SCERM44_2017_2018_ALL Mean Oxy (mg/L),SCERM44_2017_2018_ALL Mean TCHLA (ug/L),SCERM44_2017_2018_ALL Mean Salinity (psu),SCERM44_2017_2018_Wet_ALL Mean TN (mg/L),SCERM44_2017_2018_Wet_ALL Mean TP (mg/L),SCERM44_2017_2018_Wet_ALL Mean Oxy (mg/L),SCERM44_2017_2018_Wet_ALL Mean TCHLA (ug/L),SCERM44_2017_2018_Wet_ALL Mean Salinity (psu),
01/2008,14.8003,1245.1018,12.0041,1231.5278,0.9230,75.8766,125.3784,8855.0021,14.8003,1245.1018,8.3416,771.8740,0.6132,60.3171,125.3784,8855.0021,8.1734,522.5558,5.9960,431.4591,0.4622,25.2157,69.2485,3824.3934,11.9578,1059.4454,9.3552,1012.8422,0.7202,60.4135,101.3912,7507.0404,14.8003,1245.1018,11.1808,1074.9707,0.9230,75.4027,125.3784,8855.0021, NaN, NaN, NaN,6.6563,24.6300,34.8587, NaN, NaN, NaN, NaN, NaN, NaN, NaN, NaN, NaN, NaN, NaN, NaN, NaN, NaN, NaN, NaN, NaN, NaN, NaN, NaN, NaN, NaN, NaN, NaN, NaN, NaN, NaN, NaN, NaN, NaN,
02/2008,36.6336,3580.7443,49.2436,4028.2276,3.5976,409.7501,333.8536,25165.2866,36.6336,3580.7443,22.9504,1897.0592,1.5761,141.9331,333.8536,25165.2866,15.4138,1465.1539,17.2823,1388.7016,1.2882,150.8436,140.3263,10202.9475,64.1261,6722.1101,100.8964,8478.5538,7.2276,803.1854,580.4697,45862.7901,36.6336,3580.7443,31.8557,3163.9615,2.7905,291.7426,333.8536,25165.2866, NaN, NaN, NaN,6.6278,24.3633,35.6957, NaN, NaN, NaN, NaN, NaN, NaN, NaN, NaN, NaN, NaN, NaN, NaN, NaN, NaN, NaN, NaN, NaN, NaN, NaN, NaN, NaN, NaN, NaN, NaN, NaN, NaN, NaN, NaN, NaN, NaN,
03/2008,17.7293,1660.9363,18.8354,1693.2089,1.4083,177.1745,124.5113,10738.4821,17.7293,1660.9363,10.6042,932.9849,0.7482,73.9848,124.5113,10738.4821,9.9014,908.3232,10.2286,823.6641,0.7663,99.9439,68.2416,5776.6312,15.2237,1324.8144,13.7858,1284.7434,1.0480,115.7875,110.3763,8726.7045,17.7293,1660.9363,14.2708,1392.5914,1.2414,126.8520,124.5113,10738.4821, NaN, NaN, NaN,6.0764,23.1909,36.6781, NaN, NaN, NaN, NaN, NaN, NaN, NaN, NaN, NaN, NaN, NaN, NaN, NaN, NaN, NaN, NaN, NaN, NaN, NaN, NaN, NaN, NaN, NaN, NaN, NaN, NaN, NaN, NaN, NaN, NaN,
04/2008,99.7661,18418.8902,135.1467,27664.5086,9.9077,1810.3093,669.2762,118093.4309,99.7661,18418.8902,63.4793,20959.6722,4.2976,796.2402,669.2762,118093.4309,35.8733,4109.8147,40.9157,3941.7910,3.0572,516.5659,238.9068,26412.2663,66.8995,7434.3053,82.7707,7780.0483,6.1328,888.0703,448.4873,47959.5697,99.7661,18418.8902,87.0581,24847.2608,7.9707,1339.7967,669.2762,118093.4309, NaN, NaN, NaN,7.4250,19.6400,33.2388, NaN, NaN, NaN, NaN, NaN, NaN, NaN, NaN, NaN, NaN, NaN, NaN, NaN, NaN, NaN, NaN, NaN, NaN, NaN, NaN, NaN, NaN, NaN, NaN, NaN, NaN, NaN, NaN, NaN, NaN,
05/2008,95.5584,11921.1869,118.0988,14541.5528,8.7639,1187.9737,722.3854,84629.3610,95.5584,11921.1869,60.2059,9241.9986,4.0850,469.2814,722.3854,84629.3610,38.4480,4233.7814,42.2582,3977.5312,3.1712,490.4852,290.4509,29085.2312,98.3750,11479.5965,126.7012,12473.8802,9.3516,1254.2983,742.7419,81471.4735,95.5584,11921.1869,80.9689,12575.4237,7.6106,893.8678,722.3854,84629.3610, NaN, NaN, NaN,7.5000,18.6333,31.8682, NaN, NaN, NaN, NaN, NaN, NaN, NaN, NaN, NaN, NaN, NaN, NaN, NaN, NaN, NaN, NaN, NaN, NaN, NaN, NaN, NaN, NaN, NaN, NaN, NaN, NaN, NaN, NaN, NaN, NaN,
06/2008,233.0554,30822.9494,354.7073,44446.7732,24.8506,3180.5072,1935.9067,256112.5082,233.0554,30822.9494,151.9578,22870.8937,10.0681,1139.1409,1935.9067,256112.5082,100.8806,9919.5062,133.1060,10621.5523,9.7965,1240.5746,836.7720,79843.1171,225.6250,30488.3827,335.1390,40321.6345,24.2088,3028.7097,1873.7423,255353.9571,233.0554,30822.9494,210.7482,35322.5826,18.9631,2421.8060,1935.9067,256112.5082, NaN, NaN, NaN,7.8580,16.2660,29.1584, NaN, NaN, NaN, NaN, NaN, NaN, NaN, NaN, NaN, NaN, NaN, NaN, NaN, NaN, NaN, NaN, NaN, NaN, NaN, NaN, NaN, NaN, NaN, NaN, NaN, NaN, NaN, NaN, NaN, NaN,
07/2008,383.8752,112395.1421,675.1091,306356.7019,41.7481,14737.0953,3458.0520,1099316.0248,383.8752,112395.1421,255.8144,240731.5610,16.4563,5704.6448,3458.0520,1099316.0248,175.7290,25660.4371,240.9959,32667.0792,17.6805,2413.3362,1583.3516,242271.9269,420.8890,169268.2531,756.9293,388972.4784,46.9153,22102.3715,3791.7871,1680302.8815,383.8752,112395.1421,359.2799,268973.8547,30.6312,8179.6623,3458.0520,1099316.0248, NaN, NaN, NaN,8.7044,14.1211,20.3977, NaN, NaN, NaN, NaN, NaN, NaN, NaN, NaN, NaN, NaN, NaN, NaN, NaN, NaN, NaN, NaN, NaN, NaN, NaN, NaN, NaN, NaN, NaN, NaN, NaN, NaN, NaN, NaN, NaN, NaN,
08/2008,243.8035,106176.7094,375.1967,248980.1296,24.0531,9381.5737,2221.8997,1069314.1300,243.8035,106176.7094,160.2395,221406.4199,10.3277,5729.1128,2221.8997,1069314.1300,144.8410,16685.9827,183.6869,20077.7941,13.6122,1132.4689,1319.7643,158498.0895,245.6698,125897.5613,373.2180,306797.6933,24.2343,13020.2012,2239.1408,1273513.8768,243.8035,106176.7094,219.3313,233375.5110,19.3704,6740.6646,2221.8997,1069314.1300, NaN, NaN, NaN,9.6988,13.5900,10.6210, NaN, NaN, NaN, NaN, NaN, NaN, NaN, NaN, NaN, NaN, NaN, NaN, NaN, NaN, NaN, NaN, NaN, NaN, NaN, NaN, NaN, NaN, NaN, NaN, NaN, NaN, NaN, NaN, NaN, NaN,
09/2008,232.2518,33468.7507,356.5475,43472.6397,23.2796,2421.7292,2069.4830,300390.3318,232.2518,33468.7507,152.5729,26962.1195,9.8871,1029.6535,2069.4830,300390.3318,129.8851,10685.7187,165.5029,11270.4962,12.2493,1049.8301,1156.3348,93709.8650,214.2634,28479.8678,311.7378,32855.9721,21.2005,2006.8631,1911.0556,256771.9750,232.2518,33468.7507,209.2478,35415.3551,18.5618,1936.4560,2069.4830,300390.3318, NaN, NaN, NaN,8.7170,16.3560,21.9593, NaN, NaN, NaN, NaN, NaN, NaN, NaN, NaN, NaN, NaN, NaN, NaN, NaN, NaN, NaN, NaN, NaN, NaN, NaN, NaN, NaN, NaN, NaN, NaN, NaN, NaN, NaN, NaN, NaN, NaN,
10/2008,156.2717,23143.1904,212.2302,27663.7980,14.5356,1558.6103,1318.7468,183875.3296,156.2717,23143.1904,101.3125,18754.1785,6.6156,735.1612,1318.7468,183875.3296,82.8144,6157.0368,93.4241,5969.3447,7.0133,530.0261,699.0596,48425.4968,135.7603,16663.0694,173.3771,16993.6765,12.3794,1137.9934,1146.4467,132529.7654,156.2717,23143.1904,135.9427,23704.7541,12.5055,1257.1247,1318.7468,183875.3296, NaN, NaN, NaN,7.4988,19.6625,23.0224, NaN, NaN, NaN, NaN, NaN, NaN, NaN, NaN, NaN, NaN, NaN, NaN, NaN, NaN, NaN, NaN, NaN, NaN, NaN, NaN, NaN, NaN, NaN, NaN, NaN, NaN, NaN, NaN, NaN, NaN,
11/2008,144.5645,16702.6752,198.5153,20154.7664,13.6872,1447.4962,1176.2771,119831.6997,144.5645,16702.6752,93.5598,11670.7441,6.1424,624.2238,1176.2771,119831.6997,64.5581,4433.7542,70.9779,4223.4036,5.3382,416.4402,525.0299,32571.0417,123.1286,12937.6224,159.3371,13369.1028,11.4297,1107.5169,1001.8451,92713.1722,144.5645,16702.6752,126.2316,16341.1642,11.6101,1169.6401,1176.2771,119831.6997, NaN, NaN, NaN,7.1787,20.2538,27.4888, NaN, NaN, NaN, NaN, NaN, NaN, NaN, NaN, NaN, NaN, NaN, NaN, NaN, NaN, NaN, NaN, NaN, NaN, NaN, NaN, NaN, NaN, NaN, NaN, NaN, NaN, NaN, NaN, NaN, NaN,
12/2008,69.6557,5726.9808,76.8732,5928.2262,5.6978,467.2187,525.5873,38477.0008,69.6557,5726.9808,43.2374,3340.2679,2.9379,240.7013,525.5873,38477.0008,34.3958,2103.3994,33.2037,1892.0547,2.5257,181.8885,259.4222,14362.7918,64.3075,5548.8758,69.8637,5433.7088,5.2339,440.1490,485.0185,37010.2852,69.6557,5726.9808,57.0509,4930.0359,5.4830,403.2586,525.5873,38477.0008, NaN, NaN, NaN,6.7555,23.1073,30.3938, NaN, NaN, NaN, NaN, NaN, NaN, NaN, NaN, NaN, NaN, NaN, NaN, NaN, NaN, NaN, NaN, NaN, NaN, NaN, NaN, NaN, NaN, NaN, NaN, NaN, NaN, NaN, NaN, NaN, NaN,
01/2009,21.4704,2043.2045,18.4439,2556.4131,1.4147,125.4327,155.5616,13050.0865,21.4704,2043.2045,12.3198,1867.5674,0.8927,93.6140,155.5616,13050.0865,9.8582,1400.4662,7.4041,1797.5614,0.5708,70.4827,71.4257,8541.0672,18.5414,1714.1846,15.5260,1659.1585,1.1924,103.4246,134.3616,11044.7532,21.4704,2043.2045,16.4568,2330.2491,1.4147,122.5724,155.5616,13050.0865, NaN, NaN, NaN,6.3513,25.5888,33.5384, NaN, NaN, NaN, NaN, NaN, NaN, NaN, NaN, NaN, NaN, NaN, NaN, NaN, NaN, NaN, NaN, NaN, NaN, NaN, NaN, NaN, NaN, NaN, NaN, NaN, NaN, NaN, NaN, NaN, NaN,
02/2009,17.9626,5037.4656,17.9260,12978.4135,1.3503,266.0496,134.1442,29184.7303,17.9626,5037.4656,10.6206,12230.7950,0.7545,210.0719,134.1442,29184.7303,7.3872,750.8246,6.2444,654.7400,0.4757,43.2855,55.1763,4888.8192,21.5741,2253.1997,25.7734,2423.9916,1.9028,193.7347,164.6578,15045.4266,17.9626,5037.4656,14.3008,12720.8300,1.2341,249.2230,134.1442,29184.7303, NaN, NaN, NaN,5.8929,24.7557,34.9280, NaN, NaN, NaN, NaN, NaN, NaN, NaN, NaN, NaN, NaN, NaN, NaN, NaN, NaN, NaN, NaN, NaN, NaN, NaN, NaN, NaN, NaN, NaN, NaN, NaN, NaN, NaN, NaN, NaN, NaN,
03/2009,13.2970,2244.5683,11.1375,3556.2307,0.8530,152.2743,103.3603,13530.0226,13.2970,2244.5683,7.5705,3006.2159,0.5522,86.7199,103.3603,13530.0226,6.1517,646.2979,4.7413,522.8708,0.3635,62.7961,47.6188,4400.3640,10.5581,1137.0845,8.2242,1112.0143,0.6326,91.4290,82.3431,7770.3594,13.2970,2244.5683,10.1112,3349.7443,0.8530,116.7392,103.3603,13530.0226, NaN, NaN, NaN,6.4511,22.2711,35.4779, NaN, NaN, NaN, NaN, NaN, NaN, NaN, NaN, NaN, NaN, NaN, NaN, NaN, NaN, NaN, NaN, NaN, NaN, NaN, NaN, NaN, NaN, NaN, NaN, NaN, NaN, NaN, NaN, NaN, NaN,
04/2009,10.0570,1349.0755,8.3734,1412.6313,0.6398,137.0286,72.9525,9068.8416,10.0570,1349.0755,5.7153,850.8010,0.4174,66.0335,72.9525,9068.8416,3.7757,512.8445,2.7000,449.4158,0.2070,45.9989,27.3060,3448.4459,8.0525,1080.5530,6.2706,1099.1733,0.4811,101.3308,58.7445,7286.1028,10.0570,1349.0755,7.5333,1183.1929,0.6313,98.0361,72.9525,9068.8416, NaN, NaN, NaN,6.9063,20.5100,36.0575, NaN, NaN, NaN, NaN, NaN, NaN, NaN, NaN, NaN, NaN, NaN, NaN, NaN, NaN, NaN, NaN, NaN, NaN, NaN, NaN, NaN, NaN, NaN, NaN, NaN, NaN, NaN, NaN, NaN, NaN,
05/2009,31.0694,4353.1862,37.1351,4806.1872,2.7558,558.4824,256.4725,31606.2269,31.0694,4353.1862,19.2729,2469.7359,1.3241,171.1624,256.4725,31606.2269,17.0381,2421.3254,19.0518,2344.6950,1.4247,316.3521,140.7248,17554.3564,37.0224,5344.2720,47.2818,5897.0440,3.4844,696.2515,305.6222,38652.0579,31.0694,4353.1862,25.9285,3917.6882,2.3558,367.0342,256.4725,31606.2269, NaN, NaN, NaN,6.7210,17.9860,36.4056, NaN, NaN, NaN, NaN, NaN, NaN, NaN, NaN, NaN, NaN, NaN, NaN, NaN, NaN, NaN, NaN, NaN, NaN, NaN, NaN, NaN, NaN, NaN, NaN, NaN, NaN, NaN, NaN, NaN, NaN,
06/2009,113.1235,18119.0995,155.0468,22002.3389,10.9584,1834.8677,956.8515,144356.0617,113.1235,18119.0995,72.6407,13494.5151,4.8323,601.7413,956.8515,144356.0617,62.7869,9257.2502,75.6601,9266.0688,5.6350,1015.1424,530.9033,73569.8091,114.8947,20761.4016,153.4219,24673.8785,11.2909,1970.2428,971.3613,168335.4681,113.1235,18119.0995,98.9973,18977.0388,8.9862,1259.9318,956.8515,144356.0617, NaN, NaN, NaN,7.4180,15.5120,34.4920, NaN, NaN, NaN, NaN, NaN, NaN, NaN, NaN, NaN, NaN, NaN, NaN, NaN, NaN, NaN, NaN, NaN, NaN, NaN, NaN, NaN, NaN, NaN, NaN, NaN, NaN, NaN, NaN, NaN, NaN,
07/2009,235.9670,125039.7475,368.2201,281049.5397,24.4511,9602.1365,2015.5695,1161327.9709,235.9670,125039.7475,154.7661,250348.4606,10.1058,6561.0097,2015.5695,1161327.9709,111.0413,21119.4173,143.1244,25044.0114,10.5713,1725.7890,950.0144,188459.5923,275.7802,175806.1670,446.3608,421188.9821,29.5272,17423.2286,2357.5973,1640932.0611,235.9670,125039.7475,214.3658,268172.7370,18.9537,8075.8398,2015.5695,1161327.9709, NaN, NaN, NaN,8.6563,13.9525,20.3690, NaN, NaN, NaN, NaN, NaN, NaN, NaN, NaN, NaN, NaN, NaN, NaN, NaN, NaN, NaN, NaN, NaN, NaN, NaN, NaN, NaN, NaN, NaN, NaN, NaN, NaN, NaN, NaN, NaN, NaN,
08/2009,301.5792,124650.9562,482.4091,236405.1212,31.3359,12682.0502,2522.5905,1140500.3835,301.5792,124650.9562,198.8742,183992.8401,12.8850,4679.4119,2522.5905,1140500.3835,175.1501,35052.9466,235.3349,45550.8989,17.3184,2700.2509,1470.2862,310597.2095,287.7120,112713.4138,444.8636,190050.9642,29.5972,10905.5815,2402.6412,1026767.6919,301.5792,124650.9562,275.7961,206435.1818,24.1383,6665.4290,2522.5905,1140500.3835, NaN, NaN, NaN,10.0350,15.3680,8.9384, NaN, NaN, NaN, NaN, NaN, NaN, NaN, NaN, NaN, NaN, NaN, NaN, NaN, NaN, NaN, NaN, NaN, NaN, NaN, NaN, NaN, NaN, NaN, NaN, NaN, NaN, NaN, NaN, NaN, NaN,
09/2009,272.8598,88114.3661,422.7776,124372.6556,27.6182,8290.2519,2411.1297,822238.5687,272.8598,88114.3661,179.4881,86232.9802,11.6174,2413.0475,2411.1297,822238.5687,181.3622,27903.4330,238.7499,31817.4703,17.6317,1973.3748,1602.6828,257398.8606,238.9306,67648.5907,350.3383,96403.4327,23.7769,5629.2450,2111.3945,631890.3067,272.8598,88114.3661,247.0972,103092.2124,21.7977,3911.3256,2411.1297,822238.5687, NaN, NaN, NaN,9.9875,15.9450,8.8079, NaN, NaN, NaN, NaN, NaN, NaN, NaN, NaN, NaN, NaN, NaN, NaN, NaN, NaN, NaN, NaN, NaN, NaN, NaN, NaN, NaN, NaN, NaN, NaN, NaN, NaN, NaN, NaN, NaN, NaN,
10/2009,128.0534,20160.4896,158.9555,20921.6920,11.4310,992.0676,1139.3968,171130.7248,128.0534,20160.4896,82.0928,15228.7045,5.4251,552.0165,1139.3968,171130.7248,80.5162,6549.4656,89.1401,6030.2072,6.7087,403.6737,716.5382,55767.8801,109.3910,17172.1296,129.8865,18263.6347,9.5580,870.9739,973.6988,146867.4816,128.0534,20160.4896,108.6258,18365.5921,10.3068,872.2057,1139.3968,171130.7248, NaN, NaN, NaN,7.9900,18.8838,17.6932, NaN, NaN, NaN, NaN, NaN, NaN, NaN, NaN, NaN, NaN, NaN, NaN, NaN, NaN, NaN, NaN, NaN, NaN, NaN, NaN, NaN, NaN, NaN, NaN, NaN, NaN, NaN, NaN, NaN, NaN,
11/2009,83.4710,10988.9914,100.0788,11779.1422,7.3267,867.5051,606.7942,74000.5706,83.4710,10988.9914,52.3986,7283.3951,3.5435,369.1859,606.7942,74000.5706,44.8762,3314.0362,45.9233,3079.5137,3.4758,298.9556,328.0566,22174.5892,71.1763,10100.7216,81.7850,9869.6877,6.0977,730.4044,517.6535,68534.1353,83.4710,10988.9914,70.0346,9941.0317,6.6619,679.0064,606.7942,74000.5706, NaN, NaN, NaN,7.3360,21.6630,28.2377, NaN, NaN, NaN, NaN, NaN, NaN, NaN, NaN, NaN, NaN, NaN, NaN, NaN, NaN, NaN, NaN, NaN, NaN, NaN, NaN, NaN, NaN, NaN, NaN, NaN, NaN, NaN, NaN, NaN, NaN,
12/2009,29.0218,2786.8579,26.5327,2761.9938,2.0275,170.0529,199.3110,17692.3763,29.0218,2786.8579,16.9961,1753.4697,1.2120,120.4378,199.3110,17692.3763,15.9149,988.2432,13.0741,835.9917,1.0049,55.1479,109.3146,6313.4643,24.1747,2268.1123,21.3961,2140.7291,1.6382,137.9986,165.9804,14393.6639,29.0218,2786.8579,22.5897,2378.0910,2.0275,167.1450,199.3110,17692.3763, NaN, NaN, NaN,6.6938,24.7725,31.9999, NaN, NaN, NaN, NaN, NaN, NaN, NaN, NaN, NaN, NaN, NaN, NaN, NaN, NaN, NaN, NaN, NaN, NaN, NaN, NaN, NaN, NaN, NaN, NaN, NaN, NaN, NaN, NaN, NaN, NaN,
01/2010,10.4112,1068.9926,7.9453,1108.4052,0.6120,69.2446,75.7867,6935.8258,10.4112,1068.9926,5.7605,673.5718,0.4296,58.1724,75.7867,6935.8258,5.7974,448.3296,4.0140,372.2758,0.3095,20.4295,42.1866,2945.1002,8.3722,931.0982,6.1640,961.3502,0.4750,57.8120,60.9472,6030.9242,10.4112,1068.9926,7.6942,937.4813,0.6120,68.8384,75.7867,6935.8258, NaN, NaN, NaN,6.6843,25.0229,34.5115, NaN, NaN, NaN, NaN, NaN, NaN, NaN, NaN, NaN, NaN, NaN, NaN, NaN, NaN, NaN, NaN, NaN, NaN, NaN, NaN, NaN, NaN, NaN, NaN, NaN, NaN, NaN, NaN, NaN, NaN,
02/2010,5.2618,700.5485,3.6302,790.6864,0.2799,48.5615,39.9951,4698.1390,5.2618,700.5485,2.8289,478.9984,0.2158,42.6100,39.9951,4698.1390,2.9376,283.0205,1.8517,254.5980,0.1425,12.2386,22.3034,1922.9775,4.0608,616.0147,2.6883,689.5629,0.2071,41.2947,30.8422,4109.7390,5.2618,700.5485,3.6302,651.5667,0.2799,48.0126,39.9951,4698.1390, NaN, NaN, NaN,6.5556,25.1700,36.1716, NaN, NaN, NaN, NaN, NaN, NaN, NaN, NaN, NaN, NaN, NaN, NaN, NaN, NaN, NaN, NaN, NaN, NaN, NaN, NaN, NaN, NaN, NaN, NaN, NaN, NaN, NaN, NaN, NaN, NaN,
03/2010,27.8899,3539.8080,43.6547,6846.4052,3.1291,474.3584,194.8935,21764.1447,27.8899,3539.8080,17.8544,4707.2018,1.2169,199.9393,194.8935,21764.1447,18.8870,2252.0678,27.9865,2650.5444,2.0233,262.6041,132.0753,13811.0074,14.4720,2165.6160,19.1715,2412.1486,1.4021,208.5424,101.1882,13402.2678,27.8899,3539.8080,25.3387,5863.7770,2.1753,349.5272,194.8935,21764.1447, NaN, NaN, NaN,6.5870,23.9960,37.1301, NaN, NaN, NaN, NaN, NaN, NaN, NaN, NaN, NaN, NaN, NaN, NaN, NaN, NaN, NaN, NaN, NaN, NaN, NaN, NaN, NaN, NaN, NaN, NaN, NaN, NaN, NaN, NaN, NaN, NaN,
04/2010,28.7971,3913.9978,33.9086,7431.2817,2.5167,401.9481,205.3862,24240.6600,28.7971,3913.9978,17.7418,5975.0516,1.2256,213.0928,205.3862,24240.6600,12.1306,1210.9824,12.0499,1101.9064,0.9086,114.3032,86.4449,8037.1891,16.7357,1920.2918,18.1048,1981.0321,1.3551,196.7695,119.4029,12696.4891,28.7971,3913.9978,23.9742,6831.9492,2.1602,322.3570,205.3862,24240.6600, NaN, NaN, NaN,6.8033,21.1500,36.2548, NaN, NaN, NaN, NaN, NaN, NaN, NaN, NaN, NaN, NaN, NaN, NaN, NaN, NaN, NaN, NaN, NaN, NaN, NaN, NaN, NaN, NaN, NaN, NaN, NaN, NaN, NaN, NaN, NaN, NaN,
05/2010,74.1917,8000.9078,103.5608,9739.4418,7.5601,1046.5711,622.0382,60690.0384,74.1917,8000.9078,47.2059,5039.4343,3.2040,306.2353,622.0382,60690.0384,41.4979,4435.3526,53.2920,4553.5429,3.9326,589.0047,348.4889,33528.7807,81.6134,9424.1318,121.6712,10970.6117,8.8168,1270.0792,687.6605,71339.0959,74.1917,8000.9078,65.3908,7733.4280,5.8568,690.3331,622.0382,60690.0384, NaN, NaN, NaN,7.2808,17.5600,34.7958, NaN, NaN, NaN, NaN, NaN, NaN, NaN, NaN, NaN, NaN, NaN, NaN, NaN, NaN, NaN, NaN, NaN, NaN, NaN, NaN, NaN, NaN, NaN, NaN, NaN, NaN, NaN, NaN, NaN, NaN,
06/2010,76.7923,9139.5734,95.5188,12216.3750,7.0586,896.2554,617.8795,72505.8980,76.7923,9139.5734,48.1370,8099.0654,3.2817,352.0833,617.8795,72505.8980,36.9706,3597.7997,42.2806,3573.9296,3.1537,406.9462,296.7884,27741.9650,71.3318,7866.8496,88.6382,8435.9781,6.5579,823.6372,573.5946,61882.5269,76.7923,9139.5734,65.1981,10622.9845,6.0279,687.4896,617.8795,72505.8980, NaN, NaN, NaN,7.9800,15.3037,32.7168, NaN, NaN, NaN, NaN, NaN, NaN, NaN, NaN, NaN, NaN, NaN, NaN, NaN, NaN, NaN, NaN, NaN, NaN, NaN, NaN, NaN, NaN, NaN, NaN, NaN, NaN, NaN, NaN, NaN, NaN,
07/2010,198.8064,29083.7606,306.2289,42114.8279,20.3640,2688.2828,1691.5135,260589.6876,198.8064,29083.7606,130.1163,26854.2566,8.5036,995.1836,1691.5135,260589.6876,92.7331,9400.7174,119.2234,9862.7864,8.7996,1141.0401,789.8495,80861.4283,217.3219,41672.5776,335.0407,58915.6986,23.0298,3536.8496,1849.2532,380467.5973,198.8064,29083.7606,179.5395,35963.8311,15.9209,2008.0402,1691.5135,260589.6876, NaN, NaN, NaN,8.8600,14.0463,28.3576, NaN, NaN, NaN, NaN, NaN, NaN, NaN, NaN, NaN, NaN, NaN, NaN, NaN, NaN, NaN, NaN, NaN, NaN, NaN, NaN, NaN, NaN, NaN, NaN, NaN, NaN, NaN, NaN, NaN, NaN,
08/2010,180.1526,20802.9168,255.4108,25418.0893,17.6316,1641.1103,1529.5812,171371.0885,180.1526,20802.9168,117.0760,15086.7723,7.6868,663.2248,1529.5812,171371.0885,91.0656,7400.8598,113.4195,7654.2614,8.3998,785.3443,772.8575,58866.0641,170.6659,22328.8963,233.7243,24781.9190,16.4457,1535.7263,1449.4658,187052.2744,180.1526,20802.9168,158.9160,20844.5895,14.5108,1309.2503,1529.5812,171371.0885, NaN, NaN, NaN,8.3770,15.7380,27.5029, NaN, NaN, NaN, NaN, NaN, NaN, NaN, NaN, NaN, NaN, NaN, NaN, NaN, NaN, NaN, NaN, NaN, NaN, NaN, NaN, NaN, NaN, NaN, NaN, NaN, NaN, NaN, NaN, NaN, NaN,
09/2010,143.4586,13518.8352,190.2592,15343.5940,13.4510,1117.2857,1298.5955,109806.1045,143.4586,13518.8352,92.4233,8458.7764,6.1051,465.2073,1298.5955,109806.1045,73.9584,4873.0205,84.6343,4852.0097,6.3370,489.6608,668.9864,39559.4641,123.2582,11406.3552,156.3934,12292.8910,11.2705,913.2620,1115.1966,92861.5187,143.4586,13518.8352,123.9979,12179.9781,11.5646,906.8248,1298.5955,109806.1045, NaN, NaN, NaN,7.9110,16.8800,28.5348, NaN, NaN, NaN, NaN, NaN, NaN, NaN, NaN, NaN, NaN, NaN, NaN, NaN, NaN, NaN, NaN, NaN, NaN, NaN, NaN, NaN, NaN, NaN, NaN, NaN, NaN, NaN, NaN, NaN, NaN,
10/2010,72.7315,5435.6918,80.7812,5587.1827,6.0476,460.1960,654.4750,39516.1845,72.7315,5435.6918,45.1121,3230.7370,3.0776,223.7149,654.4750,39516.1845,36.5731,2072.6237,35.4626,1848.6631,2.6973,172.4282,329.3932,15404.9238,59.7629,4100.6909,63.4147,4082.8963,4.7871,352.0277,538.1559,29867.5258,72.7315,5435.6918,59.6793,4680.5199,5.7484,392.9448,654.4750,39516.1845, NaN, NaN, NaN,7.3467,19.7556,31.4735, NaN, NaN, NaN, NaN, NaN, NaN, NaN, NaN, NaN, NaN, NaN, NaN, NaN, NaN, NaN, NaN, NaN, NaN, NaN, NaN, NaN, NaN, NaN, NaN, NaN, NaN, NaN, NaN, NaN, NaN,
11/2010,36.4954,2557.9152,36.1753,2556.9941,2.7435,225.1709,294.0693,16847.9412,36.4954,2557.9152,21.8178,1462.7958,1.5330,116.4010,294.0693,16847.9412,16.7011,966.7987,14.2560,817.0570,1.0924,73.3445,134.6488,6503.9017,29.5834,2122.7702,28.3073,2070.9493,2.1521,183.4048,238.5940,13910.3658,36.4954,2557.9152,29.0099,2143.7657,2.6549,186.0411,294.0693,16847.9412, NaN, NaN, NaN,7.1330,21.3770,33.6584, NaN, NaN, NaN, NaN, NaN, NaN, NaN, NaN, NaN, NaN, NaN, NaN, NaN, NaN, NaN, NaN, NaN, NaN, NaN, NaN, NaN, NaN, NaN, NaN, NaN, NaN, NaN, NaN, NaN, NaN,
12/2010,23.4835,1980.6768,22.3793,1899.2709,1.6992,211.3751,172.5697,12010.2802,23.4835,1980.6768,13.8782,1085.3785,0.9836,86.2631,172.5697,12010.2802,13.1501,1079.5766,11.6467,904.1896,0.8876,119.7448,96.6506,6565.6611,21.6518,1984.5907,21.0070,1899.3841,1.5911,222.2203,159.1858,11933.5499,23.4835,1980.6768,18.4710,1596.5347,1.6439,149.4117,172.5697,12010.2802, NaN, NaN, NaN,6.7963,23.1037,35.3266, NaN, NaN, NaN, NaN, NaN, NaN, NaN, NaN, NaN, NaN, NaN, NaN, NaN, NaN, NaN, NaN, NaN, NaN, NaN, NaN, NaN, NaN, NaN, NaN, NaN, NaN, NaN, NaN, NaN, NaN,
01/2011,23.5008,2465.1821,25.8796,2488.8543,1.9324,276.1272,135.7903,13337.8824,23.5008,2465.1821,14.2554,1315.9077,0.9946,96.0815,135.7903,13337.8824,18.5155,1962.7488,20.5315,1873.4167,1.5321,231.3427,106.1230,10589.1211,21.6950,2374.0646,24.0390,2388.3414,1.7937,268.3473,124.9003,12839.1565,23.5008,2465.1821,19.1426,2083.8222,1.7086,199.1937,135.7903,13337.8824, NaN, NaN, NaN,6.3482,26.0864,36.5867, NaN, NaN, NaN, NaN, NaN, NaN, NaN, NaN, NaN, NaN, NaN, NaN, NaN, NaN, NaN, NaN, NaN, NaN, NaN, NaN, NaN, NaN, NaN, NaN, NaN, NaN, NaN, NaN, NaN, NaN,
02/2011,3.9398,498.0442,2.6100,522.7026,0.2011,32.1772,26.2867,2970.9270,3.9398,498.0442,2.0952,331.6255,0.1612,25.0095,26.2867,2970.9270,2.3674,203.5584,1.4478,175.4540,0.1112,9.2302,15.8125,1235.8740,3.0672,487.5379,1.9624,501.2090,0.1510,34.2034,20.4336,2869.3875,3.9398,498.0442,2.6100,445.7908,0.2011,28.9204,26.2867,2970.9270, NaN, NaN, NaN,6.4200,25.5625,37.3893, NaN, NaN, NaN, NaN, NaN, NaN, NaN, NaN, NaN, NaN, NaN, NaN, NaN, NaN, NaN, NaN, NaN, NaN, NaN, NaN, NaN, NaN, NaN, NaN, NaN, NaN, NaN, NaN, NaN, NaN,
03/2011,2.3846,872.2080,1.4305,921.1596,0.1098,69.8435,16.0698,5523.5426,2.3846,872.2080,1.2360,511.3780,0.0970,37.0524,16.0698,5523.5426,1.4688,507.9283,0.8231,463.8188,0.0629,38.5062,9.9017,3233.6315,1.8058,586.6042,1.0408,622.9572,0.0797,42.3225,12.1679,3706.2168,2.3846,872.2080,1.4305,821.5960,0.1098,51.1313,16.0698,5523.5426, NaN, NaN, NaN,6.5000,24.4075,38.1713, NaN, NaN, NaN, NaN, NaN, NaN, NaN, NaN, NaN, NaN, NaN, NaN, NaN, NaN, NaN, NaN, NaN, NaN, NaN, NaN, NaN, NaN, NaN, NaN, NaN, NaN, NaN, NaN, NaN, NaN,
04/2011,14.0486,1997.9395,14.5806,1937.0441,1.0976,228.9192,85.0745,12973.4331,14.0486,1997.9395,8.5203,1060.2240,0.5922,76.4219,85.0745,12973.4331,6.2294,867.5770,5.4685,719.4735,0.4166,89.6943,37.8041,5623.5639,9.1498,1387.2211,8.6807,1312.1754,0.6581,149.3129,55.4619,9024.1583,14.0486,1997.9395,11.1192,1636.8508,1.0295,153.3447,85.0745,12973.4331, NaN, NaN, NaN,6.9820,22.0210,37.8303, NaN, NaN, NaN, NaN, NaN, NaN, NaN, NaN, NaN, NaN, NaN, NaN, NaN, NaN, NaN, NaN, NaN, NaN, NaN, NaN, NaN, NaN, NaN, NaN, NaN, NaN, NaN, NaN, NaN, NaN,
05/2011,50.3107,5028.7478,68.7212,5676.4589,5.0320,679.4441,354.5361,36746.8169,50.3107,5028.7478,32.0600,2651.6761,2.1689,195.5805,354.5361,36746.8169,30.6115,3162.5165,38.3941,3215.3492,2.8415,412.5904,215.7494,23111.5028,61.8278,6286.1270,89.6567,7314.2437,6.5196,869.7918,436.2109,46234.9279,50.3107,5028.7478,43.8356,4381.1219,3.9973,444.9569,354.5361,36746.8169, NaN, NaN, NaN,7.4410,18.6010,36.6380, NaN, NaN, NaN, NaN, NaN, NaN, NaN, NaN, NaN, NaN, NaN, NaN, NaN, NaN, NaN, NaN, NaN, NaN, NaN, NaN, NaN, NaN, NaN, NaN, NaN, NaN, NaN, NaN, NaN, NaN,
06/2011,152.3405,14907.6547,235.7996,20913.5142,16.9767,1918.8867,1131.2039,115611.2302,152.3405,14907.6547,98.6360,10766.4850,6.6403,592.2872,1131.2039,115611.2302,83.6006,8137.9469,118.5116,8910.7644,8.6346,1047.5102,620.3226,62470.6479,157.0579,15797.5229,244.1224,19901.5749,17.5654,1926.3689,1166.2671,123463.2727,152.3405,14907.6547,137.7743,16273.2196,12.3577,1328.2572,1131.2039,115611.2302, NaN, NaN, NaN,7.9700,15.6544,34.0942, NaN, NaN, NaN, NaN, NaN, NaN, NaN, NaN, NaN, NaN, NaN, NaN, NaN, NaN, NaN, NaN, NaN, NaN, NaN, NaN, NaN, NaN, NaN, NaN, NaN, NaN, NaN, NaN, NaN, NaN,
07/2011,264.1248,46844.8445,396.5064,93422.3647,28.0944,4689.1422,2061.7425,398702.7360,264.1248,46844.8445,172.0180,68807.9484,11.4212,2424.3214,2061.7425,398702.7360,121.9450,13446.2678,158.0257,14114.9351,11.6684,1445.1861,951.5839,107052.6784,301.3373,72379.5696,462.9220,113955.4962,33.0474,5522.9197,2352.0730,633984.7962,264.1248,46844.8445,238.1276,82759.3248,21.5318,3837.9116,2061.7425,398702.7360, NaN, NaN, NaN,8.4850,14.0325,27.8321, NaN, NaN, NaN, NaN, NaN, NaN, NaN, NaN, NaN, NaN, NaN, NaN, NaN, NaN, NaN, NaN, NaN, NaN, NaN, NaN, NaN, NaN, NaN, NaN, NaN, NaN, NaN, NaN, NaN, NaN,
08/2011,311.0486,110406.3869,497.0512,251744.1693,33.1882,8742.7370,2527.9534,970306.5834,311.0486,110406.3869,204.5561,217944.5004,13.3521,6302.9635,2527.9534,970306.5834,177.1978,26549.3462,245.3903,35130.0782,17.9588,2247.7108,1442.2636,221151.3882,292.6109,102116.3933,452.5458,172830.2026,30.7107,6598.8197,2376.7507,892129.7640,311.0486,110406.3869,283.4880,237200.8731,25.0424,7953.4923,2527.9534,970306.5834, NaN, NaN, NaN,9.7791,16.6036,16.1023, NaN, NaN, NaN, NaN, NaN, NaN, NaN, NaN, NaN, NaN, NaN, NaN, NaN, NaN, NaN, NaN, NaN, NaN, NaN, NaN, NaN, NaN, NaN, NaN, NaN, NaN, NaN, NaN, NaN, NaN,
09/2011,280.7827,50645.3990,435.9373,69178.1942,29.0345,3566.8556,2406.0328,456591.9903,280.7827,50645.3990,184.3264,44894.5224,12.0033,1589.1714,2406.0328,456591.9903,183.7296,19590.1114,246.3090,23266.4038,18.1379,1712.1177,1574.7617,171627.8735,243.9590,39963.7757,359.8235,47547.7725,24.6556,2687.4921,2089.9712,360402.6137,280.7827,50645.3990,254.7496,57903.9194,22.5371,2862.9209,2406.0328,456591.9903, NaN, NaN, NaN,8.8200,17.3989,16.6209, NaN, NaN, NaN, NaN, NaN, NaN, NaN, NaN, NaN, NaN, NaN, NaN, NaN, NaN, NaN, NaN, NaN, NaN, NaN, NaN, NaN, NaN, NaN, NaN, NaN, NaN, NaN, NaN, NaN, NaN,
10/2011,203.3165,26530.7789,288.9905,33197.6617,20.1217,1916.2735,1625.4805,203537.1268,203.3165,26530.7789,132.0594,22720.6270,8.6859,924.0553,1625.4805,203537.1268,117.0115,8151.8832,141.7370,8037.7772,10.5600,697.0649,937.3052,61440.4402,164.9894,19830.4848,218.7351,20068.0187,15.7511,1317.8225,1320.1404,151930.8697,203.3165,26530.7789,179.6390,28184.7453,16.3986,1544.4930,1625.4805,203537.1268, NaN, NaN, NaN,7.6127,19.6164,23.0222, NaN, NaN, NaN, NaN, NaN, NaN, NaN, NaN, NaN, NaN, NaN, NaN, NaN, NaN, NaN, NaN, NaN, NaN, NaN, NaN, NaN, NaN, NaN, NaN, NaN, NaN, NaN, NaN, NaN, NaN,
11/2011,129.3408,17205.8342,166.7503,22323.8214,11.9653,1870.8257,1016.5091,126322.3629,129.3408,17205.8342,82.8930,15898.4581,5.5017,1277.3546,1016.5091,126322.3629,64.1434,4225.9277,69.6019,3972.1005,5.2436,347.4567,504.5979,30908.3284,103.9997,14714.6371,126.6881,14090.8954,9.3251,881.9920,817.2516,108842.2190,129.3408,17205.8342,110.8573,19462.2316,10.4268,1671.6445,1016.5091,126322.3629, NaN, NaN, NaN,7.3362,21.4025,26.1219, NaN, NaN, NaN, NaN, NaN, NaN, NaN, NaN, NaN, NaN, NaN, NaN, NaN, NaN, NaN, NaN, NaN, NaN, NaN, NaN, NaN, NaN, NaN, NaN, NaN, NaN, NaN, NaN, NaN, NaN,
12/2011,101.4336,10409.1610,132.2798,12497.8787,9.7268,958.3929,656.0530,61364.8284,101.4336,10409.1610,64.1204,7327.7254,4.3498,376.2419,656.0530,61364.8284,59.0976,5509.0800,71.2812,5321.7000,5.2849,512.9296,382.1753,32821.1774,99.8093,13453.5082,133.6606,14329.9410,9.7891,1062.2202,644.7310,80882.3993,101.4336,10409.1610,87.3782,10211.3663,8.1467,717.9968,656.0530,61364.8284, NaN, NaN, NaN,6.7412,23.7062,30.4594, NaN, NaN, NaN, NaN, NaN, NaN, NaN, NaN, NaN, NaN, NaN, NaN, NaN, NaN, NaN, NaN, NaN, NaN, NaN, NaN, NaN, NaN, NaN, NaN, NaN, NaN, NaN, NaN, NaN, NaN,
01/2012,33.6182,5312.2954,31.9757,7118.4859,2.4349,330.4844,258.5574,28956.4817,33.6182,5312.2954,19.9373,5573.2291,1.4071,170.8927,258.5574,28956.4817,19.1203,2141.9856,16.7761,1850.5207,1.2830,197.0584,147.4611,12414.4771,29.9376,3478.7664,27.9741,3262.5093,2.1324,288.0523,230.2722,19964.6820,33.6182,5312.2954,26.4257,6616.4507,2.4116,271.3964,258.5574,28956.4817, NaN, NaN, NaN,6.4100,25.2492,33.3745, NaN, NaN, NaN, NaN, NaN, NaN, NaN, NaN, NaN, NaN, NaN, NaN, NaN, NaN, NaN, NaN, NaN, NaN, NaN, NaN, NaN, NaN, NaN, NaN, NaN, NaN, NaN, NaN, NaN, NaN,
02/2012,31.0176,3057.9293,34.1254,3334.3007,2.5490,318.2560,241.1407,17630.1329,31.0176,3057.9293,18.7475,1856.7090,1.3123,129.0948,241.1407,17630.1329,13.2278,1135.0109,12.2516,986.9820,0.9287,110.5780,102.8211,6610.8143,43.2000,5510.6093,55.7256,5943.7445,4.0839,555.4761,337.5274,30652.2557,31.0176,3057.9293,25.3764,2716.9377,2.2498,225.0612,241.1407,17630.1329, NaN, NaN, NaN,6.6475,24.4513,34.0306, NaN, NaN, NaN, NaN, NaN, NaN, NaN, NaN, NaN, NaN, NaN, NaN, NaN, NaN, NaN, NaN, NaN, NaN, NaN, NaN, NaN, NaN, NaN, NaN, NaN, NaN, NaN, NaN, NaN, NaN,
03/2012,10.0138,982.1434,7.5337,1015.4914,0.5806,62.5520,66.3119,5480.9109,10.0138,982.1434,5.5177,623.8471,0.4129,51.8997,66.3119,5480.9109,4.0176,339.6902,2.6076,290.7396,0.2009,14.9396,26.6036,1945.2877,9.7373,974.7389,7.2885,1001.9926,0.5617,59.9168,64.4754,5422.4245,10.0138,982.1434,7.4297,872.3779,0.5806,61.9096,66.3119,5480.9109, NaN, NaN, NaN,6.6787,23.7825,35.6399, NaN, NaN, NaN, NaN, NaN, NaN, NaN, NaN, NaN, NaN, NaN, NaN, NaN, NaN, NaN, NaN, NaN, NaN, NaN, NaN, NaN, NaN, NaN, NaN, NaN, NaN, NaN, NaN, NaN, NaN,
04/2012,56.9894,5115.8390,80.0148,5801.5809,5.8182,657.0032,406.7176,31749.4703,56.9894,5115.8390,36.1667,2730.3408,2.4618,203.8635,406.7176,31749.4703,21.8246,2092.3661,25.6060,1987.3979,1.9013,246.0096,155.7140,12953.2228,39.4502,3618.3629,49.5777,3850.6850,3.6523,430.2693,281.1106,22374.7422,56.9894,5115.8390,50.2571,4433.0481,4.4588,434.5227,406.7176,31749.4703, NaN, NaN, NaN,6.8680,21.1130,35.7467, NaN, NaN, NaN, NaN, NaN, NaN, NaN, NaN, NaN, NaN, NaN, NaN, NaN, NaN, NaN, NaN, NaN, NaN, NaN, NaN, NaN, NaN, NaN, NaN, NaN, NaN, NaN, NaN, NaN, NaN,
05/2012,67.7981,5429.1773,77.8614,5785.6717,5.8236,612.1412,512.5792,36079.6813,67.7981,5429.1773,42.0963,2951.1728,2.8811,229.1999,512.5792,36079.6813,27.4320,2564.4730,28.2812,2361.6755,2.1340,289.7503,206.7253,16768.3543,69.8544,7063.5629,83.0304,7455.2290,6.1839,720.6142,527.5908,45464.9736,67.7981,5429.1773,56.1822,4713.1658,5.2697,459.3450,512.5792,36079.6813, NaN, NaN, NaN,7.4790,18.1100,33.9573, NaN, NaN, NaN, NaN, NaN, NaN, NaN, NaN, NaN, NaN, NaN, NaN, NaN, NaN, NaN, NaN, NaN, NaN, NaN, NaN, NaN, NaN, NaN, NaN, NaN, NaN, NaN, NaN, NaN, NaN,
06/2012,167.6938,25728.7622,228.7040,36538.1047,16.7387,2661.0978,1307.8762,196948.8681,167.6938,25728.7622,107.7949,24822.3081,7.2222,1016.4016,1307.8762,196948.8681,78.1056,10015.3066,94.1876,9810.4507,7.0144,1228.2073,607.8862,73174.3130,161.9827,29160.7430,219.6926,34599.3383,16.1465,2598.7655,1263.0235,224934.9331,167.6938,25728.7622,146.6591,32193.3319,13.6262,1878.3927,1307.8762,196948.8681, NaN, NaN, NaN,8.0633,15.2883,32.2650, NaN, NaN, NaN, NaN, NaN, NaN, NaN, NaN, NaN, NaN, NaN, NaN, NaN, NaN, NaN, NaN, NaN, NaN, NaN, NaN, NaN, NaN, NaN, NaN, NaN, NaN, NaN, NaN, NaN, NaN,
07/2012,124.2346,14665.5965,155.1213,17485.1106,11.2050,1083.5425,1046.6028,124228.8419,124.2346,14665.5965,79.5476,11488.1072,5.2776,497.1982,1046.6028,124228.8419,47.4250,3586.8355,49.4415,3308.7842,3.7354,350.3538,399.6099,29299.3558,123.4570,15481.1174,152.9089,16223.7495,11.2642,1127.4615,1040.3013,131889.4520,124.2346,14665.5965,105.5620,15178.5042,10.0268,906.1918,1046.6028,124228.8419, NaN, NaN, NaN,8.4580,14.8200,29.5846, NaN, NaN, NaN, NaN, NaN, NaN, NaN, NaN, NaN, NaN, NaN, NaN, NaN, NaN, NaN, NaN, NaN, NaN, NaN, NaN, NaN, NaN, NaN, NaN, NaN, NaN, NaN, NaN, NaN, NaN,
08/2012,209.0621,30681.7114,298.5292,40959.9751,20.6977,2525.5735,1774.9990,252049.7756,209.0621,30681.7114,136.0140,23750.9721,8.9339,973.4782,1774.9990,252049.7756,107.9136,11419.8163,133.7834,11789.0948,9.9306,1224.7706,917.7478,91587.6243,180.3341,25865.0669,245.5241,30377.2320,17.4383,2067.5054,1531.0939,212896.4830,209.0621,30681.7114,185.1205,33916.8604,16.8614,1976.7030,1774.9990,252049.7756, NaN, NaN, NaN,8.5838,16.4788,26.8591, NaN, NaN, NaN, NaN, NaN, NaN, NaN, NaN, NaN, NaN, NaN, NaN, NaN, NaN, NaN, NaN, NaN, NaN, NaN, NaN, NaN, NaN, NaN, NaN, NaN, NaN, NaN, NaN, NaN, NaN,
09/2012,211.7664,29898.4176,313.6388,38686.3119,21.4283,2407.4862,1825.3096,236663.9526,211.7664,29898.4176,138.2623,22266.7996,9.0625,922.2307,1825.3096,236663.9526,113.5469,11617.5773,144.7783,12114.0168,10.7036,1141.8024,979.5218,91417.7403,167.4346,20230.1366,230.9640,23297.4696,16.3512,1747.9041,1442.4958,159816.6059,211.7664,29898.4176,189.0727,31384.1161,17.0705,1882.8258,1825.3096,236663.9526, NaN, NaN, NaN,8.2800,17.5237,25.7888, NaN, NaN, NaN, NaN, NaN, NaN, NaN, NaN, NaN, NaN, NaN, NaN, NaN, NaN, NaN, NaN, NaN, NaN, NaN, NaN, NaN, NaN, NaN, NaN, NaN, NaN, NaN, NaN, NaN, NaN,
10/2012,109.6416,10320.8256,131.1583,10922.6785,9.6322,718.1975,927.5012,78642.2675,109.6416,10320.8256,69.6934,6510.2714,4.6522,362.1618,927.5012,78642.2675,55.1837,3362.9213,56.9840,3073.7038,4.3156,257.3389,466.9324,25910.9943,82.8835,6580.1635,92.8566,6559.1285,6.9535,500.2402,701.3406,50019.0139,109.6416,10320.8256,91.9730,9160.5679,8.8447,634.5147,927.5012,78642.2675, NaN, NaN, NaN,7.7464,20.0018,27.4664, NaN, NaN, NaN, NaN, NaN, NaN, NaN, NaN, NaN, NaN, NaN, NaN, NaN, NaN, NaN, NaN, NaN, NaN, NaN, NaN, NaN, NaN, NaN, NaN, NaN, NaN, NaN, NaN, NaN, NaN,
11/2012,99.7574,10508.1235,126.2708,11429.0830,9.2086,1094.6776,846.6164,76069.6959,99.7574,10508.1235,63.1659,5900.9154,4.2569,386.6580,846.6164,76069.6959,43.0272,3479.9242,44.9838,3185.4993,3.3952,364.4578,365.2837,25713.6149,79.5226,10455.0826,95.7773,10022.0893,7.1230,893.6578,674.8797,73380.2174,99.7574,10508.1235,85.1007,9252.8339,7.9855,791.1107,846.6164,76069.6959, NaN, NaN, NaN,7.3887,21.5138,31.1952, NaN, NaN, NaN, NaN, NaN, NaN, NaN, NaN, NaN, NaN, NaN, NaN, NaN, NaN, NaN, NaN, NaN, NaN, NaN, NaN, NaN, NaN, NaN, NaN, NaN, NaN, NaN, NaN, NaN, NaN,
12/2012,61.1798,7355.8541,67.8548,10150.9771,5.0930,560.6259,487.4861,48670.0403,61.1798,7355.8541,37.7070,7627.7082,2.5920,266.0694,487.4861,48670.0403,30.3869,2304.7718,30.4395,2078.8648,2.3029,240.7849,242.1753,15584.7986,54.4925,6472.5696,60.6440,5973.2227,4.5457,503.1079,434.1784,42726.0281,61.1798,7355.8541,50.1761,9242.7855,4.7350,439.9259,487.4861,48670.0403, NaN, NaN, NaN,7.0229,23.2400,32.1973, NaN, NaN, NaN, NaN, NaN, NaN, NaN, NaN, NaN, NaN, NaN, NaN, NaN, NaN, NaN, NaN, NaN, NaN, NaN, NaN, NaN, NaN, NaN, NaN, NaN, NaN, NaN, NaN, NaN, NaN,
01/2013,23.9933,2481.7709,22.2420,2839.4889,1.6936,168.3002,183.8206,15507.4555,23.9933,2481.7709,14.0541,2071.9363,1.0031,88.4720,183.8206,15507.4555,12.6922,1037.1110,11.1261,845.3086,0.8476,92.9386,97.2638,6659.8868,19.8893,2465.3376,18.0858,2235.6754,1.3778,154.4189,152.3697,14779.6908,23.9933,2481.7709,18.7442,2585.3419,1.6461,135.1737,183.8206,15507.4555, NaN, NaN, NaN,6.7425,25.4750,34.2018, NaN, NaN, NaN, NaN, NaN, NaN, NaN, NaN, NaN, NaN, NaN, NaN, NaN, NaN, NaN, NaN, NaN, NaN, NaN, NaN, NaN, NaN, NaN, NaN, NaN, NaN, NaN, NaN, NaN, NaN,
02/2013,7.9056,755.0064,5.8785,733.7104,0.4529,45.3037,51.3076,4578.6983,7.9056,755.0064,4.3417,494.7947,0.3258,31.6847,51.3076,4578.6983,3.6634,261.2045,2.4017,197.2602,0.1850,13.1552,23.7479,1593.4763,6.7651,662.3424,5.0849,603.0489,0.3910,46.0715,44.0391,3988.9708,7.9056,755.0064,5.7631,665.0884,0.4529,40.8471,51.3076,4578.6983, NaN, NaN, NaN,6.5663,24.5775,35.6890, NaN, NaN, NaN, NaN, NaN, NaN, NaN, NaN, NaN, NaN, NaN, NaN, NaN, NaN, NaN, NaN, NaN, NaN, NaN, NaN, NaN, NaN, NaN, NaN, NaN, NaN, NaN, NaN, NaN, NaN,
03/2013,41.9558,5192.3376,56.3123,5938.3409,4.1215,723.9328,315.3610,31543.3965,41.9558,5192.3376,26.4115,2886.3330,1.8053,196.5331,315.3610,31543.3965,26.6890,3408.3677,33.9387,3453.9764,2.5021,475.5969,200.5486,20563.3523,21.6864,3073.2739,24.7892,2937.3350,1.8465,351.0090,162.8331,19701.9714,41.9558,5192.3376,36.4271,4616.2660,3.2349,436.6307,315.3610,31543.3965, NaN, NaN, NaN,6.8000,23.9788,36.6336, NaN, NaN, NaN, NaN, NaN, NaN, NaN, NaN, NaN, NaN, NaN, NaN, NaN, NaN, NaN, NaN, NaN, NaN, NaN, NaN, NaN, NaN, NaN, NaN, NaN, NaN, NaN, NaN, NaN, NaN,
04/2013,21.4531,2298.2659,20.9792,2707.0965,1.5868,201.6334,153.0527,14035.5107,21.4531,2298.2659,12.6957,1845.9260,0.9004,97.2579,153.0527,14035.5107,8.7178,772.1482,7.2292,660.0014,0.5524,66.0043,62.2397,4803.4216,11.7763,1317.1594,10.5131,1246.7975,0.7997,115.3753,84.0723,8124.6947,21.4531,2298.2659,16.9966,2389.7862,1.4954,154.9646,153.0527,14035.5107, NaN, NaN, NaN,6.5182,22.3855,35.8557, NaN, NaN, NaN, NaN, NaN, NaN, NaN, NaN, NaN, NaN, NaN, NaN, NaN, NaN, NaN, NaN, NaN, NaN, NaN, NaN, NaN, NaN, NaN, NaN, NaN, NaN, NaN, NaN, NaN, NaN,
05/2013,128.2435,12873.0989,178.4703,17164.3890,13.0376,1564.4936,795.6940,77574.7764,128.2435,12873.0989,82.0755,9954.9917,5.5375,530.6294,795.6940,77574.7764,66.3293,6564.6893,83.9490,6618.3504,6.1998,805.0343,407.8492,38485.1697,144.1238,18639.1152,210.4372,21003.5841,15.2785,1892.8636,891.6481,116423.9201,128.2435,12873.0989,112.5644,14104.5613,10.3268,1095.8079,795.6940,77574.7764, NaN, NaN, NaN,7.4787,18.5575,33.5218, NaN, NaN, NaN, NaN, NaN, NaN, NaN, NaN, NaN, NaN, NaN, NaN, NaN, NaN, NaN, NaN, NaN, NaN, NaN, NaN, NaN, NaN, NaN, NaN, NaN, NaN, NaN, NaN, NaN, NaN,
06/2013,91.5149,8502.2438,109.9164,11096.1128,8.1737,733.4267,679.6988,58792.2221,91.5149,8502.2438,57.5337,7483.5042,3.9010,340.6118,679.6988,58792.2221,40.7549,2833.7040,43.5932,2687.5017,3.2803,273.9194,303.0131,19109.8035,90.8842,11627.2109,109.1178,12153.6569,8.1272,756.8777,675.0423,82256.2136,91.5149,8502.2438,76.8717,9772.2454,7.3378,621.2264,679.6988,58792.2221, NaN, NaN, NaN,7.9567,15.6722,32.6275, NaN, NaN, NaN, NaN, NaN, NaN, NaN, NaN, NaN, NaN, NaN, NaN, NaN, NaN, NaN, NaN, NaN, NaN, NaN, NaN, NaN, NaN, NaN, NaN, NaN, NaN, NaN, NaN, NaN, NaN,
07/2013,205.9085,27799.7184,308.9155,39550.3434,21.1234,2652.3670,1663.6107,213371.7238,205.9085,27799.7184,134.2867,24290.3745,8.8294,996.9294,1663.6107,213371.7238,98.8762,9772.1510,126.0822,10080.9253,9.3217,1113.8792,799.0578,72713.5373,232.6752,49259.0074,354.3894,79731.8154,24.7331,4119.2884,1880.8044,386864.9367,205.9085,27799.7184,185.1992,32688.9484,16.6090,1992.2501,1663.6107,213371.7238, NaN, NaN, NaN,8.1644,14.7067,31.2987, NaN, NaN, NaN, NaN, NaN, NaN, NaN, NaN, NaN, NaN, NaN, NaN, NaN, NaN, NaN, NaN, NaN, NaN, NaN, NaN, NaN, NaN, NaN, NaN, NaN, NaN, NaN, NaN, NaN, NaN,
08/2013,355.7347,77899.2422,600.7819,137550.8237,38.9465,7025.3888,3026.1053,664368.1776,355.7347,77899.2422,235.6511,97014.2264,15.3065,2531.7334,3026.1053,664368.1776,215.4643,26468.7523,312.4916,32194.7892,22.7423,2566.6314,1837.3767,223585.3629,328.6224,86423.5699,529.6673,131508.3884,35.3874,5823.2272,2792.4163,743785.3044,355.7347,77899.2422,328.8214,115962.4807,28.6045,4452.0409,3026.1053,664368.1776, NaN, NaN, NaN,8.9000,16.6275,17.6143, NaN, NaN, NaN, NaN, NaN, NaN, NaN, NaN, NaN, NaN, NaN, NaN, NaN, NaN, NaN, NaN, NaN, NaN, NaN, NaN, NaN, NaN, NaN, NaN, NaN, NaN, NaN, NaN, NaN, NaN,
09/2013,389.1629,136023.7709,688.0757,224607.6147,41.9780,18067.8396,3286.1547,1078874.5327,389.1629,136023.7709,259.6974,144885.4920,16.6195,3717.5369,3286.1547,1078874.5327,283.9104,43586.3117,416.3440,57208.0156,30.3183,3411.4629,2398.2824,353460.7677,328.8643,88244.9165,534.7829,139891.1870,34.7967,11222.0478,2777.4127,706690.9633,389.1629,136023.7709,365.1345,171567.9392,30.9025,6171.5545,3286.1547,1078874.5327, NaN, NaN, NaN,9.8675,17.4463,11.7598, NaN, NaN, NaN, NaN, NaN, NaN, NaN, NaN, NaN, NaN, NaN, NaN, NaN, NaN, NaN, NaN, NaN, NaN, NaN, NaN, NaN, NaN, NaN, NaN, NaN, NaN, NaN, NaN, NaN, NaN,
10/2013,223.0157,33720.6586,327.9806,41780.9912,21.9152,1947.6719,1921.8945,259200.0349,223.0157,33720.6586,145.7242,28668.5827,9.4771,902.6133,1921.8945,259200.0349,161.3606,12494.5027,206.2899,13259.6122,15.2839,916.2717,1391.2609,98822.1631,183.1162,25353.1987,248.6000,28211.3486,17.5618,1500.5524,1578.4574,196512.8322,223.0157,33720.6586,198.6291,35228.9819,17.8384,1579.1873,1921.8945,259200.0349, NaN, NaN,72.0000,8.6840,19.1910,12.3642, NaN, NaN, NaN, NaN, NaN, NaN, NaN, NaN, NaN, NaN, NaN, NaN, NaN, NaN, NaN, NaN, NaN, NaN, NaN, NaN, NaN, NaN, NaN, NaN, NaN, NaN, NaN, NaN, NaN, NaN,
11/2013,83.7475,7149.3494,95.4800,7948.3866,7.1409,486.2712,624.0031,44381.5291,83.7475,7149.3494,52.5355,4928.3844,3.5504,277.1833,624.0031,44381.5291,51.8141,2900.9146,53.2806,2725.4735,4.0354,206.2495,386.4587,19039.6145,65.6381,4807.8403,71.4334,4810.1207,5.3782,349.7969,488.9505,30376.3919,83.7475,7149.3494,69.2237,6669.6968,6.7131,437.9967,624.0031,44381.5291, NaN, NaN, NaN,7.2425,23.0475,27.1118, NaN, NaN, NaN, NaN, NaN, NaN, NaN, NaN, NaN, NaN, NaN, NaN, NaN, NaN, NaN, NaN, NaN, NaN, NaN, NaN, NaN, NaN, NaN, NaN, NaN, NaN, NaN, NaN, NaN, NaN,
12/2013,39.9427,2894.2963,38.7617,3011.1677,2.9494,207.4451,278.7726,17236.1435,39.9427,2894.2963,23.8699,1768.4564,1.6748,143.1414,278.7726,17236.1435,23.0083,1277.7350,20.2269,1118.0841,1.5492,78.9041,160.6504,7904.9618,30.8362,2179.3968,28.5811,2134.0383,2.1818,146.0765,215.3108,13011.7363,39.9427,2894.2963,31.5673,2550.8028,2.9476,200.6182,278.7726,17236.1435, NaN, NaN, NaN,6.8282,24.5300,31.8360, NaN, NaN, NaN, NaN, NaN, NaN, NaN, NaN, NaN, NaN, NaN, NaN, NaN, NaN, NaN, NaN, NaN, NaN, NaN, NaN, NaN, NaN, NaN, NaN, NaN, NaN, NaN, NaN, NaN, NaN,
01/2014,16.0963,1262.3645,13.2959,1284.0899,1.0213,80.3786,110.2426,7117.1008,16.0963,1262.3645,9.1228,772.6236,0.6676,63.5400,110.2426,7117.1008,8.4758,538.7126,6.2808,448.0982,0.4840,26.7344,58.0268,3161.8228,11.6899,962.6342,9.1499,954.5465,0.7041,57.0518,80.2284,5393.7775,16.0963,1262.3645,12.2237,1104.3983,1.0213,79.3902,110.2426,7117.1008, NaN, NaN, NaN,6.5000,24.6933,34.6484, NaN, NaN, NaN, NaN, NaN, NaN, NaN, NaN, NaN, NaN, NaN, NaN, NaN, NaN, NaN, NaN, NaN, NaN, NaN, NaN, NaN, NaN, NaN, NaN, NaN, NaN, NaN, NaN, NaN, NaN,
02/2014,5.8147,640.3190,4.0849,677.9452,0.3149,37.9260,42.4606,3639.1262,5.8147,640.3190,3.1415,424.5046,0.2387,33.1158,42.4606,3639.1262,2.9981,253.8691,1.8989,213.3388,0.1461,10.2556,21.8656,1525.2597,3.7757,485.4211,2.4800,504.1318,0.1910,25.8760,27.5015,2687.3147,5.8147,640.3190,4.0845,583.1028,0.3149,37.8365,42.4606,3639.1262, NaN, NaN, NaN,6.4433,24.8933,35.4466, NaN, NaN, NaN, NaN, NaN, NaN, NaN, NaN, NaN, NaN, NaN, NaN, NaN, NaN, NaN, NaN, NaN, NaN, NaN, NaN, NaN, NaN, NaN, NaN, NaN, NaN, NaN, NaN, NaN, NaN,
03/2014,8.6400,1061.0266,7.7324,1080.5588,0.5864,94.9897,52.0342,5245.8570,8.6400,1061.0266,5.0129,635.4737,0.3601,48.4273,52.0342,5245.8570,5.2790,584.3923,4.5021,498.0819,0.3421,50.1374,31.7389,2962.0192,4.8816,677.6352,3.8015,685.1613,0.2904,52.8568,29.4608,3309.7115,8.6400,1061.0266,6.4400,912.2732,0.5637,72.2325,52.0342,5245.8570, NaN, NaN, NaN,6.5340,23.6200,37.1572, NaN, NaN, NaN, NaN, NaN, NaN, NaN, NaN, NaN, NaN, NaN, NaN, NaN, NaN, NaN, NaN, NaN, NaN, NaN, NaN, NaN, NaN, NaN, NaN, NaN, NaN, NaN, NaN, NaN, NaN,
04/2014,15.4310,2165.2877,16.6581,2253.3268,1.2462,274.5276,105.0900,11281.3914,15.4310,2165.2877,9.3692,1184.4115,0.6522,92.7755,105.0900,11281.3914,6.6614,971.2570,6.0683,846.8964,0.4601,106.4079,45.4371,5117.0256,9.6250,1506.0816,9.4987,1492.9596,0.7161,175.9154,65.5428,7790.7853,15.4310,2165.2877,12.3302,1811.2767,1.1174,175.3659,105.0900,11281.3914, NaN, NaN, NaN,6.8122,21.3800,37.1692, NaN, NaN, NaN, NaN, NaN, NaN, NaN, NaN, NaN, NaN, NaN, NaN, NaN, NaN, NaN, NaN, NaN, NaN, NaN, NaN, NaN, NaN, NaN, NaN, NaN, NaN, NaN, NaN, NaN, NaN,
05/2014,99.8698,15318.9360,140.6347,24880.1655,10.2495,1891.9516,671.9803,89330.0228,99.8698,15318.9360,63.8478,17532.6065,4.3165,722.3588,671.9803,89330.0228,55.7194,7104.4560,71.6124,7207.3231,5.2767,932.0403,373.3734,39086.7925,121.2365,20869.1597,180.0778,28078.4828,13.0368,2329.5928,817.5746,123280.7911,99.8698,15318.9360,88.2074,21631.8821,8.0112,1303.4582,671.9803,89330.0228, NaN, NaN, NaN,7.4463,18.4162,35.0168, NaN, NaN, NaN, NaN, NaN, NaN, NaN, NaN, NaN, NaN, NaN, NaN, NaN, NaN, NaN, NaN, NaN, NaN, NaN, NaN, NaN, NaN, NaN, NaN, NaN, NaN, NaN, NaN, NaN, NaN,
06/2014,122.5152,26681.5296,172.1869,45708.1299,12.4052,2304.4709,903.1524,202584.5350,122.5152,26681.5296,78.4789,31790.4366,5.2760,958.9466,903.1524,202584.5350,58.9939,7280.3750,75.3009,7772.6754,5.5492,846.9881,433.9429,51278.8405,128.5632,40863.6490,179.9137,75273.5284,13.1253,3474.0293,947.6564,318356.2698,122.5152,26681.5296,107.8622,39186.0457,9.8496,1802.4205,903.1524,202584.5350, NaN, NaN, NaN,8.0730,15.2810,28.9884, NaN, NaN, NaN, NaN, NaN, NaN, NaN, NaN, NaN, NaN, NaN, NaN, NaN, NaN, NaN, NaN, NaN, NaN, NaN, NaN, NaN, NaN, NaN, NaN, NaN, NaN, NaN, NaN, NaN, NaN,
07/2014,289.8115,76846.8384,464.9552,126088.3663,30.5755,4459.8998,2387.6679,678590.7168,289.8115,76846.8384,190.9846,96682.0884,12.4226,2015.9145,2387.6679,678590.7168,135.9072,14467.0061,178.2152,16290.0848,13.1426,1492.7849,1119.0415,120413.6727,339.0077,102093.2381,562.9799,171136.1273,36.8788,7407.9620,2793.2621,906400.8600,289.8115,76846.8384,265.1309,112359.9730,23.2826,3597.1548,2387.6679,678590.7168, NaN, NaN, NaN,8.6300,14.7122,21.9742, NaN, NaN, NaN, NaN, NaN, NaN, NaN, NaN, NaN, NaN, NaN, NaN, NaN, NaN, NaN, NaN, NaN, NaN, NaN, NaN, NaN, NaN, NaN, NaN, NaN, NaN, NaN, NaN, NaN, NaN,
08/2014,258.9667,48947.9501,418.0935,74274.4348,27.5320,3703.8485,2220.5065,402145.9559,258.9667,48947.9501,170.5362,53026.4855,11.1247,1610.2171,2220.5065,402145.9559,141.4282,14173.6867,200.1443,17546.2001,14.5686,1552.5732,1211.1914,112084.0184,254.2666,46993.4698,396.8605,61456.0262,26.5284,3197.6727,2181.5042,387687.4994,258.9667,48947.9501,235.2162,63737.0636,20.8509,2702.7269,2220.5065,402145.9559, NaN, NaN, NaN,8.6988,16.3262,19.9868, NaN, NaN, NaN, NaN, NaN, NaN, NaN, NaN, NaN, NaN, NaN, NaN, NaN, NaN, NaN, NaN, NaN, NaN, NaN, NaN, NaN, NaN, NaN, NaN, NaN, NaN, NaN, NaN, NaN, NaN,
09/2014,230.0054,48220.8682,351.7979,64081.5223,23.0877,4087.8901,2051.6204,408124.5705,230.0054,48220.8682,150.9690,42661.8911,9.7831,1695.8320,2051.6204,408124.5705,138.5510,15146.7581,178.9010,17220.8499,13.2165,1317.7185,1236.4440,125180.0765,206.3750,34907.7773,300.4525,42231.0460,20.3131,2561.8340,1839.8118,294112.5218,230.0054,48220.8682,206.7411,53230.1198,18.3715,2708.2016,2051.6204,408124.5705, NaN, NaN, NaN,8.6250,17.8090,18.9586, NaN, NaN, NaN, NaN, NaN, NaN, NaN, NaN, NaN, NaN, NaN, NaN, NaN, NaN, NaN, NaN, NaN, NaN, NaN, NaN, NaN, NaN, NaN, NaN, NaN, NaN, NaN, NaN, NaN, NaN,
10/2014,149.6362,18707.7859,196.2129,21541.4247,13.8638,1266.1136,1371.0297,147741.4115,149.6362,18707.7859,96.5141,14136.7395,6.3535,628.7682,1371.0297,147741.4115,82.6157,5588.4730,92.6731,5361.5965,6.9623,462.1234,757.3875,45084.7202,124.4506,13519.3536,154.2419,13737.8588,11.1933,917.7582,1141.2348,107308.6033,149.6362,18707.7859,128.9512,18179.9795,12.0393,1070.7697,1371.0297,147741.4115, NaN, NaN, NaN,7.7788,19.4075,21.4382, NaN, NaN, NaN, NaN, NaN, NaN, NaN, NaN, NaN, NaN, NaN, NaN, NaN, NaN, NaN, NaN, NaN, NaN, NaN, NaN, NaN, NaN, NaN, NaN, NaN, NaN, NaN, NaN, NaN, NaN,
11/2014,77.5872,7213.3978,87.4081,7971.3376,6.5239,629.7586,638.8820,49485.3317,77.5872,7213.3978,48.4359,4826.8905,3.2849,284.6109,638.8820,49485.3317,41.5325,2569.2768,40.9704,2322.8325,3.1138,226.5192,344.1225,18647.7545,66.4157,5919.1430,72.3227,5812.1800,5.4424,513.7720,546.6028,40896.6607,77.5872,7213.3978,63.9312,6699.9555,6.1973,499.3030,638.8820,49485.3317, NaN, NaN, NaN,7.3537,21.4350,27.2060, NaN, NaN, NaN, NaN, NaN, NaN, NaN, NaN, NaN, NaN, NaN, NaN, NaN, NaN, NaN, NaN, NaN, NaN, NaN, NaN, NaN, NaN, NaN, NaN, NaN, NaN, NaN, NaN, NaN, NaN,
12/2014,33.3072,2654.5018,31.3551,2777.9714,2.3911,174.0008,247.2804,19210.9577,33.3072,2654.5018,19.6991,1724.4476,1.3939,120.0099,247.2804,19210.9577,17.2022,949.2250,14.3900,819.6577,1.1050,55.1978,127.6655,7057.3621,28.3133,2246.0890,25.8980,2171.5430,1.9788,143.0319,210.1473,16400.8526,33.3072,2654.5018,26.1191,2384.5349,2.3911,170.1006,247.2804,19210.9577, NaN, NaN, NaN,6.8191,23.0882,31.4789, NaN, NaN, NaN, NaN, NaN, NaN, NaN, NaN, NaN, NaN, NaN, NaN, NaN, NaN, NaN, NaN, NaN, NaN, NaN, NaN, NaN, NaN, NaN, NaN, NaN, NaN, NaN, NaN, NaN, NaN,
01/2015,14.2819,1360.7395,12.0977,1361.8647,0.9260,98.8961,104.1462,9908.2049,14.2819,1360.7395,8.1589,808.9287,0.5933,63.6424,104.1462,9908.2049,8.8819,741.3638,7.2850,640.9764,0.5572,52.5700,63.5806,5052.5659,12.2256,1215.6566,10.2269,1208.3434,0.7827,87.7468,88.6470,8841.7077,14.2819,1360.7395,10.8862,1171.7415,0.9260,90.5113,104.1462,9908.2049, NaN, NaN, NaN,6.5500,24.6589,34.2376, NaN, NaN, NaN, NaN, NaN, NaN, NaN, NaN, NaN, NaN, NaN, NaN, NaN, NaN, NaN, NaN, NaN, NaN, NaN, NaN, NaN, NaN, NaN, NaN, NaN, NaN, NaN, NaN, NaN, NaN,
02/2015,17.4010,2425.9046,17.9430,2458.2206,1.3494,318.1757,105.2478,15794.3762,17.4010,2425.9046,10.4646,1291.5941,0.7329,100.4690,105.2478,15794.3762,7.6982,980.1907,6.7006,825.7015,0.5102,119.5966,46.2720,6280.0248,25.7645,3935.5459,31.2931,4287.9512,2.3154,580.9997,162.3530,25634.0568,17.4010,2425.9046,13.8958,1985.2216,1.2397,194.1998,105.2478,15794.3762, NaN, NaN, NaN,6.6250,24.6175,35.6459, NaN, NaN, NaN, NaN, NaN, NaN, NaN, NaN, NaN, NaN, NaN, NaN, NaN, NaN, NaN, NaN, NaN, NaN, NaN, NaN, NaN, NaN, NaN, NaN, NaN, NaN, NaN, NaN, NaN, NaN,
03/2015,15.1546,2209.1270,14.5804,2120.6691,1.1037,251.2634,76.8803,13668.6968,15.1546,2209.1270,9.0069,1184.9271,0.6352,94.8412,76.8803,13668.6968,9.0374,1319.5958,8.2731,1068.1637,0.6282,147.8005,46.1346,7989.6274,10.0224,1467.9014,8.4069,1397.5478,0.6426,144.3423,50.1360,9219.8267,15.1546,2209.1270,11.7655,1740.2808,1.0576,162.9469,76.8803,13668.6968, NaN, NaN, NaN,6.4530,23.4800,36.4022, NaN, NaN, NaN, NaN, NaN, NaN, NaN, NaN, NaN, NaN, NaN, NaN, NaN, NaN, NaN, NaN, NaN, NaN, NaN, NaN, NaN, NaN, NaN, NaN, NaN, NaN, NaN, NaN, NaN, NaN,
04/2015,35.7869,4320.5530,41.1947,4482.5820,3.0735,582.1039,249.1387,28912.9196,35.7869,4320.5530,22.1364,2268.7578,1.5207,174.4373,249.1387,28912.9196,14.0832,1782.4579,13.7701,1571.2637,1.0426,223.6944,97.8009,11869.8457,23.5872,3057.9206,24.7975,3011.0108,1.8662,379.7659,164.1330,20710.6724,35.7869,4320.5530,29.6319,3595.7057,2.7175,373.6309,249.1387,28912.9196, NaN, NaN, NaN,7.1400,19.7389,35.9760,0.5078,0.0456,6.6315,9.2692,36.1040,0.5094,0.0457,6.6299,9.2938,36.1984,0.4971,0.0447,6.6066,9.2282,36.4682,0.5075,0.0455,6.6313,9.2659,36.1040, NaN, NaN, NaN, NaN, NaN, NaN, NaN, NaN, NaN, NaN,
05/2015,66.9859,7000.0070,95.9480,8427.2657,6.9581,870.9655,539.1188,50444.0198,66.9859,7000.0070,42.5224,3898.8731,2.8986,272.3117,539.1188,50444.0198,34.7674,3754.7539,46.8813,4077.0543,3.4295,472.9004,280.7166,26683.4677,78.2266,10124.0582,119.6159,12208.2343,8.6041,1118.9316,630.9983,74359.1733,66.9859,7000.0070,59.4045,6383.9523,5.2447,584.2103,539.1188,50444.0198, NaN, NaN, NaN,7.6900,16.8109,34.5701,0.4303,0.0448,7.3089,7.9018,34.9401,0.4267,0.0438,7.2996,7.8623,35.0907,0.4342,0.0452,7.2398,8.2463,36.2527,0.4270,0.0441,7.3052,7.8476,34.9401, NaN, NaN, NaN, NaN, NaN, NaN, NaN, NaN, NaN, NaN,
06/2015,101.0016,11242.2125,138.0759,13409.8148,10.0478,1287.2841,782.2235,76776.1546,101.0016,11242.2125,64.1946,6749.6150,4.3470,423.8406,782.2235,76776.1546,49.1702,5150.3731,61.8341,5383.2222,4.5665,640.1010,381.9743,34256.1225,102.2630,12504.4474,139.7575,14223.5521,10.2227,1307.3300,792.0114,87742.3582,101.0016,11242.2125,88.3822,10817.5051,8.0482,951.3570,782.2235,76776.1546, NaN, NaN, NaN,8.0110,15.7380,32.6294,0.3863,0.0448,7.6622,6.2643,32.5427,0.3656,0.0408,7.6148,5.8054,32.7034,0.3933,0.0453,7.5609,6.3105,34.7198,0.3741,0.0424,7.6405,6.0193,32.5432, NaN, NaN, NaN, NaN, NaN, NaN, NaN, NaN, NaN, NaN,
07/2015,172.1866,18446.2877,251.3077,24970.5428,17.2209,2018.5206,1315.5304,132576.8434,172.1866,18446.2877,111.8924,12361.3562,7.3634,682.2458,1315.5304,132576.8434,78.8659,7130.2982,98.0057,7329.1544,7.2582,861.7673,602.3852,50071.5065,195.8861,23880.9773,294.7397,32729.4957,20.2153,2453.1084,1496.3402,172218.2690,172.1866,18446.2877,153.1695,19015.0920,13.8725,1504.6559,1315.5304,132576.8434, NaN, NaN, NaN,8.4689,14.5367,30.6706,0.3856,0.0500,8.0342,6.9823,28.3493,0.3306,0.0401,7.9357,5.8960,28.4607,0.3544,0.0455,7.7223,5.6385,32.4131,0.3604,0.0452,7.9881,6.5052,28.3506, NaN, NaN, NaN, NaN, NaN, NaN, NaN, NaN, NaN, NaN,
08/2015,237.8851,53382.8880,356.8612,88757.0319,24.2760,3714.2938,1850.6216,437490.3824,237.8851,53382.8880,155.5390,70476.2782,10.1859,2107.7917,1850.6216,437490.3824,125.9712,13311.9590,164.2172,14152.1541,12.1157,1250.5323,980.7211,105211.9149,226.4890,63228.0989,329.2825,110099.6198,22.7538,4427.9450,1761.3295,520727.3617,237.8851,53382.8880,213.7739,79947.4915,19.1719,3178.1546,1850.6216,437490.3824,0.4600,0.0220,5.0000,8.4590,15.6528,25.4488,0.4838,0.0440,8.3910,4.9919,23.6415,0.3891,0.0306,8.3398,4.1213,23.6823,0.3055,0.0416,8.0812,4.6497,30.8386,0.4359,0.0374,8.3679,4.6143,23.6430, NaN, NaN, NaN, NaN, NaN, NaN, NaN, NaN, NaN, NaN,
09/2015,178.6925,22026.5914,247.0596,28876.8603,17.3612,1724.1568,1540.5960,169455.1139,178.6925,22026.5914,115.7553,18938.5899,7.6293,819.7369,1540.5960,169455.1139,93.8477,7042.6627,112.0523,7207.8984,8.3540,687.4061,808.6814,55765.7748,153.3773,17432.9712,202.6378,19129.6066,14.5316,1267.7325,1320.8219,135819.9661,178.6925,22026.5914,156.5397,24341.6870,14.4249,1408.5991,1540.5960,169455.1139,0.4750,0.0170,3.2500,8.1736,17.7532,25.0989,0.6353,0.0452,8.2612,9.7338,22.3957,0.4973,0.0312,8.1175,7.0690,22.4301,0.3249,0.0377,7.8652,5.4251,28.7455,0.5618,0.0398,8.1832,8.3308,22.4005, NaN, NaN, NaN, NaN, NaN, NaN, NaN, NaN, NaN, NaN,
10/2015,93.8736,7431.9811,109.7236,8235.1386,8.1491,605.6360,820.9169,50065.5591,93.8736,7431.9811,59.1225,4974.7592,3.9856,294.6634,820.9169,50065.5591,49.3430,2747.0966,50.4506,2541.3215,3.8216,230.9328,432.1417,19585.1698,76.3430,5275.0570,84.9021,5414.3410,6.3759,454.8649,668.3358,36322.1336,93.8736,7431.9811,78.1954,6921.1092,7.5673,513.7039,820.9169,50065.5591,0.3300,0.0140,1.7000,7.2138,21.1164,29.3972,0.4893,0.0341,7.5962,8.4298,25.5273,0.4073,0.0250,7.5247,7.0920,25.5687,0.3478,0.0309,7.3794,6.0411,29.7432, NaN, NaN, NaN, NaN, NaN, NaN, NaN, NaN, NaN, NaN, NaN, NaN, NaN, NaN, NaN,
11/2015,64.4976,4500.5328,74.7018,4826.7264,5.5426,386.8518,487.3813,27115.2927,64.4976,4500.5328,39.9807,2757.7129,2.7373,187.3624,487.3813,27115.2927,28.6589,1505.5027,27.8701,1343.4778,2.1143,122.1658,216.5599,9508.8997,52.4102,3616.5226,58.3616,3624.9532,4.3702,307.4076,395.9717,21500.6216,64.4976,4500.5328,53.5688,4003.3845,5.0468,326.2957,487.3813,27115.2927,0.3367,0.0283,2.1333,6.8764,22.8127,30.1270,0.4191,0.0322,7.1053,7.7755,28.0623,0.3681,0.0277,7.0532,7.0732,28.1111,0.3410,0.0322,6.8888,6.6764,31.0884, NaN, NaN, NaN, NaN, NaN, NaN, NaN, NaN, NaN, NaN, NaN, NaN, NaN, NaN, NaN,
12/2015,35.9856,2741.1696,37.5366,2726.6658,2.8282,267.3214,281.4548,16137.3049,35.9856,2741.1696,21.6987,1519.3496,1.5171,117.2033,281.4548,16137.3049,18.8957,1509.3734,18.1749,1300.6839,1.3766,142.3921,147.8989,8718.9720,32.6419,4403.5229,34.6137,5300.2160,2.6009,336.6834,255.4677,23735.3328,35.9856,2741.1696,29.0049,2279.8579,2.6273,200.3445,281.4548,16137.3049,0.3300,0.0325,1.8500,6.7250,22.6185,33.6464,0.3649,0.0308,6.9146,6.7020,31.4487,0.3382,0.0284,6.8951,6.4059,31.5108,0.3322,0.0324,6.7965,6.3949,33.1244, NaN, NaN, NaN, NaN, NaN, NaN, NaN, NaN, NaN, NaN, NaN, NaN, NaN, NaN, NaN,
01/2016,14.3510,2287.6733,12.1219,2349.6034,0.9283,265.2830,98.3777,10788.5156,14.3510,2287.6733,8.1918,1504.5269,0.5962,89.5766,98.3777,10788.5156,9.0461,2454.4339,7.3824,2248.8682,0.5652,229.2781,61.7011,12416.8522,12.3206,7070.5008,10.2709,9110.8546,0.7865,418.8840,84.3036,39858.0765,14.3510,2287.6733,10.9304,2049.2641,0.9283,157.5306,98.3777,10788.5156,0.2900,0.0340,2.2000,6.3900,25.2850,35.6945,0.3779,0.0328,6.5628,6.4164,33.9038,0.3629,0.0315,6.5475,6.3110,33.9733,0.3566,0.0356,6.4888,6.5739,34.8363, NaN, NaN, NaN, NaN, NaN, NaN, NaN, NaN, NaN, NaN, NaN, NaN, NaN, NaN, NaN,
02/2016,5.5123,2052.1210,3.9468,6858.9051,0.3037,429.4395,39.9327,12315.8967,5.5123,2052.1210,2.9946,6596.2724,0.2266,416.4569,39.9327,12315.8967,2.7734,298.7885,1.7630,244.7803,0.1355,13.6645,20.0792,1671.2230,5.2877,1172.6381,4.0326,1145.6516,0.3090,63.1583,38.7361,6416.4960,5.5123,2052.1210,3.8307,6763.2753,0.3037,424.4007,39.9327,12315.8967,0.3450,0.0435,2.0000,6.1727,24.5182,36.7639,0.4091,0.0394,6.6834,7.3929,34.9200,0.3978,0.0382,6.6694,7.3395,35.0512,0.3951,0.0432,6.6163,7.4813,35.9011, NaN, NaN, NaN, NaN, NaN, NaN, NaN, NaN, NaN, NaN, NaN, NaN, NaN, NaN, NaN,
03/2016,14.2301,6788.5171,16.0810,27383.8363,1.1983,1307.8367,101.9885,37963.5791,14.2301,6788.5171,8.7499,26097.4239,0.6035,1006.6273,101.9885,37963.5791,9.3312,2180.7187,10.0530,1806.8821,0.7532,268.8008,66.8736,10821.3814,8.0179,3065.8090,7.6671,2794.3186,0.5793,230.3479,57.4675,16784.3534,14.2301,6788.5171,11.4666,26708.4085,1.0537,1089.9417,101.9885,37963.5791,0.3050,0.0420,1.4000,6.5278,24.2273,37.6212,0.4234,0.0475,6.5921,7.3718,35.9703,0.4143,0.0466,6.5809,7.3576,36.1570,0.4133,0.0510,6.5746,7.6935,36.9429, NaN, NaN, NaN, NaN, NaN, NaN, NaN, NaN, NaN, NaN, NaN, NaN, NaN, NaN, NaN,
04/2016,46.2067,12626.4960,59.0133,29666.1058,4.3507,1415.0548,275.0440,72938.8803,46.2067,12626.4960,29.0271,26883.6715,1.9803,934.1866,275.0440,72938.8803,18.8266,3185.4643,20.1850,2636.3447,1.5154,274.4713,112.5400,17217.9784,28.3565,6510.4646,32.9379,5723.6250,2.4535,465.4997,169.2031,36298.4790,46.2067,12626.4960,39.4255,28509.9182,3.6157,1170.3333,275.0440,72938.8803,0.3750,0.0435,5.6500,6.9363,21.8670,36.2402,0.4950,0.0606,7.0387,9.3882,35.4406,0.4844,0.0588,7.0262,9.3332,35.7058,0.4321,0.0576,6.9225,7.9828,37.3817, NaN, NaN, NaN, NaN, NaN, NaN, NaN, NaN, NaN, NaN, NaN, NaN, NaN, NaN, NaN,
05/2016,94.8499,24276.2141,128.4436,39898.2832,9.4131,1902.2652,666.4160,166784.8173,94.8499,24276.2141,60.3564,33590.1463,4.0856,970.3738,666.4160,166784.8173,48.2630,6396.5635,59.4668,6311.5780,4.4066,730.2534,339.5475,40980.2299,104.7254,22668.3792,149.6989,27678.3882,10.8988,1912.3310,740.1239,154884.6117,94.8499,24276.2141,82.7594,37323.5317,7.5643,1470.8089,666.4160,166784.8173,0.4733,0.0417,4.7000,7.7246,17.4083,31.4009, NaN, NaN, NaN, NaN, NaN, NaN, NaN, NaN, NaN, NaN, NaN, NaN, NaN, NaN, NaN, NaN, NaN, NaN, NaN, NaN, NaN, NaN, NaN, NaN, NaN, NaN, NaN, NaN, NaN, NaN,
06/2016,146.0592,31115.3357,197.8654,44138.7953,14.5270,1979.6104,1066.3484,252203.0579,146.0592,31115.3357,93.5352,35848.3875,6.2923,978.7274,1066.3484,252203.0579,66.6490,6595.5686,81.0756,6309.5370,6.0221,709.4043,486.5487,49735.2583,140.7370,31632.8112,190.3494,38190.3991,13.9760,1988.2335,1027.5852,258201.7110,146.0592,31115.3357,127.4535,40845.3790,11.8734,1570.4781,1066.3484,252203.0579,0.6300,0.0685,23.5000,8.3513,15.2650,27.7447, NaN, NaN, NaN, NaN, NaN, NaN, NaN, NaN, NaN, NaN, NaN, NaN, NaN, NaN, NaN, NaN, NaN, NaN, NaN, NaN, NaN, NaN, NaN, NaN, NaN, NaN, NaN, NaN, NaN, NaN,
07/2016,287.5219,96090.9523,464.5248,198359.2820,31.0733,9678.5626,2193.0197,872452.6359,287.5219,96090.9523,189.1810,160414.3626,12.3850,4208.8194,2193.0197,872452.6359,125.9107,14047.6723,169.2511,14833.3012,12.4304,1323.8009,965.1931,116738.9642,311.7312,126402.1978,507.9726,283137.6268,34.7216,12401.4856,2378.7933,1160458.8445,287.5219,96090.9523,263.7575,175816.3836,23.2232,5811.5160,2193.0197,872452.6359,0.9300,0.0495,4.6000,8.6913,13.6338,18.9173, NaN, NaN, NaN, NaN, NaN, NaN, NaN, NaN, NaN, NaN, NaN, NaN, NaN, NaN, NaN, NaN, NaN, NaN, NaN, NaN, NaN, NaN, NaN, NaN, NaN, NaN, NaN, NaN, NaN, NaN,
08/2016,322.0387,101601.9158,517.6464,172208.0262,34.2086,12632.3100,2548.8960,893557.1721,322.0387,101601.9158,212.1573,121460.0700,13.8172,3152.5759,2548.8960,893557.1721,182.7706,23824.8000,251.6144,28744.9949,18.4434,2156.2884,1455.1903,201526.7458,295.5571,77099.0832,457.3150,116613.0229,30.8530,8448.9745,2334.6808,672921.8423,322.0387,101601.9158,294.4995,138812.8717,25.8981,4921.4377,2548.8960,893557.1721,0.6250,0.0250,14.5000,9.5660,14.2540,14.8912, NaN, NaN, NaN, NaN, NaN, NaN, NaN, NaN, NaN, NaN, NaN, NaN, NaN, NaN, NaN, NaN, NaN, NaN, NaN, NaN, NaN, NaN, NaN, NaN, NaN, NaN, NaN, NaN, NaN, NaN,
09/2016,259.4333,58714.6406,398.3307,82070.1612,26.3780,4425.5153,2294.2495,525276.4557,259.4333,58714.6406,170.2538,60173.5960,11.0652,1577.5753,2294.2495,525276.4557,171.2362,16761.5568,226.0687,17925.4327,16.6783,1256.2722,1515.3793,147137.8213,224.6746,39707.0986,325.7937,48922.9235,22.3529,2879.8856,1984.5311,354200.3869,259.4333,58714.6406,234.3559,69965.1516,20.7818,2568.6945,2294.2495,525276.4557,0.7600,0.0380,17.0000,9.4544,15.3056,16.3225, NaN, NaN, NaN, NaN, NaN, NaN, NaN, NaN, NaN, NaN, NaN, NaN, NaN, NaN, NaN, NaN, NaN, NaN, NaN, NaN, NaN, NaN, NaN, NaN, NaN, NaN, NaN, NaN, NaN, NaN,
10/2016,200.9923,28211.8378,286.5759,34181.7491,19.4600,2396.3645,1892.6143,228226.9839,200.9923,28211.8378,130.8883,21350.6120,8.5454,941.9366,1892.6143,228226.9839,119.0678,7779.0845,143.8664,7746.1285,10.7263,631.2089,1120.9093,65914.5419,162.0086,17528.4950,215.1479,19096.4853,15.2243,1232.9917,1525.3081,144721.2730,200.9923,28211.8378,177.4337,27426.9182,16.1159,1591.8563,1892.6143,228226.9839,0.4400,0.0257,3.7333,8.2140,17.6780,20.1426, NaN, NaN, NaN, NaN, NaN, NaN, NaN, NaN, NaN, NaN, NaN, NaN, NaN, NaN, NaN, NaN, NaN, NaN, NaN, NaN, NaN, NaN, NaN, NaN, NaN, NaN, NaN, NaN, NaN, NaN,
11/2016,76.7146,6821.7898,86.2229,7726.9085,6.4407,492.4771,606.8810,43786.2829,76.7146,6821.7898,47.9207,4943.2444,3.2477,269.6015,606.8810,43786.2829,43.4592,2310.6298,43.3719,2132.5162,3.2931,172.7427,344.5347,15944.8614,61.7328,4669.0819,66.4156,4716.7616,5.0042,365.1987,487.5314,30641.8355,76.7146,6821.7898,63.1615,6574.8175,6.1195,436.0926,606.8810,43786.2829,0.2900,0.0230,1.8000,7.3913,22.1989,27.3122, NaN, NaN, NaN, NaN, NaN, NaN, NaN, NaN, NaN, NaN, NaN, NaN, NaN, NaN, NaN, NaN, NaN, NaN, NaN, NaN, NaN, NaN, NaN, NaN, NaN, NaN, NaN, NaN, NaN, NaN,
12/2016,36.8150,3117.6144,35.9027,3194.9330,2.7279,267.0959,271.4886,17325.1368,36.8150,3117.6144,21.9507,1928.3514,1.5445,138.8858,271.4886,17325.1368,21.0730,1541.0477,18.7231,1301.4211,1.4311,127.9875,155.3362,8535.4604,30.9658,3060.5731,29.7076,2907.1739,2.2580,249.2779,228.0271,16019.1578,36.8150,3117.6144,29.1370,2710.8878,2.6689,211.6754,271.4886,17325.1368,0.2800,0.0300,1.9000,6.8714,23.0170,31.1955, NaN, NaN, NaN, NaN, NaN, NaN, NaN, NaN, NaN, NaN, NaN, NaN, NaN, NaN, NaN, NaN, NaN, NaN, NaN, NaN, NaN, NaN, NaN, NaN, NaN, NaN, NaN, NaN, NaN, NaN,
01/2017,20.5546,3144.7354,19.9175,3311.5664,1.5061,467.8408,138.9487,13082.8851,20.5546,3144.7354,12.0996,1632.8364,0.8617,125.6300,138.9487,13082.8851,13.7981,4611.9370,13.3813,7515.1387,1.0094,543.5952,94.1437,23062.2232,17.4182,3278.5862,16.8752,3386.6532,1.2746,455.9854,118.2496,14047.6011,20.5546,3144.7354,16.2311,2577.7955,1.4078,261.2665,138.9487,13082.8851,0.2467,0.0333,1.1333,6.4609,24.2253,34.3537, NaN, NaN, NaN, NaN, NaN, NaN, NaN, NaN, NaN, NaN, NaN, NaN, NaN, NaN, NaN, NaN, NaN, NaN, NaN, NaN, NaN, NaN, NaN, NaN, NaN, NaN, NaN, NaN, NaN, NaN,
02/2017,94.1414,256208.2358,153.2915,939396.5552,10.9142,45262.7975,678.1280,1763256.6475,94.1414,256208.2358,60.7489,932452.0416,4.1219,44401.4922,678.1280,1763256.6475,33.1690,27095.5670,45.7924,60768.3306,3.3315,2213.9729,239.7709,176117.0645,194.4518,587832.9840,369.6099,2838916.1321,25.7482,115011.6914,1399.9416,4030339.8358,94.1414,256208.2358,85.2450,935726.7622,7.5423,44835.9641,678.1280,1763256.6475,2.5500,0.0995,11.1750,6.2338,25.4650,9.3233, NaN, NaN, NaN, NaN, NaN, NaN, NaN, NaN, NaN, NaN, NaN, NaN, NaN, NaN, NaN, NaN, NaN, NaN, NaN, NaN, NaN, NaN, NaN, NaN, NaN, NaN, NaN, NaN, NaN, NaN,
03/2017,42.4138,33597.0634,44.1733,104166.2304,3.3335,3622.3608,298.5090,224863.7134,42.4138,33597.0634,25.6795,102508.7744,1.7884,3417.6320,298.5090,224863.7134,18.6624,3047.3971,17.7141,2661.6655,1.3441,199.1988,131.0217,17635.5163,49.5590,19262.3789,50.4494,37225.9053,3.8225,1306.3270,349.4489,129515.5470,42.4138,33597.0634,34.1744,103513.1648,3.1558,3534.2584,298.5090,224863.7134,1.5667,0.0987,35.0000,7.9356,22.7154,18.1845, NaN, NaN, NaN, NaN, NaN, NaN, NaN, NaN, NaN, NaN, NaN, NaN, NaN, NaN, NaN, NaN, NaN, NaN, NaN, NaN, NaN, NaN, NaN, NaN, NaN, NaN, NaN, NaN, NaN, NaN,
04/2017,20.2694,3656.0074,17.3004,6493.7211,1.3279,191.9018,139.0067,21916.6170,20.2694,3656.0074,11.6100,5785.2502,0.8431,159.8215,139.0067,21916.6170,6.0048,598.8643,4.1682,531.6779,0.3215,27.2975,41.1686,3476.2038,30.2573,2322.5875,27.7470,2383.7479,2.1209,154.6906,207.5186,13661.3822,20.2694,3656.0074,15.5187,6204.0215,1.3279,190.7850,139.0067,21916.6170,0.5050,0.0415,6.8000,7.5313,21.1090,28.9613, NaN, NaN, NaN, NaN, NaN, NaN, NaN, NaN, NaN, NaN, NaN, NaN, NaN, NaN, NaN, NaN, NaN, NaN, NaN, NaN,1.3778,0.0809,6.7921,15.3543,26.1909,1.3777,0.0822,6.7380,16.0966,26.9067,
05/2017,69.2842,8928.4896,82.4346,11147.2947,6.1403,875.1162,512.3516,55847.0842,69.2842,8928.4896,43.3018,7591.9107,2.9525,321.7469,512.3516,55847.0842,32.6246,3593.6438,35.1961,3315.5283,2.6463,438.1616,236.7841,21024.8578,102.4013,10411.7875,130.3894,11239.4711,9.6414,1141.9110,762.3737,64976.7504,69.2842,8928.4896,58.0255,9713.7168,5.4121,622.3533,512.3516,55847.0842,0.3867,0.0387,4.8000,7.4120,18.7764,32.2012, NaN, NaN, NaN, NaN, NaN, NaN, NaN, NaN, NaN, NaN, NaN, NaN, NaN, NaN, NaN, NaN, NaN, NaN, NaN, NaN,0.6594,0.0537,7.0218,11.5038,30.1019,0.6454,0.0547,6.9453,11.1860,30.4361,
06/2017,84.2400,9938.9462,120.3579,12685.0346,8.4221,896.0995,606.5799,72161.7032,84.2400,9938.9462,53.6055,7885.1118,3.6139,334.9578,606.5799,72161.7032,37.2643,3541.5101,49.2647,3910.5201,3.6037,417.8596,263.0549,23363.6839,110.1254,10607.5440,158.1778,12349.4435,11.0419,1030.2083,805.5857,75488.4437,84.2400,9938.9462,74.0827,10508.4315,6.5882,680.9464,606.5799,72161.7032,0.2800,0.0205,4.3500,8.1933,16.1723,31.9419, NaN, NaN, NaN, NaN, NaN, NaN, NaN, NaN, NaN, NaN, NaN, NaN, NaN, NaN, NaN, NaN, NaN, NaN, NaN, NaN,0.4865,0.0437,7.3337,6.5238,29.4595,0.4733,0.0474,7.3744,6.9321,28.9462,
07/2017,310.2192,43608.2918,492.4446,56351.3617,32.8747,3542.6353,2369.0511,337678.3948,310.2192,43608.2918,204.1460,36858.4430,13.3177,1370.7566,2369.0511,337678.3948,142.8797,12518.1850,185.9773,12699.2389,13.7375,1479.8789,1085.7478,91316.3988,405.2419,61706.9923,700.1326,85866.7163,44.4541,5923.1258,3093.0625,478340.6325,310.2192,43608.2918,283.8918,48637.0672,24.9845,2628.1789,2369.0511,337678.3948,0.3450,0.0210,6.3500,8.5360,14.7207,27.0245, NaN, NaN, NaN, NaN, NaN, NaN, NaN, NaN, NaN, NaN, NaN, NaN, NaN, NaN, NaN, NaN, NaN, NaN, NaN, NaN,0.4242,0.0376,7.8438,3.4106,27.2566,0.4394,0.0420,7.8548,3.4339,25.9329,
08/2017,383.2790,151921.0512,675.5263,291323.6090,41.9019,16948.9596,3418.1132,1333963.1725,383.2790,151921.0512,255.4357,228786.6333,16.4277,6590.4141,3418.1132,1333963.1725,245.5488,32587.9978,358.6343,40517.7892,26.0933,2658.9921,2186.4275,278508.0742,370.7251,112919.5296,653.9172,206856.9665,39.6952,16118.2346,3303.3673,978672.4380,383.2790,151921.0512,357.7177,250894.3901,30.5777,8628.2611,3418.1132,1333963.1725,1.0800,0.0510,14.9000,9.0056,15.3973,11.0833, NaN, NaN, NaN, NaN, NaN, NaN, NaN, NaN, NaN, NaN, NaN, NaN, NaN, NaN, NaN, NaN, NaN, NaN, NaN, NaN,0.8520,0.0494,8.8535,1.8680,13.8602,0.9893,0.0782,8.8293,1.6979,12.6111,
09/2017,233.6688,51322.7491,343.5995,71697.1235,23.2989,3283.1871,1799.1550,408902.8867,233.6688,51322.7491,152.6307,54200.2646,9.9663,1234.5106,1799.1550,408902.8867,154.5955,13897.4054,197.9497,14163.1553,14.6628,1222.4644,1190.0063,105300.8562,215.4298,30773.6842,309.9322,35564.3087,21.0770,2200.6841,1657.2622,241129.8268,233.6688,51322.7491,208.5696,62232.8806,18.7699,2126.9303,1799.1550,408902.8867,0.9550,0.0380,18.5000,10.0175,17.6461,13.4730, NaN, NaN, NaN, NaN, NaN, NaN, NaN, NaN, NaN, NaN, NaN, NaN, NaN, NaN, NaN, NaN, NaN, NaN, NaN, NaN,1.1676,0.0474,8.1793,1.0938,11.4304,0.8205,0.0555,7.9583,1.2059,14.7343,
10/2017,168.9984,24071.2646,224.8424,28113.9221,15.8983,1375.8160,1434.5364,179097.7227,168.9984,24071.2646,109.2007,20372.3980,7.1888,688.7697,1434.5364,179097.7227,95.6016,6114.7008,109.6008,5970.8000,8.2195,497.3996,810.4090,47104.9841,147.2342,13838.1091,188.6368,14585.8515,13.5025,1015.0059,1248.8914,104980.5550,168.9984,24071.2646,146.4090,24501.1232,13.6143,1136.4005,1434.5364,179097.7227,0.4667,0.0200,2.2667,8.4200,19.1867,19.1265, NaN, NaN, NaN, NaN, NaN, NaN, NaN, NaN, NaN, NaN, NaN, NaN, NaN, NaN, NaN, NaN, NaN, NaN, NaN, NaN,0.6873,0.0435,7.9022,1.9058,17.2947,0.4911,0.0414,7.7758,2.7891,20.9931,
11/2017,59.2013,5742.4550,62.0650,6429.1688,4.6890,331.1045,516.8240,40241.9512,59.2013,5742.4550,36.3644,4456.1059,2.4960,212.7935,516.8240,40241.9512,33.8947,1765.7395,31.9838,1623.8985,2.4397,116.3116,295.9279,13483.8003,52.4362,3875.3683,53.6496,3983.4901,4.0646,273.2218,457.8588,28233.7476,59.2013,5742.4550,47.7814,5622.9947,4.6345,315.7426,516.8240,40241.9512,0.3450,0.0260,1.2500,6.9800,23.2497,27.8483, NaN, NaN, NaN, NaN, NaN, NaN, NaN, NaN, NaN, NaN, NaN, NaN, NaN, NaN, NaN, NaN, NaN, NaN, NaN, NaN,0.4084,0.0352,7.3323,7.3376,24.5361,0.3397,0.0344,7.1685,5.7107,26.9399,
12/2017,43.8307,4761.2966,45.5908,5163.3077,3.4418,472.4701,358.5598,30476.9065,43.8307,4761.2966,26.5761,2997.3978,1.8478,191.7734,358.5598,30476.9065,25.3930,2426.8032,24.2620,2219.1591,1.8429,264.4696,207.8513,15821.5385,43.4419,4694.9155,45.8409,4890.0272,3.4540,510.3293,355.2189,30355.4090,43.8307,4761.2966,35.3011,4277.7048,3.2660,340.5977,358.5598,30476.9065,0.2800,0.0320,0.8000,6.8286,23.7256,31.4906, NaN, NaN, NaN, NaN, NaN, NaN, NaN, NaN, NaN, NaN, NaN, NaN, NaN, NaN, NaN, NaN, NaN, NaN, NaN, NaN,0.3101,0.0334,6.8010,4.9569,30.2046, NaN, NaN, NaN, NaN, NaN,
01/2018,112.4064,17829.7459,196.8819,34013.5011,13.8401,1742.4083,788.1069,90893.6832,112.4064,17829.7459,73.2846,24949.5074,4.9554,761.2595,788.1069,90893.6832,88.9747,10021.7606,158.1239,13979.3111,11.1014,1190.6318,623.2504,55080.0084,110.2896,28791.2880,193.4732,63187.4902,13.5985,2870.6696,773.1812,134739.5592,112.4064,17829.7459,102.2155,29463.6296,9.0863,1294.2367,788.1069,90893.6832,0.3533,0.0333,1.9000,6.4191,24.6235,32.2309, NaN, NaN, NaN, NaN, NaN, NaN, NaN, NaN, NaN, NaN, NaN, NaN, NaN, NaN, NaN, NaN, NaN, NaN, NaN, NaN,0.2743,0.0354,6.4499,4.5414,32.3908, NaN, NaN, NaN, NaN, NaN,
02/2018,21.4531,2703.6806,18.7600,4304.2325,1.4376,133.4306,157.3791,15258.1112,21.4531,2703.6806,12.3803,3614.8577,0.8930,106.5857,157.3791,15258.1112,14.2301,842.6074,11.5852,741.1181,0.8910,45.6828,104.3649,5507.6492,18.9389,1873.6272,16.2154,1821.2084,1.2439,107.4588,138.8681,11233.1770,21.4531,2703.6806,16.5137,4060.1902,1.4376,130.9699,157.3791,15258.1112,0.2700,0.0265,3.3000,6.5989,25.0077,32.7164, NaN, NaN, NaN, NaN, NaN, NaN, NaN, NaN, NaN, NaN, NaN, NaN, NaN, NaN, NaN, NaN, NaN, NaN, NaN, NaN,0.3936,0.0448,6.7453,6.7995,31.5915, NaN, NaN, NaN, NaN, NaN,
03/2018,15.9754,2192.8147,13.1012,3556.9978,1.0069,113.4643,126.4171,14025.7783,15.9754,2192.8147,9.0348,2993.3361,0.6624,88.9576,126.4171,14025.7783,9.6250,697.3690,7.2561,587.0681,0.5591,38.7348,76.1315,4861.3412,13.5130,1248.7133,10.7122,1292.8207,0.8245,83.0698,106.9449,8643.2148,15.9754,2192.8147,12.1138,3349.9230,1.0069,109.2388,126.4171,14025.7783,0.3000,0.0295,1.8500,6.4733,22.7784,34.9279, NaN, NaN, NaN, NaN, NaN, NaN, NaN, NaN, NaN, NaN, NaN, NaN, NaN, NaN, NaN, NaN, NaN, NaN, NaN, NaN,0.3580,0.0430,6.6794,5.6726,33.5288, NaN, NaN, NaN, NaN, NaN,
04/2018,27.8208,2562.7795,28.6278,2673.8640,2.1583,255.7715,222.2837,17509.0237,27.8208,2562.7795,16.7713,1588.0684,1.1720,110.6104,222.2837,17509.0237,12.8390,1079.3606,11.1998,927.8385,0.8549,96.8368,102.6598,7421.5178,20.7360,1896.1517,19.6021,1906.1759,1.4890,184.3868,165.8318,13092.6321,27.8208,2562.7795,22.3434,2244.3663,2.0130,187.1415,222.2837,17509.0237,0.2767,0.0253,2.3000,6.5870,21.5095,35.2510, NaN, NaN, NaN, NaN, NaN, NaN, NaN, NaN, NaN, NaN, NaN, NaN, NaN, NaN, NaN, NaN, NaN, NaN, NaN, NaN,0.3745,0.0450,6.7912,5.8150,34.0350, NaN, NaN, NaN, NaN, NaN,
