Date,BC BASE Flow Local (ML),BC BASE Flow Local + Upstream (ML),BC BASE TN Local (KG),BC BASE TN Local + Upstream (KG),BC BASE TP Local (KG),BC BASE TP Local + Upstream (KG),BC BASE OXY Local (KG),BC BASE OXY Local + Upstream (KG),BC Capped Flow Local (ML),BC Capped Flow Local + Upstream (ML),BC Capped TN Local (KG),BC Capped TN Local + Upstream (KG),BC Capped TP Local (KG),BC Capped TP Local + Upstream (KG),BC Capped OXY Local (KG),BC Capped OXY Local + Upstream (KG),BC Dry Flow Local (ML),BC Dry Flow Local + Upstream (ML),BC Dry TN Local (KG),BC Dry TN Local + Upstream (KG),BC Dry TP Local (KG),BC Dry TP Local + Upstream (KG),BC Dry OXY Local (KG),BC Dry OXY Local + Upstream (KG),BC Wet Flow Local (ML),BC Wet Flow Local + Upstream (ML),BC Wet TN Local (KG),BC Wet TN Local + Upstream (KG),BC Wet TP Local (KG),BC Wet TP Local + Upstream (KG),BC Wet OXY Local (KG),BC Wet OXY Local + Upstream (KG),BC Targets Flow Local (ML),BC Targets Flow Local + Upstream (ML),BC Targets TN Local (KG),BC Targets TN Local + Upstream (KG),BC Targets TP Local (KG),BC Targets TP Local + Upstream (KG),BC Targets OXY Local (KG),BC Targets OXY Local + Upstream (KG),Field Mean TN (mg/L),Field Mean TP (mg/L),Field Mean TCHLA (ug/L),Field Mean Oxygen (mg/L),Field Mean TEMP (C),Field Mean Salinity (psu),SCERM44_2015_2016_ALL Mean TN (mg/L),SCERM44_2015_2016_ALL Mean TP (mg/L),SCERM44_2015_2016_ALL Mean Oxy (mg/L),SCERM44_2015_2016_ALL Mean TCHLA (ug/L),SCERM44_2015_2016_ALL Mean Salinity (psu),SCERM44_2015_2016_Capped_ALL Mean TN (mg/L),SCERM44_2015_2016_Capped_ALL Mean TP (mg/L,)SCERM44_2015_2016_Capped_ALL Mean Oxy (mg/L),SCERM44_2015_2016_Capped_ALL Mean TCHLA (ug/L),SCERM44_2015_2016_Capped_ALL Mean Salinity (psu),SCERM44_2015_2016_Dry_ALL Mean TN (mg/L),SCERM44_2015_2016_Dry_ALL Mean TP (mg/L),SCERM44_2015_2016_Dry_ALL Mean Oxy (mg/L),SCERM44_2015_2016_Dry_ALL Mean TCHLA (ug/L),SCERM44_2015_2016_Dry_ALL Mean Salinity (psu),SCERM44_2015_2016_Target_ALL Mean TN (mg/L),SCERM44_2015_2016_Target_ALL Mean TP (mg/L),SCERM44_2015_2016_Target_ALL Mean Oxy (mg/L),SCERM44_2015_2016_Target_ALL Mean TCHLA (ug/L),SCERM44_2015_2016_Target_ALL Mean Salinity (psu),SCERM44_2017_2018_ALL Mean TN (mg/L),SCERM44_2017_2018_ALL Mean TP (mg/L),SCERM44_2017_2018_ALL Mean Oxy (mg/L),SCERM44_2017_2018_ALL Mean TCHLA (ug/L),SCERM44_2017_2018_ALL Mean Salinity (psu),SCERM44_2017_2018_Wet_ALL Mean TN (mg/L),SCERM44_2017_2018_Wet_ALL Mean TP (mg/L),SCERM44_2017_2018_Wet_ALL Mean Oxy (mg/L),SCERM44_2017_2018_Wet_ALL Mean TCHLA (ug/L),SCERM44_2017_2018_Wet_ALL Mean Salinity (psu),
01/2008,47.8138,418.6080,46.6977,310.5783,4.1978,25.5746,406.4838,3185.6217,47.8138,418.6080,30.9218,194.5019,2.8797,15.2598,406.4838,3185.6217,23.5354,228.3206,20.4336,149.0258,1.8394,12.0578,200.0326,1778.8280,37.1952,345.7123,34.8471,247.9621,3.1351,20.3853,316.5411,2651.3425,47.8138,418.6080,44.6083,305.2978,4.1978,25.5744,406.4838,3185.6217,0.5125,0.0645,2.6500,5.5757,24.5514,34.2377, NaN, NaN, NaN, NaN, NaN, NaN, NaN, NaN, NaN, NaN, NaN, NaN, NaN, NaN, NaN, NaN, NaN, NaN, NaN, NaN, NaN, NaN, NaN, NaN, NaN, NaN, NaN, NaN, NaN, NaN,
02/2008,151.1827,1427.4835,269.5471,1668.5052,22.8487,129.7629,1365.8846,10374.9821,151.1827,1427.4835,102.5849,739.9137,9.1812,51.4800,1365.8846,10374.9821,61.0416,605.7418,91.5752,586.4199,7.9249,45.8314,548.6156,4402.7482,270.8640,2612.1226,559.7012,3528.5029,46.5467,269.9858,2437.8947,18656.8792,151.1827,1427.4835,148.2478,1314.3875,15.6667,111.0685,1365.8846,10374.9821,0.6850,0.0885,4.8500,5.0878,24.1589,34.4438, NaN, NaN, NaN, NaN, NaN, NaN, NaN, NaN, NaN, NaN, NaN, NaN, NaN, NaN, NaN, NaN, NaN, NaN, NaN, NaN, NaN, NaN, NaN, NaN, NaN, NaN, NaN, NaN, NaN, NaN,
03/2008,58.6224,595.1750,75.4270,521.0351,6.6092,42.0349,411.6260,4022.9057,58.6224,595.1750,38.7426,285.4701,3.5455,20.8129,411.6260,4022.9057,31.9421,352.8317,40.2643,287.1897,3.5341,22.7709,219.6066,2360.1436,49.1875,471.6835,53.7810,372.2826,4.7844,30.6291,356.3726,3260.1238,58.6224,595.1750,54.8488,462.1064,5.6489,39.5320,411.6260,4022.9057,0.5350,0.0610,4.6000,6.3167,20.6500,36.1109, NaN, NaN, NaN, NaN, NaN, NaN, NaN, NaN, NaN, NaN, NaN, NaN, NaN, NaN, NaN, NaN, NaN, NaN, NaN, NaN, NaN, NaN, NaN, NaN, NaN, NaN, NaN, NaN, NaN, NaN,
04/2008,378.9850,4682.9750,644.0351,5577.6950,55.1494,437.9690,2539.7778,32182.8358,378.9850,4682.9750,256.5313,2547.8988,23.0042,174.6034,2539.7778,32182.8358,135.7862,1744.0013,194.6933,1699.3319,16.9927,132.5028,903.1094,11998.3909,254.3443,2960.1418,394.3568,3195.1450,34.1314,250.7149,1703.4695,20347.3506,378.9850,4682.9750,372.2237,4445.5189,40.6321,380.5945,2539.7778,32182.8358,0.4260,0.0554,6.5400,3.2000,20.6590,33.1801, NaN, NaN, NaN, NaN, NaN, NaN, NaN, NaN, NaN, NaN, NaN, NaN, NaN, NaN, NaN, NaN, NaN, NaN, NaN, NaN, NaN, NaN, NaN, NaN, NaN, NaN, NaN, NaN, NaN, NaN,
05/2008,375.8746,4780.2528,595.8802,5380.6226,51.4752,439.2691,2836.1161,33012.3901,375.8746,4780.2528,253.1149,2645.1590,22.8017,182.9337,2836.1161,33012.3901,153.7315,1924.3354,219.7592,1869.5906,19.1860,144.6444,1158.8259,13312.5608,402.0278,4798.2154,670.8185,5629.6676,57.5714,454.7468,3029.4797,33212.6105,375.8746,4780.2528,367.2574,4562.8376,40.4721,401.2571,2836.1161,33012.3901,0.4250,0.0515,8.5250,3.0611,19.7278,31.4436, NaN, NaN, NaN, NaN, NaN, NaN, NaN, NaN, NaN, NaN, NaN, NaN, NaN, NaN, NaN, NaN, NaN, NaN, NaN, NaN, NaN, NaN, NaN, NaN, NaN, NaN, NaN, NaN, NaN, NaN,
06/2008,980.8042,11868.0768,1865.5177,19064.1005,157.5929,1337.6085,8161.7535,95593.5971,980.8042,11868.0768,670.8940,6889.0136,59.6018,446.0860,8161.7535,95593.5971,420.5606,4289.8378,716.7496,4977.7656,61.3770,388.5981,3496.6590,34479.3465,970.1770,11352.7958,1847.5196,18254.2004,156.0511,1296.2733,8073.3857,91550.2704,980.8042,11868.0768,973.3466,13226.1321,106.5653,1181.5472,8161.7535,95593.5971,0.4000,0.0310,10.5500,4.3900,17.4622,28.4428, NaN, NaN, NaN, NaN, NaN, NaN, NaN, NaN, NaN, NaN, NaN, NaN, NaN, NaN, NaN, NaN, NaN, NaN, NaN, NaN, NaN, NaN, NaN, NaN, NaN, NaN, NaN, NaN, NaN, NaN,
07/2008,1602.9706,20947.1011,3245.3821,40308.1353,264.7011,2449.6840,14440.3618,183588.0598,1602.9706,20947.1011,1103.7015,12300.7518,96.6489,719.3712,14440.3618,183588.0598,710.0093,7862.4086,1229.6896,11313.9912,105.2523,843.0522,6397.7824,69182.5701,1770.3360,23925.5683,3676.1155,47298.5902,299.5412,2835.6640,15949.2066,209561.3005,1602.9706,20947.1011,1601.1537,25728.6960,172.5342,2137.3569,14440.3618,183588.0598,0.5425,0.0340,3.5333,4.3057,15.7571,24.4495, NaN, NaN, NaN, NaN, NaN, NaN, NaN, NaN, NaN, NaN, NaN, NaN, NaN, NaN, NaN, NaN, NaN, NaN, NaN, NaN, NaN, NaN, NaN, NaN, NaN, NaN, NaN, NaN, NaN, NaN,
08/2008,1015.7789,10459.1779,1809.8133,16013.9001,150.5043,1027.9254,9257.8367,93673.9526,1015.7789,10459.1779,692.0122,5791.5617,61.0059,364.7738,9257.8367,93673.9526,521.9770,5014.6560,814.8738,7401.4866,70.6410,527.4816,4755.5018,44980.7227,1024.9200,10509.4627,1816.8642,15920.3075,151.3456,1016.8974,9342.0117,94068.4644,1015.7789,10459.1779,1001.8771,11078.4028,108.9951,903.2653,9257.8367,93673.9526,1.0775,0.0523,5.8250,4.5725,15.0787,16.4812, NaN, NaN, NaN, NaN, NaN, NaN, NaN, NaN, NaN, NaN, NaN, NaN, NaN, NaN, NaN, NaN, NaN, NaN, NaN, NaN, NaN, NaN, NaN, NaN, NaN, NaN, NaN, NaN, NaN, NaN,
09/2008,988.1482,9877.8528,1791.6033,14663.1116,149.5299,1002.9944,8805.3511,85818.5116,988.1482,9877.8528,674.6421,5433.1670,59.6715,360.3363,8805.3511,85818.5116,534.9802,4755.4646,860.9802,5554.3725,74.3450,437.9975,4761.4475,41429.6302,910.4141,8389.4486,1599.6041,11461.6661,135.0153,822.3910,8120.3128,73076.1545,988.1482,9877.8528,977.7823,9959.8226,106.6371,881.1328,8805.3511,85818.5116,0.4600,0.0325,5.3250,5.5313,17.5162,24.1111, NaN, NaN, NaN, NaN, NaN, NaN, NaN, NaN, NaN, NaN, NaN, NaN, NaN, NaN, NaN, NaN, NaN, NaN, NaN, NaN, NaN, NaN, NaN, NaN, NaN, NaN, NaN, NaN, NaN, NaN,
10/2008,641.5027,6581.9952,1039.0130,7627.6260,88.7343,561.9735,5417.2290,50503.0178,641.5027,6581.9952,433.8366,3490.9000,38.7247,234.7936,5417.2290,50503.0178,318.5222,2665.7165,445.2818,2698.3100,39.0858,217.0663,2689.7772,20824.9811,556.3728,5208.6154,867.8467,5707.1027,74.9089,436.2864,4701.1725,40304.0822,641.5027,6581.9952,627.8797,5957.4456,69.2677,504.3684,5417.2290,50503.0178,0.5200,0.0564,14.6200,3.4110,20.6360,24.1487, NaN, NaN, NaN, NaN, NaN, NaN, NaN, NaN, NaN, NaN, NaN, NaN, NaN, NaN, NaN, NaN, NaN, NaN, NaN, NaN, NaN, NaN, NaN, NaN, NaN, NaN, NaN, NaN, NaN, NaN,
11/2008,616.8614,6324.1258,1038.5998,7877.7469,88.3828,573.7667,5020.4281,46538.8010,616.8614,6324.1258,418.0883,3361.3250,37.3073,228.7399,5020.4281,46538.8010,257.3424,2010.7699,358.1769,1945.8418,31.4156,157.6511,2093.5109,15188.7807,528.2842,5066.9971,857.9081,5748.3718,73.7859,441.5683,4299.3960,37474.0800,616.8614,6324.1258,605.8087,5897.3066,66.7263,514.3573,5020.4281,46538.8010,0.4675,0.0520,5.0333,4.4557,21.4929,26.4306, NaN, NaN, NaN, NaN, NaN, NaN, NaN, NaN, NaN, NaN, NaN, NaN, NaN, NaN, NaN, NaN, NaN, NaN, NaN, NaN, NaN, NaN, NaN, NaN, NaN, NaN, NaN, NaN, NaN, NaN,
12/2008,280.8950,2215.3910,384.4961,2161.2759,33.7806,175.2237,2120.0025,15450.5320,280.8950,2215.3910,187.1127,1148.7372,16.9846,86.9739,2120.0025,15450.5320,125.4787,937.8115,150.2789,801.6021,13.3548,65.9040,946.4873,6667.3232,256.6858,1996.0474,348.4638,1949.0579,30.6488,158.6906,1936.4321,13965.4559,280.8950,2215.3910,271.2611,1879.5543,30.3341,167.9116,2120.0025,15450.5320,0.4700,0.0544,4.4400,4.7208,23.7508,28.3345, NaN, NaN, NaN, NaN, NaN, NaN, NaN, NaN, NaN, NaN, NaN, NaN, NaN, NaN, NaN, NaN, NaN, NaN, NaN, NaN, NaN, NaN, NaN, NaN, NaN, NaN, NaN, NaN, NaN, NaN,
01/2009,72.1267,608.9126,74.8294,478.2371,6.7127,39.2870,522.9247,4045.2862,72.1267,608.9126,46.8650,291.2099,4.3448,22.4728,522.9247,4045.2862,28.9267,303.0394,25.7312,201.3045,2.3173,15.9932,209.5404,2036.0203,60.3245,533.4163,60.6820,410.6205,5.4501,33.6586,437.3741,3556.9883,72.1267,608.9126,68.3889,462.9324,6.7127,39.2734,522.9247,4045.2862,0.5700,0.0688,5.2000,4.8191,25.3118,31.3396, NaN, NaN, NaN, NaN, NaN, NaN, NaN, NaN, NaN, NaN, NaN, NaN, NaN, NaN, NaN, NaN, NaN, NaN, NaN, NaN, NaN, NaN, NaN, NaN, NaN, NaN, NaN, NaN, NaN, NaN,
02/2009,66.8390,666.6192,87.6920,617.8319,7.6682,47.8796,504.2565,4481.7258,66.8390,666.6192,44.2020,336.1618,4.0407,23.4141,504.2565,4481.7258,25.8509,290.7274,28.8091,219.3848,2.5499,16.9619,195.6472,1965.6061,85.3805,920.1168,137.4738,1005.4617,11.7612,74.7240,659.0555,6138.4094,66.8390,666.6192,63.6386,548.1102,6.4336,44.7526,504.2565,4481.7258,0.6350,0.0745,5.0500,5.5533,24.4883,34.1459, NaN, NaN, NaN, NaN, NaN, NaN, NaN, NaN, NaN, NaN, NaN, NaN, NaN, NaN, NaN, NaN, NaN, NaN, NaN, NaN, NaN, NaN, NaN, NaN, NaN, NaN, NaN, NaN, NaN, NaN,
03/2009,44.3578,449.9280,45.3697,333.9576,4.0607,27.7728,344.2014,3226.3962,44.3578,449.9280,28.8165,206.4958,2.6762,15.6125,344.2014,3226.3962,19.8029,224.5450,18.8384,142.2735,1.6862,11.5093,152.7984,1599.1404,33.7651,364.0032,31.8013,261.5238,2.8577,21.8679,262.9387,2655.8868,44.3578,449.9280,40.7798,324.0020,4.0216,27.7146,344.2014,3226.3962,0.5900,0.0618,3.8600,5.7238,22.1615,34.7020, NaN, NaN, NaN, NaN, NaN, NaN, NaN, NaN, NaN, NaN, NaN, NaN, NaN, NaN, NaN, NaN, NaN, NaN, NaN, NaN, NaN, NaN, NaN, NaN, NaN, NaN, NaN, NaN, NaN, NaN,
04/2009,33.3331,429.1142,34.4019,326.5401,3.0671,27.0990,240.7585,2954.1576,33.3331,429.1142,21.6656,196.3287,2.0111,14.4387,240.7585,2954.1576,11.7763,179.0899,10.5013,112.6562,0.9383,9.2233,84.5993,1246.4777,26.0928,344.7446,24.9751,249.0004,2.2358,20.8056,189.6569,2405.3273,33.3331,429.1142,29.8652,312.4135,2.9248,26.7872,240.7585,2954.1576,0.5325,0.0500,7.6500,6.2564,20.6745,35.3389, NaN, NaN, NaN, NaN, NaN, NaN, NaN, NaN, NaN, NaN, NaN, NaN, NaN, NaN, NaN, NaN, NaN, NaN, NaN, NaN, NaN, NaN, NaN, NaN, NaN, NaN, NaN, NaN, NaN, NaN,
05/2009,127.3018,1694.0016,196.6732,1795.4941,16.9979,141.2577,1051.1050,12357.1292,127.3018,1694.0016,85.5027,865.0857,7.7200,57.4383,1051.1050,12357.1292,70.7962,937.6992,102.3163,903.0249,8.9173,68.6787,584.8658,6838.6289,154.1981,1991.8397,254.3214,2240.1332,21.8282,170.1672,1273.2323,14491.7128,127.3018,1694.0016,122.7191,1534.1541,13.1570,129.0346,1051.1050,12357.1292,0.5175,0.0525,6.2750,5.8800,18.3956,35.0792, NaN, NaN, NaN, NaN, NaN, NaN, NaN, NaN, NaN, NaN, NaN, NaN, NaN, NaN, NaN, NaN, NaN, NaN, NaN, NaN, NaN, NaN, NaN, NaN, NaN, NaN, NaN, NaN, NaN, NaN,
06/2009,474.5693,6328.0570,805.7711,7305.0205,69.1507,572.6578,3992.8690,49097.2679,474.5693,6328.0570,321.6037,3504.0605,28.8174,218.4598,3992.8690,49097.2679,266.4403,3259.8374,410.1897,3304.9413,35.6160,253.7437,2239.6874,25409.5410,488.1254,6377.6333,832.6452,7438.3155,71.4144,589.9866,4106.6073,49579.9741,474.5693,6328.0570,466.3947,6155.0485,51.0790,515.8021,3992.8690,49097.2679,0.4100,0.0365,4.1750,5.4500,16.8171,33.1401, NaN, NaN, NaN, NaN, NaN, NaN, NaN, NaN, NaN, NaN, NaN, NaN, NaN, NaN, NaN, NaN, NaN, NaN, NaN, NaN, NaN, NaN, NaN, NaN, NaN, NaN, NaN, NaN, NaN, NaN,
07/2009,980.3635,14139.2045,1822.1944,23235.2394,153.5376,1554.0345,8383.4384,122545.3140,980.3635,14139.2045,669.5833,8212.8439,59.4477,497.5345,8383.4384,122545.3140,454.1011,5163.7133,743.8961,5727.4786,64.0604,454.2943,3891.1919,44670.7815,1151.5910,16987.0176,2213.1438,29802.9272,186.5762,1929.1388,9853.7665,147515.8990,980.3635,14139.2045,971.3514,16004.0840,106.2780,1404.8014,8383.4384,122545.3140,0.5150,0.0305,1.6750,5.0225,15.0533,25.0341, NaN, NaN, NaN, NaN, NaN, NaN, NaN, NaN, NaN, NaN, NaN, NaN, NaN, NaN, NaN, NaN, NaN, NaN, NaN, NaN, NaN, NaN, NaN, NaN, NaN, NaN, NaN, NaN, NaN, NaN,
08/2009,1292.0947,17682.3475,2452.6590,30917.5900,202.9493,1893.6589,10814.3303,155510.1485,1292.0947,17682.3475,884.9850,10323.1348,77.9379,594.9181,10814.3303,155510.1485,726.5203,9438.7594,1236.5297,14637.8132,106.1291,1029.0923,6095.7138,82745.2055,1228.3142,15794.2051,2275.9786,26082.2584,190.1220,1631.8740,10262.8010,138865.0775,1292.0947,17682.3475,1283.5421,21075.5388,139.2227,1674.6501,10814.3303,155510.1485,1.0450,0.0395,4.8250,4.3467,15.5200,14.7916, NaN, NaN, NaN, NaN, NaN, NaN, NaN, NaN, NaN, NaN, NaN, NaN, NaN, NaN, NaN, NaN, NaN, NaN, NaN, NaN, NaN, NaN, NaN, NaN, NaN, NaN, NaN, NaN, NaN, NaN,
09/2009,1179.2736,14959.7194,2169.9983,22070.7394,180.6618,1387.1951,10421.1101,145832.7331,1179.2736,14959.7194,805.8041,8491.7606,71.1302,484.3336,10421.1101,145832.7331,721.9066,8061.3878,1188.8110,10759.2908,102.5490,779.3950,6379.2788,77925.1924,1026.1469,12117.5050,1821.4745,16772.7696,153.3718,1103.6770,9068.1572,117821.4032,1179.2736,14959.7194,1168.2260,15747.7968,127.0949,1211.2588,10421.1101,145832.7331,1.3560,0.1034,70.6000,3.5822,16.5933,10.5781, NaN, NaN, NaN, NaN, NaN, NaN, NaN, NaN, NaN, NaN, NaN, NaN, NaN, NaN, NaN, NaN, NaN, NaN, NaN, NaN, NaN, NaN, NaN, NaN, NaN, NaN, NaN, NaN, NaN, NaN,
10/2009,524.7677,4669.9632,796.9525,4840.0922,69.1418,370.8808,4670.7179,40058.8971,524.7677,4669.9632,353.1266,2432.7532,31.7400,172.9203,4670.7179,40058.8971,304.4650,2431.9872,414.8374,2345.4917,36.5315,189.8173,2708.6962,21000.1246,443.4048,3799.8634,650.8822,3799.5629,56.7948,297.4349,3947.5787,32700.9482,524.7677,4669.9632,510.8715,3932.9123,56.8069,338.8593,4670.7179,40058.8971,0.6850,0.0575,9.7500,2.6329,19.1729,21.6603, NaN, NaN, NaN, NaN, NaN, NaN, NaN, NaN, NaN, NaN, NaN, NaN, NaN, NaN, NaN, NaN, NaN, NaN, NaN, NaN, NaN, NaN, NaN, NaN, NaN, NaN, NaN, NaN, NaN, NaN,
11/2009,341.5738,3720.1939,508.7218,3918.9699,44.2586,307.1535,2483.1668,24884.7002,341.5738,3720.1939,228.8489,1935.7824,20.6872,136.3571,2483.1668,24884.7002,171.5213,1464.8342,218.5002,1355.4752,19.3212,108.7809,1253.7284,9975.3019,287.4269,2957.9904,414.3894,3079.0622,36.1734,242.7383,2090.3471,19843.6001,341.5738,3720.1939,331.8976,3298.8761,37.0347,281.5352,2483.1668,24884.7002,0.5550,0.0680,5.7250,3.8573,22.0391,27.1005, NaN, NaN, NaN, NaN, NaN, NaN, NaN, NaN, NaN, NaN, NaN, NaN, NaN, NaN, NaN, NaN, NaN, NaN, NaN, NaN, NaN, NaN, NaN, NaN, NaN, NaN, NaN, NaN, NaN, NaN,
12/2009,104.5267,931.0378,117.1193,738.8241,10.4649,59.9663,716.8158,6069.6954,104.5267,931.0378,68.3590,443.2148,6.3055,33.5324,716.8158,6069.6954,52.2806,433.7626,51.8566,314.0045,4.6607,25.9362,358.6308,2873.5847,84.2918,757.5552,90.9582,588.3588,8.1440,48.0461,577.8429,4958.5590,104.5267,931.0378,99.5796,698.0102,10.4522,59.8767,716.8158,6069.6954,0.5800,0.0800,4.6000,4.5630,24.5160,30.3268, NaN, NaN, NaN, NaN, NaN, NaN, NaN, NaN, NaN, NaN, NaN, NaN, NaN, NaN, NaN, NaN, NaN, NaN, NaN, NaN, NaN, NaN, NaN, NaN, NaN, NaN, NaN, NaN, NaN, NaN,
01/2010,31.6570,339.8026,28.8105,237.7285,2.5922,19.5792,230.5632,2284.2394,31.6570,339.8026,20.3479,151.5903,1.9025,11.8217,230.5632,2284.2394,16.3382,192.5078,13.3798,119.3369,1.2031,9.6520,118.9490,1305.5802,24.3734,285.7680,21.2722,194.9688,1.9138,16.0037,177.5369,1927.9963,31.6570,339.8026,28.5600,236.8561,2.5922,19.5783,230.5632,2284.2394,0.5075,0.0720,4.3500,5.2591,24.1536,32.8860, NaN, NaN, NaN, NaN, NaN, NaN, NaN, NaN, NaN, NaN, NaN, NaN, NaN, NaN, NaN, NaN, NaN, NaN, NaN, NaN, NaN, NaN, NaN, NaN, NaN, NaN, NaN, NaN, NaN, NaN,
02/2010,15.0336,197.2080,12.2567,130.3693,1.1019,10.6968,114.4574,1394.9901,15.0336,197.2080,9.5884,85.5758,0.9022,6.6686,114.4574,1394.9901,7.9142,108.8467,5.8662,62.5986,0.5251,4.9384,60.2096,778.7731,10.9814,165.0499,8.5599,107.2070,0.7680,8.7099,83.5795,1165.3367,15.0336,197.2080,12.2567,130.3102,1.1019,10.6967,114.4574,1394.9901,0.7750,0.1148,4.8750,5.2531,25.0038,35.2712, NaN, NaN, NaN, NaN, NaN, NaN, NaN, NaN, NaN, NaN, NaN, NaN, NaN, NaN, NaN, NaN, NaN, NaN, NaN, NaN, NaN, NaN, NaN, NaN, NaN, NaN, NaN, NaN, NaN, NaN,
03/2010,102.4531,1270.5379,203.1175,1707.9475,17.0104,130.9249,716.3679,7334.4165,102.4531,1270.5379,70.1454,679.6296,6.2285,44.7278,716.3679,7334.4165,69.9408,872.9510,130.9453,1107.1496,11.0653,84.7542,489.2700,4994.2339,52.2979,674.3088,88.1852,762.3687,7.5329,59.1790,365.8138,3930.3599,102.4531,1270.5379,100.3403,1249.0291,10.7156,107.1855,716.3679,7334.4165,0.5100,0.0690,6.8500,4.3340,23.3460,35.3578, NaN, NaN, NaN, NaN, NaN, NaN, NaN, NaN, NaN, NaN, NaN, NaN, NaN, NaN, NaN, NaN, NaN, NaN, NaN, NaN, NaN, NaN, NaN, NaN, NaN, NaN, NaN, NaN, NaN, NaN,
04/2010,119.4480,1294.9286,187.2346,1304.6906,16.1250,100.7289,853.3191,8416.7431,119.4480,1294.9286,80.2701,658.8562,7.2454,43.9776,853.3191,8416.7431,49.2221,563.5008,65.2535,471.2204,5.7170,36.9092,351.5161,3662.9785,69.9840,806.1811,100.9333,732.0923,8.7739,56.8031,500.1451,5232.8660,119.4480,1294.9286,115.4664,1107.9249,12.2914,91.4644,853.3191,8416.7431,0.4300,0.0520,4.2000,2.5733,20.7767,34.7912, NaN, NaN, NaN, NaN, NaN, NaN, NaN, NaN, NaN, NaN, NaN, NaN, NaN, NaN, NaN, NaN, NaN, NaN, NaN, NaN, NaN, NaN, NaN, NaN, NaN, NaN, NaN, NaN, NaN, NaN,
05/2010,300.3782,3250.4285,540.8399,3851.7410,45.9533,313.1014,2535.2683,25278.1294,300.3782,3250.4285,204.3020,1720.0174,18.2503,117.0075,2535.2683,25278.1294,169.0330,1829.2867,280.0237,1967.4590,24.0633,153.2818,1429.2243,14211.2030,337.1501,3687.2842,646.7568,4613.5052,54.5613,363.3624,2857.7908,28734.1860,300.3782,3250.4285,296.1097,3072.2706,31.8852,271.7980,2535.2683,25278.1294,0.4200,0.0430,3.0000,4.6767,17.7500,33.4461, NaN, NaN, NaN, NaN, NaN, NaN, NaN, NaN, NaN, NaN, NaN, NaN, NaN, NaN, NaN, NaN, NaN, NaN, NaN, NaN, NaN, NaN, NaN, NaN, NaN, NaN, NaN, NaN, NaN, NaN,
06/2010,317.3558,3756.8534,510.6858,4166.6139,43.9479,338.4554,2549.9803,29419.4757,317.3558,3756.8534,213.8811,2026.0536,19.2535,136.5821,2549.9803,29419.4757,152.0986,1562.5440,227.3457,1584.8724,19.7141,124.9929,1218.9902,12201.6448,295.2893,3377.8339,476.2679,3814.3292,40.9621,318.3967,2371.1931,26450.4434,317.3558,3756.8534,310.5302,3552.9017,33.9979,309.7246,2549.9803,29419.4757,0.3840,0.0366,4.4000,4.1233,16.8883,32.2310, NaN, NaN, NaN, NaN, NaN, NaN, NaN, NaN, NaN, NaN, NaN, NaN, NaN, NaN, NaN, NaN, NaN, NaN, NaN, NaN, NaN, NaN, NaN, NaN, NaN, NaN, NaN, NaN, NaN, NaN,
07/2010,742.2970,9419.9328,1324.1901,13427.7118,112.6386,995.8436,6317.7208,85779.1985,742.2970,9419.9328,505.0069,5340.6167,45.0333,351.4289,6317.7208,85779.1985,344.5459,3669.2784,551.2343,4127.4914,47.5523,325.3421,2936.0167,33294.7364,814.1386,10522.2154,1496.7598,16652.3022,126.9501,1196.5962,6930.6022,95855.4157,742.2970,9419.9328,732.4201,10108.3831,80.5400,886.6521,6317.7208,85779.1985,0.3700,0.0385,10.8000,4.5767,15.5722,29.5720, NaN, NaN, NaN, NaN, NaN, NaN, NaN, NaN, NaN, NaN, NaN, NaN, NaN, NaN, NaN, NaN, NaN, NaN, NaN, NaN, NaN, NaN, NaN, NaN, NaN, NaN, NaN, NaN, NaN, NaN,
08/2010,666.1267,6840.7546,1128.9977,9588.6095,95.8726,690.6334,5654.4483,53495.6629,666.1267,6840.7546,451.9858,3799.8162,40.2838,263.0975,5654.4483,53495.6629,335.4739,3087.5386,525.7176,3390.9009,45.4286,275.8642,2846.4433,24224.8088,615.1853,6280.6838,1010.0045,8492.3271,86.4785,617.4849,5223.5864,49395.8027,666.1267,6840.7546,654.7833,7058.2030,72.0416,626.1729,5654.4483,53495.6629,0.3767,0.0413,6.7600,4.5967,17.2000,28.6034, NaN, NaN, NaN, NaN, NaN, NaN, NaN, NaN, NaN, NaN, NaN, NaN, NaN, NaN, NaN, NaN, NaN, NaN, NaN, NaN, NaN, NaN, NaN, NaN, NaN, NaN, NaN, NaN, NaN, NaN,
09/2010,524.3270,4806.2765,830.2069,6263.5500,71.3871,457.1365,4746.2803,38336.6531,524.3270,4806.2765,353.9038,2637.1221,31.7127,184.3121,4746.2803,38336.6531,251.5104,2061.0461,352.9879,2091.1725,30.9196,170.1025,2271.3859,16758.1524,442.7222,3996.8899,674.6201,4830.4185,58.4036,363.1520,4006.2866,31965.9971,524.3270,4806.2765,512.3857,4682.9842,56.7390,422.0261,4746.2803,38336.6531,0.3850,0.0410,4.7000,4.0567,17.9933,30.5120, NaN, NaN, NaN, NaN, NaN, NaN, NaN, NaN, NaN, NaN, NaN, NaN, NaN, NaN, NaN, NaN, NaN, NaN, NaN, NaN, NaN, NaN, NaN, NaN, NaN, NaN, NaN, NaN, NaN, NaN,
10/2010,269.1446,2114.1994,366.4500,2069.8464,32.2295,168.1586,2422.9679,16403.4179,269.1446,2114.1994,179.1817,1094.3491,16.2860,82.1501,2422.9679,16403.4179,113.9011,933.7766,132.6868,774.5062,11.8179,63.5816,1025.9806,7490.3562,215.1965,1662.0854,279.5045,1563.7767,24.6915,127.7092,1938.7675,13028.1827,269.1446,2114.1994,259.8882,1790.9052,29.1507,160.0702,2422.9679,16403.4179,0.4400,0.0435,6.9000,5.2175,20.2275,30.1795, NaN, NaN, NaN, NaN, NaN, NaN, NaN, NaN, NaN, NaN, NaN, NaN, NaN, NaN, NaN, NaN, NaN, NaN, NaN, NaN, NaN, NaN, NaN, NaN, NaN, NaN, NaN, NaN, NaN, NaN,
11/2010,121.9622,966.5568,146.4287,853.3420,13.0004,70.1413,985.5838,6998.2037,121.9622,966.5568,80.2710,480.1926,7.3707,36.8212,985.5838,6998.2037,46.1981,412.8624,46.7038,298.2438,4.1864,24.3428,373.7505,3078.1023,95.2906,781.2288,110.0394,660.1270,9.7921,54.2551,770.9594,5680.2121,121.9622,966.5568,116.7927,774.4661,12.3965,68.3184,985.5838,6998.2037,0.5250,0.0425,6.0200,5.2590,22.6280,31.8571, NaN, NaN, NaN, NaN, NaN, NaN, NaN, NaN, NaN, NaN, NaN, NaN, NaN, NaN, NaN, NaN, NaN, NaN, NaN, NaN, NaN, NaN, NaN, NaN, NaN, NaN, NaN, NaN, NaN, NaN,
12/2010,75.2803,635.2906,87.4694,511.3162,7.7684,41.6851,555.3278,4304.1293,75.2803,635.2906,49.4449,302.7857,4.5495,22.9186,555.3278,4304.1293,39.0096,378.7171,42.4363,274.3294,3.7790,22.0016,287.9277,2571.9467,68.9904,610.4851,82.0406,497.2012,7.2665,40.2213,509.2692,4123.2968,75.2803,635.2906,71.4352,470.4953,7.3146,40.7806,555.3278,4304.1293,0.5350,0.0495,4.2250,5.6655,22.8536,34.6315, NaN, NaN, NaN, NaN, NaN, NaN, NaN, NaN, NaN, NaN, NaN, NaN, NaN, NaN, NaN, NaN, NaN, NaN, NaN, NaN, NaN, NaN, NaN, NaN, NaN, NaN, NaN, NaN, NaN, NaN,
01/2011,86.4778,990.9562,124.6362,989.2653,10.8155,76.3871,492.4704,5333.1542,86.4778,990.9562,57.6593,502.6980,5.2372,34.3091,492.4704,5333.1542,68.7917,855.1699,100.3278,847.3449,8.7035,64.7971,388.2005,4561.4818,79.9891,953.0006,116.2979,953.6754,10.0852,73.4296,453.6371,5113.0946,86.4778,990.9562,82.3490,843.3920,8.7492,69.9374,492.4704,5333.1542,0.5750,0.0605,6.1000,5.0545,25.3882,35.8096, NaN, NaN, NaN, NaN, NaN, NaN, NaN, NaN, NaN, NaN, NaN, NaN, NaN, NaN, NaN, NaN, NaN, NaN, NaN, NaN, NaN, NaN, NaN, NaN, NaN, NaN, NaN, NaN, NaN, NaN,
02/2011,9.2016,123.5347,6.9981,79.5673,0.6271,6.3757,61.3335,801.0049,9.2016,123.5347,5.8449,53.7580,0.5519,4.2247,61.3335,801.0049,4.6483,72.6970,3.2016,43.4911,0.2848,3.2712,31.0192,474.5054,6.3850,102.5568,4.6143,65.9944,0.4119,5.2220,42.5140,663.6757,9.2016,123.5347,6.9981,79.5649,0.6271,6.3756,61.3335,801.0049,0.6750,0.0630,6.1000,5.4364,24.6364,36.9255, NaN, NaN, NaN, NaN, NaN, NaN, NaN, NaN, NaN, NaN, NaN, NaN, NaN, NaN, NaN, NaN, NaN, NaN, NaN, NaN, NaN, NaN, NaN, NaN, NaN, NaN, NaN, NaN, NaN, NaN,
03/2011,5.7629,268.2461,4.0585,241.2433,0.3614,17.9635,38.8894,1474.6628,5.7629,268.2461,3.6348,125.8732,0.3436,8.5111,38.8894,1474.6628,2.9722,182.9952,1.9326,157.1681,0.1705,11.5881,20.0754,992.7820,3.9744,162.8294,2.6363,125.3807,0.2334,9.5243,26.8005,925.9635,5.7629,268.2461,4.0435,230.0202,0.3614,17.6051,38.8894,1474.6628,0.7533,0.0677,7.3000,5.1618,24.3964,39.6470, NaN, NaN, NaN, NaN, NaN, NaN, NaN, NaN, NaN, NaN, NaN, NaN, NaN, NaN, NaN, NaN, NaN, NaN, NaN, NaN, NaN, NaN, NaN, NaN, NaN, NaN, NaN, NaN, NaN, NaN,
04/2011,65.3616,852.4915,89.5566,790.4627,7.8436,59.0349,395.7096,5305.8183,65.3616,852.4915,43.4925,424.7098,3.9570,27.3586,395.7096,5305.8183,27.6912,383.3482,32.2202,295.8230,2.8598,22.3550,167.7082,2387.0995,41.7053,563.4922,52.2770,473.7174,4.6140,35.7978,252.5655,3507.9603,65.3616,852.4915,62.1693,703.1761,6.8016,56.1687,395.7096,5305.8183,0.4300,0.0365,4.2000,5.9550,21.6390,39.7803, NaN, NaN, NaN, NaN, NaN, NaN, NaN, NaN, NaN, NaN, NaN, NaN, NaN, NaN, NaN, NaN, NaN, NaN, NaN, NaN, NaN, NaN, NaN, NaN, NaN, NaN, NaN, NaN, NaN, NaN,
05/2011,212.6045,2145.2083,376.6352,2526.3400,32.0813,192.4725,1494.7076,15753.4647,212.6045,2145.2083,144.5848,1140.7004,12.9238,75.5219,1494.7076,15753.4647,128.2090,1349.0755,208.2521,1442.7280,17.9412,109.7310,901.3478,9911.7718,261.7142,2628.5645,491.2154,3287.1337,41.5529,248.1048,1841.5515,19324.9846,212.6045,2145.2083,208.5213,2010.2040,22.6898,167.7926,1494.7076,15753.4647,0.5100,0.0495,7.3600,5.2420,18.7010,36.4798, NaN, NaN, NaN, NaN, NaN, NaN, NaN, NaN, NaN, NaN, NaN, NaN, NaN, NaN, NaN, NaN, NaN, NaN, NaN, NaN, NaN, NaN, NaN, NaN, NaN, NaN, NaN, NaN, NaN, NaN,
06/2011,662.9213,6859.3910,1304.4699,9531.5044,109.5342,732.5534,4921.8702,52613.4323,662.9213,6859.3910,454.4429,3830.8198,40.3053,259.1094,4921.8702,52613.4323,354.4387,3709.2211,636.4017,4371.1821,54.1261,335.3720,2629.2276,28386.3464,674.9654,6893.3203,1332.7721,10018.1741,111.8491,750.4969,5011.4927,52877.5600,662.9213,6859.3910,659.6514,7066.2517,71.5403,622.8655,4921.8702,52613.4323,0.3500,0.0275,6.6500,6.5375,14.8200,32.8119, NaN, NaN, NaN, NaN, NaN, NaN, NaN, NaN, NaN, NaN, NaN, NaN, NaN, NaN, NaN, NaN, NaN, NaN, NaN, NaN, NaN, NaN, NaN, NaN, NaN, NaN, NaN, NaN, NaN, NaN,
07/2011,1039.3920,11897.6170,1924.6375,21022.4663,163.3030,1436.9889,8113.1969,96951.0087,1039.3920,11897.6170,709.5376,6964.3064,63.1149,461.5137,8113.1969,96951.0087,456.4771,4610.1917,743.5604,5172.4092,64.0796,406.4767,3562.0035,37389.3200,1185.7018,13492.2240,2268.9918,25693.7246,191.5858,1720.5142,9254.8960,110004.6458,1039.3920,11897.6170,1028.9936,13843.2020,112.8596,1290.5810,8113.1969,96951.0087,0.4700,0.0265,6.6250,3.2382,15.5473,29.4623, NaN, NaN, NaN, NaN, NaN, NaN, NaN, NaN, NaN, NaN, NaN, NaN, NaN, NaN, NaN, NaN, NaN, NaN, NaN, NaN, NaN, NaN, NaN, NaN, NaN, NaN, NaN, NaN, NaN, NaN,
08/2011,1282.7894,16275.2803,2446.3562,29110.8632,205.3364,1809.4062,10437.4344,131971.3361,1282.7894,16275.2803,877.0378,9416.5552,77.4881,557.9562,10437.4344,131971.3361,664.0272,7832.8253,1160.9294,13011.6484,99.0489,889.0200,5410.8039,63506.7069,1197.6163,15082.9171,2222.4421,26137.5997,187.3817,1621.0781,9737.0461,122372.0205,1282.7894,16275.2803,1270.2398,19049.0772,138.4925,1604.7119,10437.4344,131971.3361,0.7850,0.0285,4.7750,3.5873,16.9600,18.9686, NaN, NaN, NaN, NaN, NaN, NaN, NaN, NaN, NaN, NaN, NaN, NaN, NaN, NaN, NaN, NaN, NaN, NaN, NaN, NaN, NaN, NaN, NaN, NaN, NaN, NaN, NaN, NaN, NaN, NaN,
09/2011,1184.6563,13084.6579,2195.9531,20868.5525,183.4503,1351.7382,10152.8681,115634.7994,1184.6563,13084.6579,809.1355,7331.6103,71.4357,456.3024,10152.8681,115634.7994,667.4141,6908.1984,1104.4165,10144.2573,95.1236,711.0874,5722.8876,60922.8116,1012.9536,10517.8781,1803.3690,15464.6591,152.2681,1046.2405,8679.1212,92856.3556,1184.6563,13084.6579,1172.7697,13910.8103,127.6517,1184.3767,10152.8681,115634.7994,0.8850,0.0425,13.3333,2.2943,18.4271,19.5539, NaN, NaN, NaN, NaN, NaN, NaN, NaN, NaN, NaN, NaN, NaN, NaN, NaN, NaN, NaN, NaN, NaN, NaN, NaN, NaN, NaN, NaN, NaN, NaN, NaN, NaN, NaN, NaN, NaN, NaN,
10/2011,870.6096,7085.0246,1519.9969,8614.3513,128.8247,653.6401,6964.0320,52428.3263,870.6096,7085.0246,591.6298,3785.9481,52.5727,269.9288,6964.0320,52428.3263,436.2422,3228.2842,656.3020,3389.8740,57.1272,272.1140,3492.3229,24312.1213,688.5043,5355.0202,1135.2527,5974.4991,97.4565,469.3282,5511.6450,39929.7296,870.6096,7085.0246,856.7737,6409.5392,94.0025,564.4875,6964.0320,52428.3263,0.5150,0.0515,11.1333,2.3600,20.1311,23.7113, NaN, NaN, NaN, NaN, NaN, NaN, NaN, NaN, NaN, NaN, NaN, NaN, NaN, NaN, NaN, NaN, NaN, NaN, NaN, NaN, NaN, NaN, NaN, NaN, NaN, NaN, NaN, NaN, NaN, NaN,
11/2011,548.2080,4766.1869,873.6834,5505.0512,75.2966,420.4491,4306.6768,34604.8261,548.2080,4766.1869,369.8087,2498.7608,33.1409,179.8105,4306.6768,34604.8261,243.9158,1739.8022,328.6893,1663.5900,28.9397,135.8395,1917.4980,12872.5100,433.9613,3627.0202,660.9721,3855.1800,57.4307,306.4825,3408.8371,26441.0080,548.2080,4766.1869,535.3089,4241.5898,59.2982,378.2889,4306.6768,34604.8261,0.5100,0.0470,5.7000,4.7923,21.5954,24.5393, NaN, NaN, NaN, NaN, NaN, NaN, NaN, NaN, NaN, NaN, NaN, NaN, NaN, NaN, NaN, NaN, NaN, NaN, NaN, NaN, NaN, NaN, NaN, NaN, NaN, NaN, NaN, NaN, NaN, NaN,
12/2011,361.6618,3384.2707,567.9676,3733.4401,49.0173,291.6919,2342.9625,20965.5356,361.6618,3384.2707,243.0310,1778.4202,21.8917,125.5542,2342.9625,20965.5356,189.0950,1752.2006,274.1358,1826.9752,23.8389,143.2379,1224.5422,10876.3011,343.7338,3369.7469,552.5318,3821.2688,47.5110,297.2296,2224.1897,20859.2912,361.6618,3384.2707,352.6682,3016.9516,39.0932,258.7925,2342.9625,20965.5356,0.5150,0.0630,5.8500,3.5540,23.9950,29.7860, NaN, NaN, NaN, NaN, NaN, NaN, NaN, NaN, NaN, NaN, NaN, NaN, NaN, NaN, NaN, NaN, NaN, NaN, NaN, NaN, NaN, NaN, NaN, NaN, NaN, NaN, NaN, NaN, NaN, NaN,
01/2012,131.9846,1186.4966,167.4455,1050.5707,14.7591,81.7012,1024.0165,8126.6021,131.9846,1186.4966,87.1250,592.7543,7.9709,41.7810,1024.0165,8126.6021,72.9734,774.9907,90.5077,653.8249,7.9653,49.1679,571.4573,5276.0520,114.0048,1082.4278,143.3846,946.6617,12.6355,73.1870,885.8890,7407.9933,131.9846,1186.4966,126.7373,947.7897,13.4283,79.3502,1024.0165,8126.6021,0.5867,0.0840,4.8400,5.6350,23.2763,30.4684, NaN, NaN, NaN, NaN, NaN, NaN, NaN, NaN, NaN, NaN, NaN, NaN, NaN, NaN, NaN, NaN, NaN, NaN, NaN, NaN, NaN, NaN, NaN, NaN, NaN, NaN, NaN, NaN, NaN, NaN,
02/2012,102.8074,910.6646,140.7823,879.4672,12.2750,69.9122,800.5144,6414.9495,102.8074,910.6646,68.2456,456.4482,6.2199,33.0439,800.5144,6414.9495,40.0378,397.7338,46.3272,318.7919,4.0948,25.2497,312.0280,2823.3856,142.9315,1321.9200,232.3880,1483.5482,19.8675,115.4811,1118.9056,9232.9672,102.8074,910.6646,99.3048,759.7848,10.2122,64.4110,800.5144,6414.9495,0.5900,0.0730,5.2500,5.3057,25.0143,33.0847, NaN, NaN, NaN, NaN, NaN, NaN, NaN, NaN, NaN, NaN, NaN, NaN, NaN, NaN, NaN, NaN, NaN, NaN, NaN, NaN, NaN, NaN, NaN, NaN, NaN, NaN, NaN, NaN, NaN, NaN,
03/2012,28.1059,287.4096,24.8325,206.3741,2.2354,17.2843,186.2584,1853.3807,28.1059,287.4096,18.0413,130.4147,1.6899,10.2093,186.2584,1853.3807,9.7114,131.6131,7.2776,81.3742,0.6518,6.5163,64.3433,853.0699,24.8400,265.8960,21.4880,188.8861,1.9338,15.7410,164.5727,1714.7601,28.1059,287.4096,24.8325,206.2679,2.2354,17.2843,186.2584,1853.3807,0.5400,0.0480,4.3250,5.8056,23.5678,34.9201, NaN, NaN, NaN, NaN, NaN, NaN, NaN, NaN, NaN, NaN, NaN, NaN, NaN, NaN, NaN, NaN, NaN, NaN, NaN, NaN, NaN, NaN, NaN, NaN, NaN, NaN, NaN, NaN, NaN, NaN,
04/2012,223.4045,2165.5037,386.8520,2496.6982,32.9722,193.3150,1592.8987,14940.3703,223.4045,2165.5037,151.4662,1148.4425,13.5700,77.3683,1592.8987,14940.3703,84.3005,914.8810,122.3914,856.4500,10.6483,66.7867,601.0199,6309.6307,148.4352,1468.6877,231.2660,1523.3761,19.9528,119.2010,1057.2870,10136.6122,223.4045,2165.5037,219.5385,1963.5761,23.5266,165.1466,1592.8987,14940.3703,0.4900,0.0480,5.2750,5.6480,21.6200,34.9279, NaN, NaN, NaN, NaN, NaN, NaN, NaN, NaN, NaN, NaN, NaN, NaN, NaN, NaN, NaN, NaN, NaN, NaN, NaN, NaN, NaN, NaN, NaN, NaN, NaN, NaN, NaN, NaN, NaN, NaN,
05/2012,253.1952,2390.7053,367.0902,2498.0167,32.0206,198.4010,1911.8142,17184.8294,253.1952,2390.7053,169.4470,1239.5080,15.3557,87.9898,1911.8142,17184.8294,103.6454,1104.9523,137.2864,998.6744,12.0658,78.3570,779.4890,7943.7983,262.0080,2508.2698,396.3647,2687.4557,34.3948,210.4781,1975.4567,17994.9113,253.1952,2390.7053,245.9077,2159.7050,26.9355,186.4323,1911.8142,17184.8294,0.4100,0.0450,8.4000,3.7589,19.3589,33.0846, NaN, NaN, NaN, NaN, NaN, NaN, NaN, NaN, NaN, NaN, NaN, NaN, NaN, NaN, NaN, NaN, NaN, NaN, NaN, NaN, NaN, NaN, NaN, NaN, NaN, NaN, NaN, NaN, NaN, NaN,
06/2012,705.8448,7683.3965,1225.2974,9204.5263,104.9065,722.0618,5504.3903,62823.4400,705.8448,7683.3965,479.5161,4236.6272,42.8808,282.8205,5504.3903,62823.4400,325.3133,3360.1910,502.4199,3480.1631,43.5999,268.6016,2530.7528,26916.4639,673.8077,7158.2141,1165.1610,8590.9441,99.7995,675.1013,5253.5578,58407.3897,705.8448,7683.3965,695.2867,7570.1780,76.5629,644.9761,5504.3903,62823.4400,0.3600,0.0345,6.1250,6.1518,16.0118,31.0352, NaN, NaN, NaN, NaN, NaN, NaN, NaN, NaN, NaN, NaN, NaN, NaN, NaN, NaN, NaN, NaN, NaN, NaN, NaN, NaN, NaN, NaN, NaN, NaN, NaN, NaN, NaN, NaN, NaN, NaN,
07/2012,480.4013,4715.5306,728.5854,5418.0584,63.4121,426.6470,4047.7425,39826.4309,480.4013,4715.5306,323.1982,2529.1399,29.1319,183.0206,4047.7425,39826.4309,169.1021,1500.5693,217.7133,1366.4643,19.2286,111.2762,1425.2025,12666.1473,475.4938,4623.5923,726.3294,5467.8526,63.1517,428.9267,4007.1917,39035.3725,480.4013,4715.5306,467.9424,4431.9854,52.1456,400.7692,4047.7425,39826.4309,0.3200,0.0260,5.3667,5.6900,15.7710,29.0831, NaN, NaN, NaN, NaN, NaN, NaN, NaN, NaN, NaN, NaN, NaN, NaN, NaN, NaN, NaN, NaN, NaN, NaN, NaN, NaN, NaN, NaN, NaN, NaN, NaN, NaN, NaN, NaN, NaN, NaN,
08/2012,824.1264,9425.0045,1416.9983,14521.3529,120.8170,1011.2780,6995.9289,77738.5568,824.1264,9425.0045,559.9692,5313.3887,49.9438,354.6699,6995.9289,77738.5568,406.9958,4380.9984,631.7761,4763.1884,54.7532,375.6377,3461.6961,36156.8501,689.2992,7745.8464,1137.4705,11175.6833,97.9904,797.9569,5852.9987,63896.4709,824.1264,9425.0045,811.1980,10183.4013,89.3283,920.2663,6995.9289,77738.5568,0.4400,0.0470,5.5250,3.9478,17.6144,27.2790, NaN, NaN, NaN, NaN, NaN, NaN, NaN, NaN, NaN, NaN, NaN, NaN, NaN, NaN, NaN, NaN, NaN, NaN, NaN, NaN, NaN, NaN, NaN, NaN, NaN, NaN, NaN, NaN, NaN, NaN,
09/2012,888.8400,10138.5562,1595.3481,14990.1527,134.5342,1035.5985,7662.9703,81607.9351,888.8400,10138.5562,605.8303,5668.4368,53.7943,365.1461,7662.9703,81607.9351,453.4358,4833.2333,729.7155,5356.5200,62.9469,422.3618,3912.4548,39060.9859,684.6854,7464.7440,1160.3601,9843.3414,99.2262,718.4492,5901.4379,60217.9834,888.8400,10138.5562,877.9271,10477.9931,96.1771,918.9441,7662.9703,81607.9351,0.4300,0.0285,4.5000,4.8878,18.3189,24.1796, NaN, NaN, NaN, NaN, NaN, NaN, NaN, NaN, NaN, NaN, NaN, NaN, NaN, NaN, NaN, NaN, NaN, NaN, NaN, NaN, NaN, NaN, NaN, NaN, NaN, NaN, NaN, NaN, NaN, NaN,
10/2012,454.2653,4049.7062,675.7962,4293.6320,58.8683,330.4870,3842.3040,31684.9125,454.2653,4049.7062,305.0709,2139.0654,27.4991,153.8388,3842.3040,31684.9125,198.0634,1684.1520,251.0612,1498.7572,22.2429,122.1613,1675.3412,13400.6451,333.8842,2846.3443,466.8377,2812.1890,40.9889,222.7915,2824.4480,22414.9176,454.2653,4049.7062,441.5371,3512.7339,49.2250,307.4882,3842.3040,31684.9125,0.5650,0.0690,5.9200,5.5379,20.7871,25.1361, NaN, NaN, NaN, NaN, NaN, NaN, NaN, NaN, NaN, NaN, NaN, NaN, NaN, NaN, NaN, NaN, NaN, NaN, NaN, NaN, NaN, NaN, NaN, NaN, NaN, NaN, NaN, NaN, NaN, NaN,
11/2012,425.9088,4402.4602,678.9150,4865.9398,58.6117,380.4003,3614.8919,33349.9515,425.9088,4402.4602,286.9195,2333.9091,25.8187,162.6203,3614.8919,33349.9515,159.9869,1552.4352,210.0683,1419.8546,18.5040,112.7271,1358.4986,11940.1490,331.1539,3329.4154,507.4935,3574.5629,43.9999,279.9598,2810.8482,25301.2702,425.9088,4402.4602,416.1008,3992.8142,46.1892,339.6801,3614.8919,33349.9515,0.3850,0.0445,5.0750,5.6309,22.5918,29.0284, NaN, NaN, NaN, NaN, NaN, NaN, NaN, NaN, NaN, NaN, NaN, NaN, NaN, NaN, NaN, NaN, NaN, NaN, NaN, NaN, NaN, NaN, NaN, NaN, NaN, NaN, NaN, NaN, NaN, NaN,
12/2012,244.4602,2317.3171,342.2430,2311.7381,29.9696,182.9869,1949.3731,15982.7302,244.4602,2317.3171,162.9720,1181.8081,14.8015,86.4432,1949.3731,15982.7302,107.5939,1019.4077,136.1384,933.3840,12.0100,73.8641,858.4246,7161.1196,212.4058,1947.8362,299.3208,1999.3944,26.1636,158.4703,1693.9273,13509.3183,244.4602,2317.3171,236.5444,2004.1717,26.1933,172.3738,1949.3731,15982.7302,0.3450,0.0395,5.6750,4.8650,24.0087,30.8459, NaN, NaN, NaN, NaN, NaN, NaN, NaN, NaN, NaN, NaN, NaN, NaN, NaN, NaN, NaN, NaN, NaN, NaN, NaN, NaN, NaN, NaN, NaN, NaN, NaN, NaN, NaN, NaN, NaN, NaN,
01/2013,88.5427,747.4982,103.8503,616.5942,9.2154,49.7388,677.8560,5051.7275,88.5427,747.4982,58.1386,359.9968,5.3496,27.0555,677.8560,5051.7275,43.1050,435.9571,49.2089,334.3759,4.3570,26.0890,330.0050,2926.8725,71.2714,631.9901,82.4836,509.9763,7.3171,40.8228,545.5563,4268.8365,88.5427,747.4982,84.5185,568.6333,8.6136,48.5414,677.8560,5051.7275,0.4633,0.0557,5.6600,4.8777,26.0792,32.2298, NaN, NaN, NaN, NaN, NaN, NaN, NaN, NaN, NaN, NaN, NaN, NaN, NaN, NaN, NaN, NaN, NaN, NaN, NaN, NaN, NaN, NaN, NaN, NaN, NaN, NaN, NaN, NaN, NaN, NaN,
02/2013,24.3043,256.6339,21.7687,173.6134,1.9580,14.1111,157.7297,1591.6054,24.3043,256.6339,15.6181,113.6548,1.4623,8.8602,157.7297,1591.6054,9.2448,122.1091,7.1309,71.5990,0.6394,5.5710,59.9302,764.9220,20.7619,240.8227,19.2772,165.3073,1.7278,13.2046,135.1727,1489.4606,24.3043,256.6339,21.2777,172.4697,1.9580,14.1099,157.7297,1591.6054,0.5700,0.0675,4.7667,5.2517,24.3650,35.5505, NaN, NaN, NaN, NaN, NaN, NaN, NaN, NaN, NaN, NaN, NaN, NaN, NaN, NaN, NaN, NaN, NaN, NaN, NaN, NaN, NaN, NaN, NaN, NaN, NaN, NaN, NaN, NaN, NaN, NaN,
03/2013,171.7632,1955.5862,299.8815,2258.0355,25.5317,172.7466,1292.3978,12896.5649,171.7632,1955.5862,116.4136,1028.0586,10.4292,68.3153,1292.3978,12896.5649,108.1037,1312.3814,178.9691,1409.1646,15.3576,107.3484,813.1856,8598.4820,86.0371,1011.9427,128.3976,989.3480,11.1286,76.5356,646.8212,6693.5435,171.7632,1955.5862,168.0747,1795.7662,17.9246,148.1902,1292.3978,12896.5649,0.6100,0.0575,5.1250,4.6670,23.4520,35.4411, NaN, NaN, NaN, NaN, NaN, NaN, NaN, NaN, NaN, NaN, NaN, NaN, NaN, NaN, NaN, NaN, NaN, NaN, NaN, NaN, NaN, NaN, NaN, NaN, NaN, NaN, NaN, NaN, NaN, NaN,
04/2013,82.6157,827.4182,103.9500,718.5174,9.1535,58.8477,589.8241,5570.5167,82.6157,827.4182,54.5505,397.4714,4.9997,29.1974,589.8241,5570.5167,30.4474,345.9456,32.5614,250.5416,2.8973,20.4253,217.5491,2341.9089,44.4010,485.6803,51.2363,376.2296,4.5376,30.6760,317.2611,3276.6108,82.6157,827.4182,78.9991,654.3328,8.1196,56.4675,589.8241,5570.5167,0.4350,0.0550,5.2600,3.7518,22.6682,28.9212, NaN, NaN, NaN, NaN, NaN, NaN, NaN, NaN, NaN, NaN, NaN, NaN, NaN, NaN, NaN, NaN, NaN, NaN, NaN, NaN, NaN, NaN, NaN, NaN, NaN, NaN, NaN, NaN, NaN, NaN,
05/2013,552.1478,5465.6813,980.0255,6607.2231,83.4547,519.1985,3428.2146,37792.4830,552.1478,5465.6813,375.4002,2961.6179,33.5474,205.0232,3428.2146,37792.4830,277.1366,2867.0890,447.2814,3073.5640,38.5202,238.1006,1703.3142,19788.3416,623.6957,6249.4675,1161.7805,7864.7861,98.3224,607.6026,3862.3867,43218.2207,552.1478,5465.6813,544.6742,5232.5998,59.7687,450.8974,3428.2146,37792.4830,0.4000,0.0580,9.3000,2.5344,20.0844,33.7008, NaN, NaN, NaN, NaN, NaN, NaN, NaN, NaN, NaN, NaN, NaN, NaN, NaN, NaN, NaN, NaN, NaN, NaN, NaN, NaN, NaN, NaN, NaN, NaN, NaN, NaN, NaN, NaN, NaN, NaN,
06/2013,389.7331,3597.4282,597.1723,3861.7447,51.8312,316.8783,2889.7690,27085.2187,389.7331,3597.4282,262.0662,1932.9734,23.6461,139.5044,2889.7690,27085.2187,159.3821,1351.5811,218.3650,1264.2403,19.1365,101.6754,1182.0841,10101.7401,383.1581,3377.0736,587.1374,3684.1728,50.9515,306.5217,2841.1909,25392.7347,389.7331,3597.4282,380.0270,3310.5976,42.3252,295.3668,2889.7690,27085.2187,0.3700,0.0380,5.3500,4.7170,16.8140,32.0273, NaN, NaN, NaN, NaN, NaN, NaN, NaN, NaN, NaN, NaN, NaN, NaN, NaN, NaN, NaN, NaN, NaN, NaN, NaN, NaN, NaN, NaN, NaN, NaN, NaN, NaN, NaN, NaN, NaN, NaN,
07/2013,847.0829,9565.7587,1535.9995,14452.8595,130.4407,1032.0218,6842.3944,80405.4795,847.0829,9565.7587,577.3003,5453.8372,51.4366,356.9949,6842.3944,80405.4795,386.1389,3863.4538,624.3912,4354.3098,53.8187,337.8429,3120.3423,32202.1488,958.0723,11059.5802,1795.6241,19140.1928,152.0275,1306.5143,7742.6186,93160.1014,847.0829,9565.7587,837.3900,10304.3981,91.9867,916.6183,6842.3944,80405.4795,0.3667,0.0300,3.0800,5.1014,16.0379,30.9188, NaN, NaN, NaN, NaN, NaN, NaN, NaN, NaN, NaN, NaN, NaN, NaN, NaN, NaN, NaN, NaN, NaN, NaN, NaN, NaN, NaN, NaN, NaN, NaN, NaN, NaN, NaN, NaN, NaN, NaN,
08/2013,1520.3722,17460.2995,3076.3576,31946.5867,252.8796,2055.9665,12944.1023,163452.7824,1520.3722,17460.2995,1046.6090,10280.4705,91.8859,629.8462,12944.1023,163452.7824,873.0115,9217.8605,1617.4003,13376.1198,137.0503,992.3148,7448.1179,85659.4996,1388.3789,15365.6784,2705.4790,26822.3306,225.6918,1756.0840,11807.3415,143612.5396,1520.3722,17460.2995,1517.3094,20319.0283,164.0957,1785.3662,12944.1023,163452.7824,1.0900,0.1185,10.3000,2.5175,17.3825,23.4341, NaN, NaN, NaN, NaN, NaN, NaN, NaN, NaN, NaN, NaN, NaN, NaN, NaN, NaN, NaN, NaN, NaN, NaN, NaN, NaN, NaN, NaN, NaN, NaN, NaN, NaN, NaN, NaN, NaN, NaN,
09/2013,1678.1126,21324.3322,3412.1015,36173.4127,275.8625,2167.4692,14172.1403,204253.8025,1678.1126,21324.3322,1155.9169,12382.9315,100.7063,675.9875,14172.1403,204253.8025,1147.5130,11845.7597,2117.0051,19012.0690,179.9159,1316.9858,9694.3539,112494.0569,1410.5837,16343.8646,2726.1867,26280.9698,225.1882,1660.6949,11914.4390,156454.2752,1678.1126,21324.3322,1676.4531,24177.0257,179.6918,1866.0149,14172.1403,204253.8025,0.9650,0.0675,24.2500,5.7150,17.4975,10.5038, NaN, NaN, NaN, NaN, NaN, NaN, NaN, NaN, NaN, NaN, NaN, NaN, NaN, NaN, NaN, NaN, NaN, NaN, NaN, NaN, NaN, NaN, NaN, NaN, NaN, NaN, NaN, NaN, NaN, NaN,
10/2013,943.3670,8338.7405,1649.2817,10658.7614,138.8444,745.3124,8131.9124,70919.4344,943.3670,8338.7405,641.5461,4459.9163,56.8434,294.5925,8131.9124,70919.4344,628.4909,4423.6800,997.7877,5316.1562,86.4141,409.6706,5421.6510,38262.4081,765.6854,6251.7139,1272.4265,7546.0655,108.8374,554.8617,6603.0097,53557.2531,943.3670,8338.7405,928.9835,7564.3695,101.6098,648.6142,8131.9124,70919.4344,1.1150,0.2250,16.6250,1.9600,19.5567,15.5115, NaN, NaN, NaN, NaN, NaN, NaN, NaN, NaN, NaN, NaN, NaN, NaN, NaN, NaN, NaN, NaN, NaN, NaN, NaN, NaN, NaN, NaN, NaN, NaN, NaN, NaN, NaN, NaN, NaN, NaN,
11/2013,331.0330,2238.6413,467.9591,2217.2483,41.0022,177.4625,2467.3152,15871.2790,331.0330,2238.6413,221.1342,1155.4278,20.0110,86.3691,2467.3152,15871.2790,190.8230,1193.1322,241.0354,1092.6778,21.3546,89.9175,1423.6096,8549.1336,253.6877,1716.6902,341.6758,1649.3258,30.0761,133.0676,1890.2988,12194.3959,331.0330,2238.6413,320.2422,1856.5952,35.8288,166.3823,2467.3152,15871.2790,0.5550,0.0975,7.4250,4.9045,22.8827,25.5206, NaN, NaN, NaN, NaN, NaN, NaN, NaN, NaN, NaN, NaN, NaN, NaN, NaN, NaN, NaN, NaN, NaN, NaN, NaN, NaN, NaN, NaN, NaN, NaN, NaN, NaN, NaN, NaN, NaN, NaN,
12/2013,146.5776,1010.2406,174.9589,878.8819,15.5658,72.0313,1023.9796,6782.5947,146.5776,1010.2406,96.4238,503.1239,8.8489,39.0640,1023.9796,6782.5947,77.4490,535.5072,82.6105,422.1328,7.4001,34.9420,541.3897,3624.4431,108.7085,773.3059,123.1984,648.1884,10.9976,53.4324,759.9239,5211.5541,146.5776,1010.2406,140.2121,803.2074,15.2558,71.4752,1023.9796,6782.5947,0.5400,0.0757,6.6200,4.6823,24.9008,30.5319, NaN, NaN, NaN, NaN, NaN, NaN, NaN, NaN, NaN, NaN, NaN, NaN, NaN, NaN, NaN, NaN, NaN, NaN, NaN, NaN, NaN, NaN, NaN, NaN, NaN, NaN, NaN, NaN, NaN, NaN,
01/2014,50.3626,388.8778,49.8845,303.7889,4.4803,25.2263,347.0648,2546.8797,50.3626,388.8778,32.6071,186.0792,3.0326,14.8404,347.0648,2546.8797,24.2957,215.9309,21.3300,146.3491,1.9189,11.9149,167.3177,1421.1359,34.4995,296.0669,32.1184,219.3465,2.8881,18.1033,238.2679,1945.3826,50.3626,388.8778,46.9882,297.3753,4.4803,25.2262,347.0648,2546.8797,0.6200,0.0730,4.5750,5.6000,24.6367,32.6438, NaN, NaN, NaN, NaN, NaN, NaN, NaN, NaN, NaN, NaN, NaN, NaN, NaN, NaN, NaN, NaN, NaN, NaN, NaN, NaN, NaN, NaN, NaN, NaN, NaN, NaN, NaN, NaN, NaN, NaN,
02/2014,15.4138,171.7891,12.6331,120.9187,1.1353,9.9145,112.5116,1206.5213,15.4138,171.7891,9.8324,77.5972,0.9243,6.1429,112.5116,1206.5213,7.4218,96.7939,5.4459,59.9694,0.4867,4.7230,54.1168,682.2765,9.1757,125.1936,6.9623,85.4947,0.6233,6.9031,66.7579,881.2951,15.4138,171.7891,12.6331,120.9187,1.1353,9.9145,112.5116,1206.5213,0.5750,0.0705,5.2000,5.4655,24.1755,35.5134, NaN, NaN, NaN, NaN, NaN, NaN, NaN, NaN, NaN, NaN, NaN, NaN, NaN, NaN, NaN, NaN, NaN, NaN, NaN, NaN, NaN, NaN, NaN, NaN, NaN, NaN, NaN, NaN, NaN, NaN,
03/2014,36.4522,397.0080,46.0221,332.0025,4.0374,25.3376,218.4192,2362.7311,36.4522,397.0080,24.0785,191.5475,2.2037,13.1725,218.4192,2362.7311,22.9651,259.6666,27.8625,201.2438,2.4535,15.0807,137.3979,1542.8566,19.0598,232.4333,20.7582,171.1454,1.8393,13.2382,114.3236,1387.3007,36.4522,397.0080,33.3092,305.0624,3.4957,24.5147,218.4192,2362.7311,0.5550,0.0480,5.3750,5.6900,23.4337,38.0142, NaN, NaN, NaN, NaN, NaN, NaN, NaN, NaN, NaN, NaN, NaN, NaN, NaN, NaN, NaN, NaN, NaN, NaN, NaN, NaN, NaN, NaN, NaN, NaN, NaN, NaN, NaN, NaN, NaN, NaN,
04/2014,60.9725,768.4762,84.0918,722.8209,7.3391,55.9429,412.8796,5144.4000,60.9725,768.4762,40.5717,382.0411,3.6921,25.7125,412.8796,5144.4000,25.6608,352.3046,29.9765,274.2180,2.6522,21.3892,173.8458,2364.5390,37.2816,508.0838,47.1751,433.2251,4.1494,33.7892,252.2006,3407.9999,60.9725,768.4762,57.2683,632.5729,6.1393,52.1909,412.8796,5144.4000,0.5200,0.0415,5.5000,5.8343,21.6914,36.8846, NaN, NaN, NaN, NaN, NaN, NaN, NaN, NaN, NaN, NaN, NaN, NaN, NaN, NaN, NaN, NaN, NaN, NaN, NaN, NaN, NaN, NaN, NaN, NaN, NaN, NaN, NaN, NaN, NaN, NaN,
05/2014,403.6867,4861.0973,715.3853,5898.8219,60.8613,452.7747,2740.0991,34617.8466,403.6867,4861.0973,274.3430,2650.9024,24.5269,173.6375,2740.0991,34617.8466,225.8669,2792.0592,364.8393,3035.9396,31.3899,230.0653,1527.9068,19762.7163,491.5382,6120.1786,917.9510,7894.6648,77.5818,595.1817,3343.9138,43705.9856,403.6867,4861.0973,397.8221,4695.4519,43.4504,395.4773,2740.0991,34617.8466,0.4250,0.0475,6.3250,3.4100,19.4340,34.3084, NaN, NaN, NaN, NaN, NaN, NaN, NaN, NaN, NaN, NaN, NaN, NaN, NaN, NaN, NaN, NaN, NaN, NaN, NaN, NaN, NaN, NaN, NaN, NaN, NaN, NaN, NaN, NaN, NaN, NaN,
06/2014,528.6038,7392.0038,945.8161,12684.6306,80.4016,882.6587,3897.2554,56615.7661,528.6038,7392.0038,359.4320,4216.1212,32.1053,280.0478,3897.2554,56615.7661,254.3962,2975.0458,418.1996,3400.8427,35.9081,263.3687,1870.8125,22725.0354,548.6659,7837.6550,986.0109,15325.2712,83.7699,1011.1076,4045.1064,60083.9726,528.6038,7392.0038,521.8114,8355.2557,57.1506,805.7492,3897.2554,56615.7661,0.3700,0.0345,7.0750,3.6033,17.1111,30.7728, NaN, NaN, NaN, NaN, NaN, NaN, NaN, NaN, NaN, NaN, NaN, NaN, NaN, NaN, NaN, NaN, NaN, NaN, NaN, NaN, NaN, NaN, NaN, NaN, NaN, NaN, NaN, NaN, NaN, NaN,
07/2014,1197.3571,14630.7946,2263.3569,26660.2195,189.6590,1716.8200,9857.6693,123833.5989,1197.3571,14630.7946,819.4773,8485.0591,72.5223,530.4429,9857.6693,123833.5989,553.7117,5785.4563,914.1787,7706.5219,78.7016,569.9319,4555.2323,48708.6917,1398.4963,17453.0246,2733.7463,33578.5954,228.0997,2099.0700,11514.0731,147805.7196,1197.3571,14630.7946,1188.5521,17093.3175,129.6150,1540.8844,9857.6693,123833.5989,0.6200,0.0357,1.8600,3.8293,15.7153,24.4505, NaN, NaN, NaN, NaN, NaN, NaN, NaN, NaN, NaN, NaN, NaN, NaN, NaN, NaN, NaN, NaN, NaN, NaN, NaN, NaN, NaN, NaN, NaN, NaN, NaN, NaN, NaN, NaN, NaN, NaN,
08/2014,1060.5427,10776.6634,2033.8103,17044.5821,168.5574,1146.1157,9092.2428,91125.7915,1060.5427,10776.6634,726.7256,6097.0076,64.0915,393.1811,9092.2428,91125.7915,564.7018,5597.0525,1010.6528,8274.4718,85.7944,601.5527,4834.8191,47404.2688,1034.1821,10129.8125,1925.7366,14969.6873,160.6952,1024.9214,8871.6620,85634.4942,1060.5427,10776.6634,1052.6241,11480.3256,114.5070,992.7069,9092.2428,91125.7915,1.1000,0.1300,2.3667,2.9633,16.6411,23.4499, NaN, NaN, NaN, NaN, NaN, NaN, NaN, NaN, NaN, NaN, NaN, NaN, NaN, NaN, NaN, NaN, NaN, NaN, NaN, NaN, NaN, NaN, NaN, NaN, NaN, NaN, NaN, NaN, NaN, NaN,
09/2014,963.8006,10968.7219,1740.8142,16112.0210,145.2048,1057.5520,8600.0473,90354.4863,963.8006,10968.7219,657.2491,6058.8209,58.0401,374.3315,8600.0473,90354.4863,536.2675,5629.9968,866.1648,7578.4970,74.7269,550.7540,4788.6031,46658.2057,852.8198,9196.0099,1484.3607,12501.1871,125.1123,849.4043,7605.0403,76011.0823,963.8006,10968.7219,951.9746,11229.0127,103.7145,936.1073,8600.0473,90354.4863,0.7000,0.0430,10.0333,3.5490,18.3700,20.5702, NaN, NaN, NaN, NaN, NaN, NaN, NaN, NaN, NaN, NaN, NaN, NaN, NaN, NaN, NaN, NaN, NaN, NaN, NaN, NaN, NaN, NaN, NaN, NaN, NaN, NaN, NaN, NaN, NaN, NaN,
10/2014,595.4170,5486.5123,939.4983,6331.6081,80.9381,463.4398,5458.2510,44919.9578,595.4170,5486.5123,401.8225,2880.0960,35.9902,199.3326,5458.2510,44919.9578,306.3398,2437.0934,421.7167,2406.8328,37.0800,192.7041,2808.8636,20388.1851,488.9030,4265.6198,737.9868,4630.9506,64.1082,349.9479,4484.8607,35125.2530,595.4170,5486.5123,581.3905,4854.1311,64.3951,422.5133,5458.2510,44919.9578,0.4300,0.0545,8.9400,4.0142,20.5950,22.5995, NaN, NaN, NaN, NaN, NaN, NaN, NaN, NaN, NaN, NaN, NaN, NaN, NaN, NaN, NaN, NaN, NaN, NaN, NaN, NaN, NaN, NaN, NaN, NaN, NaN, NaN, NaN, NaN, NaN, NaN,
11/2014,300.2486,2434.9680,417.3685,2445.2327,36.6447,197.3526,2479.8400,18139.6015,300.2486,2434.9680,200.2847,1271.9136,18.1697,95.6043,2479.8400,18139.6015,144.3398,1090.2038,173.3988,940.0374,15.4226,77.2866,1199.2155,8326.2271,251.6918,2012.4461,338.3467,1962.2807,29.8004,158.9548,2079.0962,15061.5440,300.2486,2434.9680,290.3078,2085.1391,32.5352,185.9379,2479.8400,18139.6015,0.4000,0.0665,7.2667,5.2082,22.4927,26.2030, NaN, NaN, NaN, NaN, NaN, NaN, NaN, NaN, NaN, NaN, NaN, NaN, NaN, NaN, NaN, NaN, NaN, NaN, NaN, NaN, NaN, NaN, NaN, NaN, NaN, NaN, NaN, NaN, NaN, NaN,
12/2014,117.0202,872.0179,134.5926,742.7597,12.0057,61.5530,867.1437,6099.7835,117.0202,872.0179,76.7524,432.3181,7.0657,33.7187,867.1437,6099.7835,52.8422,406.1491,52.8658,300.2753,4.7483,24.8970,391.3277,2901.4340,95.6534,718.5110,106.2327,598.8179,9.4955,49.8828,708.4719,5055.2243,117.0202,872.0179,111.7281,693.1993,11.9609,61.4220,867.1437,6099.7835,0.5300,0.0873,4.7600,5.0800,23.6150,29.6160, NaN, NaN, NaN, NaN, NaN, NaN, NaN, NaN, NaN, NaN, NaN, NaN, NaN, NaN, NaN, NaN, NaN, NaN, NaN, NaN, NaN, NaN, NaN, NaN, NaN, NaN, NaN, NaN, NaN, NaN,
01/2015,43.5110,493.7760,45.4504,401.5481,4.0560,31.4497,314.4971,3297.6953,43.5110,493.7760,28.2784,234.8102,2.6211,16.7028,314.4971,3297.6953,26.2224,351.6221,27.2446,279.0318,2.4244,21.2079,184.6203,2311.3013,36.1843,447.5952,37.6002,364.1782,3.3519,28.3284,259.2655,2977.3424,43.5110,493.7760,40.0155,381.3482,3.9019,30.9642,314.4971,3297.6953,0.5450,0.1150,5.4500,5.2254,25.5985,32.8807, NaN, NaN, NaN, NaN, NaN, NaN, NaN, NaN, NaN, NaN, NaN, NaN, NaN, NaN, NaN, NaN, NaN, NaN, NaN, NaN, NaN, NaN, NaN, NaN, NaN, NaN, NaN, NaN, NaN, NaN,
02/2015,60.9725,761.9357,81.3662,719.1589,7.1216,55.4339,379.8226,4529.6225,60.9725,761.9357,40.4442,381.1851,3.6874,26.2700,379.8226,4529.6225,25.5226,342.6624,28.7882,266.1769,2.5526,20.5173,158.8352,2019.7057,94.4093,1252.6445,149.4750,1381.2764,12.8684,104.5539,609.7436,7601.6274,60.9725,761.9357,57.1624,631.5836,6.0312,51.8593,379.8226,4529.6225,0.4700,0.0610,4.4500,4.7160,24.5670,33.5493, NaN, NaN, NaN, NaN, NaN, NaN, NaN, NaN, NaN, NaN, NaN, NaN, NaN, NaN, NaN, NaN, NaN, NaN, NaN, NaN, NaN, NaN, NaN, NaN, NaN, NaN, NaN, NaN, NaN, NaN,
03/2015,54.3802,721.5610,67.0299,595.0329,5.9147,46.2102,278.3052,3943.4092,54.3802,721.5610,35.8893,343.4191,3.2881,23.8652,278.3052,3943.4092,33.0912,473.2387,39.0080,359.7658,3.4546,27.5726,170.3781,2601.9862,32.8320,452.8310,34.8690,333.2651,3.1075,26.5429,166.2973,2434.6258,54.3802,721.5610,50.5253,548.4767,5.3369,45.0739,278.3052,3943.4092,0.4950,0.0430,4.2200,5.6487,23.0407,35.0822, NaN, NaN, NaN, NaN, NaN, NaN, NaN, NaN, NaN, NaN, NaN, NaN, NaN, NaN, NaN, NaN, NaN, NaN, NaN, NaN, NaN, NaN, NaN, NaN, NaN, NaN, NaN, NaN, NaN, NaN,
04/2015,125.4874,1515.9744,182.6192,1494.4638,15.8954,116.6448,872.6551,10913.2688,125.4874,1515.9744,83.9505,768.9172,7.6058,52.4136,872.6551,10913.2688,49.1875,640.0944,60.9740,521.5638,5.3872,40.8796,341.2742,4607.8291,81.1469,1012.6685,107.8569,907.7615,9.4705,71.4890,564.0084,7282.9136,125.4874,1515.9744,120.6528,1281.0097,12.9812,107.4195,872.6551,10913.2688,0.4050,0.0300,4.2000,4.8369,19.4209,33.9119,0.6560,0.0585,6.5952,11.8929,34.8659,0.6464,0.0578,6.5913,11.8566,34.9591,0.6697,0.0603,6.6536,12.9716,35.7495,0.6491,0.0583,6.5946,11.8697,34.8659, NaN, NaN, NaN, NaN, NaN, NaN, NaN, NaN, NaN, NaN,
05/2015,261.7402,3102.0538,480.4103,3868.9239,40.5928,296.3495,2108.5181,23969.4873,261.7402,3102.0538,178.1128,1688.2983,15.9023,111.4861,2108.5181,23969.4873,139.8125,1679.7802,241.6200,1937.3302,20.6083,147.4818,1129.3528,12901.6002,311.4115,3720.9110,608.1054,4921.3103,50.9876,369.5056,2513.0202,28732.4704,261.7402,3102.0538,258.3681,3025.3768,27.6173,253.2196,2108.5181,23969.4873,0.3850,0.0200,2.7500,5.3277,16.9415,33.8678,0.4663,0.0475,6.9707,8.7075,33.7116,0.4488,0.0456,6.9495,8.4115,33.8523,0.5224,0.0525,7.0947,10.2833,35.2842,0.4599,0.0471,6.9637,8.5893,33.7111, NaN, NaN, NaN, NaN, NaN, NaN, NaN, NaN, NaN, NaN,
06/2015,368.8762,5042.0707,626.9878,6113.2225,53.6025,486.9647,2855.3248,38150.0013,368.8762,5042.0707,249.5727,2769.2094,22.3867,184.3242,2855.3248,38150.0013,181.2672,2284.5974,286.2688,2507.9744,24.6903,192.7036,1407.0938,17218.2863,373.8096,4922.0438,637.8220,6045.8364,54.5007,484.7286,2893.5240,37235.8037,368.8762,5042.0707,362.4435,4999.8334,39.6160,434.4954,2855.3248,38150.0013,0.3667,0.0367,3.1000,5.1577,16.7555,31.8576,0.4246,0.0483,6.9936,7.0318,31.0924,0.3758,0.0431,6.9095,6.1205,31.2439,0.4284,0.0493,7.0459,7.1813,33.5688,0.4039,0.0468,6.9598,6.6603,31.0920, NaN, NaN, NaN, NaN, NaN, NaN, NaN, NaN, NaN, NaN,
07/2015,663.0854,7885.8576,1179.4563,12070.5233,100.2334,855.0309,5069.8381,61200.7719,663.0854,7885.8576,451.0860,4444.4195,40.2565,298.0609,5069.8381,61200.7719,302.9616,3071.9434,486.7672,3384.1255,41.9210,265.8364,2316.0280,23751.0767,759.2054,8867.8109,1399.4045,15419.7534,118.4635,1052.3537,5804.2525,68858.7956,663.0854,7885.8576,654.2876,8373.5329,71.9972,772.9210,5069.8381,61200.7719,0.3550,0.0360,2.3750,4.7050,16.4100,30.3090,0.4371,0.0530,6.8784,7.4727,27.5092,0.3479,0.0432,6.7155,6.1865,27.6141,0.3919,0.0490,6.8700,6.3279,31.2947,0.3995,0.0501,6.8099,6.9829,27.5098, NaN, NaN, NaN, NaN, NaN, NaN, NaN, NaN, NaN, NaN,
08/2015,938.5114,10445.9846,1694.8091,17174.9832,142.6700,1166.7676,7302.1433,86689.7790,938.5114,10445.9846,640.1074,5948.3585,56.7976,395.1507,7302.1433,86689.7790,493.9142,4916.9635,816.1938,5666.3207,70.2193,447.3733,3846.1957,40327.8750,885.8333,9564.2899,1555.7649,15255.6863,131.8484,1045.9683,6889.8937,79402.9584,938.5114,10445.9846,928.0404,11471.0462,101.5359,1046.0916,7302.1433,86689.7790,0.5000,0.0395,2.6000,4.2820,17.1828,27.4770,0.4724,0.0496,7.4193,5.4165,23.9705,0.2572,0.0328,7.3198,4.0410,24.0085,0.3499,0.0458,7.6392,5.5240,29.0390,0.3468,0.0458,7.3816,4.8984,23.9711, NaN, NaN, NaN, NaN, NaN, NaN, NaN, NaN, NaN, NaN,
09/2015,705.6720,6661.0253,1181.7034,8883.6494,100.9647,648.8175,6078.8337,56501.7659,705.6720,6661.0253,478.2070,3686.0435,42.6866,256.3935,6078.8337,56501.7659,338.7312,3142.3594,500.7392,3398.0409,43.6407,272.2828,2912.1539,26790.8678,596.1773,5421.8333,960.8565,6735.8233,82.6932,508.1997,5128.2229,46035.9613,705.6720,6661.0253,692.4164,6533.0669,76.3538,577.6989,6078.8337,56501.7659,0.4750,0.0340,5.4400,4.2610,18.9578,25.2274,0.6973,0.0589,7.7632,12.3913,18.7183,0.3492,0.0322,7.3632,7.1838,18.7406,0.3840,0.0445,7.3482,6.9985,25.9900,0.4945,0.0514,7.5366,9.6632,18.7204, NaN, NaN, NaN, NaN, NaN, NaN, NaN, NaN, NaN, NaN,
10/2015,363.6576,2842.5946,527.5250,2967.8708,46.0948,236.6678,3173.9053,21872.7844,363.6576,2842.5946,243.4287,1519.2547,22.0214,112.3164,3173.9053,21872.7844,165.2659,1337.8954,206.3306,1197.2226,18.2824,96.7486,1443.6926,10531.2972,292.7837,2223.7891,404.8158,2227.4022,35.5529,179.0839,2559.5782,17261.6168,363.6576,2842.5946,352.7632,2494.2574,39.4263,220.4695,3173.9053,21872.7844,0.4450,0.0500,5.9000,4.1880,21.3320,28.8968,0.5417,0.0422,6.6422,9.5406,23.0770,0.3820,0.0292,6.4621,7.2131,23.1078,0.3915,0.0368,6.5395,7.5032,27.8114, NaN, NaN, NaN, NaN, NaN, NaN, NaN, NaN, NaN, NaN, NaN, NaN, NaN, NaN, NaN,
11/2015,246.2227,1804.3776,354.3384,1770.3982,30.8895,142.3553,1860.1998,12820.7852,246.2227,1804.3776,164.5348,930.4553,14.9198,69.4822,1860.1998,12820.7852,92.3616,684.4867,110.2623,558.3639,9.7728,45.7396,697.5923,4949.6412,195.3677,1349.1792,271.1905,1296.3466,23.7173,105.8660,1475.6191,9643.2953,246.2227,1804.3776,238.9030,1517.6027,26.4060,133.8725,1860.1998,12820.7852,0.5500,0.0770,5.3250,3.8336,24.2986,28.7434,0.4845,0.0439,6.1929,10.1255,26.1075,0.4012,0.0365,6.0634,8.8854,26.1470,0.4109,0.0425,6.2008,9.2737,29.4995, NaN, NaN, NaN, NaN, NaN, NaN, NaN, NaN, NaN, NaN, NaN, NaN, NaN, NaN, NaN,
12/2015,125.5738,1051.6262,162.8849,971.2422,14.3320,77.9938,982.8810,7635.3426,125.5738,1051.6262,83.1290,529.4321,7.5954,39.2498,982.8810,7635.3426,59.0198,598.4669,71.2479,498.3225,6.2938,39.2312,462.5154,4357.2259,112.4237,1009.5062,149.1430,947.7556,13.0796,75.3856,880.6122,7321.0818,125.5738,1051.6262,120.6869,854.0324,12.7137,73.7869,982.8810,7635.3426,0.4733,0.0633,4.3000,5.5821,23.4036,31.1063,0.4592,0.0439,6.7264,10.3154,29.2388,0.4046,0.0393,6.6951,9.6144,29.2826,0.4673,0.0500,6.8092,11.2599,31.2890, NaN, NaN, NaN, NaN, NaN, NaN, NaN, NaN, NaN, NaN, NaN, NaN, NaN, NaN, NaN,
01/2016,56.5574,651.6461,65.2783,532.1277,5.7873,40.4989,385.3363,4023.6187,56.5574,651.6461,37.1145,309.4290,3.4162,21.6422,385.3363,4023.6187,37.0829,512.1274,43.3980,410.2664,3.8397,30.3944,251.1088,3129.5146,49.1357,608.4288,56.9564,496.6430,5.0448,37.5192,334.0125,3744.9696,56.5574,651.6461,52.7472,500.3162,5.3438,39.7134,385.3363,4023.6187,0.5300,0.0795,4.4000,5.0089,25.2100,34.6065,0.4867,0.0516,6.3709,11.3573,32.2343,0.4558,0.0490,6.3571,11.0656,32.3041,0.5179,0.0603,6.4241,12.4879,33.7601, NaN, NaN, NaN, NaN, NaN, NaN, NaN, NaN, NaN, NaN, NaN, NaN, NaN, NaN, NaN,
02/2016,19.5782,224.9683,18.9083,162.2898,1.6886,12.7418,143.9328,1501.9268,19.5782,224.9683,12.6557,101.3137,1.1792,7.5082,143.9328,1501.9268,8.2253,113.9962,6.8682,70.7949,0.6139,5.4054,60.5095,769.9790,22.4726,270.5098,25.6010,223.4253,2.2631,16.9907,167.9656,1760.4963,19.5782,224.9683,16.8458,158.2869,1.6670,12.7058,143.9328,1501.9268,0.6600,0.0860,6.2000,5.4093,23.9133,35.4792,0.5890,0.0679,6.5278,13.6651,33.7246,0.5671,0.0661,6.5200,13.4877,33.8674,0.6437,0.0813,6.5929,14.9366,35.3671, NaN, NaN, NaN, NaN, NaN, NaN, NaN, NaN, NaN, NaN, NaN, NaN, NaN, NaN, NaN,
03/2016,54.8294,622.9440,80.0841,580.1296,6.9564,45.4218,392.9469,4159.9702,54.8294,622.9440,36.6938,307.8890,3.3221,21.5456,392.9469,4159.9702,35.4758,425.9606,49.5845,370.4024,4.3331,28.8143,254.2045,2837.5130,29.5661,355.1299,36.7166,283.1655,3.2337,22.3204,211.9000,2385.7436,54.8294,622.9440,51.5849,496.3842,5.5789,41.8802,392.9469,4159.9702,0.6000,0.0725,8.6200,5.5879,24.4754,38.0102,0.6689,0.0834,6.6593,15.4619,35.5645,0.6559,0.0825,6.6524,15.5281,35.8256,0.6296,0.0875,6.4316,13.6714,37.4272, NaN, NaN, NaN, NaN, NaN, NaN, NaN, NaN, NaN, NaN, NaN, NaN, NaN, NaN, NaN,
04/2016,172.7050,2110.6656,274.2747,2193.1308,23.6444,167.6144,1022.2438,14010.4767,172.7050,2110.6656,116.2882,1084.9933,10.4802,71.2894,1022.2438,14010.4767,68.9645,906.6816,92.2297,773.7408,8.0938,59.5139,409.0848,6027.2486,106.0992,1349.4211,153.4258,1261.3658,13.3613,96.8535,629.0386,8960.3139,172.7050,2110.6656,167.6861,1840.1918,18.3316,151.1696,1022.2438,14010.4767,0.5650,0.0615,10.1750,4.8155,21.2295,35.7540,0.6882,0.0969,7.0630,16.0788,35.6037,0.6918,0.0975,7.0389,16.3789,35.9833,0.5981,0.0892,6.8427,14.9827,38.1035, NaN, NaN, NaN, NaN, NaN, NaN, NaN, NaN, NaN, NaN, NaN, NaN, NaN, NaN, NaN,
05/2016,391.0723,4685.9558,678.1260,5598.5105,57.9128,437.3065,2759.8914,37457.3359,391.0723,4685.9558,265.2809,2552.0397,23.7506,173.3905,2759.8914,37457.3359,201.4243,2451.9370,317.7972,2593.6300,27.4591,197.9442,1422.7214,19504.3513,444.5798,5370.5981,813.1984,6709.6637,69.0027,516.3376,3151.8070,43058.8874,391.0723,4685.9558,384.9695,4562.1524,41.9432,386.6426,2759.8914,37457.3359,0.4967,0.1050,20.8000,2.9420,18.6291,31.4980, NaN, NaN, NaN, NaN, NaN, NaN, NaN, NaN, NaN, NaN, NaN, NaN, NaN, NaN, NaN, NaN, NaN, NaN, NaN, NaN, NaN, NaN, NaN, NaN, NaN, NaN, NaN, NaN, NaN, NaN,
06/2016,563.6736,5758.2403,955.1622,7091.4515,81.9155,565.2965,4112.1405,51134.2580,563.6736,5758.2403,382.1725,3201.5691,34.2432,229.6825,4112.1405,51134.2580,246.2746,2354.3395,375.8821,2387.4089,32.6037,187.9298,1795.3437,20274.3972,547.9229,5609.6928,928.0627,7549.3162,79.5847,580.2484,3997.1788,49760.5974,563.6736,5758.2403,554.2847,5707.9163,61.2034,513.0064,4112.1405,51134.2580,0.5550,0.1150,20.0500,2.3350,16.3925,28.0817, NaN, NaN, NaN, NaN, NaN, NaN, NaN, NaN, NaN, NaN, NaN, NaN, NaN, NaN, NaN, NaN, NaN, NaN, NaN, NaN, NaN, NaN, NaN, NaN, NaN, NaN, NaN, NaN, NaN, NaN,
07/2016,1130.0602,12968.5018,2156.1416,24749.2302,182.0749,1613.7976,8636.5003,107892.8253,1130.0602,12968.5018,773.1051,7598.2822,68.6092,490.1373,8636.5003,107892.8253,464.0285,4726.6934,782.1478,5554.9559,67.0719,437.3065,3573.3336,38775.7210,1249.4822,14567.9558,2459.4821,29926.0991,206.6818,1908.2450,9558.9612,121360.6412,1130.0602,12968.5018,1121.4890,15326.6667,122.6612,1440.0318,8636.5003,107892.8253,0.6450,0.0885,12.8750,2.1292,15.3567,24.1106, NaN, NaN, NaN, NaN, NaN, NaN, NaN, NaN, NaN, NaN, NaN, NaN, NaN, NaN, NaN, NaN, NaN, NaN, NaN, NaN, NaN, NaN, NaN, NaN, NaN, NaN, NaN, NaN, NaN, NaN,
08/2016,1319.3366,14944.6339,2510.9602,25730.4784,209.6924,1650.5516,10446.5551,132268.5130,1319.3366,14944.6339,903.4610,8582.7825,79.7996,532.7080,10446.5551,132268.5130,695.9434,7622.8214,1195.8703,11882.6600,102.4101,831.9129,5541.0866,66936.6726,1202.8003,12988.4688,2223.9360,21306.6251,186.9421,1396.9200,9504.2294,114733.6830,1319.3366,14944.6339,1309.9048,16995.1654,142.5990,1450.4086,10446.5551,132268.5130,0.6750,0.0360,9.8600,3.6773,15.6691,18.3724, NaN, NaN, NaN, NaN, NaN, NaN, NaN, NaN, NaN, NaN, NaN, NaN, NaN, NaN, NaN, NaN, NaN, NaN, NaN, NaN, NaN, NaN, NaN, NaN, NaN, NaN, NaN, NaN, NaN, NaN,
09/2016,1065.9773,10363.2221,1933.4302,15202.3784,162.1969,1035.5028,9419.4195,92869.8687,1065.9773,10363.2221,727.2782,5739.4811,64.3654,377.9739,9419.4195,92869.8687,591.0797,5446.3104,956.3421,7086.6469,82.5822,525.4822,5233.6118,48761.4774,910.1376,8400.7757,1585.3517,11494.9481,134.4108,815.1777,8033.4794,75236.2086,1065.9773,10363.2221,1054.0409,10608.5962,115.0393,904.3661,9419.4195,92869.8687,0.6400,0.0580,6.0250,3.2883,16.5200,18.1648, NaN, NaN, NaN, NaN, NaN, NaN, NaN, NaN, NaN, NaN, NaN, NaN, NaN, NaN, NaN, NaN, NaN, NaN, NaN, NaN, NaN, NaN, NaN, NaN, NaN, NaN, NaN, NaN, NaN, NaN,
10/2016,839.7043,7706.5430,1439.5849,10222.5485,121.9796,721.9080,7905.4751,67113.2602,839.7043,7706.5430,570.3972,4181.1761,50.7282,283.6803,7905.4751,67113.2602,422.4182,3267.3197,624.3987,3515.5803,54.5013,279.3792,3977.2657,28914.5815,661.0464,5643.8381,1074.3024,6915.0805,92.1885,514.0657,6220.1540,49410.8185,839.7043,7706.5430,826.0437,7357.4191,90.7054,639.7073,7905.4751,67113.2602,0.5850,0.0465,4.7750,4.3682,18.7200,20.1439, NaN, NaN, NaN, NaN, NaN, NaN, NaN, NaN, NaN, NaN, NaN, NaN, NaN, NaN, NaN, NaN, NaN, NaN, NaN, NaN, NaN, NaN, NaN, NaN, NaN, NaN, NaN, NaN, NaN, NaN,
11/2016,295.5744,2369.9866,410.3978,2405.7078,36.0306,194.1275,2342.3258,17545.5544,295.5744,2369.9866,197.0921,1238.3151,17.8763,93.2176,2342.3258,17545.5544,149.0659,1081.1578,181.0434,964.4490,16.0881,79.5712,1184.8986,8139.7943,233.7466,1863.6826,311.0917,1835.6953,27.4208,149.0319,1850.9344,13841.5598,295.5744,2369.9866,285.6401,2025.7531,31.9412,181.1348,2342.3258,17545.5544,0.4933,0.0520,6.3600,4.4608,22.3398,25.4834, NaN, NaN, NaN, NaN, NaN, NaN, NaN, NaN, NaN, NaN, NaN, NaN, NaN, NaN, NaN, NaN, NaN, NaN, NaN, NaN, NaN, NaN, NaN, NaN, NaN, NaN, NaN, NaN, NaN, NaN,
12/2016,129.3754,1046.2003,154.7528,909.0872,13.7481,73.7216,953.3760,7283.3457,129.3754,1046.2003,85.1149,521.3668,7.8153,39.3547,953.3760,7283.3457,66.1046,583.4246,71.3184,449.4916,6.3707,35.9779,486.6483,4077.8024,105.8573,923.4605,124.6637,792.1248,11.0738,63.7598,778.7601,6416.0983,129.3754,1046.2003,123.8258,829.0288,13.2104,72.1039,953.3760,7283.3457,0.4800,0.0670,5.4333,5.4056,23.5157,28.8101, NaN, NaN, NaN, NaN, NaN, NaN, NaN, NaN, NaN, NaN, NaN, NaN, NaN, NaN, NaN, NaN, NaN, NaN, NaN, NaN, NaN, NaN, NaN, NaN, NaN, NaN, NaN, NaN, NaN, NaN,
01/2017,64.1002,633.3034,77.0342,562.0031,6.7961,43.6761,435.5796,4074.5896,64.1002,633.3034,42.1441,315.7666,3.8725,22.5634,435.5796,4074.5896,41.8694,463.1386,51.5023,405.8420,4.5256,30.5825,287.5281,2987.2593,53.3952,568.6762,64.7342,504.1137,5.6999,38.7964,364.7045,3663.0713,64.1002,633.3034,60.6169,513.6675,6.0594,41.9895,435.5796,4074.5896,0.4833,0.0677,2.0000,5.3000,23.5420,32.8920, NaN, NaN, NaN, NaN, NaN, NaN, NaN, NaN, NaN, NaN, NaN, NaN, NaN, NaN, NaN, NaN, NaN, NaN, NaN, NaN, NaN, NaN, NaN, NaN, NaN, NaN, NaN, NaN, NaN, NaN,
02/2017,370.7251,3335.5498,777.9352,4848.8809,64.4774,361.2740,2677.5998,22120.6900,370.7251,3335.5498,255.1336,1877.5835,22.5554,120.8751,2677.5998,22120.6900,124.9949,1233.8525,225.4474,1492.0416,19.0859,113.8762,907.0066,8166.8998,796.7290,7103.7821,1927.3091,12149.5364,156.5263,858.6115,5745.9555,46988.2827,370.7251,3335.5498,370.0220,3407.4365,39.7100,287.2041,2677.5998,22120.6900,0.9950,0.0595,5.1000,4.8118,24.6273,19.9398, NaN, NaN, NaN, NaN, NaN, NaN, NaN, NaN, NaN, NaN, NaN, NaN, NaN, NaN, NaN, NaN, NaN, NaN, NaN, NaN, NaN, NaN, NaN, NaN, NaN, NaN, NaN, NaN, NaN, NaN,
03/2017,146.4912,1212.3475,189.9511,1120.4149,16.7352,91.0957,1031.1088,8115.0219,146.4912,1212.3475,97.0796,603.2586,8.8674,44.2782,1031.1088,8115.0219,63.7718,644.5440,76.8159,528.1634,6.7958,42.0964,447.6856,4297.0930,165.8880,1147.7462,205.1661,1050.2993,18.1884,87.4156,1169.6852,7733.4245,146.4912,1212.3475,141.0908,993.4806,15.0746,87.1762,1031.1088,8115.0219,1.3333,0.1833,20.6333,2.8073,22.8567,21.5159, NaN, NaN, NaN, NaN, NaN, NaN, NaN, NaN, NaN, NaN, NaN, NaN, NaN, NaN, NaN, NaN, NaN, NaN, NaN, NaN, NaN, NaN, NaN, NaN, NaN, NaN, NaN, NaN, NaN, NaN,
04/2017,61.6982,500.2992,62.5540,398.9330,5.6205,34.0093,422.8243,3328.5008,61.6982,500.2992,40.0767,239.1419,3.7245,18.6624,422.8243,3328.5008,15.4224,188.9309,12.4624,125.1605,1.1210,10.5349,105.5979,1272.5594,95.0227,623.4278,103.9007,537.6920,9.3017,45.5811,651.4116,4149.9822,61.6982,500.2992,58.5323,390.0538,5.6205,33.9968,422.8243,3328.5008,0.5000,0.0675,2.4750,3.3350,21.6149,29.8900, NaN, NaN, NaN, NaN, NaN, NaN, NaN, NaN, NaN, NaN, NaN, NaN, NaN, NaN, NaN, NaN, NaN, NaN, NaN, NaN,1.2637,0.0896,5.1882,14.5708,26.3914,1.2688,0.0886,4.8875,13.7272,27.0172,
05/2017,272.5920,2677.4323,414.5594,2841.6643,35.9765,224.7251,1996.5744,20017.8988,272.5920,2677.4323,183.1124,1374.9754,16.5374,96.6111,1996.5744,20017.8988,129.7382,1435.5533,180.2749,1328.2023,15.7898,104.6859,930.4636,10673.2996,405.5530,3535.8422,658.6474,4032.2964,56.7452,318.0780,2995.0601,26511.4014,272.5920,2677.4323,265.6406,2392.6984,28.9549,205.7201,1996.5744,20017.8988,0.4567,0.0577,4.8600,4.8744,19.3807,31.0731, NaN, NaN, NaN, NaN, NaN, NaN, NaN, NaN, NaN, NaN, NaN, NaN, NaN, NaN, NaN, NaN, NaN, NaN, NaN, NaN,0.7051,0.0668,5.5754,10.3266,29.5430,0.7013,0.0671,5.3681,10.0214,29.9215,
06/2017,286.4678,3012.3878,492.6889,3754.1645,41.8962,306.8468,2068.2088,23121.1896,286.4678,3012.3878,193.8065,1602.9872,17.3912,111.7552,2068.2088,23121.1896,124.0099,1427.1811,206.8695,1628.4228,17.6562,126.6656,873.5316,10980.4115,384.9466,3624.6182,660.0434,4580.8808,56.2232,374.3814,2826.6922,27874.6084,286.4678,3012.3878,281.7189,2948.0929,30.5507,265.5614,2068.2088,23121.1896,0.3000,0.0300,3.3750,4.4056,17.4040,31.5469, NaN, NaN, NaN, NaN, NaN, NaN, NaN, NaN, NaN, NaN, NaN, NaN, NaN, NaN, NaN, NaN, NaN, NaN, NaN, NaN,0.4828,0.0472,5.8935,5.8068,29.1120,0.4837,0.0485,5.6967,5.7173,28.9093,
07/2017,1111.3200,11657.4595,2032.6931,15481.9244,172.3879,1189.5382,8486.0231,95588.6449,1111.3200,11657.4595,758.4571,6535.2779,67.4595,437.8722,8486.0231,95588.6449,509.8723,4963.7837,811.3348,5392.7255,70.2217,424.6897,3871.1589,40331.1325,1521.9274,15674.5757,2970.9931,24777.6667,247.4848,1778.2113,11633.6037,128716.4816,1111.3200,11657.4595,1100.0005,11928.9862,120.6241,1034.5445,8486.0231,95588.6449,0.3750,0.0300,3.8000,4.1590,15.9763,28.8961, NaN, NaN, NaN, NaN, NaN, NaN, NaN, NaN, NaN, NaN, NaN, NaN, NaN, NaN, NaN, NaN, NaN, NaN, NaN, NaN,0.4640,0.0433,6.8188,3.8021,26.4496,0.4756,0.0448,6.5655,3.5880,26.2523,
08/2017,1536.0624,16041.5683,3085.7159,28561.6917,252.8599,1834.7936,13708.1396,140908.8108,1536.0624,16041.5683,1057.0028,9337.8166,92.6504,574.4025,13708.1396,140908.8108,873.0029,7995.5942,1581.2453,10941.1329,134.4642,824.2064,7805.7984,70433.0776,1509.1661,15551.3779,2994.8299,26507.1186,244.5791,1694.8730,13457.0272,136454.9538,1536.0624,16041.5683,1532.5545,17949.8443,165.4277,1590.8547,13708.1396,140908.8108,0.5400,0.0290,2.3750,3.9582,15.8108,14.9577, NaN, NaN, NaN, NaN, NaN, NaN, NaN, NaN, NaN, NaN, NaN, NaN, NaN, NaN, NaN, NaN, NaN, NaN, NaN, NaN,0.7195,0.0580,7.3554,1.7648,16.0196,0.8350,0.0636,6.9317,1.4357,15.3456,
09/2017,1004.3741,8716.1875,1810.4866,12471.4377,152.8929,881.3716,7751.3377,75456.7472,1004.3741,8716.1875,684.9658,4892.2386,60.8117,329.3178,7751.3377,75456.7472,569.9290,4472.1504,925.9780,5055.3336,79.8737,399.0097,4406.1449,38072.5039,916.2374,7492.3834,1605.9524,9839.4311,136.1765,725.0058,7062.8931,64574.0918,1004.3741,8716.1875,992.6197,8598.7063,108.7205,768.3525,7751.3377,75456.7472,0.7750,0.0355,6.2000,3.1164,17.8673,20.3487, NaN, NaN, NaN, NaN, NaN, NaN, NaN, NaN, NaN, NaN, NaN, NaN, NaN, NaN, NaN, NaN, NaN, NaN, NaN, NaN,0.9849,0.0709,6.4265,1.0007,12.3912,0.8220,0.0674,5.9931,0.9196,15.9325,
10/2017,700.7040,5349.2573,1133.3487,6007.2836,97.6565,464.4819,5944.7224,43842.3109,700.7040,5349.2573,473.9313,2883.5347,42.4290,206.9235,5944.7224,43842.3109,359.8387,2391.7853,508.5725,2360.7522,44.6207,192.2551,3051.1713,19770.9666,595.5379,4320.8640,929.1497,4686.9449,80.4788,369.5034,5048.6667,35610.6312,700.7040,5349.2573,685.8506,4717.5459,75.9128,414.7504,5944.7224,43842.3109,0.5250,0.0345,5.8800,6.2571,19.6679,19.6247, NaN, NaN, NaN, NaN, NaN, NaN, NaN, NaN, NaN, NaN, NaN, NaN, NaN, NaN, NaN, NaN, NaN, NaN, NaN, NaN,0.7543,0.0562,6.6818,1.9146,16.5063,0.5854,0.0516,6.5494,2.4468,19.9300,
11/2017,221.8579,1411.0330,286.2634,1310.0566,25.3215,107.4555,1936.1393,11163.3030,221.8579,1411.0330,147.1145,721.1628,13.4150,55.8521,1936.1393,11163.3030,113.6160,684.8842,129.6953,574.5359,11.5793,47.7904,991.3825,5578.3697,188.8963,1185.9782,236.3618,1095.0074,20.9616,90.5205,1648.6061,9453.4984,221.8579,1411.0330,213.4489,1156.4444,23.9661,105.2726,1936.1393,11163.3030,0.4150,0.0470,2.5750,5.1662,23.4088,27.6133, NaN, NaN, NaN, NaN, NaN, NaN, NaN, NaN, NaN, NaN, NaN, NaN, NaN, NaN, NaN, NaN, NaN, NaN, NaN, NaN,0.4353,0.0437,6.3452,7.1428,23.6772,0.3789,0.0420,6.1834,6.0517,26.0067,
12/2017,169.8710,1499.3510,225.0854,1455.3978,19.7985,114.7319,1390.7991,10855.1784,169.8710,1499.3510,112.7253,770.4264,10.2776,54.8473,1390.7991,10855.1784,93.4934,922.9594,114.3606,818.6271,10.1169,63.8594,765.7342,6690.7474,165.5856,1557.2909,223.8734,1551.4804,19.6399,121.5388,1355.1563,11237.2267,169.8710,1499.3510,163.7284,1260.8629,17.6037,107.4802,1390.7991,10855.1784,0.3400,0.0480,3.6333,5.1944,23.2247,29.7116, NaN, NaN, NaN, NaN, NaN, NaN, NaN, NaN, NaN, NaN, NaN, NaN, NaN, NaN, NaN, NaN, NaN, NaN, NaN, NaN,0.3542,0.0457,6.2087,6.3582,29.0026, NaN, NaN, NaN, NaN, NaN,
01/2018,475.3296,4698.6826,1080.3449,7268.3397,88.2892,504.1214,3330.9594,29262.4862,475.3296,4698.6826,329.6722,2845.4416,28.9400,162.2886,3330.9594,29262.4862,373.9824,3806.5939,865.2703,5994.3426,70.6232,415.0848,2618.2180,23579.4827,460.5811,4600.9123,1049.2605,7141.0599,85.7358,495.1543,3227.0666,28639.6580,475.3296,4698.6826,476.9418,5156.5969,51.1215,395.9906,3330.9594,29262.4862,0.4700,0.0640,3.2400,4.0050,24.3401,30.0555, NaN, NaN, NaN, NaN, NaN, NaN, NaN, NaN, NaN, NaN, NaN, NaN, NaN, NaN, NaN, NaN, NaN, NaN, NaN, NaN,0.3503,0.0527,6.2104,6.9986,30.9244, NaN, NaN, NaN, NaN, NaN,
02/2018,70.4246,514.6762,74.0954,405.4737,6.6412,33.7521,516.3726,3455.3885,70.4246,514.6762,45.8361,242.4228,4.2434,18.6818,516.3726,3455.3885,42.2755,316.6819,40.8103,236.2081,3.6701,19.6916,309.9567,2166.0186,58.6483,471.8822,59.8146,364.7952,5.3671,30.0472,429.7560,3153.4303,70.4246,514.6762,66.8533,391.2393,6.6412,33.7376,516.3726,3455.3885,0.5500,0.0675,3.8500,4.9179,24.8469,31.1792, NaN, NaN, NaN, NaN, NaN, NaN, NaN, NaN, NaN, NaN, NaN, NaN, NaN, NaN, NaN, NaN, NaN, NaN, NaN, NaN,0.4410,0.0573,6.2597,8.8626,29.8402, NaN, NaN, NaN, NaN, NaN,
03/2018,52.5830,478.0858,52.7434,360.0748,4.7325,29.1276,416.2700,3455.1000,52.5830,478.0858,34.1082,224.3866,3.1700,16.7064,416.2700,3455.1000,29.5747,303.3936,27.2070,207.8932,2.4449,16.5182,234.0749,2195.0432,40.5475,376.2288,38.4151,275.4549,3.4541,22.5999,321.0119,2755.9880,52.5830,478.0858,49.6665,351.9052,4.7089,29.0699,416.2700,3455.1000,0.6500,0.0850,9.8000,4.9958,23.2685,33.2651, NaN, NaN, NaN, NaN, NaN, NaN, NaN, NaN, NaN, NaN, NaN, NaN, NaN, NaN, NaN, NaN, NaN, NaN, NaN, NaN,0.4239,0.0638,6.4930,8.3568,32.0618, NaN, NaN, NaN, NaN, NaN,
04/2018,111.1363,932.0659,149.0086,809.9825,13.0614,64.6945,887.5324,6728.6637,111.1363,932.0659,73.8913,450.3688,6.7343,32.1940,887.5324,6728.6637,48.3926,451.1635,54.6866,330.1197,4.8586,26.6921,386.6253,3289.7664,77.5786,682.6291,94.7477,550.7126,8.3740,44.6093,619.9305,4976.1007,111.1363,932.0659,107.2357,728.1675,11.2356,61.8938,887.5324,6728.6637,0.5850,0.0685,8.0250,4.7683,22.1005,33.7307, NaN, NaN, NaN, NaN, NaN, NaN, NaN, NaN, NaN, NaN, NaN, NaN, NaN, NaN, NaN, NaN, NaN, NaN, NaN, NaN,0.4360,0.0701,6.6360,8.7654,33.0398, NaN, NaN, NaN, NaN, NaN,
