Date,BC BASE Flow Local (ML),BC BASE Flow Local + Upstream (ML),BC BASE TN Local (KG),BC BASE TN Local + Upstream (KG),BC BASE TP Local (KG),BC BASE TP Local + Upstream (KG),BC BASE OXY Local (KG),BC BASE OXY Local + Upstream (KG),BC Capped Flow Local (ML),BC Capped Flow Local + Upstream (ML),BC Capped TN Local (KG),BC Capped TN Local + Upstream (KG),BC Capped TP Local (KG),BC Capped TP Local + Upstream (KG),BC Capped OXY Local (KG),BC Capped OXY Local + Upstream (KG),BC Dry Flow Local (ML),BC Dry Flow Local + Upstream (ML),BC Dry TN Local (KG),BC Dry TN Local + Upstream (KG),BC Dry TP Local (KG),BC Dry TP Local + Upstream (KG),BC Dry OXY Local (KG),BC Dry OXY Local + Upstream (KG),BC Wet Flow Local (ML),BC Wet Flow Local + Upstream (ML),BC Wet TN Local (KG),BC Wet TN Local + Upstream (KG),BC Wet TP Local (KG),BC Wet TP Local + Upstream (KG),BC Wet OXY Local (KG),BC Wet OXY Local + Upstream (KG),BC Targets Flow Local (ML),BC Targets Flow Local + Upstream (ML),BC Targets TN Local (KG),BC Targets TN Local + Upstream (KG),BC Targets TP Local (KG),BC Targets TP Local + Upstream (KG),BC Targets OXY Local (KG),BC Targets OXY Local + Upstream (KG),Field Mean TN (mg/L),Field Mean TP (mg/L),Field Mean TCHLA (ug/L),Field Mean Oxygen (mg/L),Field Mean TEMP (C),Field Mean Salinity (psu),SCERM44_2015_2016_ALL Mean TN (mg/L),SCERM44_2015_2016_ALL Mean TP (mg/L),SCERM44_2015_2016_ALL Mean Oxy (mg/L),SCERM44_2015_2016_ALL Mean TCHLA (ug/L),SCERM44_2015_2016_ALL Mean Salinity (psu),SCERM44_2015_2016_Capped_ALL Mean TN (mg/L),SCERM44_2015_2016_Capped_ALL Mean TP (mg/L,)SCERM44_2015_2016_Capped_ALL Mean Oxy (mg/L),SCERM44_2015_2016_Capped_ALL Mean TCHLA (ug/L),SCERM44_2015_2016_Capped_ALL Mean Salinity (psu),SCERM44_2015_2016_Dry_ALL Mean TN (mg/L),SCERM44_2015_2016_Dry_ALL Mean TP (mg/L),SCERM44_2015_2016_Dry_ALL Mean Oxy (mg/L),SCERM44_2015_2016_Dry_ALL Mean TCHLA (ug/L),SCERM44_2015_2016_Dry_ALL Mean Salinity (psu),SCERM44_2015_2016_Target_ALL Mean TN (mg/L),SCERM44_2015_2016_Target_ALL Mean TP (mg/L),SCERM44_2015_2016_Target_ALL Mean Oxy (mg/L),SCERM44_2015_2016_Target_ALL Mean TCHLA (ug/L),SCERM44_2015_2016_Target_ALL Mean Salinity (psu),SCERM44_2017_2018_ALL Mean TN (mg/L),SCERM44_2017_2018_ALL Mean TP (mg/L),SCERM44_2017_2018_ALL Mean Oxy (mg/L),SCERM44_2017_2018_ALL Mean TCHLA (ug/L),SCERM44_2017_2018_ALL Mean Salinity (psu),SCERM44_2017_2018_Wet_ALL Mean TN (mg/L),SCERM44_2017_2018_Wet_ALL Mean TP (mg/L),SCERM44_2017_2018_Wet_ALL Mean Oxy (mg/L),SCERM44_2017_2018_Wet_ALL Mean TCHLA (ug/L),SCERM44_2017_2018_Wet_ALL Mean Salinity (psu),
01/2008,2.0045,325.0368,0.0686,507.8418,0.0021,24.8140,21.0469,1815.6076,2.0045,325.0368,0.0686,315.9701,0.0021,24.1328,21.0469,1815.6076,0.7603,95.8003,0.0109,137.6803,0.0001,3.6393,8.1922,522.3085,1.6157,324.1037,0.0289,455.0184,0.0004,20.8578,17.3735,1844.4098,2.0045,325.0368,0.0686,397.1784,0.0021,24.3404,21.0469,1815.6076, NaN, NaN, NaN,3.9000,27.0825,6.1713, NaN, NaN, NaN, NaN, NaN, NaN, NaN, NaN, NaN, NaN, NaN, NaN, NaN, NaN, NaN, NaN, NaN, NaN, NaN, NaN, NaN, NaN, NaN, NaN, NaN, NaN, NaN, NaN, NaN, NaN,
02/2008,57.8621,631.6963,12.9910,726.0451,2.7775,107.7453,536.8738,3828.7002,57.8621,631.6963,7.8594,382.1438,0.3335,32.5632,536.8738,3828.7002,25.1510,262.9584,5.1664,243.5623,1.1739,38.3231,233.1798,1585.8907,111.0326,1329.6442,27.1061,1511.1992,5.4769,196.7606,1030.6872,7855.5295,57.8621,631.6963,12.9910,507.5446,1.7760,39.0304,536.8738,3828.7002, NaN, NaN, NaN,4.9270,26.6250,12.2558, NaN, NaN, NaN, NaN, NaN, NaN, NaN, NaN, NaN, NaN, NaN, NaN, NaN, NaN, NaN, NaN, NaN, NaN, NaN, NaN, NaN, NaN, NaN, NaN, NaN, NaN, NaN, NaN, NaN, NaN,
03/2008,18.9562,452.7792,5.4709,612.4404,1.4341,70.5147,157.0882,2855.9333,18.9562,452.7792,2.9023,336.0286,0.1528,29.2852,157.0882,2855.9333,13.6858,221.6160,3.9194,240.2248,1.0459,36.9122,113.0337,1412.0342,10.2643,370.7251,2.6102,517.8787,0.7061,45.2528,85.9542,2305.8524,18.9562,452.7792,5.4709,440.4847,0.8847,32.2024,157.0882,2855.9333, NaN, NaN, NaN,3.6030,23.5200,17.5611, NaN, NaN, NaN, NaN, NaN, NaN, NaN, NaN, NaN, NaN, NaN, NaN, NaN, NaN, NaN, NaN, NaN, NaN, NaN, NaN, NaN, NaN, NaN, NaN, NaN, NaN, NaN, NaN, NaN, NaN,
04/2008,175.4006,9301.2883,58.9657,17105.4146,14.7787,772.5963,1412.6419,59538.3583,175.4006,9301.2883,30.3685,16118.7105,1.5434,448.8189,1412.6419,59538.3583,78.1402,721.6906,24.2016,661.7969,6.4377,158.8004,629.1729,4805.9002,114.2640,1632.7008,36.5725,1632.3179,9.4871,265.3141,920.3693,10708.3782,175.4006,9301.2883,58.9657,16426.3115,9.0144,481.9211,1412.6419,59538.3583, NaN, NaN, NaN,4.6425,18.6962,6.4467, NaN, NaN, NaN, NaN, NaN, NaN, NaN, NaN, NaN, NaN, NaN, NaN, NaN, NaN, NaN, NaN, NaN, NaN, NaN, NaN, NaN, NaN, NaN, NaN, NaN, NaN, NaN, NaN, NaN, NaN,
05/2008,122.3942,3679.6378,33.2481,5622.6365,8.0293,373.5321,958.6601,28292.6335,122.3942,3679.6378,18.4591,4800.6487,0.8947,149.9725,958.6601,28292.6335,82.4602,830.9002,21.8237,786.7654,5.4097,166.8806,645.5210,5963.8917,159.3216,3096.3600,44.6418,3150.6381,10.4870,377.6293,1248.0443,24242.9034,122.3942,3679.6378,33.2481,5055.7430,4.8970,180.0464,958.6601,28292.6335, NaN, NaN, NaN,5.3767,16.3811,9.8511, NaN, NaN, NaN, NaN, NaN, NaN, NaN, NaN, NaN, NaN, NaN, NaN, NaN, NaN, NaN, NaN, NaN, NaN, NaN, NaN, NaN, NaN, NaN, NaN, NaN, NaN, NaN, NaN, NaN, NaN,
06/2008,771.7939,8665.9978,463.3626,11600.5184,29.3033,766.5644,6065.7688,77303.3834,771.7939,8665.9978,402.1220,10113.6162,11.1757,287.7977,6065.7688,77303.3834,167.4691,1909.0339,53.4198,1690.4642,13.5198,356.2642,1306.6507,15750.5717,785.3587,9293.5555,470.6055,9011.4954,29.7886,688.5803,6172.6475,84143.4039,771.7939,8665.9978,463.3626,10618.5941,21.9217,347.2146,6065.7688,77303.3834, NaN, NaN, NaN,8.0282,13.8336,6.5892, NaN, NaN, NaN, NaN, NaN, NaN, NaN, NaN, NaN, NaN, NaN, NaN, NaN, NaN, NaN, NaN, NaN, NaN, NaN, NaN, NaN, NaN, NaN, NaN, NaN, NaN, NaN, NaN, NaN, NaN,
07/2008,2748.1248,71633.5056,2188.4544,237715.3606,79.0431,10500.1028,26746.4828,736842.6463,2748.1248,71633.5056,1942.2034,217648.1485,49.8237,4264.8054,26746.4828,736842.6463,761.7974,10231.0646,489.2686,11266.5081,28.7660,734.3786,7442.7192,104515.7567,3411.1066,122623.0445,2864.1240,309377.4569,98.8365,17232.6009,33232.6659,1265400.0814,2748.1248,71633.5056,2188.4544,219951.7166,68.8417,4544.5789,26746.4828,736842.6463, NaN, NaN, NaN,9.8338,11.6850,5.8545, NaN, NaN, NaN, NaN, NaN, NaN, NaN, NaN, NaN, NaN, NaN, NaN, NaN, NaN, NaN, NaN, NaN, NaN, NaN, NaN, NaN, NaN, NaN, NaN, NaN, NaN, NaN, NaN, NaN, NaN,
08/2008,1233.2736,84528.4982,932.0986,218693.6430,27.4167,7567.2835,11981.6234,876858.2029,1233.2736,84528.4982,826.3605,209872.6337,21.4417,4959.1044,11981.6234,876858.2029,569.9203,6888.1968,414.9131,6707.3337,12.9633,230.0695,5534.8339,70567.3608,1279.3075,104060.6006,982.9126,276763.1466,28.1546,11225.3490,12432.8975,1079524.3029,1233.2736,84528.4982,932.0986,211167.7810,26.1938,5120.0951,11981.6234,876858.2029, NaN, NaN, NaN,10.0137,12.0500,4.3565, NaN, NaN, NaN, NaN, NaN, NaN, NaN, NaN, NaN, NaN, NaN, NaN, NaN, NaN, NaN, NaN, NaN, NaN, NaN, NaN, NaN, NaN, NaN, NaN, NaN, NaN, NaN, NaN, NaN, NaN,
09/2008,483.8314,14621.2560,240.6630,18252.8021,14.2314,649.3431,4103.4206,136489.6612,483.8314,14621.2560,212.4475,16957.6835,6.0304,336.8452,4103.4206,136489.6612,159.2179,2086.2490,55.4818,1727.4188,7.5666,219.4884,1351.5654,18677.5870,308.0419,12232.2010,127.2323,12478.6074,9.7597,514.7255,2617.4683,115476.7743,483.8314,14621.2560,240.6630,17399.0895,10.8520,388.9435,4103.4206,136489.6612, NaN, NaN, NaN,8.5140,15.4350,5.5594, NaN, NaN, NaN, NaN, NaN, NaN, NaN, NaN, NaN, NaN, NaN, NaN, NaN, NaN, NaN, NaN, NaN, NaN, NaN, NaN, NaN, NaN, NaN, NaN, NaN, NaN, NaN, NaN, NaN, NaN,
10/2008,279.9274,10295.9683,123.8068,13243.8688,7.7858,497.2220,2104.5797,83177.9443,279.9274,10295.9683,108.5317,12124.1785,3.2053,263.2977,2104.5797,83177.9443,55.2528,1185.5894,16.7474,1054.6879,2.6613,112.0688,406.8916,8937.4568,146.4221,6357.7008,52.6036,5950.5508,4.7204,298.4601,1103.6345,51413.5382,279.9274,10295.9683,123.8068,12472.5078,5.9626,304.9050,2104.5797,83177.9443, NaN, NaN, NaN,6.8283,19.5175,6.1748, NaN, NaN, NaN, NaN, NaN, NaN, NaN, NaN, NaN, NaN, NaN, NaN, NaN, NaN, NaN, NaN, NaN, NaN, NaN, NaN, NaN, NaN, NaN, NaN, NaN, NaN, NaN, NaN, NaN, NaN,
11/2008,219.8275,4794.9322,82.1575,6314.2414,8.0559,364.3124,1373.3104,31520.8555,219.8275,4794.9322,67.3931,5510.8116,2.2019,179.9504,1373.3104,31520.8555,41.1696,610.3296,9.9650,576.2034,2.6275,84.3921,250.6832,3567.6195,105.5981,3323.0218,26.9305,2887.9330,5.7191,242.0496,648.3229,21169.5555,219.8275,4794.9322,82.1575,5796.8642,5.5427,213.4793,1373.3104,31520.8555, NaN, NaN, NaN,6.6875,21.5763,5.2154, NaN, NaN, NaN, NaN, NaN, NaN, NaN, NaN, NaN, NaN, NaN, NaN, NaN, NaN, NaN, NaN, NaN, NaN, NaN, NaN, NaN, NaN, NaN, NaN, NaN, NaN, NaN, NaN, NaN, NaN,
12/2008,27.2678,1102.3949,6.9147,1368.5265,1.7744,112.1601,159.3074,5998.0007,27.2678,1102.3949,3.7902,937.9313,0.2009,52.4058,159.3074,5998.0007,14.7830,311.3078,4.5970,343.1335,1.2692,45.3621,84.1641,1565.7313,27.4061,1404.9072,7.7606,1368.7708,2.0524,114.8795,158.3297,7842.0260,27.2678,1102.3949,6.9147,1100.9745,1.1159,63.3694,159.3074,5998.0007, NaN, NaN, NaN,5.3009,24.9155,4.7184, NaN, NaN, NaN, NaN, NaN, NaN, NaN, NaN, NaN, NaN, NaN, NaN, NaN, NaN, NaN, NaN, NaN, NaN, NaN, NaN, NaN, NaN, NaN, NaN, NaN, NaN, NaN, NaN, NaN, NaN,
01/2009,3.7498,585.2045,0.1960,1332.5928,0.0074,36.7098,24.3853,3124.7181,3.7498,585.2045,0.1933,1132.4768,0.0067,35.1813,24.3853,3124.7181,1.8317,790.6205,0.0679,1367.0909,0.0025,35.6146,12.1341,4391.4849,3.3264,455.2848,0.1761,624.1247,0.0068,27.6747,21.6423,2452.8994,3.7498,585.2045,0.1960,1216.8536,0.0074,35.5591,24.3853,3124.7181, NaN, NaN, NaN,4.2683,27.8550,5.0041, NaN, NaN, NaN, NaN, NaN, NaN, NaN, NaN, NaN, NaN, NaN, NaN, NaN, NaN, NaN, NaN, NaN, NaN, NaN, NaN, NaN, NaN, NaN, NaN, NaN, NaN, NaN, NaN, NaN, NaN,
02/2009,17.0208,3671.1706,2.3188,11736.9656,0.4119,168.3812,112.3622,19722.7905,17.0208,3671.1706,1.6167,11535.3119,0.0618,158.4677,112.3622,19722.7905,7.2662,217.3824,0.8965,249.9238,0.1700,9.6023,47.9793,1199.8691,31.6915,430.3843,4.8175,534.1031,0.8175,43.6355,209.1256,2428.3748,17.0208,3671.1706,2.3188,11617.6579,0.2636,159.5920,112.3622,19722.7905, NaN, NaN, NaN,3.9130,25.7000,5.2423, NaN, NaN, NaN, NaN, NaN, NaN, NaN, NaN, NaN, NaN, NaN, NaN, NaN, NaN, NaN, NaN, NaN, NaN, NaN, NaN, NaN, NaN, NaN, NaN, NaN, NaN, NaN, NaN, NaN, NaN,
03/2009,21.4963,1284.9149,4.9256,2811.4795,1.1321,84.2279,142.6058,6529.3420,21.4963,1284.9149,2.8536,2539.0539,0.1350,50.9226,142.6058,6529.3420,15.6643,199.2643,3.5274,219.7890,0.8264,30.4379,103.8633,1187.0338,11.1024,402.6240,2.3323,564.9891,0.5570,44.4639,73.7345,2346.2399,21.4963,1284.9149,4.9256,2644.0030,0.6897,53.5553,142.6058,6529.3420, NaN, NaN, NaN,4.3073,22.9864,8.6074, NaN, NaN, NaN, NaN, NaN, NaN, NaN, NaN, NaN, NaN, NaN, NaN, NaN, NaN, NaN, NaN, NaN, NaN, NaN, NaN, NaN, NaN, NaN, NaN, NaN, NaN, NaN, NaN, NaN, NaN,
04/2009,17.2109,501.8026,4.3562,746.5951,1.0842,71.3795,118.3198,3171.8437,17.2109,501.8026,2.4264,440.6243,0.1219,35.1045,118.3198,3171.8437,7.6464,179.7725,1.8093,222.7797,0.4704,22.3633,52.5465,1140.0491,11.2666,425.8742,2.7312,610.8401,0.6968,54.3076,77.4623,2691.5718,17.2109,501.8026,4.3562,551.6766,0.6667,38.6242,118.3198,3171.8437, NaN, NaN, NaN,4.3338,20.9213,16.0734, NaN, NaN, NaN, NaN, NaN, NaN, NaN, NaN, NaN, NaN, NaN, NaN, NaN, NaN, NaN, NaN, NaN, NaN, NaN, NaN, NaN, NaN, NaN, NaN, NaN, NaN, NaN, NaN, NaN, NaN,
05/2009,89.3635,1082.9376,28.8056,1416.9448,7.0637,202.1818,638.9977,7372.4061,89.3635,1082.9376,15.4070,806.0169,0.7529,53.2379,638.9977,7372.4061,60.9811,552.1824,18.8926,556.8380,4.7719,114.8986,436.0256,3756.0060,115.4477,1431.6912,38.3422,1620.7635,9.1902,251.8445,825.5438,9737.9458,89.3635,1082.9376,28.8056,1002.4567,4.2690,70.6634,638.9977,7372.4061, NaN, NaN, NaN,6.8963,17.1137,19.2682, NaN, NaN, NaN, NaN, NaN, NaN, NaN, NaN, NaN, NaN, NaN, NaN, NaN, NaN, NaN, NaN, NaN, NaN, NaN, NaN, NaN, NaN, NaN, NaN, NaN, NaN, NaN, NaN, NaN, NaN,
06/2009,414.0115,6567.8602,200.4874,8578.6263,19.6311,622.4710,3099.3648,54685.1705,414.0115,6567.8602,161.1268,7177.7277,4.7670,178.9360,3099.3648,54685.1705,185.3626,3063.3120,48.9075,3155.8401,11.6146,380.0472,1377.1828,25489.8469,474.1546,8884.2442,255.7732,10504.7648,21.2168,718.4502,3554.4258,76041.0841,414.0115,6567.8602,200.4874,7579.6017,13.2788,230.0866,3099.3648,54685.1705, NaN, NaN, NaN,5.9318,14.4782,11.9470, NaN, NaN, NaN, NaN, NaN, NaN, NaN, NaN, NaN, NaN, NaN, NaN, NaN, NaN, NaN, NaN, NaN, NaN, NaN, NaN, NaN, NaN, NaN, NaN, NaN, NaN, NaN, NaN, NaN, NaN,
07/2009,2430.0691,97878.0931,1969.1293,239013.4063,66.8961,6875.5570,20121.1690,931042.9141,2430.0691,97878.0931,1757.9098,234563.6329,44.7769,5564.2178,20121.1690,931042.9141,687.5626,10842.6384,439.9060,12780.8764,23.5950,712.6737,5771.6250,101369.4889,3196.8518,142960.4294,2749.3346,368209.0565,88.9203,14085.9466,26493.9308,1362228.7888,2430.0691,97878.0931,1969.1293,235541.3298,59.5945,5671.2202,20121.1690,931042.9141, NaN, NaN, NaN,21.0333,12.1412,5.5163, NaN, NaN, NaN, NaN, NaN, NaN, NaN, NaN, NaN, NaN, NaN, NaN, NaN, NaN, NaN, NaN, NaN, NaN, NaN, NaN, NaN, NaN, NaN, NaN, NaN, NaN, NaN, NaN, NaN, NaN,
08/2009,2466.7373,91558.7626,1871.9444,185361.6210,65.5122,9520.0462,20399.1927,859135.7704,2466.7373,91558.7626,1675.1796,165555.9393,43.3375,3541.2116,20399.1927,859135.7704,1472.8003,17098.3699,1097.5741,19509.2759,42.1882,864.2028,12167.5207,157825.1538,1967.5958,83036.3962,1384.7800,146681.2274,50.1264,8152.5741,16249.5040,774802.8729,2466.7373,91558.7626,1871.9444,168442.8866,58.1007,3913.9970,20399.1927,859135.7704, NaN, NaN, NaN,9.0333,13.8182,4.5603, NaN, NaN, NaN, NaN, NaN, NaN, NaN, NaN, NaN, NaN, NaN, NaN, NaN, NaN, NaN, NaN, NaN, NaN, NaN, NaN, NaN, NaN, NaN, NaN, NaN, NaN, NaN, NaN, NaN, NaN,
09/2009,2128.1443,58631.9040,1442.1517,84927.7716,49.4486,5820.9970,18413.4900,553336.7609,2128.1443,58631.9040,1325.9395,70510.1756,34.5164,1436.0425,18413.4900,553336.7609,1180.4141,12382.5370,775.8456,12334.3230,28.7935,559.9825,10206.9055,115818.0021,1511.3952,43792.1078,952.2770,66188.7245,34.2594,3643.6356,13073.2171,414603.8010,2128.1443,58631.9040,1442.1517,73007.9552,44.4870,1760.3954,18413.4900,553336.7609, NaN, NaN, NaN,8.8675,14.8250,3.5940, NaN, NaN, NaN, NaN, NaN, NaN, NaN, NaN, NaN, NaN, NaN, NaN, NaN, NaN, NaN, NaN, NaN, NaN, NaN, NaN, NaN, NaN, NaN, NaN, NaN, NaN, NaN, NaN, NaN, NaN,
10/2009,166.1731,10911.8621,59.9443,11492.5627,2.5048,315.0107,1408.2930,92914.6680,166.1731,10911.8621,55.1288,10570.8549,1.5940,206.5892,1408.2930,92914.6680,74.5114,2071.1635,27.1635,1794.6088,1.2074,71.6798,635.0226,17488.4964,112.6310,9614.1600,36.4517,10796.6403,1.6428,324.6354,953.2187,82793.1399,166.1731,10911.8621,59.9443,10849.2283,2.1748,243.8292,1408.2930,92914.6680, NaN, NaN, NaN,8.3400,16.3750,3.9780, NaN, NaN, NaN, NaN, NaN, NaN, NaN, NaN, NaN, NaN, NaN, NaN, NaN, NaN, NaN, NaN, NaN, NaN, NaN, NaN, NaN, NaN, NaN, NaN, NaN, NaN, NaN, NaN, NaN, NaN,
11/2009,99.7056,3953.1110,23.5271,4540.7974,4.6956,263.4758,541.1490,26438.4006,99.7056,3953.1110,14.6777,3715.0837,0.6201,104.5941,541.1490,26438.4006,32.4778,565.0646,7.6115,557.3641,1.8761,74.4950,177.1734,3275.3173,74.3645,4406.9443,17.1582,4078.2720,3.9913,239.8084,404.8400,29930.3928,99.7056,3953.1110,23.5271,3975.6288,2.9714,137.5327,541.1490,26438.4006, NaN, NaN, NaN,7.3375,22.5500,5.0786, NaN, NaN, NaN, NaN, NaN, NaN, NaN, NaN, NaN, NaN, NaN, NaN, NaN, NaN, NaN, NaN, NaN, NaN, NaN, NaN, NaN, NaN, NaN, NaN, NaN, NaN, NaN, NaN, NaN, NaN,
12/2009,8.6832,801.7747,0.3082,1113.9391,0.0076,52.4095,44.8485,4878.2806,8.6832,801.7747,0.3068,779.4769,0.0075,43.6219,44.8485,4878.2806,1.9613,166.7347,0.0451,222.4838,0.0009,8.2941,10.1716,920.1665,6.4109,655.5600,0.2287,826.6016,0.0060,44.0236,33.1635,3927.4137,8.6832,801.7747,0.3082,899.5625,0.0076,49.6224,44.8485,4878.2806, NaN, NaN, NaN,4.8500,27.2183,4.9826, NaN, NaN, NaN, NaN, NaN, NaN, NaN, NaN, NaN, NaN, NaN, NaN, NaN, NaN, NaN, NaN, NaN, NaN, NaN, NaN, NaN, NaN, NaN, NaN, NaN, NaN, NaN, NaN, NaN, NaN,
01/2010,2.4365,328.3200,0.1033,547.3124,0.0035,30.4600,13.6244,1886.0916,2.4365,328.3200,0.1033,313.5053,0.0035,29.7849,13.6244,1886.0916,0.9245,101.8397,0.0135,145.2919,0.0001,3.9218,5.1765,585.3514,1.9699,320.4576,0.0649,509.6388,0.0019,26.7396,11.0097,1851.4594,2.4365,328.3200,0.1033,406.1512,0.0035,30.0547,13.6244,1886.0916, NaN, NaN, NaN,4.7770,27.4990,5.4220, NaN, NaN, NaN, NaN, NaN, NaN, NaN, NaN, NaN, NaN, NaN, NaN, NaN, NaN, NaN, NaN, NaN, NaN, NaN, NaN, NaN, NaN, NaN, NaN, NaN, NaN, NaN, NaN, NaN, NaN,
02/2010,1.6243,294.0883,0.0552,501.9002,0.0045,28.3423,9.6700,1793.8329,1.6243,294.0883,0.0506,285.2381,0.0017,27.5881,9.6700,1793.8329,0.7603,96.2237,0.0213,141.7557,0.0017,4.0641,4.5378,587.1372,2.1600,279.0720,0.1031,455.4739,0.0097,24.7746,12.8336,1703.1694,1.6243,294.0883,0.0552,369.9881,0.0045,27.8014,9.6700,1793.8329, NaN, NaN, NaN,4.7575,26.4575,8.4052, NaN, NaN, NaN, NaN, NaN, NaN, NaN, NaN, NaN, NaN, NaN, NaN, NaN, NaN, NaN, NaN, NaN, NaN, NaN, NaN, NaN, NaN, NaN, NaN, NaN, NaN, NaN, NaN, NaN, NaN,
03/2010,45.6710,1196.5968,18.2301,3871.4895,4.5370,185.5387,296.9923,7382.4184,45.6710,1196.5968,9.0307,3472.2248,0.4595,114.4268,296.9923,7382.4184,33.6528,648.8986,12.9743,719.6810,3.3282,68.1056,218.8539,4036.0619,23.3626,920.9894,8.5231,1064.5232,2.2561,72.8847,151.8964,5716.6847,45.6710,1196.5968,18.2301,3614.0981,2.6917,123.0381,296.9923,7382.4184, NaN, NaN, NaN,4.0587,24.9525,14.1391, NaN, NaN, NaN, NaN, NaN, NaN, NaN, NaN, NaN, NaN, NaN, NaN, NaN, NaN, NaN, NaN, NaN, NaN, NaN, NaN, NaN, NaN, NaN, NaN, NaN, NaN, NaN, NaN, NaN, NaN,
04/2010,33.3936,1711.8346,8.7233,5281.4656,2.2396,196.7420,226.4485,9621.3009,33.3936,1711.8346,4.7894,4855.0794,0.2486,134.3278,226.4485,9621.3009,14.8176,271.4515,3.6144,320.6374,0.9654,35.7650,100.4839,1817.2487,21.6778,558.8698,5.4556,769.0597,1.4325,77.2952,146.9939,3674.1700,33.3936,1711.8346,8.7233,4998.4812,1.3709,145.1315,226.4485,9621.3009, NaN, NaN, NaN,3.7425,20.7512,11.5451, NaN, NaN, NaN, NaN, NaN, NaN, NaN, NaN, NaN, NaN, NaN, NaN, NaN, NaN, NaN, NaN, NaN, NaN, NaN, NaN, NaN, NaN, NaN, NaN, NaN, NaN, NaN, NaN, NaN, NaN,
05/2010,138.8707,1974.0240,44.8420,2867.2190,10.8700,348.0277,1009.2104,14394.4282,138.8707,1974.0240,23.8869,1891.5159,1.1663,81.6198,1009.2104,14394.4282,94.3834,920.6525,29.3772,889.9216,7.3338,199.1760,685.8888,6670.0126,179.2800,2461.6656,59.6753,2655.1767,14.1507,427.4567,1302.8919,17866.1855,138.8707,1974.0240,44.8420,2175.7165,6.6474,116.7632,1009.2104,14394.4282, NaN, NaN, NaN,5.3190,15.6550,13.1463, NaN, NaN, NaN, NaN, NaN, NaN, NaN, NaN, NaN, NaN, NaN, NaN, NaN, NaN, NaN, NaN, NaN, NaN, NaN, NaN, NaN, NaN, NaN, NaN, NaN, NaN, NaN, NaN, NaN, NaN,
06/2010,74.5718,3096.8438,22.7861,5691.5366,5.6457,292.3758,567.1576,25667.5537,74.5718,3096.8438,12.2567,4873.6218,0.6138,123.6126,567.1576,25667.5537,52.8509,828.6192,15.8279,840.8563,4.0138,133.8564,401.9510,6487.1519,75.8678,2322.3974,23.2077,2405.0170,5.7424,249.2722,577.0191,18941.6373,74.5718,3096.8438,22.7861,5111.0334,3.4674,157.2775,567.1576,25667.5537, NaN, NaN, NaN,6.6500,13.4190,11.0338, NaN, NaN, NaN, NaN, NaN, NaN, NaN, NaN, NaN, NaN, NaN, NaN, NaN, NaN, NaN, NaN, NaN, NaN, NaN, NaN, NaN, NaN, NaN, NaN, NaN, NaN, NaN, NaN, NaN, NaN,
07/2010,673.9718,12101.1322,382.6658,18931.3668,26.1291,824.4380,5304.9799,113890.9076,673.9718,12101.1322,328.5943,17227.9226,9.3798,344.2393,5304.9799,113890.9076,165.8275,2384.8733,51.3108,2228.5433,12.5815,364.3883,1298.0499,20620.9221,1089.4781,22085.0064,736.7031,29773.0527,37.9938,1305.2269,8587.6819,211481.3696,673.9718,12101.1322,382.6658,17746.1436,19.2856,409.0977,5304.9799,113890.9076, NaN, NaN, NaN,9.1527,11.3009,7.6614, NaN, NaN, NaN, NaN, NaN, NaN, NaN, NaN, NaN, NaN, NaN, NaN, NaN, NaN, NaN, NaN, NaN, NaN, NaN, NaN, NaN, NaN, NaN, NaN, NaN, NaN, NaN, NaN, NaN, NaN,
08/2010,396.4032,8375.7283,205.4400,9351.6859,11.7565,419.5997,2925.4465,73017.7981,396.4032,8375.7283,181.8854,8242.4243,5.2835,178.8349,2925.4465,73017.7981,87.5664,1801.1635,26.1373,1626.1382,6.0490,215.6535,638.6448,14469.6787,380.0650,10778.2099,193.9296,10374.7437,10.4390,438.3330,2808.4863,95389.9466,396.4032,8375.7283,205.4400,8587.4634,9.1975,224.1533,2925.4465,73017.7981, NaN, NaN, NaN,8.7010,13.2240,6.6861, NaN, NaN, NaN, NaN, NaN, NaN, NaN, NaN, NaN, NaN, NaN, NaN, NaN, NaN, NaN, NaN, NaN, NaN, NaN, NaN, NaN, NaN, NaN, NaN, NaN, NaN, NaN, NaN, NaN, NaN,
09/2010,199.2211,4542.8342,90.2116,4463.4782,6.3117,279.5981,1530.1887,36462.0627,199.2211,4542.8342,78.0695,3588.5259,2.3747,112.2626,1530.1887,36462.0627,50.0947,992.1830,14.0994,938.1242,3.2923,129.7399,374.1217,7363.9703,130.6454,3889.4602,51.4274,3717.9851,4.5013,235.4137,995.5721,31346.0235,199.2211,4542.8342,90.2116,3864.2360,4.7195,146.6401,1530.1887,36462.0627, NaN, NaN, NaN,7.9900,16.1363,5.9189, NaN, NaN, NaN, NaN, NaN, NaN, NaN, NaN, NaN, NaN, NaN, NaN, NaN, NaN, NaN, NaN, NaN, NaN, NaN, NaN, NaN, NaN, NaN, NaN, NaN, NaN, NaN, NaN, NaN, NaN,
10/2010,31.8038,1177.7357,6.9000,1432.8525,1.7238,105.4621,216.5574,6108.7598,31.8038,1177.7357,3.9516,1013.5201,0.1991,53.7041,216.5574,6108.7598,15.2582,275.0544,3.3181,326.8153,0.8753,32.8410,103.0919,999.9183,24.5462,704.1600,5.1163,886.1239,1.2883,79.8679,167.5330,2983.6807,31.8038,1177.7357,6.9000,1165.5982,1.0517,64.4747,216.5574,6108.7598, NaN, NaN, NaN,6.0888,20.6125,6.9144, NaN, NaN, NaN, NaN, NaN, NaN, NaN, NaN, NaN, NaN, NaN, NaN, NaN, NaN, NaN, NaN, NaN, NaN, NaN, NaN, NaN, NaN, NaN, NaN, NaN, NaN, NaN, NaN, NaN, NaN,
11/2010,19.4573,518.5296,4.1066,721.8628,0.9820,69.0095,134.5800,2112.7364,19.4573,518.5296,2.3798,416.3926,0.1160,35.0325,134.5800,2112.7364,7.8883,178.7098,1.5589,219.0392,0.3970,19.5750,54.6649,680.6669,16.9258,470.3011,3.5432,632.3733,0.8552,59.9487,116.9948,1924.6379,19.4573,518.5296,4.1066,530.4374,0.6066,39.1111,134.5800,2112.7364, NaN, NaN, NaN,5.3740,23.6190,8.0178, NaN, NaN, NaN, NaN, NaN, NaN, NaN, NaN, NaN, NaN, NaN, NaN, NaN, NaN, NaN, NaN, NaN, NaN, NaN, NaN, NaN, NaN, NaN, NaN, NaN, NaN, NaN, NaN, NaN, NaN,
12/2010,30.8880,504.9821,7.9346,636.9512,1.9830,83.0425,211.3341,2227.0802,30.8880,504.9821,4.3855,348.6772,0.2210,29.8121,211.3341,2227.0802,22.3085,254.4739,5.6433,255.1148,1.4375,45.4698,152.2792,1147.5789,35.3894,545.3222,9.2972,650.7342,2.3052,90.1604,241.8045,2469.4636,30.8880,504.9821,7.9346,460.4316,1.2345,33.9752,211.3341,2227.0802, NaN, NaN, NaN,3.8500,25.0013,11.9163, NaN, NaN, NaN, NaN, NaN, NaN, NaN, NaN, NaN, NaN, NaN, NaN, NaN, NaN, NaN, NaN, NaN, NaN, NaN, NaN, NaN, NaN, NaN, NaN, NaN, NaN, NaN, NaN, NaN, NaN,
01/2011,38.8195,447.9840,11.4392,540.7417,3.0527,74.1933,266.5608,2268.6070,38.8195,447.9840,6.1022,301.0366,0.3235,23.2131,266.5608,2268.6070,36.9965,278.7005,10.9679,256.2568,2.9347,55.6136,253.6502,1456.4173,38.7850,445.9882,11.4520,525.1976,3.0564,72.6857,266.2295,2282.9083,38.8195,447.9840,11.4392,400.6171,1.8219,27.7025,266.5608,2268.6070, NaN, NaN, NaN,3.8336,28.0555,16.3415, NaN, NaN, NaN, NaN, NaN, NaN, NaN, NaN, NaN, NaN, NaN, NaN, NaN, NaN, NaN, NaN, NaN, NaN, NaN, NaN, NaN, NaN, NaN, NaN, NaN, NaN, NaN, NaN, NaN, NaN,
02/2011,0.7171,237.5222,0.1913,342.3691,0.0611,18.6264,4.8748,1300.7622,0.7171,237.5222,0.0991,206.3794,0.0068,15.3097,4.8748,1300.7622,0.3715,74.4854,0.0777,93.4064,0.0253,3.1925,2.6020,408.6032,0.9850,265.2134,0.3997,346.7674,0.1298,21.5895,6.1937,1454.9275,0.7171,237.5222,0.1913,266.9043,0.0385,15.5225,4.8748,1300.7622, NaN, NaN, NaN,5.1756,26.3622,20.5710, NaN, NaN, NaN, NaN, NaN, NaN, NaN, NaN, NaN, NaN, NaN, NaN, NaN, NaN, NaN, NaN, NaN, NaN, NaN, NaN, NaN, NaN, NaN, NaN, NaN, NaN, NaN, NaN, NaN, NaN,
03/2011,43.2950,302.6160,6.8665,396.4825,0.8981,28.9687,330.6785,1914.4344,43.2950,302.6160,5.0813,236.1338,0.1524,17.2471,330.6785,1914.4344,32.0803,126.2909,4.8517,124.3783,0.6578,11.3509,245.0418,822.8197,22.0493,249.7133,3.1436,354.8464,0.4458,21.0307,168.4333,1557.4237,43.2950,302.6160,6.8665,308.8677,0.5475,18.6489,330.6785,1914.4344, NaN, NaN, NaN,3.3400,24.5712,23.8113, NaN, NaN, NaN, NaN, NaN, NaN, NaN, NaN, NaN, NaN, NaN, NaN, NaN, NaN, NaN, NaN, NaN, NaN, NaN, NaN, NaN, NaN, NaN, NaN, NaN, NaN, NaN, NaN, NaN, NaN,
04/2011,37.0915,488.2118,9.7002,579.2699,2.4817,85.3135,275.5291,3365.4867,37.0915,488.2118,5.3733,317.4450,0.2756,25.4480,275.5291,3365.4867,16.4851,191.1686,4.0356,197.5792,1.0762,31.6303,122.4655,1322.8943,24.1229,387.7978,6.0644,485.1292,1.5872,59.7750,179.2191,2668.3736,37.0915,488.2118,9.7002,419.1193,1.5107,30.1354,275.5291,3365.4867, NaN, NaN, NaN,4.3089,21.8944,27.8193, NaN, NaN, NaN, NaN, NaN, NaN, NaN, NaN, NaN, NaN, NaN, NaN, NaN, NaN, NaN, NaN, NaN, NaN, NaN, NaN, NaN, NaN, NaN, NaN, NaN, NaN, NaN, NaN, NaN, NaN,
05/2011,84.8621,1049.2848,28.3359,1183.0823,7.1952,225.9720,643.8347,7924.4903,84.8621,1049.2848,14.8596,574.4642,0.7628,49.7624,643.8347,7924.4903,57.8275,629.4758,18.6417,594.7585,4.8514,135.9751,438.7220,4770.7095,109.5120,1357.0157,37.6086,1444.2178,9.3745,283.3043,830.8456,10507.6929,84.8621,1049.2848,28.3359,773.9269,4.4521,66.5903,643.8347,7924.4903, NaN, NaN, NaN,3.6720,17.7240,28.1646, NaN, NaN, NaN, NaN, NaN, NaN, NaN, NaN, NaN, NaN, NaN, NaN, NaN, NaN, NaN, NaN, NaN, NaN, NaN, NaN, NaN, NaN, NaN, NaN, NaN, NaN, NaN, NaN, NaN, NaN,
06/2011,199.9382,3131.8790,61.5038,5541.6994,14.6322,519.2267,1542.5354,26252.4048,199.9382,3131.8790,33.6391,4367.0626,1.6170,143.5372,1542.5354,26252.4048,140.6074,1444.2883,41.8040,1318.9368,10.3748,297.3355,1085.3351,11801.7121,203.6534,3883.6800,62.8290,3876.2873,14.8798,494.4828,1571.1269,33069.7330,199.9382,3131.8790,61.5038,4704.8697,9.0082,184.9609,1542.5354,26252.4048, NaN, NaN, NaN,6.6225,13.5400,12.1070, NaN, NaN, NaN, NaN, NaN, NaN, NaN, NaN, NaN, NaN, NaN, NaN, NaN, NaN, NaN, NaN, NaN, NaN, NaN, NaN, NaN, NaN, NaN, NaN, NaN, NaN, NaN, NaN, NaN, NaN,
07/2011,1385.0266,24317.8589,989.5376,57343.6494,45.0382,2114.0245,10001.9269,223792.0291,1385.0266,24317.8589,878.1976,55521.0853,22.7294,1533.4184,10001.9269,223792.0291,295.6176,4551.3965,121.6060,4186.6274,17.2498,481.0470,2107.6071,38279.9681,1855.7338,46041.7997,1428.4765,69306.6219,59.3304,2432.6729,13409.1716,430028.6165,1385.0266,24317.8589,989.5376,56126.0036,36.5129,1606.9796,10001.9269,223792.0291, NaN, NaN, NaN,8.5156,12.5167,8.1843, NaN, NaN, NaN, NaN, NaN, NaN, NaN, NaN, NaN, NaN, NaN, NaN, NaN, NaN, NaN, NaN, NaN, NaN, NaN, NaN, NaN, NaN, NaN, NaN, NaN, NaN, NaN, NaN, NaN, NaN,
08/2011,2326.5274,79057.8144,1801.0054,202305.8342,59.2231,5656.1262,18867.2926,724259.8810,2326.5274,79057.8144,1635.6027,200319.6982,41.0178,5189.9688,18867.2926,724259.8810,1329.9811,10949.7830,954.9328,11590.6517,36.9390,599.1717,10909.5677,98161.0663,2081.4019,73031.0429,1576.5515,128435.8067,51.6023,3834.0273,16702.3784,664450.9521,2326.5274,79057.8144,1801.0054,201048.8570,53.2065,5268.7365,18867.2926,724259.8810, NaN, NaN, NaN,8.6164,14.9282,5.8376, NaN, NaN, NaN, NaN, NaN, NaN, NaN, NaN, NaN, NaN, NaN, NaN, NaN, NaN, NaN, NaN, NaN, NaN, NaN, NaN, NaN, NaN, NaN, NaN, NaN, NaN, NaN, NaN, NaN, NaN,
09/2011,1381.9766,24790.0003,886.4505,32846.1088,35.2336,1130.8948,11792.1122,237429.4980,1381.9766,24790.0003,810.3636,31002.1691,21.0963,670.4891,11792.1122,237429.4980,767.3530,6277.5216,461.5788,5845.8261,21.7601,378.5560,6540.6992,58226.1412,963.0317,19198.8835,570.5052,20177.7672,24.8654,763.0583,8212.3988,184460.2746,1381.9766,24790.0003,886.4505,31756.9379,30.0351,757.4193,11792.1122,237429.4980, NaN, NaN, NaN,8.1989,15.4633,4.3740, NaN, NaN, NaN, NaN, NaN, NaN, NaN, NaN, NaN, NaN, NaN, NaN, NaN, NaN, NaN, NaN, NaN, NaN, NaN, NaN, NaN, NaN, NaN, NaN, NaN, NaN, NaN, NaN, NaN, NaN,
10/2011,450.3082,12084.2064,215.7183,16380.1096,12.4898,615.0838,3159.0026,95907.8109,450.3082,12084.2064,190.5015,15262.2583,5.4806,374.2511,3159.0026,95907.8109,122.0400,1871.7264,45.2717,1539.4838,4.6337,140.6989,877.3177,13883.8860,229.5907,8881.7904,88.8818,8042.0916,7.4239,359.0511,1625.0004,69930.0013,450.3082,12084.2064,215.7183,15631.2189,9.6880,419.4390,3159.0026,95907.8109, NaN, NaN, NaN,6.7130,19.7460,6.3450, NaN, NaN, NaN, NaN, NaN, NaN, NaN, NaN, NaN, NaN, NaN, NaN, NaN, NaN, NaN, NaN, NaN, NaN, NaN, NaN, NaN, NaN, NaN, NaN, NaN, NaN, NaN, NaN, NaN, NaN,
11/2011,286.3210,7359.9754,133.3937,11630.0980,7.4080,1041.6943,1789.9996,54629.0500,286.3210,7359.9754,118.7795,10927.6018,3.3954,904.7740,1789.9996,54629.0500,30.5942,791.9942,6.6281,704.2234,1.6891,65.7957,189.3766,5405.2879,135.1901,7254.0058,46.9859,6382.1369,4.5663,256.9918,843.8980,54364.3749,286.3210,7359.9754,133.3937,11175.6692,5.7907,931.5241,1789.9996,54629.0500, NaN, NaN, NaN,6.0400,22.4663,6.9983, NaN, NaN, NaN, NaN, NaN, NaN, NaN, NaN, NaN, NaN, NaN, NaN, NaN, NaN, NaN, NaN, NaN, NaN, NaN, NaN, NaN, NaN, NaN, NaN, NaN, NaN, NaN, NaN, NaN, NaN,
12/2011,77.6045,2946.9485,22.6564,4184.9406,5.5351,252.2593,353.9682,17201.2312,77.6045,2946.9485,12.0454,3445.9613,0.5964,85.8790,353.9682,17201.2312,50.1898,1791.2534,15.7601,1397.3647,4.0105,140.0332,230.9727,10593.2333,85.1731,6091.9603,26.3649,5928.7455,6.4196,330.7373,389.8399,37304.6460,77.6045,2946.9485,22.6564,3674.3887,3.4344,107.6699,353.9682,17201.2312, NaN, NaN, NaN,4.1467,25.4667,7.6332, NaN, NaN, NaN, NaN, NaN, NaN, NaN, NaN, NaN, NaN, NaN, NaN, NaN, NaN, NaN, NaN, NaN, NaN, NaN, NaN, NaN, NaN, NaN, NaN, NaN, NaN, NaN, NaN, NaN, NaN,
01/2012,68.4461,2285.5651,14.9459,4351.2722,3.2733,93.0019,297.1486,9477.6819,68.4461,2285.5651,9.0473,4056.5638,0.3878,55.8015,297.1486,9477.6819,62.3981,340.0704,14.1382,291.6927,3.1407,41.5327,269.8693,1033.3569,67.6512,717.9926,14.9333,758.9830,3.2764,68.8959,293.2401,2229.0766,68.4461,2285.5651,14.9459,4177.2771,1.9233,60.4075,297.1486,9477.6819, NaN, NaN, NaN,2.9355,26.1955,7.9353, NaN, NaN, NaN, NaN, NaN, NaN, NaN, NaN, NaN, NaN, NaN, NaN, NaN, NaN, NaN, NaN, NaN, NaN, NaN, NaN, NaN, NaN, NaN, NaN, NaN, NaN, NaN, NaN, NaN, NaN,
02/2012,37.9469,813.6634,10.7311,1125.3852,2.5509,119.3194,164.0664,2666.5651,37.9469,813.6634,5.8558,709.1983,0.2817,41.4417,164.0664,2666.5651,16.0704,270.1123,4.2554,262.3026,1.0764,38.8820,69.2053,778.6462,70.5888,2283.8198,22.1709,2348.7199,5.0129,220.4727,303.5781,9496.0733,37.9469,813.6634,10.7311,849.0763,1.6103,50.0301,164.0664,2666.5651, NaN, NaN, NaN,5.8733,25.4944,8.4652, NaN, NaN, NaN, NaN, NaN, NaN, NaN, NaN, NaN, NaN, NaN, NaN, NaN, NaN, NaN, NaN, NaN, NaN, NaN, NaN, NaN, NaN, NaN, NaN, NaN, NaN, NaN, NaN, NaN, NaN,
03/2012,1.6502,292.3344,0.0436,480.9176,0.0011,25.5964,9.9320,1117.9946,1.6502,292.3344,0.0419,280.9616,0.0010,24.8087,9.9320,1117.9946,0.8208,85.8038,0.0196,124.3876,0.0005,3.2470,4.9911,329.7489,1.6070,304.4477,0.0413,479.4145,0.0010,24.5590,9.5863,1191.1017,1.6502,292.3344,0.0436,364.1014,0.0011,24.9541,9.9320,1117.9946, NaN, NaN, NaN,4.7263,23.5050,15.6410, NaN, NaN, NaN, NaN, NaN, NaN, NaN, NaN, NaN, NaN, NaN, NaN, NaN, NaN, NaN, NaN, NaN, NaN, NaN, NaN, NaN, NaN, NaN, NaN, NaN, NaN, NaN, NaN, NaN, NaN,
04/2012,81.2160,965.2176,24.7013,1127.3327,6.1168,210.7690,498.6316,4971.0911,81.2160,965.2176,13.2826,552.0072,0.6625,49.1273,498.6316,4971.0911,36.2966,401.7686,10.2412,399.6248,2.6624,82.2081,222.8582,2078.5860,53.0842,768.1651,15.3992,929.0235,3.9167,147.7230,326.0590,3935.8734,81.2160,965.2176,24.7013,741.4047,3.7660,64.0548,498.6316,4971.0911, NaN, NaN, NaN,3.7975,20.1067,18.6974, NaN, NaN, NaN, NaN, NaN, NaN, NaN, NaN, NaN, NaN, NaN, NaN, NaN, NaN, NaN, NaN, NaN, NaN, NaN, NaN, NaN, NaN, NaN, NaN, NaN, NaN, NaN, NaN, NaN, NaN,
05/2012,67.8413,886.5245,19.0560,1155.1046,4.8623,177.5870,444.4566,5217.7078,67.8413,886.5245,10.3968,575.6141,0.5316,53.3064,444.4566,5217.7078,46.0166,500.9299,12.5823,514.0122,3.2846,94.2652,301.2794,2941.4514,87.3504,2214.4579,25.2241,2403.3652,6.3343,235.4529,572.1063,12734.0698,67.8413,886.5245,19.0560,766.4875,2.9430,72.4208,444.4566,5217.7078, NaN, NaN, NaN,5.7731,16.6238,18.7702, NaN, NaN, NaN, NaN, NaN, NaN, NaN, NaN, NaN, NaN, NaN, NaN, NaN, NaN, NaN, NaN, NaN, NaN, NaN, NaN, NaN, NaN, NaN, NaN, NaN, NaN, NaN, NaN, NaN, NaN,
06/2012,784.0195,10376.2339,436.4992,18143.4567,32.6477,1051.7928,5811.3037,84045.0575,784.0195,10376.2339,369.1021,16378.6295,10.5641,430.1904,5811.3037,84045.0575,225.8410,3258.7747,68.4697,2970.5278,16.8211,489.9525,1642.4678,24304.6927,789.4973,14512.6166,440.6309,17049.3304,33.0951,1043.8200,5850.6068,117496.5757,784.0195,10376.2339,436.4992,16952.1598,23.6187,500.4350,5811.3037,84045.0575, NaN, NaN, NaN,8.0160,14.8890,13.1962, NaN, NaN, NaN, NaN, NaN, NaN, NaN, NaN, NaN, NaN, NaN, NaN, NaN, NaN, NaN, NaN, NaN, NaN, NaN, NaN, NaN, NaN, NaN, NaN, NaN, NaN, NaN, NaN, NaN, NaN,
07/2012,244.5120,5586.7450,111.6441,7332.5919,7.1374,283.8984,2038.2077,50334.3671,244.5120,5586.7450,98.1800,6601.1933,3.0110,138.9590,2038.2077,50334.3671,40.4179,771.9581,11.3404,736.0180,3.0283,101.8208,324.0931,6225.6686,283.0032,6402.7498,133.6578,5890.2531,8.4424,305.5666,2353.8732,58053.3891,244.5120,5586.7450,111.6441,6866.8635,5.4439,168.8741,2038.2077,50334.3671, NaN, NaN, NaN,8.8769,11.3846,6.9765, NaN, NaN, NaN, NaN, NaN, NaN, NaN, NaN, NaN, NaN, NaN, NaN, NaN, NaN, NaN, NaN, NaN, NaN, NaN, NaN, NaN, NaN, NaN, NaN, NaN, NaN, NaN, NaN, NaN, NaN,
08/2012,1152.7142,11661.4426,737.0124,14448.5106,31.6807,633.1976,9433.1875,99285.3646,1152.7142,11661.4426,668.1822,13102.6249,17.5377,244.7127,9433.1875,99285.3646,464.5642,2588.9587,232.9320,2152.6579,17.4029,346.3370,3772.1778,20498.9394,848.4912,10234.3392,506.0565,9779.0536,23.7217,545.0180,6928.7021,87222.6525,1152.7142,11661.4426,737.0124,13626.9776,26.3156,301.8352,9433.1875,99285.3646, NaN, NaN, NaN,8.1450,14.3312,8.1094, NaN, NaN, NaN, NaN, NaN, NaN, NaN, NaN, NaN, NaN, NaN, NaN, NaN, NaN, NaN, NaN, NaN, NaN, NaN, NaN, NaN, NaN, NaN, NaN, NaN, NaN, NaN, NaN, NaN, NaN,
09/2012,859.5245,10989.4493,517.0396,13101.8886,24.2583,560.8865,6577.3872,86490.0946,859.5245,10989.4493,466.3388,11940.9689,12.5900,229.8277,6577.3872,86490.0946,404.4298,2623.3114,212.4737,2247.6283,13.8943,274.4815,3076.2505,19525.7456,545.7456,6232.4986,297.2278,6012.7958,16.3411,410.9672,4165.2242,48292.3319,859.5245,10989.4493,517.0396,12400.9943,19.7113,276.3853,6577.3872,86490.0946, NaN, NaN, NaN,8.1650,16.8775,8.1017, NaN, NaN, NaN, NaN, NaN, NaN, NaN, NaN, NaN, NaN, NaN, NaN, NaN, NaN, NaN, NaN, NaN, NaN, NaN, NaN, NaN, NaN, NaN, NaN, NaN, NaN, NaN, NaN, NaN, NaN,
10/2012,101.2867,2638.8202,39.0081,2927.6241,2.0683,117.6817,718.4416,18698.2967,101.2867,2638.8202,35.2098,2508.1760,1.0665,63.5309,718.4416,18698.2967,22.8528,323.8963,6.0477,344.9413,0.6439,31.9702,155.6067,1714.3023,45.2045,1103.7600,13.3600,1161.3967,1.0807,83.7177,313.2476,7000.0456,101.2867,2638.8202,39.0081,2677.9091,1.6714,74.2705,718.4416,18698.2967, NaN, NaN, NaN,5.7290,20.5570,6.2455, NaN, NaN, NaN, NaN, NaN, NaN, NaN, NaN, NaN, NaN, NaN, NaN, NaN, NaN, NaN, NaN, NaN, NaN, NaN, NaN, NaN, NaN, NaN, NaN, NaN, NaN, NaN, NaN, NaN, NaN,
11/2012,130.4554,1932.1978,37.4597,2155.4510,8.0796,274.5269,933.7962,12289.5744,130.4554,1932.1978,22.4352,1457.1944,1.0120,60.9317,933.7962,12289.5744,46.8461,497.5776,12.6068,445.7744,3.2572,97.2178,331.6755,3183.0188,99.8093,3871.9814,28.0608,3083.6832,6.9013,260.2246,708.0396,24255.8188,130.4554,1932.1978,37.4597,1708.0420,5.0252,82.4462,933.7962,12289.5744, NaN, NaN, NaN,5.1700,23.3988,5.7686, NaN, NaN, NaN, NaN, NaN, NaN, NaN, NaN, NaN, NaN, NaN, NaN, NaN, NaN, NaN, NaN, NaN, NaN, NaN, NaN, NaN, NaN, NaN, NaN, NaN, NaN, NaN, NaN, NaN, NaN,
12/2012,44.9539,2843.9078,12.0450,5732.1363,3.0959,187.7503,320.3592,18067.7750,44.9539,2843.9078,6.5102,5326.2128,0.3381,91.0343,320.3592,18067.7750,29.6957,399.0730,8.4622,361.5480,2.2473,76.7841,210.5733,2539.2008,48.8160,2647.9786,13.9846,2167.7948,3.5877,166.6648,346.7615,16708.0368,44.9539,2843.9078,12.0450,5472.1519,1.8499,99.3754,320.3592,18067.7750, NaN, NaN, NaN,5.7500,26.3882,6.6273, NaN, NaN, NaN, NaN, NaN, NaN, NaN, NaN, NaN, NaN, NaN, NaN, NaN, NaN, NaN, NaN, NaN, NaN, NaN, NaN, NaN, NaN, NaN, NaN, NaN, NaN, NaN, NaN, NaN, NaN,
01/2013,15.2582,860.0774,3.1811,1462.2083,0.7679,53.9430,107.8118,4718.7297,15.2582,860.0774,1.8399,1261.2862,0.0922,25.7145,107.8118,4718.7297,13.1674,212.5440,2.9466,196.7278,0.7323,30.6481,92.8392,1280.1456,14.6275,1127.8483,3.1228,1123.6551,0.7645,58.9567,103.3297,5883.7815,15.2582,860.0774,3.1811,1345.7725,0.4826,27.9187,107.8118,4718.7297, NaN, NaN, NaN,5.3262,26.9162,6.6033, NaN, NaN, NaN, NaN, NaN, NaN, NaN, NaN, NaN, NaN, NaN, NaN, NaN, NaN, NaN, NaN, NaN, NaN, NaN, NaN, NaN, NaN, NaN, NaN, NaN, NaN, NaN, NaN, NaN, NaN,
02/2013,3.0672,212.6131,0.8486,337.7158,0.2602,14.8284,20.6566,1286.6550,3.0672,212.6131,0.4279,232.8232,0.0260,11.2489,20.6566,1286.6550,1.2442,44.9971,0.3467,61.3670,0.1095,2.3700,8.3553,272.3741,5.0112,177.7162,1.6779,251.3249,0.5087,15.9264,33.2926,1076.5944,3.0672,212.6131,0.8486,283.3974,0.1473,11.6529,20.6566,1286.6550, NaN, NaN, NaN,5.6238,26.5100,9.7938, NaN, NaN, NaN, NaN, NaN, NaN, NaN, NaN, NaN, NaN, NaN, NaN, NaN, NaN, NaN, NaN, NaN, NaN, NaN, NaN, NaN, NaN, NaN, NaN, NaN, NaN, NaN, NaN, NaN, NaN,
03/2013,114.6269,1255.1328,38.9166,1527.2347,9.1723,270.4527,760.6861,7906.9488,114.6269,1255.1328,20.4883,843.3722,0.9765,51.6197,760.6861,7906.9488,84.4992,811.7712,27.7404,717.8198,6.7163,177.3449,560.6023,5195.0215,58.1731,1046.6237,18.2026,971.4121,4.5348,139.5054,386.0883,7480.3897,114.6269,1255.1328,38.9166,1051.3752,5.6585,69.8794,760.6861,7906.9488, NaN, NaN, NaN,4.5633,24.3689,16.4977, NaN, NaN, NaN, NaN, NaN, NaN, NaN, NaN, NaN, NaN, NaN, NaN, NaN, NaN, NaN, NaN, NaN, NaN, NaN, NaN, NaN, NaN, NaN, NaN, NaN, NaN, NaN, NaN, NaN, NaN,
04/2013,16.2173,772.9603,4.0641,1374.4662,1.0490,79.5681,105.6751,4368.4858,16.2173,772.9603,2.2504,1085.9090,0.1187,39.9591,105.6751,4368.4858,7.0934,188.1878,1.6656,224.9991,0.4468,23.6465,46.2355,1084.2831,10.4458,448.1222,2.5276,558.2443,0.6657,50.0887,68.0545,2623.2062,16.2173,772.9603,4.0641,1193.2361,0.6434,42.9802,105.6751,4368.4858, NaN, NaN, NaN,4.4940,22.4140,15.0483, NaN, NaN, NaN, NaN, NaN, NaN, NaN, NaN, NaN, NaN, NaN, NaN, NaN, NaN, NaN, NaN, NaN, NaN, NaN, NaN, NaN, NaN, NaN, NaN, NaN, NaN, NaN, NaN, NaN, NaN,
05/2013,165.6634,3001.1731,52.4642,5667.3894,13.1168,479.3168,1053.5710,18955.3235,165.6634,3001.1731,27.9157,4693.7562,1.4049,152.2577,1053.5710,18955.3235,112.4496,1309.9018,34.4885,1128.7735,8.8535,245.6010,714.8706,7709.6741,213.3475,7371.1382,69.6774,7395.8890,17.0939,599.1901,1356.5883,49810.9140,165.6634,3001.1731,52.4642,5004.2015,8.0271,186.7862,1053.5710,18955.3235, NaN, NaN, NaN,6.2075,17.1525,12.3593, NaN, NaN, NaN, NaN, NaN, NaN, NaN, NaN, NaN, NaN, NaN, NaN, NaN, NaN, NaN, NaN, NaN, NaN, NaN, NaN, NaN, NaN, NaN, NaN, NaN, NaN, NaN, NaN, NaN, NaN,
06/2013,34.0157,2453.4490,12.3402,4686.1730,3.4919,178.6539,206.3494,17209.3606,34.0157,2453.4490,6.2928,4223.9204,0.3604,99.9164,206.3494,17209.3606,23.8896,489.7757,8.6407,491.1384,2.4839,64.1911,144.6316,2969.4895,34.3958,5921.2253,12.5704,6049.2712,3.5557,221.8801,208.5265,43095.1253,34.0157,2453.4490,12.3402,4390.9005,2.0810,113.6612,206.3494,17209.3606, NaN, NaN, NaN,6.2325,13.9000,13.0087, NaN, NaN, NaN, NaN, NaN, NaN, NaN, NaN, NaN, NaN, NaN, NaN, NaN, NaN, NaN, NaN, NaN, NaN, NaN, NaN, NaN, NaN, NaN, NaN, NaN, NaN, NaN, NaN, NaN, NaN,
07/2013,292.1702,11239.2749,124.4657,16277.3387,17.3307,814.2469,1877.1741,87635.9425,292.1702,11239.2749,90.6624,14927.2033,3.1759,364.4113,1877.1741,87635.9425,141.2640,2675.4970,44.1195,2307.5851,11.0790,352.3277,907.4168,19071.6631,445.4784,30176.9366,235.2497,50066.3402,22.7084,1874.3522,2862.3857,241895.2053,292.1702,11239.2749,124.4657,15374.2944,11.3667,412.4699,1877.1741,87635.9425, NaN, NaN, NaN,7.4673,12.1873,12.3098, NaN, NaN, NaN, NaN, NaN, NaN, NaN, NaN, NaN, NaN, NaN, NaN, NaN, NaN, NaN, NaN, NaN, NaN, NaN, NaN, NaN, NaN, NaN, NaN, NaN, NaN, NaN, NaN, NaN, NaN,
08/2013,1589.7773,45995.4720,1106.6585,85249.8091,48.1827,3526.6296,11254.1468,390862.0885,1589.7773,45995.4720,1003.4534,78560.0294,26.4336,1343.0589,11254.1468,390862.0885,538.1683,9869.3942,263.1973,9484.0644,24.0663,696.4393,3822.3178,81142.2044,1307.3875,58222.1606,873.9358,87100.9949,38.7029,2812.0351,9214.8524,502319.9020,1589.7773,45995.4720,1106.6585,79664.8677,39.9342,1471.7967,11254.1468,390862.0885, NaN, NaN, NaN,8.2937,14.8612,6.8313, NaN, NaN, NaN, NaN, NaN, NaN, NaN, NaN, NaN, NaN, NaN, NaN, NaN, NaN, NaN, NaN, NaN, NaN, NaN, NaN, NaN, NaN, NaN, NaN, NaN, NaN, NaN, NaN, NaN, NaN,
09/2013,2604.3725,94908.1018,1923.3298,161304.4612,70.6517,14200.8605,18516.2176,732516.9154,2604.3725,94908.1018,1734.6358,122066.3229,45.4597,2340.0298,18516.2176,732516.9154,1252.7827,20971.4314,847.7959,24052.4386,36.8428,1021.2726,8883.9371,162459.3488,1680.4195,56740.2106,1134.8042,93835.1180,45.4678,8225.4195,11933.6569,440250.1631,2604.3725,94908.1018,1923.3298,126118.0072,62.1183,2865.7034,18516.2176,732516.9154, NaN, NaN, NaN,8.1675,16.0825,3.4781, NaN, NaN, NaN, NaN, NaN, NaN, NaN, NaN, NaN, NaN, NaN, NaN, NaN, NaN, NaN, NaN, NaN, NaN, NaN, NaN, NaN, NaN, NaN, NaN, NaN, NaN, NaN, NaN, NaN, NaN,
10/2013,329.0890,16950.5827,147.9019,21068.6427,8.1806,530.3362,2248.4970,124116.0950,329.0890,16950.5827,132.0131,19901.9586,3.8850,283.2628,2248.4970,124116.0950,117.3744,3847.2797,47.8844,3256.9261,3.4271,148.3325,794.7090,27597.4928,188.0755,12683.2090,76.9967,13293.6386,5.1879,431.1617,1276.1773,93567.9930,329.0890,16950.5827,147.9019,20324.9176,6.4701,327.6423,2248.4970,124116.0950, NaN, NaN, NaN,7.6800,19.0690,4.1052, NaN, NaN, NaN, NaN, NaN, NaN, NaN, NaN, NaN, NaN, NaN, NaN, NaN, NaN, NaN, NaN, NaN, NaN, NaN, NaN, NaN, NaN, NaN, NaN, NaN, NaN, NaN, NaN, NaN, NaN,
11/2013,23.4749,1934.4614,3.2037,2597.7861,0.6174,102.2630,60.7390,8970.6701,23.4749,1934.4614,2.1598,2222.2662,0.0932,64.8486,60.7390,8970.6701,8.7869,345.0643,1.1664,332.4516,0.2464,22.9893,22.7126,1319.0974,17.6429,866.5056,2.6016,906.3805,0.5334,64.1608,45.7869,3491.1259,23.4749,1934.4614,3.2037,2368.0998,0.3890,73.3719,60.7390,8970.6701, NaN, NaN, NaN,5.3200,24.7688,5.2900, NaN, NaN, NaN, NaN, NaN, NaN, NaN, NaN, NaN, NaN, NaN, NaN, NaN, NaN, NaN, NaN, NaN, NaN, NaN, NaN, NaN, NaN, NaN, NaN, NaN, NaN, NaN, NaN, NaN, NaN,
12/2013,4.3114,491.3136,0.3963,782.0908,0.0702,50.8122,12.4010,1806.1926,4.3114,491.3136,0.2971,526.4175,0.0137,43.1350,12.4010,1806.1926,2.1686,148.5389,0.2390,183.3187,0.0463,8.4968,6.2746,503.6957,3.3955,365.9990,0.3993,511.8691,0.0801,30.4972,9.7985,1266.5415,4.3114,491.3136,0.3963,629.8349,0.0470,45.0037,12.4010,1806.1926, NaN, NaN, NaN,4.3100,26.0050,5.4004, NaN, NaN, NaN, NaN, NaN, NaN, NaN, NaN, NaN, NaN, NaN, NaN, NaN, NaN, NaN, NaN, NaN, NaN, NaN, NaN, NaN, NaN, NaN, NaN, NaN, NaN, NaN, NaN, NaN, NaN,
01/2014,1.7021,286.8048,0.1750,457.5566,0.0367,24.1613,5.9760,956.2785,1.7021,286.8048,0.1230,270.0852,0.0060,22.9938,5.9760,956.2785,0.9418,91.4198,0.1035,123.4998,0.0322,3.4003,3.3258,306.5209,1.3133,246.6634,0.1390,376.3202,0.0355,17.7100,4.6217,835.8950,1.7021,286.8048,0.1750,350.0531,0.0215,23.2703,5.9760,956.2785, NaN, NaN, NaN,3.7563,27.2337,7.5457, NaN, NaN, NaN, NaN, NaN, NaN, NaN, NaN, NaN, NaN, NaN, NaN, NaN, NaN, NaN, NaN, NaN, NaN, NaN, NaN, NaN, NaN, NaN, NaN, NaN, NaN, NaN, NaN, NaN, NaN,
02/2014,0.9677,220.7174,0.0221,356.2049,0.0005,16.8995,4.1392,766.1079,0.9677,220.7174,0.0216,214.0385,0.0005,16.7469,4.1392,766.1079,0.5702,62.0870,0.0102,87.7980,0.0002,1.7674,2.4273,215.9207,1.1923,178.8134,0.0371,279.1366,0.0010,11.5535,5.1525,622.4449,0.9677,220.7174,0.0221,277.4230,0.0005,16.8100,4.1392,766.1079, NaN, NaN, NaN,4.0689,26.1878,11.5158, NaN, NaN, NaN, NaN, NaN, NaN, NaN, NaN, NaN, NaN, NaN, NaN, NaN, NaN, NaN, NaN, NaN, NaN, NaN, NaN, NaN, NaN, NaN, NaN, NaN, NaN, NaN, NaN, NaN, NaN,
03/2014,10.3248,337.9536,2.6988,482.8148,0.7174,41.6121,47.9463,1237.1568,10.3248,337.9536,1.4639,277.7961,0.0777,22.8868,47.9463,1237.1568,7.5427,136.4602,1.9465,152.3250,0.5252,17.4672,35.0210,506.9122,5.3395,253.4198,1.2917,368.7749,0.3536,25.2073,24.8280,926.3269,10.3248,337.9536,2.6988,361.8573,0.4284,24.3225,47.9463,1237.1568, NaN, NaN, NaN,3.9070,23.9340,17.5680, NaN, NaN, NaN, NaN, NaN, NaN, NaN, NaN, NaN, NaN, NaN, NaN, NaN, NaN, NaN, NaN, NaN, NaN, NaN, NaN, NaN, NaN, NaN, NaN, NaN, NaN, NaN, NaN, NaN, NaN,
04/2014,44.3837,660.6490,13.7027,843.8341,3.4366,123.0727,225.2735,2565.2213,44.3837,660.6490,7.3343,432.3280,0.3689,39.3386,225.2735,2565.2213,19.9670,302.4778,5.7001,311.6781,1.5004,45.3160,101.3874,1234.7994,28.9526,524.7072,8.5598,647.7450,2.2062,82.3475,146.9727,2090.7626,44.3837,660.6490,13.7027,572.9948,2.0942,48.0045,225.2735,2565.2213, NaN, NaN, NaN,4.0862,20.7550,21.6865, NaN, NaN, NaN, NaN, NaN, NaN, NaN, NaN, NaN, NaN, NaN, NaN, NaN, NaN, NaN, NaN, NaN, NaN, NaN, NaN, NaN, NaN, NaN, NaN, NaN, NaN, NaN, NaN, NaN, NaN,
05/2014,224.7091,6181.4707,72.6688,14223.6104,17.1589,841.8901,1219.3411,35549.0187,224.7091,6181.4707,38.4358,12683.7868,1.8508,385.5486,1219.3411,35549.0187,152.5046,1779.4166,47.3252,1587.7049,11.5508,337.8008,826.8300,8202.8020,311.3251,9399.9571,107.2086,13971.7857,22.7226,968.5642,1709.1580,55971.1011,224.7091,6181.4707,72.6688,13093.2503,10.6027,439.9853,1219.3411,35549.0187, NaN, NaN, NaN,4.6025,17.5200,12.4677, NaN, NaN, NaN, NaN, NaN, NaN, NaN, NaN, NaN, NaN, NaN, NaN, NaN, NaN, NaN, NaN, NaN, NaN, NaN, NaN, NaN, NaN, NaN, NaN, NaN, NaN, NaN, NaN, NaN, NaN,
06/2014,370.0339,14087.5546,192.8150,26114.4322,16.1880,849.9050,2628.7050,117816.2554,370.0339,14087.5546,158.8808,24568.5521,4.8008,478.8566,2628.7050,117816.2554,111.9312,2087.1475,36.5500,2030.0733,8.7346,284.5387,800.1643,16189.5094,585.2995,27297.0605,364.1124,52065.3048,20.8634,1856.4940,4141.0453,227525.6705,370.0339,14087.5546,192.8150,24988.7283,11.5364,531.5598,2628.7050,117816.2554, NaN, NaN, NaN,8.8670,12.6680,9.7948, NaN, NaN, NaN, NaN, NaN, NaN, NaN, NaN, NaN, NaN, NaN, NaN, NaN, NaN, NaN, NaN, NaN, NaN, NaN, NaN, NaN, NaN, NaN, NaN, NaN, NaN, NaN, NaN, NaN, NaN,
07/2014,1311.7421,50725.6301,868.6374,83789.9893,39.2303,1617.8156,10689.9086,466472.0907,1311.7421,50725.6301,784.5359,81553.7828,21.0268,1038.0598,10689.9086,466472.0907,259.1482,4111.9747,99.3554,3483.1965,14.0614,390.7793,2109.5301,36443.1454,1843.1366,70455.8304,1311.0948,117987.6990,53.4070,3943.1007,15018.5847,649880.8531,1311.7421,50725.6301,868.6374,82230.4417,32.3079,1117.1025,10689.9086,466472.0907, NaN, NaN, NaN,9.0488,12.4575,6.0364, NaN, NaN, NaN, NaN, NaN, NaN, NaN, NaN, NaN, NaN, NaN, NaN, NaN, NaN, NaN, NaN, NaN, NaN, NaN, NaN, NaN, NaN, NaN, NaN, NaN, NaN, NaN, NaN, NaN, NaN,
08/2014,876.1133,28260.5587,556.7608,44461.6549,26.8883,1609.5750,6338.2599,238973.9383,876.1133,28260.5587,498.1212,41613.5648,13.3626,843.6709,6338.2599,238973.9383,409.5446,3634.0186,225.2803,3261.7285,16.5212,376.9927,2958.1393,28501.6455,748.3709,27390.5107,437.9281,34838.1476,21.5360,1304.5438,5417.8923,232781.6423,876.1133,28260.5587,556.7608,42272.3964,21.7592,919.9980,6338.2599,238973.9383, NaN, NaN, NaN,8.3800,14.6300,5.8100, NaN, NaN, NaN, NaN, NaN, NaN, NaN, NaN, NaN, NaN, NaN, NaN, NaN, NaN, NaN, NaN, NaN, NaN, NaN, NaN, NaN, NaN, NaN, NaN, NaN, NaN, NaN, NaN, NaN, NaN,
09/2014,1235.3126,26897.5987,791.2913,35456.8332,31.3460,2183.1893,10184.0341,236341.4883,1235.3126,26897.5987,725.5157,31234.7197,19.3881,945.5573,10184.0341,236341.4883,628.6723,4418.1504,381.2337,3862.4676,17.8888,293.2772,5171.9409,38044.0191,881.2541,16962.5318,518.1831,19718.8606,22.0492,1005.7974,7253.7529,148910.3384,1235.3126,26897.5987,791.2913,32043.5281,26.9349,1044.0695,10184.0341,236341.4883, NaN, NaN, NaN,7.6350,16.7240,4.4727, NaN, NaN, NaN, NaN, NaN, NaN, NaN, NaN, NaN, NaN, NaN, NaN, NaN, NaN, NaN, NaN, NaN, NaN, NaN, NaN, NaN, NaN, NaN, NaN, NaN, NaN, NaN, NaN, NaN, NaN,
10/2014,285.9494,7714.4746,137.1191,9316.7438,7.2389,362.7825,2220.9872,59305.2844,285.9494,7714.4746,122.9302,8475.3671,3.5129,216.1397,2220.9872,59305.2844,82.9786,887.5008,32.2037,786.1119,2.6831,80.9542,639.9905,6259.7683,162.0259,4894.0934,66.0971,4618.3598,4.4370,225.5940,1254.5385,37370.9451,285.9494,7714.4746,137.1191,8767.6541,5.7367,252.1985,2220.9872,59305.2844, NaN, NaN, NaN,5.9478,19.6489,5.1448, NaN, NaN, NaN, NaN, NaN, NaN, NaN, NaN, NaN, NaN, NaN, NaN, NaN, NaN, NaN, NaN, NaN, NaN, NaN, NaN, NaN, NaN, NaN, NaN, NaN, NaN, NaN, NaN, NaN, NaN,
11/2014,55.5811,1971.0173,15.4387,2676.5673,3.9171,185.5090,228.1169,12135.5107,55.5811,1971.0173,8.3807,2097.3987,0.4290,72.9693,228.1169,12135.5107,22.9133,365.1005,6.0492,381.3340,1.6093,53.5102,95.3427,2422.6643,47.8829,1557.8698,13.3040,1521.7662,3.4131,149.4988,197.6771,9653.9799,55.5811,1971.0173,15.4387,2298.4171,2.3828,92.6202,228.1169,12135.5107, NaN, NaN, NaN,4.7217,22.8700,6.5952, NaN, NaN, NaN, NaN, NaN, NaN, NaN, NaN, NaN, NaN, NaN, NaN, NaN, NaN, NaN, NaN, NaN, NaN, NaN, NaN, NaN, NaN, NaN, NaN, NaN, NaN, NaN, NaN, NaN, NaN,
12/2014,4.4237,644.5526,0.5004,988.5796,0.1166,44.8207,17.0528,5442.7364,4.4237,644.5526,0.3260,692.5899,0.0161,37.2905,17.0528,5442.7364,1.6675,136.6848,0.2671,189.7289,0.0807,6.9761,7.0573,1342.8678,3.7238,595.3651,0.5336,731.5539,0.1353,38.6619,15.6579,5001.4985,4.4237,644.5526,0.5004,804.1977,0.0670,41.5068,17.0528,5442.7364, NaN, NaN, NaN,4.0020,25.3740,5.7997, NaN, NaN, NaN, NaN, NaN, NaN, NaN, NaN, NaN, NaN, NaN, NaN, NaN, NaN, NaN, NaN, NaN, NaN, NaN, NaN, NaN, NaN, NaN, NaN, NaN, NaN, NaN, NaN, NaN, NaN,
01/2015,6.8256,301.7520,2.2893,467.5986,0.7278,27.4352,39.8595,2877.1132,6.8256,301.7520,1.1284,274.8082,0.0708,23.3617,39.8595,2877.1132,5.7370,97.8566,2.1346,121.9066,0.6968,6.2897,34.7401,917.9073,6.5405,283.4266,2.2587,426.0828,0.7267,23.9975,38.4465,2677.1080,6.8256,301.7520,2.2893,356.8842,0.3998,24.0384,39.8595,2877.1132, NaN, NaN, NaN,3.4500,26.6025,6.6626, NaN, NaN, NaN, NaN, NaN, NaN, NaN, NaN, NaN, NaN, NaN, NaN, NaN, NaN, NaN, NaN, NaN, NaN, NaN, NaN, NaN, NaN, NaN, NaN, NaN, NaN, NaN, NaN, NaN, NaN,
02/2015,49.6541,718.8221,17.0626,849.1839,4.3896,142.8652,295.8668,6487.0467,49.6541,718.8221,8.8160,429.9415,0.4586,37.7595,295.8668,6487.0467,21.7210,264.2803,6.8973,250.6608,1.8677,51.4527,129.3361,2373.8807,94.4006,1144.6704,35.2678,1304.7065,8.5866,253.9400,563.7277,10239.4985,49.6541,718.8221,17.0626,573.0327,2.6637,47.0323,295.8668,6487.0467, NaN, NaN, NaN,3.5238,25.3762,9.7174, NaN, NaN, NaN, NaN, NaN, NaN, NaN, NaN, NaN, NaN, NaN, NaN, NaN, NaN, NaN, NaN, NaN, NaN, NaN, NaN, NaN, NaN, NaN, NaN, NaN, NaN, NaN, NaN, NaN, NaN,
03/2015,40.6080,734.2704,9.8679,894.0513,2.4744,121.5005,230.6254,6312.0756,40.6080,734.2704,5.5613,468.1040,0.2791,43.1180,230.6254,6312.0756,29.8598,394.8566,7.1042,353.1032,1.8133,65.3728,169.7655,3362.5514,20.7446,539.5939,4.7124,692.2496,1.2253,72.5364,117.4928,4618.6484,40.6080,734.2704,9.8679,609.8614,1.4826,52.2859,230.6254,6312.0756, NaN, NaN, NaN,4.0290,23.5090,14.1056, NaN, NaN, NaN, NaN, NaN, NaN, NaN, NaN, NaN, NaN, NaN, NaN, NaN, NaN, NaN, NaN, NaN, NaN, NaN, NaN, NaN, NaN, NaN, NaN, NaN, NaN, NaN, NaN, NaN, NaN,
04/2015,92.0938,1025.5248,28.0551,1237.4406,7.0958,225.8010,562.9395,8374.6084,92.0938,1025.5248,15.0119,599.1085,0.7631,53.8701,562.9395,8374.6084,41.1782,430.1338,11.6362,436.7988,3.0853,86.7113,251.6718,3505.1375,60.0394,859.7837,17.5190,1015.4977,4.5512,155.7369,366.8986,6982.5692,92.0938,1025.5248,28.0551,807.9251,4.3502,73.8109,562.9395,8374.6084, NaN, NaN, NaN,5.3143,19.4157,16.6928,0.7020,0.1641,6.7262,1.8626,3.1912,0.4845,0.0687,6.7294,1.8612,3.1953,0.8407,0.1660,6.7338,2.4688,6.8170,0.5581,0.0788,6.7286,1.8624,3.1912, NaN, NaN, NaN, NaN, NaN, NaN, NaN, NaN, NaN, NaN,
05/2015,99.4723,1471.4093,29.1089,1826.4383,6.5029,272.0212,629.2917,11513.6126,99.4723,1471.4093,16.1222,948.1555,0.7297,66.4251,629.2917,11513.6126,67.2278,766.3594,18.9916,762.0368,4.3874,152.9238,425.7368,5953.9146,128.8397,3522.4157,38.9450,3884.0242,8.4701,370.4689,814.8078,28059.0541,99.4723,1471.4093,29.1089,1183.7222,3.9746,94.2475,629.2917,11513.6126, NaN, NaN, NaN,7.1850,16.2075,16.5752,0.7617,0.1314,7.1138,1.5623,4.4269,0.4989,0.0712,7.1178,1.5406,4.4433,0.8294,0.1268,7.1396,3.8803,9.1652,0.5892,0.0822,7.1188,1.5559,4.4269, NaN, NaN, NaN, NaN, NaN, NaN, NaN, NaN, NaN, NaN,
06/2015,112.5360,2312.0208,37.0533,2820.8494,9.4800,318.0965,752.6295,18096.8828,112.5360,2312.0208,19.3753,1899.0233,1.0001,86.9780,752.6295,18096.8828,79.7213,919.6589,25.7023,880.9629,6.7388,177.1913,533.4838,6875.5460,114.3677,3691.5350,37.7271,3688.5212,9.6399,337.3431,764.8845,29947.6002,112.5360,2312.0208,37.0533,2181.4347,5.7957,123.0404,752.6295,18096.8828, NaN, NaN, NaN,7.6320,14.1876,11.6465,0.8654,0.1051,7.3703,6.8680,4.8591,0.6348,0.0526,7.3737,6.8478,4.8743,0.7341,0.1116,6.6078,4.9571,8.6916,0.6961,0.0660,7.3739,6.8601,4.8591, NaN, NaN, NaN, NaN, NaN, NaN, NaN, NaN, NaN, NaN,
07/2015,293.1898,4885.8941,131.0681,6127.6813,13.7684,539.3096,2020.3666,36627.9769,293.1898,4885.8941,104.1457,4795.4059,3.3398,161.4685,2020.3666,36627.9769,114.8947,1549.4285,32.8291,1406.6158,8.0770,281.6975,781.0034,10708.5513,402.3130,8540.7091,204.8302,9313.5539,17.5359,674.3515,2778.4018,63840.5565,293.1898,4885.8941,131.0681,5186.8429,9.3687,213.5950,2020.3666,36627.9769, NaN, NaN, NaN,7.8688,13.1676,8.5911,1.2923,0.1477,7.9708,38.2107,5.7944,1.1243,0.0749,7.9708,38.1883,5.7960,0.7535,0.1766,7.2042,23.5686,5.0693,1.1689,0.0858,7.9711,38.1992,5.7944, NaN, NaN, NaN, NaN, NaN, NaN, NaN, NaN, NaN, NaN,
08/2015,570.8880,34915.3459,315.7432,61504.9811,17.2168,1745.1060,4253.2604,293716.9685,570.8880,34915.3459,281.0012,60035.7350,7.9249,1397.6499,4253.2604,293716.9685,122.9904,4575.9341,33.7117,4339.9583,8.5376,342.1305,928.0503,37391.6292,503.8848,46278.5702,271.5367,85810.3712,14.6206,2666.8432,3736.8980,388716.1441,570.8880,34915.3459,315.7432,60459.0678,13.4993,1454.9884,4253.2604,293716.9685, NaN, NaN, NaN,7.9900,13.8742,12.4221,1.7333,0.0544,8.4171,10.1566,11.3909,1.7109,0.0449,8.4182,10.1556,11.3934,0.6872,0.0624,8.3698,7.1802,8.8249,1.7171,0.0463,8.4175,10.1560,11.3923, NaN, NaN, NaN, NaN, NaN, NaN, NaN, NaN, NaN, NaN,
09/2015,488.1600,9392.6563,286.5276,13041.4199,12.5703,541.7284,3410.0425,68592.6264,488.1600,9392.6563,259.7875,12031.5997,7.0452,324.8363,3410.0425,68592.6264,93.8822,1434.5597,31.2620,1265.1473,4.6086,158.5225,652.8486,10201.9402,307.3162,7196.2301,160.1596,7042.4952,8.3348,330.5164,2154.4254,53677.1730,488.1600,9392.6563,286.5276,12347.3904,10.5183,364.7046,3410.0425,68592.6264, NaN, NaN, NaN,7.5600,16.2879,8.2524,1.3944,0.0826,7.7823,21.5474,10.3596,1.3375,0.0585,7.7825,21.5438,10.3604,0.6304,0.0952,7.6143,13.5055,8.1715,1.3565,0.0623,7.7821,21.5429,10.3597, NaN, NaN, NaN, NaN, NaN, NaN, NaN, NaN, NaN, NaN,
10/2015,42.6211,1831.4208,9.2770,2481.6788,2.1613,136.4585,93.0753,8676.3080,42.6211,1831.4208,5.5323,2006.5447,0.2651,68.8153,93.0753,8676.3080,19.6819,303.7738,4.2479,342.7113,1.0882,39.2336,42.5004,971.8956,31.1990,852.1805,6.4993,1033.4625,1.6027,96.8434,67.4854,3215.5577,42.6211,1831.4208,9.2770,2174.2255,1.3040,83.2732,93.0753,8676.3080, NaN, NaN, NaN,3.7733,21.7937,7.9756,1.2234,0.0635,6.5258,6.7278,7.1459,1.1283,0.0415,6.5262,6.7145,7.1466,0.8400,0.1039,5.9671,2.6508,4.8567, NaN, NaN, NaN, NaN, NaN, NaN, NaN, NaN, NaN, NaN, NaN, NaN, NaN, NaN, NaN,
11/2015,25.3066,864.5184,6.5864,1204.7527,1.6870,83.4046,53.9206,2831.4932,25.3066,864.5184,3.6022,853.6055,0.1854,41.2488,53.9206,2831.4932,10.1434,188.9222,2.5505,228.4493,0.6919,22.0550,21.6346,492.8195,21.7901,807.7018,5.6721,891.8583,1.4707,73.4492,46.4381,2638.3097,25.3066,864.5184,6.5864,983.0411,1.0174,48.3847,53.9206,2831.4932, NaN, NaN, NaN,4.1945,25.1726,7.0377,0.9778,0.1200,5.7543,7.6663,3.6716,0.7864,0.0569,5.7594,7.6537,3.6723,0.8508,0.1560,5.8494,4.5571,3.5269, NaN, NaN, NaN, NaN, NaN, NaN, NaN, NaN, NaN, NaN, NaN, NaN, NaN, NaN, NaN,
12/2015,30.1968,534.6000,7.8048,682.2782,1.9448,82.9806,71.1682,1548.0845,30.1968,534.6000,4.3341,387.9946,0.2163,31.2680,71.1682,1548.0845,21.5568,350.7667,5.5618,318.5968,1.4150,44.8134,50.8645,1197.4371,34.4563,2309.3078,9.1317,3337.7397,2.2564,153.8043,81.2516,10063.3799,30.1968,534.6000,7.8048,500.3041,1.1788,35.4257,71.1682,1548.0845, NaN, NaN, NaN,4.7360,25.6320,8.0205,0.9320,0.1445,6.4789,4.3714,2.6764,0.7286,0.0574,6.4816,4.3670,2.6777,0.9679,0.1448,6.7786,3.7845,5.2864, NaN, NaN, NaN, NaN, NaN, NaN, NaN, NaN, NaN, NaN, NaN, NaN, NaN, NaN, NaN,
01/2016,49.5331,829.6733,13.7953,1141.7975,3.4349,131.6517,136.4780,3132.0241,49.5331,829.6733,7.5570,796.4685,0.3770,37.8880,136.4780,3132.0241,47.2090,1365.6298,13.2280,1369.4491,3.3066,120.2889,130.2016,7037.1931,49.4899,5721.0883,13.8170,7998.4463,3.4416,292.0548,136.3885,32880.1846,49.5331,829.6733,13.7953,918.9134,2.0842,44.9231,136.4780,3132.0241, NaN, NaN, NaN,3.9588,27.0217,9.5874,1.3226,0.1205,5.5786,3.8688,2.1198,1.0453,0.1011,5.5837,3.8501,2.1341,1.6644,0.1746,5.7506,3.0532,8.1839, NaN, NaN, NaN, NaN, NaN, NaN, NaN, NaN, NaN, NaN, NaN, NaN, NaN, NaN, NaN,
02/2016,4.3200,1626.0307,0.7385,6547.1858,0.1930,404.6032,12.4363,9640.3418,4.3200,1626.0307,0.4315,6392.0441,0.0221,401.1932,12.4363,9640.3418,1.8403,107.2829,0.2911,121.6546,0.0795,3.8269,5.2956,456.1555,7.8797,693.5674,1.5210,764.3723,0.3884,30.5645,22.7605,3562.2763,4.3200,1626.0307,0.7385,6459.6427,0.1110,401.5133,12.4363,9640.3418, NaN, NaN, NaN,6.7310,25.7920,14.8689,3.1122,0.2323,5.3654,16.8914,11.3242,3.0494,0.2058,5.3662,16.8906,11.3263,0.7647,0.0829,5.5024,6.5860,9.8615, NaN, NaN, NaN, NaN, NaN, NaN, NaN, NaN, NaN, NaN, NaN, NaN, NaN, NaN, NaN,
03/2016,82.5379,5423.5008,19.6186,26124.8823,3.9323,1168.6202,260.8566,30568.6428,82.5379,5423.5008,11.7274,25422.2778,0.4858,957.6445,260.8566,30568.6428,61.0589,1249.6637,13.9616,993.0132,2.8664,174.3281,192.9558,5868.5140,41.8781,2304.5213,9.1355,2177.8061,1.9310,161.3626,132.3208,12560.8669,82.5379,5423.5008,19.6186,25599.2749,2.5031,975.5060,260.8566,30568.6428, NaN, NaN, NaN,2.5970,23.9749,15.4256,2.3243,0.2127,5.6395,21.4159,6.9846,2.1243,0.2015,5.6428,21.4030,6.9963,1.7517,0.1778,5.8945,6.1360,11.5540, NaN, NaN, NaN, NaN, NaN, NaN, NaN, NaN, NaN, NaN, NaN, NaN, NaN, NaN, NaN,
04/2016,97.0358,8624.0074,26.0274,25592.6271,6.3975,997.1776,331.6629,50958.1752,97.0358,8624.0074,14.4180,24851.0796,0.7170,792.5261,331.6629,50958.1752,43.2864,1477.0944,10.8021,1168.7074,2.7821,113.0777,147.9640,7839.7842,63.0806,3963.3408,16.2590,3361.9672,4.1024,214.1353,215.6247,22308.1008,97.0358,8624.0074,26.0274,25074.7517,3.9557,818.4288,331.6629,50958.1752, NaN, NaN, NaN,5.3013,21.0702,10.2219,4.9703,0.1873,6.3060,13.7907,9.3669,4.9564,0.1836,6.3048,13.7906,9.3656,0.5632,0.0499,6.1859,7.5839,9.3105, NaN, NaN, NaN, NaN, NaN, NaN, NaN, NaN, NaN, NaN, NaN, NaN, NaN, NaN, NaN,
05/2016,187.3411,15948.6019,63.0830,30294.8059,12.6919,982.8842,747.8320,111556.1619,187.3411,15948.6019,38.6444,29155.7324,1.6666,658.4906,747.8320,111556.1619,109.3306,1938.1334,33.2538,1712.9487,8.2988,248.9140,445.6555,11901.7125,213.5030,13052.3875,69.8653,16133.4138,16.1231,798.4702,866.4490,91399.9125,187.3411,15948.6019,63.0830,29485.0275,7.9515,702.1095,747.8320,111556.1619, NaN, NaN, NaN,7.5560,15.4103,13.4625, NaN, NaN, NaN, NaN, NaN, NaN, NaN, NaN, NaN, NaN, NaN, NaN, NaN, NaN, NaN, NaN, NaN, NaN, NaN, NaN, NaN, NaN, NaN, NaN, NaN, NaN, NaN, NaN, NaN, NaN,
06/2016,327.9139,20334.6634,152.1645,31064.6628,12.9278,864.9642,1935.7305,170154.2352,327.9139,20334.6634,126.8346,29846.9980,3.9617,552.7635,1935.7305,170154.2352,94.3747,2070.9216,27.4242,1750.5088,6.8579,240.6950,565.8229,15956.0251,272.2637,21175.2058,117.2698,24867.7634,12.0837,871.1557,1628.9083,178574.3238,327.9139,20334.6634,152.1645,30188.0475,9.2063,600.8000,1935.7305,170154.2352, NaN, NaN, NaN,9.0888,12.1025,10.2172, NaN, NaN, NaN, NaN, NaN, NaN, NaN, NaN, NaN, NaN, NaN, NaN, NaN, NaN, NaN, NaN, NaN, NaN, NaN, NaN, NaN, NaN, NaN, NaN, NaN, NaN, NaN, NaN, NaN, NaN,
07/2016,1451.8570,72059.4749,1035.8811,158139.5263,41.4167,6972.8112,12012.8309,684898.4476,1451.8570,72059.4749,945.0428,146384.4844,24.5215,3282.2754,12012.8309,684898.4476,265.5072,5416.0013,111.1491,4840.1306,13.2091,410.0825,2204.3970,49688.8569,1759.7779,99377.2109,1326.5288,235243.4474,51.1464,9240.2822,14597.8647,949392.9584,1451.8570,72059.4749,1035.8811,147682.4272,35.2716,3460.7117,12012.8309,684898.4476, NaN, NaN, NaN,9.5740,11.1280,5.4638, NaN, NaN, NaN, NaN, NaN, NaN, NaN, NaN, NaN, NaN, NaN, NaN, NaN, NaN, NaN, NaN, NaN, NaN, NaN, NaN, NaN, NaN, NaN, NaN, NaN, NaN, NaN, NaN, NaN, NaN,
08/2016,1535.2675,73385.9741,1002.5843,129309.6245,42.6249,9760.7894,13018.6931,663058.3729,1535.2675,73385.9741,914.1226,105677.2993,24.5400,2127.4162,13018.6931,663058.3729,755.0064,9573.7594,451.0817,8667.6392,26.1988,595.7130,6374.1193,85172.9208,1176.7507,52595.8704,725.9820,80860.4816,32.5981,6000.1022,9973.5727,472873.9347,1535.2675,73385.9741,1002.5843,107991.0873,35.8275,2446.8267,13018.6931,663058.3729, NaN, NaN, NaN,9.5558,12.0933,5.8916, NaN, NaN, NaN, NaN, NaN, NaN, NaN, NaN, NaN, NaN, NaN, NaN, NaN, NaN, NaN, NaN, NaN, NaN, NaN, NaN, NaN, NaN, NaN, NaN, NaN, NaN, NaN, NaN, NaN, NaN,
09/2016,813.5770,38457.7978,459.8696,55004.7906,19.1760,2567.5650,6700.4348,352643.9004,813.5770,38457.7978,420.7986,49279.9149,11.5640,830.4533,6700.4348,352643.9004,408.9226,6587.5075,216.2988,5607.8864,11.1428,286.0856,3351.0664,59801.0782,543.6893,23421.5885,284.9886,28320.9853,13.1878,1400.6030,4463.0307,215121.4485,813.5770,38457.7978,459.8696,50177.8164,16.3980,947.2078,6700.4348,352643.9004, NaN, NaN, NaN,9.0938,13.0688,5.8715, NaN, NaN, NaN, NaN, NaN, NaN, NaN, NaN, NaN, NaN, NaN, NaN, NaN, NaN, NaN, NaN, NaN, NaN, NaN, NaN, NaN, NaN, NaN, NaN, NaN, NaN, NaN, NaN, NaN, NaN,
10/2016,421.9603,13600.7856,211.3756,16201.6583,9.9481,1113.3486,3052.8436,104143.1177,421.9603,13600.7856,191.3538,13628.2550,5.3486,393.5853,3052.8436,104143.1177,86.6851,1818.5472,29.9155,1487.7061,2.9553,112.2261,638.6140,13914.6481,203.1178,6818.3683,85.0226,6696.6094,5.4904,300.5598,1483.0800,52934.6364,421.9603,13600.7856,211.3756,14093.3360,8.1641,454.0293,3052.8436,104143.1177, NaN, NaN, NaN,7.9655,16.7718,5.2802, NaN, NaN, NaN, NaN, NaN, NaN, NaN, NaN, NaN, NaN, NaN, NaN, NaN, NaN, NaN, NaN, NaN, NaN, NaN, NaN, NaN, NaN, NaN, NaN, NaN, NaN, NaN, NaN, NaN, NaN,
11/2016,27.0259,2055.8534,4.4945,2908.9981,0.9463,125.0161,114.1919,10341.6894,27.0259,2055.8534,2.7881,2458.5956,0.1215,76.3050,114.1919,10341.6894,9.7114,300.5424,1.6462,318.5154,0.3819,25.0135,40.8604,1273.4385,21.3062,926.1389,3.7882,1038.1146,0.8215,81.1901,89.6706,4193.6574,27.0259,2055.8534,4.4945,2616.0100,0.5924,89.8604,114.1919,10341.6894, NaN, NaN, NaN,5.8375,23.1563,5.8308, NaN, NaN, NaN, NaN, NaN, NaN, NaN, NaN, NaN, NaN, NaN, NaN, NaN, NaN, NaN, NaN, NaN, NaN, NaN, NaN, NaN, NaN, NaN, NaN, NaN, NaN, NaN, NaN, NaN, NaN,
12/2016,30.8362,777.9802,7.5907,1093.5309,1.7611,94.3763,129.2006,2569.3023,30.8362,777.9802,4.2612,733.9304,0.2003,45.8693,129.2006,2569.3023,20.8397,381.9312,5.3013,370.1363,1.2780,42.1248,86.7730,1238.8257,33.8170,1022.7082,8.8351,1100.6665,2.0395,94.1060,141.0059,3310.7097,30.8362,777.9802,7.5907,863.8677,1.0612,51.6077,129.2006,2569.3023, NaN, NaN, NaN,4.4833,25.6883,5.7981, NaN, NaN, NaN, NaN, NaN, NaN, NaN, NaN, NaN, NaN, NaN, NaN, NaN, NaN, NaN, NaN, NaN, NaN, NaN, NaN, NaN, NaN, NaN, NaN, NaN, NaN, NaN, NaN, NaN, NaN,
01/2017,90.2534,1051.7818,30.1412,1202.7024,6.8967,225.0304,368.9970,2612.3840,90.2534,1051.7818,15.9809,560.4102,0.7429,44.8123,368.9970,2612.3840,85.7174,3028.7952,28.8088,5912.2975,6.6240,338.5349,349.5609,15578.9678,89.8474,1356.4368,30.1491,1442.7670,6.9030,224.7701,367.0018,4596.2816,90.2534,1051.7818,30.1412,757.4029,4.3299,60.2139,368.9970,2612.3840, NaN, NaN, NaN,4.6090,26.4560,6.2946, NaN, NaN, NaN, NaN, NaN, NaN, NaN, NaN, NaN, NaN, NaN, NaN, NaN, NaN, NaN, NaN, NaN, NaN, NaN, NaN, NaN, NaN, NaN, NaN, NaN, NaN, NaN, NaN, NaN, NaN,
02/2017,128.4336,249399.6653,40.2335,929991.8448,8.9350,44440.5791,539.2642,1723615.0284,128.4336,249399.6653,21.2170,928706.6217,0.9688,44138.4672,539.2642,1723615.0284,54.5789,24643.9066,15.6602,57900.6423,3.7587,1936.2046,227.8613,162035.0405,601.3008,573636.4877,436.4668,2815797.4276,27.0372,113148.8070,2901.9001,3947724.6681,128.4336,249399.6653,40.2335,929026.6374,5.7549,44178.9442,539.2642,1723615.0284, NaN, NaN, NaN,6.6167,25.0100,4.3037, NaN, NaN, NaN, NaN, NaN, NaN, NaN, NaN, NaN, NaN, NaN, NaN, NaN, NaN, NaN, NaN, NaN, NaN, NaN, NaN, NaN, NaN, NaN, NaN, NaN, NaN, NaN, NaN, NaN, NaN,
03/2017,38.2579,30854.9347,10.3789,101588.3249,2.6635,3390.1591,171.6872,208665.9104,38.2579,30854.9347,5.6498,101103.0751,0.2921,3310.1006,171.6872,208665.9104,27.1123,1752.1056,7.4355,1582.0536,1.9482,85.8831,120.5942,10256.8834,21.9629,16374.6490,5.0565,34440.1260,1.3138,1087.5719,100.8008,111868.3809,38.2579,30854.9347,10.3789,101264.2682,1.6158,3323.5585,171.6872,208665.9104, NaN, NaN, NaN,5.5587,22.9284,7.0851, NaN, NaN, NaN, NaN, NaN, NaN, NaN, NaN, NaN, NaN, NaN, NaN, NaN, NaN, NaN, NaN, NaN, NaN, NaN, NaN, NaN, NaN, NaN, NaN, NaN, NaN, NaN, NaN, NaN, NaN,
04/2017,1.0022,2536.6435,0.0149,5551.9410,0.0001,122.1725,5.8874,14726.8253,1.0022,2536.6435,0.0149,5208.3695,0.0001,113.9265,5.8874,14726.8253,0.2592,260.2454,0.0033,296.3652,0.0000,9.2976,1.5267,1254.5742,1.3565,780.7277,0.0241,979.7265,0.0003,53.7440,7.9433,3769.8670,1.0022,2536.6435,0.0149,5326.1485,0.0001,121.0681,5.8874,14726.8253, NaN, NaN, NaN,4.5963,20.0607,9.4708, NaN, NaN, NaN, NaN, NaN, NaN, NaN, NaN, NaN, NaN, NaN, NaN, NaN, NaN, NaN, NaN, NaN, NaN, NaN, NaN,2.0444,0.0508,6.1456,2.6636,8.2241,0.7012,0.0547,6.3897,1.1788,5.8967,
05/2017,115.1366,3634.6320,35.4971,5662.9242,9.0704,328.8122,663.2486,22813.7699,115.1366,3634.6320,18.8536,4859.2352,0.9676,121.7352,663.2486,22813.7699,78.1834,798.3619,23.3832,748.1715,6.1283,152.9533,450.1615,4226.4668,149.4979,3154.4640,47.1535,3189.1801,11.8171,369.6458,861.4489,19400.0394,115.1366,3634.6320,35.4971,5115.1377,5.4822,153.2732,663.2486,22813.7699, NaN, NaN, NaN,4.5918,17.0554,10.2099, NaN, NaN, NaN, NaN, NaN, NaN, NaN, NaN, NaN, NaN, NaN, NaN, NaN, NaN, NaN, NaN, NaN, NaN, NaN, NaN,1.5747,0.0556,6.2412,2.3010,8.5065,0.8543,0.1163,5.8229,0.8837,5.5133,
06/2017,61.9229,4068.4723,20.0739,5482.5695,4.9631,246.9583,397.1671,32706.9807,61.9229,4068.4723,10.3823,4732.4587,0.5239,104.7658,397.1671,32706.9807,43.9085,739.3162,13.8696,727.6454,3.5248,109.4924,281.5582,5000.9514,63.8410,3330.1498,20.4893,3293.0127,5.0482,245.9374,409.5416,26114.1733,61.9229,4068.4723,20.0739,4962.9996,3.0977,132.3237,397.1671,32706.9807, NaN, NaN, NaN,7.6763,13.4657,11.0775, NaN, NaN, NaN, NaN, NaN, NaN, NaN, NaN, NaN, NaN, NaN, NaN, NaN, NaN, NaN, NaN, NaN, NaN, NaN, NaN,1.2650,0.0440,7.0830,1.2695,9.1021,0.6529,0.0545,6.8553,1.0460,8.8751,
07/2017,640.6819,20896.2374,350.0713,26019.3587,28.2938,1121.4807,4401.6829,170204.1702,640.6819,20896.2374,293.8668,24016.6528,8.5535,495.5438,4401.6829,170204.1702,199.4630,2759.0803,58.3771,2262.5748,15.0400,439.0093,1336.0689,19889.0883,1142.7091,30697.5226,741.9762,38960.4064,41.6487,2509.5982,7860.6064,249995.5322,640.6819,20896.2374,350.0713,24657.5116,20.1149,574.5796,4401.6829,170204.1702, NaN, NaN, NaN,9.1660,13.0895,7.2572, NaN, NaN, NaN, NaN, NaN, NaN, NaN, NaN, NaN, NaN, NaN, NaN, NaN, NaN, NaN, NaN, NaN, NaN, NaN, NaN,0.9994,0.0657,7.9652,1.4978,7.3042,0.8881,0.0607,8.1672,1.6044,7.8577,
08/2017,2511.3802,117796.2134,2023.2831,236283.5464,69.1232,13480.6070,19759.9816,1050655.4481,2511.3802,117796.2134,1825.4695,209392.1373,46.2065,5327.2409,19759.9816,1050655.4481,1148.5152,15079.6685,833.9030,16241.2044,37.2248,823.9383,9103.8118,132394.8489,2234.7533,79769.4394,1708.9420,155547.4861,58.6823,12916.0937,17537.5742,703446.1727,2511.3802,117796.2134,2023.2831,211973.9827,61.4787,5651.5797,19759.9816,1050655.4481, NaN, NaN, NaN,9.1467,14.0848,4.7261, NaN, NaN, NaN, NaN, NaN, NaN, NaN, NaN, NaN, NaN, NaN, NaN, NaN, NaN, NaN, NaN, NaN, NaN, NaN, NaN,1.7523,0.1141,8.7312,4.4328,3.6387,1.7954,0.1630,8.6966,4.5023,3.5188,
09/2017,669.5914,33110.6486,369.2513,47799.9510,18.9728,1552.5707,4377.9780,269689.5594,669.5914,33110.6486,330.2427,44373.8701,9.1009,538.4019,4377.9780,269689.5594,291.8678,4612.5072,130.4400,3857.2379,10.7316,334.9619,1922.6766,34381.9339,450.6710,14873.7946,217.9524,15773.5057,13.3116,733.1727,2979.9100,119477.6826,669.5914,33110.6486,369.2513,45070.6765,15.1201,620.8818,4377.9780,269689.5594, NaN, NaN, NaN,8.7988,16.0587,5.0406, NaN, NaN, NaN, NaN, NaN, NaN, NaN, NaN, NaN, NaN, NaN, NaN, NaN, NaN, NaN, NaN, NaN, NaN, NaN, NaN,1.5698,0.0368,8.7379,1.1777,5.4264,0.8844,0.0490,8.4884,1.2037,5.1585,
10/2017,232.6925,12662.2310,91.8003,15352.1987,5.8990,423.4274,1477.4653,89375.2297,232.6925,12662.2310,80.8242,14358.9077,2.4753,239.6968,1477.4653,89375.2297,48.7642,1098.9994,11.9020,952.7569,1.9830,87.8103,306.8315,7062.7050,107.7149,4383.4522,31.3390,4230.1430,3.3323,238.2610,682.2673,30062.4073,232.6925,12662.2310,91.8003,14676.6464,4.4817,280.2875,1477.4653,89375.2297, NaN, NaN, NaN,7.8020,19.3405,5.5962, NaN, NaN, NaN, NaN, NaN, NaN, NaN, NaN, NaN, NaN, NaN, NaN, NaN, NaN, NaN, NaN, NaN, NaN, NaN, NaN,1.2564,0.0298,7.8202,0.7862,5.7076,0.7816,0.0477,7.6784,0.7421,5.1348,
11/2017,11.6294,2254.1242,1.6274,3035.9208,0.4077,87.6640,54.2913,13294.6475,11.6294,2254.1242,0.9902,2645.6701,0.0497,67.4939,54.2913,13294.6475,3.7757,222.4195,0.5865,265.8894,0.1647,12.7593,17.6030,1129.2897,9.0288,849.2947,1.3431,1042.3565,0.3565,63.3078,42.1678,4600.7248,11.6294,2254.1242,1.6274,2784.1545,0.2299,78.1521,54.2913,13294.6475, NaN, NaN, NaN,5.9000,25.1756,6.7479, NaN, NaN, NaN, NaN, NaN, NaN, NaN, NaN, NaN, NaN, NaN, NaN, NaN, NaN, NaN, NaN, NaN, NaN, NaN, NaN,1.2635,0.0421,6.5551,3.4501,5.8828,0.9390,0.0910,6.5840,1.3787,3.8254,
12/2017,60.9984,1255.5907,16.2843,1699.3471,3.9415,165.6959,300.1888,6346.9287,60.9984,1255.5907,9.0473,1182.7759,0.4396,54.2306,300.1888,6346.9287,43.5024,456.8918,11.5049,434.1353,2.8572,89.0998,214.2092,2390.7935,69.6730,1064.1629,19.0585,1229.4745,4.5731,180.5615,342.9834,5497.3163,60.9984,1255.5907,16.2843,1358.8779,2.4218,67.9004,300.1888,6346.9287, NaN, NaN, NaN,4.4683,25.3460,6.9311, NaN, NaN, NaN, NaN, NaN, NaN, NaN, NaN, NaN, NaN, NaN, NaN, NaN, NaN, NaN, NaN, NaN, NaN, NaN, NaN,1.2168,0.0951,6.3716,2.0729,4.7016, NaN, NaN, NaN, NaN, NaN,
01/2018,165.9658,8929.2758,79.3081,20976.9617,11.8045,681.2845,838.5943,37863.6067,165.9658,8929.2758,54.6698,19847.4441,2.1166,430.3767,838.5943,37863.6067,149.3338,3051.8381,68.4266,3561.7974,11.1062,305.7479,756.5996,13919.7602,165.6720,20059.4534,79.5606,50370.4262,11.8217,1823.5991,837.1569,82678.6268,165.9658,8929.2758,79.3081,20154.3404,8.0281,457.2415,838.5943,37863.6067, NaN, NaN, NaN,3.9917,26.4109,6.3276, NaN, NaN, NaN, NaN, NaN, NaN, NaN, NaN, NaN, NaN, NaN, NaN, NaN, NaN, NaN, NaN, NaN, NaN, NaN, NaN,1.3784,0.1049,6.4093,1.3392,4.4285, NaN, NaN, NaN, NaN, NaN,
02/2018,3.0845,1414.9555,0.1525,3195.3583,0.0052,57.4514,15.3413,6734.4802,3.0845,1414.9555,0.1442,2961.3614,0.0045,54.2175,15.3413,6734.4802,1.1318,158.3021,0.0343,199.7068,0.0010,6.4765,5.5824,889.9903,4.0522,683.6918,0.2200,806.8735,0.0071,38.8287,20.0984,3358.1055,3.0845,1414.9555,0.1525,3051.5000,0.0052,55.0888,15.3413,6734.4802, NaN, NaN, NaN,2.3512,26.3799,7.4928, NaN, NaN, NaN, NaN, NaN, NaN, NaN, NaN, NaN, NaN, NaN, NaN, NaN, NaN, NaN, NaN, NaN, NaN, NaN, NaN,2.4507,0.1025,6.8837,46.8824,7.7964, NaN, NaN, NaN, NaN, NaN,
03/2018,3.1536,1162.2701,0.2347,2732.5707,0.0360,53.8307,16.2008,6659.7928,3.1536,1162.2701,0.1775,2477.4474,0.0072,49.1601,16.2008,6659.7928,2.0563,126.5760,0.1560,177.3218,0.0244,7.8863,10.5947,795.2060,1.9181,396.9907,0.1068,616.3526,0.0157,35.5445,9.7936,2456.6845,3.1536,1162.2701,0.2347,2575.6265,0.0289,50.0664,16.2008,6659.7928, NaN, NaN, NaN,3.8813,24.0404,6.8011, NaN, NaN, NaN, NaN, NaN, NaN, NaN, NaN, NaN, NaN, NaN, NaN, NaN, NaN, NaN, NaN, NaN, NaN, NaN, NaN,2.5495,0.0498,6.9072,10.4117,5.5912, NaN, NaN, NaN, NaN, NaN,
04/2018,32.7024,738.5386,9.3313,1070.0517,2.4179,102.7990,184.6670,4897.3634,32.7024,738.5386,5.0412,676.4783,0.2632,43.2371,184.6670,4897.3634,14.5411,245.7821,3.8853,297.4674,1.0473,34.3815,82.0992,1623.3013,21.3581,547.8624,5.8349,790.3477,1.5442,79.5442,120.4940,3631.2051,32.7024,738.5386,9.3313,813.4834,1.4504,51.9650,184.6670,4897.3634, NaN, NaN, NaN,4.7182,21.3996,11.8380, NaN, NaN, NaN, NaN, NaN, NaN, NaN, NaN, NaN, NaN, NaN, NaN, NaN, NaN, NaN, NaN, NaN, NaN, NaN, NaN,1.6379,0.1072,6.6596,20.4151,3.7980, NaN, NaN, NaN, NaN, NaN,
