Date,Surface,Bottom
09/05/1995 14:00,29.8205,33.9896
16/05/1995 13:38,13.3530,29.8205
30/05/1995 14:15,9.8583,25.0269
13/06/1995 14:50,5.4399,5.4339
27/06/1995 14:23,4.7734,4.8391
18/07/1995 14:55,2.8974,2.8860
25/07/1995 13:35,1.8628,1.8184
01/08/1995 14:05,2.2997,2.2884
08/08/1995 13:40,3.4698,3.4814
15/08/1995 12:45,3.0354,3.0412
22/08/1995 13:49,3.8907,3.9377
29/08/1995 12:30,4.1912,4.2326
05/09/1995 13:20,4.3095,4.3569
19/09/1995 13:30,4.4755,4.4755
03/10/1995 13:20,3.5105,3.9848
10/10/1995 13:45,3.8966,4.0614
17/10/1995 13:15,3.3535,3.9789
24/10/1995 14:10,3.2665,3.3419
31/10/1995 14:05,3.6038,4.0201
07/11/1995 14:20,3.4581,3.6038
14/11/1995 14:55,3.4930,3.7032
28/11/1995 13:50,3.9377,3.9613
05/12/1995 14:00,3.3883,3.7617
12/12/1995 13:20,4.7375,6.5479
19/12/1995 12:35,7.2382,13.7477
27/12/1995 13:52,9.4768,12.6980
02/01/1996 13:03,3.5630,11.9815
09/01/1996 12:42,13.2218,16.0060
16/01/1996 16:15,13.2874,15.6716
23/01/1996 16:35,15.8722,19.5971
30/01/1996 16:03,18.5043,19.5286
06/02/1996 12:29,18.1643,20.3527
13/02/1996 14:05,21.2500,24.5329
20/02/1996 13:09,22.2216,23.1286
27/02/1996 12:38,22.2912,24.2512
05/03/1996 13:34,24.1808,24.9563
12/03/1996 13:54,23.5487,25.7349
19/03/1996 13:52,24.8856,26.1610
26/03/1996 13:21,25.3806,27.5165
02/04/1996 13:29,24.6739,28.0182
09/04/1996 12:55,27.5165,29.3865
16/04/1996 14:14,26.1610,30.1104
23/04/1996 12:09,0.1201,29.2420
30/04/1996 12:37,27.0874,30.2555
07/05/1996 13:24,28.6652,29.4588
14/05/1996 12:52,25.5222,29.1698
21/05/1996 13:53,27.0160,30.3280
28/05/1996 13:33,23.3385,32.0044
04/06/1996 12:58,19.8715,27.7313
12/06/1996 14:52,21.3192,31.4928
18/06/1996 14:21,21.1808,28.3055
25/06/1996 14:05,4.9348,4.9528
02/07/1996 12:40,4.6004,4.7554
09/07/1996 13:28,2.9549,3.0182
15/07/1996 13:45,4.5171,4.5826
23/07/1996 13:39,2.3732,2.3675
13/08/1996 13:34,3.0989,3.1393
21/08/1996 12:39,3.8027,3.8320
27/08/1996 13:15,4.2917,4.3747
04/09/1996 15:26,3.1855,3.3709
10/09/1996 13:48,2.6857,3.3419
18/09/1996 13:32,1.1704,2.3505
24/09/1996 12:47,1.6359,1.7408
01/10/1996 13:34,2.3619,2.6229
08/10/1996 14:28,1.8073,2.5092
15/10/1996 12:47,2.5319,2.6800
22/10/1996 13:01,2.1365,2.9779
29/10/1996 13:21,0.0767,4.0849
05/11/1996 12:04,3.7266,4.2326
12/11/1996 13:59,6.2845,6.7076
19/11/1996 13:01,2.3223,2.9779
27/11/1996 12:54,3.1913,3.4058
03/12/1996 12:37,3.1219,3.7383
10/12/1996 13:59,3.5571,3.6155
17/12/1996 13:12,3.4407,4.0083
23/12/1996 12:46,4.9169,6.5540
31/12/1996 13:26,6.0953,9.3499
07/01/1997 13:38,9.4134,12.1114
14/01/1997 12:56,10.3053,15.0717
21/01/1997 12:48,11.9166,15.4047
28/01/1997 13:39,15.4714,18.8450
03/02/1997 13:31,16.2741,20.6972
11/02/1997 13:07,16.8118,19.6657
18/02/1997 13:07,17.6219,20.4215
24/02/1997 13:01,19.1181,22.5699
05/03/1997 13:28,21.6657,22.7094
10/03/1997 12:36,22.1520,22.6396
17/03/1997 13:18,22.2216,23.1985
24/03/1997 13:25,21.2500,23.4086
02/04/1997 14:25,6.9909,23.5487
07/04/1997 13:57,7.9906,22.5699
14/04/1997 13:47,8.7811,24.1105
21/04/1997 13:50,12.4370,23.6890
28/04/1997 13:59,15.6716,21.8740
05/05/1997 13:51,14.7395,20.2838
12/05/1997 13:06,15.8722,19.1181
19/05/1997 14:10,15.3380,27.2303
26/05/1997 13:44,15.3380,23.0587
03/06/1997 09:55,4.1675,21.1116
09/06/1997 13:03,1.1403,8.9704
16/06/1997 13:25,2.5433,10.6256
23/06/1997 13:02,6.2967,19.0498
30/06/1997 12:50,7.8284,20.2838
09/07/1997 13:21,5.3675,19.9401
14/07/1997 12:15,3.3129,21.8045
21/07/1997 13:26,5.6940,11.2693
04/08/1997 13:16,5.3434,14.6731
14/08/1997 12:31,4.6302,4.6362
18/08/1997 13:15,3.4989,3.7207
25/08/1997 12:45,3.2955,3.5338
01/09/1997 12:16,3.3709,5.2169
08/09/1997 12:44,2.9147,3.1162
15/09/1997 12:01,3.7032,3.9201
22/09/1997 12:59,3.3942,3.8555
01/10/1997 12:56,3.7266,7.3373
06/10/1997 13:47,3.8849,3.9789
13/10/1997 09:58,0.8418,2.7828
20/10/1997 13:02,4.1439,4.3450
29/10/1997 11:21,4.3865,4.4280
03/11/1997 13:39,4.3569,4.4518
10/11/1997 11:44,4.4310,5.7971
17/11/1997 15:05,4.9468,7.7224
24/11/1997 15:33,6.3579,10.4974
01/12/1997 13:20,7.9781,9.7310
08/12/1997 12:54,7.0341,9.9858
15/12/1997 13:20,11.4631,14.7395
22/12/1997 12:52,10.3693,13.2874
29/12/1997 13:19,13.1562,14.8722
05/01/1998 12:56,13.5502,16.1400
12/01/1998 12:53,16.4084,17.8251
19/01/1998 13:20,17.2500,18.6201
28/01/1998 12:48,18.4294,22.2077
02/02/1998 11:47,18.7155,20.7248
09/02/1998 11:59,17.6286,21.1808
16/02/1998 12:57,21.7629,23.8364
23/02/1998 11:45,21.6657,24.6739
04/03/1998 13:09,24.1808,27.6597
09/03/1998 13:19,24.1808,27.3018
16/03/1998 11:26,24.6739,25.4514
23/03/1998 11:57,23.7592,24.3216
30/03/1998 12:04,25.9905,26.6949
07/04/1998 13:10,26.5880,27.7313
15/04/1998 11:17,27.3733,28.5212
20/04/1998 13:49,26.0899,29.7481
29/04/1998 12:55,27.1588,27.8030
04/05/1998 11:17,26.9446,29.5311
11/05/1998 12:01,22.2425,30.2482
18/05/1998 12:44,26.0544,28.0828
25/05/1998 12:43,25.4514,28.1618
03/06/1998 11:42,18.7086,28.8092
15/06/1998 12:40,8.3223,8.7181
22/06/1998 12:18,7.7287,20.6972
29/06/1998 13:24,6.9786,19.4601
06/07/1998 13:13,5.8336,5.9734
09/07/1998 12:55,1.0384,2.9491
13/07/1998 12:12,6.2784,6.3702
20/07/1998 13:14,6.0770,6.4314
27/07/1998 12:57,4.8690,4.8989
03/08/1998 13:22,4.5231,4.7734
17/08/1998 13:20,5.1448,5.3615
24/08/1998 13:23,5.1508,5.2591
31/08/1998 12:40,3.7383,3.7207
14/09/1998 12:25,3.9789,4.0849
23/09/1998 12:12,3.0643,3.1855
29/09/1998 13:55,3.5805,4.3095
05/10/1998 13:03,1.0651,4.2148
08/10/1998 12:00,4.2680,4.3569
12/10/1998 12:30,3.6973,3.9025
19/10/1998 13:52,3.2376,3.3767
26/10/1998 12:02,3.1693,3.3140
02/11/1998 12:45,3.5338,3.5356
09/11/1998 13:43,3.7353,3.7711
16/11/1998 13:04,3.8919,6.7506
23/11/1998 13:00,5.4647,7.5172
30/11/1998 14:08,6.5724,9.1410
07/12/1998 14:25,6.7506,12.1895
21/12/1998 13:05,10.2157,14.0180
30/12/1998 12:48,11.9425,13.2677
04/01/1999 14:01,12.0205,14.5273
11/01/1999 13:16,14.9453,17.8793
18/01/1999 13:03,15.0983,17.8251
01/02/1999 13:02,11.6184,17.5001
08/02/1999 13:16,7.6166,7.6664
15/02/1999 12:29,15.2580,16.6234
22/02/1999 13:21,18.2119,20.5731
03/03/1999 13:48,19.7823,20.6283
15/03/1999 13:55,21.7282,25.1825
22/03/1999 13:31,23.1216,27.0374
29/03/1999 13:07,12.7372,24.2793
12/04/1999 13:02,21.9156,28.8885
19/04/1999 13:16,25.4018,26.5738
28/04/1999 13:19,1.5041,1.2861
03/05/1999 12:43,25.6640,27.7313
10/05/1999 13:48,23.4226,30.1031
17/05/1999 13:50,24.5540,30.7786
24/05/1999 12:06,8.9956,26.5310
31/05/1999 12:58,4.4381,4.4381
04/07/1999 13:16,14.6068,27.5952
12/07/1999 13:16,5.9734,5.9795
02/08/1999 13:19,12.8353,17.3784
09/08/1999 13:00,7.1206,7.1639
16/08/1999 12:15,3.7810,3.7933
23/08/1999 12:19,4.4928,4.4803
06/09/1999 12:28,5.7789,5.8214
10/01/2000 13:36,12.9596,13.8136
17/01/2000 13:02,4.6970,12.0854
24/01/2000 13:30,4.8911,4.9204
31/01/2000 13:39,3.7418,3.7424
08/01/2001 11:53,15.1382,17.8251
15/01/2001 13:33,17.8454,19.8989
29/01/2001 13:33,19.4807,22.3957
19/02/2001 13:02,23.1845,25.6640
07/03/2001 14:51,26.7234,27.8891
12/03/2001 13:05,26.2677,26.6949
21/03/2001 13:43,25.5577,27.1517
27/03/2001 13:29,26.9874,28.9462
02/04/2001 04:22,28.2408,29.4804
09/04/2001 11:49,16.3211,14.5074
17/04/2001 04:34,1.4166,30.7059
23/04/2001 11:28,29.0977,29.8205
30/04/2001 04:13,28.9534,29.6757
07/05/2001 13:39,28.1618,30.4006
14/05/2001 14:48,19.5971,27.3018
21/05/2001 12:52,24.6739,30.1829
28/05/2001 11:51,22.8490,27.2303
06/06/2001 11:19,13.6160,28.0900
11/06/2001 12:18,12.3718,26.3032
18/06/2001 03:43,13.7872,28.9750
25/06/2001 12:25,21.5270,26.0189
02/07/2001 12:41,16.6099,27.5881
09/07/2001 11:58,12.3718,24.2512
16/07/2001 12:05,8.3098,25.3806
23/07/2001 12:03,14.6068,23.3385
30/07/2001 12:00,4.2207,25.7349
06/08/2001 12:48,4.1557,4.2562
13/08/2001 14:55,5.0187,5.2512
20/08/2001 13:01,5.0547,8.5734
27/08/2001 14:54,4.1014,4.5701
03/09/2001 12:06,4.0955,5.4677
10/09/2001 14:34,3.5828,4.0478
17/09/2001 12:12,4.5409,5.4339
24/09/2001 21:57,3.9648,4.7328
02/10/2001 20:11,1.5189,1.9525
08/10/2001 21:24,4.1068,4.6785
15/10/2001 12:48,4.0496,4.0578
22/10/2001 13:46,3.8737,3.9430
29/10/2001 14:44,3.0562,3.2405
05/11/2001 14:15,3.6184,3.8626
12/11/2001 13:22,3.9460,6.1135
19/11/2001 14:06,7.3497,10.4525
26/11/2001 12:45,5.1406,12.2546
05/12/2001 15:03,9.0209,11.9295
10/12/2001 13:28,9.2106,15.0850
17/12/2001 14:04,11.6313,14.7926
24/12/2001 11:24,11.2370,16.8185
31/12/2001 13:57,12.9531,15.1382
07/01/2002 12:45,13.6357,16.7916
14/01/2002 14:26,15.2314,18.0489
21/01/2002 12:47,15.6716,18.9474
30/01/2002 13:52,18.1643,22.2216
04/02/2002 12:55,18.8791,22.0686
11/02/2002 15:47,22.7024,23.0726
18/02/2002 12:33,22.0199,22.8071
25/02/2002 14:34,23.0377,23.8996
06/03/2002 12:30,23.0237,24.9986
11/03/2002 13:44,24.3920,25.6640
18/03/2002 12:25,25.1047,26.8946
25/03/2002 13:54,24.5540,25.7066
04/04/2002 13:42,25.9620,26.7163
08/04/2002 12:31,27.4878,29.6974
15/04/2002 14:12,28.1187,29.1626
17/04/2002 11:47,23.7241,30.4515
22/04/2002 14:00,23.9699,27.3948
29/04/2002 12:48,25.3098,26.6236
06/05/2002 12:14,23.9628,28.4709
13/05/2002 14:10,20.6214,27.0874
20/05/2002 12:55,19.4053,25.8981
27/05/2002 14:39,22.3399,26.7163
05/06/2002 13:16,10.4846,28.4637
10/06/2002 14:17,7.8408,27.4020
17/06/2002 14:03,7.7224,23.6750
24/06/2002 12:53,7.3001,22.5838
01/07/2002 12:47,6.3029,20.9389
08/07/2002 13:39,3.8896,20.2357
15/07/2002 14:49,2.8647,3.0539
22/07/2002 13:24,3.7494,4.0967
29/07/2002 14:14,2.8137,3.4651
05/08/2002 12:43,3.8808,4.2521
12/08/2002 13:44,3.0015,3.3268
19/08/2002 12:05,4.6088,4.7375
28/08/2002 13:23,3.9119,4.2438
02/09/2002 12:34,2.5848,2.5836
09/09/2002 13:11,4.2852,4.5606
16/09/2002 12:31,3.1791,3.4639
23/09/2002 13:58,3.1595,3.3518
02/10/2002 12:42,3.5857,6.3763
07/10/2002 12:43,3.4907,6.3457
14/10/2002 13:40,3.2451,3.4436
21/10/2002 13:26,3.2069,3.3512
28/10/2002 13:11,3.6073,6.6093
04/11/2002 13:31,3.2457,3.3895
11/11/2002 12:54,3.4581,6.0160
18/11/2002 13:03,4.8654,26.8661
25/11/2002 13:52,6.0160,8.8757
02/12/2002 13:22,8.5923,9.4831
09/12/2002 13:20,8.8190,12.7961
16/12/2002 14:04,14.1105,15.2980
23/12/2002 11:50,13.9257,17.8996
30/12/2002 13:44,17.7438,18.6541
06/01/2003 12:00,17.6083,20.8767
13/01/2003 13:35,19.3917,20.4009
20/01/2003 12:58,20.0157,23.0307
29/01/2003 14:01,22.9538,23.2475
03/02/2003 12:49,22.9189,24.3356
10/02/2003 13:19,24.4836,26.4242
17/02/2003 12:17,25.0057,26.1894
24/02/2003 14:03,17.4189,25.3098
04/03/2003 12:15,17.9878,22.3957
10/03/2003 12:45,21.2500,28.3486
17/03/2003 12:05,24.4342,24.6810
24/03/2003 11:34,25.4514,26.2108
31/03/2003 13:14,20.4491,29.0327
07/04/2003 13:21,22.5141,28.4996
14/04/2003 13:18,7.5483,23.5207
23/04/2003 13:18,10.5423,25.1471
28/04/2003 12:54,13.7082,26.7520
05/05/2003 13:16,21.2362,26.8090
12/05/2003 13:13,23.7171,28.7372
19/05/2003 14:14,10.2797,20.9527
26/05/2003 13:05,11.1983,26.1184
04/06/2003 13:33,13.0775,23.9910
09/06/2003 13:35,7.6415,23.6680
16/06/2003 13:14,15.4580,22.5490
23/06/2003 13:20,14.1964,28.6004
30/06/2003 13:23,4.3296,4.3557
07/07/2003 12:42,3.8913,3.9401
14/07/2003 11:55,4.5433,4.6112
21/07/2003 14:08,4.5290,4.5160
28/07/2003 13:43,4.2355,4.6588
04/08/2003 13:46,2.6019,2.5814
11/08/2003 12:51,0.0119,2.7096
18/08/2003 13:21,3.5636,3.6862
25/08/2003 13:24,4.7244,4.7453
01/09/2003 13:51,5.5917,5.6819
08/09/2003 12:56,5.7425,6.1135
15/09/2003 12:27,4.3089,4.5463
22/09/2003 12:19,3.3454,4.0997
01/10/2003 13:01,2.0776,2.1141
06/10/2003 11:34,2.7702,3.0844
13/10/2003 12:33,3.2352,3.5035
20/10/2003 11:45,3.0694,3.1462
27/10/2003 14:01,3.0839,3.2393
03/11/2003 11:16,3.2358,4.7340
10/11/2003 12:52,3.2480,3.5093
17/11/2003 11:47,5.2573,7.6664
24/11/2003 11:04,5.0025,8.0906
01/12/2003 12:56,5.3585,10.0433
08/12/2003 13:48,9.4958,10.7220
15/12/2003 11:45,7.5607,10.8183
22/12/2003 13:41,10.0369,12.0854
29/12/2003 11:16,11.8517,14.1964
05/01/2004 12:57,12.6196,16.0931
12/01/2004 11:59,14.5803,18.9747
19/01/2004 13:24,17.3784,17.4663
28/01/2004 11:28,18.4022,21.6935
02/02/2004 13:43,19.1249,20.3183
09/02/2004 11:48,20.8284,16.9937
16/02/2004 13:42,20.9319,23.2895
19/02/2004 09:04,21.8740,25.4939
23/02/2004 13:27,22.3957,23.2895
02/03/2004 13:52,10.0496,24.6739
04/03/2004 09:41,22.1938,24.1808
08/03/2004 12:13,23.0307,24.0120
11/03/2004 10:02,22.6117,25.5860
15/03/2004 14:48,26.3886,26.8019
18/03/2004 10:53,24.5399,27.3447
22/03/2004 12:20,26.3317,29.0616
25/03/2004 13:07,26.3459,27.4306
29/03/2004 12:06,26.5310,27.7672
01/04/2004 11:47,25.4372,28.3342
05/04/2004 12:51,27.8962,28.3630
08/04/2004 09:38,26.9946,28.9678
13/04/2004 13:36,28.4493,29.7553
15/04/2004 09:48,27.6024,29.2492
19/04/2004 11:24,28.8813,30.0306
22/04/2004 09:37,27.7170,28.8741
28/04/2004 12:09,28.1187,30.6259
03/05/2004 12:51,29.1554,29.9219
06/05/2004 09:33,30.0089,31.0480
17/05/2004 13:19,24.8503,29.8567
24/05/2004 14:07,21.1255,28.4565
31/05/2004 13:21,22.7373,29.3576
08/06/2004 14:28,11.0629,25.7988
14/06/2004 12:27,5.3633,26.4883
23/06/2004 15:02,7.0280,23.0587
28/06/2004 12:40,6.5540,23.5978
05/07/2004 13:17,3.9930,8.4164
15/07/2004 13:06,5.9734,6.1135
19/07/2004 13:32,6.1135,12.7438
26/07/2004 11:34,5.1784,19.3437
02/08/2004 13:25,4.8917,6.0039
09/08/2004 12:30,5.3115,6.4988
16/08/2004 13:00,4.8002,5.2157
23/08/2004 12:33,4.3930,5.4617
30/08/2004 12:30,3.8808,4.4156
06/09/2004 12:42,4.0820,4.2438
13/09/2004 11:56,3.4209,3.8878
20/09/2004 12:30,3.9189,4.4542
27/09/2004 12:59,4.0979,7.3993
05/10/2004 12:29,3.9031,3.9448
11/10/2004 13:13,3.5770,3.7676
18/10/2004 11:51,2.9296,3.0147
25/10/2004 14:22,3.3384,3.6780
01/11/2004 13:07,3.8332,4.0007
08/11/2004 13:28,7.2382,10.9856
15/11/2004 12:13,5.3808,8.8505
22/11/2004 12:51,6.9539,10.4910
29/11/2004 00:12,10.6064,13.2218
08/12/2004 13:07,8.8694,13.3990
13/12/2004 12:14,10.7733,15.6115
20/12/2004 13:15,14.9320,16.0864
29/12/2004 12:02,16.5763,19.3232
06/01/2005 13:08,16.9128,18.7359
10/01/2005 10:59,15.9391,18.1168
17/01/2005 13:45,18.0285,20.4629
24/01/2005 12:08,20.3802,22.8001
31/01/2005 13:06,21.7074,22.0477
07/02/2005 12:19,21.9434,22.4653
14/02/2005 13:03,24.1175,26.9089
21/02/2005 11:57,25.2603,25.6073
28/02/2005 13:28,26.6094,26.6450
09/03/2005 11:34,27.5666,28.5932
14/03/2005 13:57,28.4061,29.3359
17/03/2005 09:38,27.5379,27.5379
21/03/2005 12:03,28.1259,30.5532
30/03/2005 13:20,27.5379,28.6796
04/04/2005 12:34,23.9418,25.3735
11/04/2005 13:33,18.0828,27.5165
18/04/2005 12:21,22.0894,26.3530
27/04/2005 12:29,24.9704,26.0899
02/05/2005 12:25,20.4422,26.7805
09/05/2005 13:00,15.9726,28.2839
17/05/2005 12:41,14.3220,27.7313
23/05/2005 12:52,8.3411,26.6949
30/05/2005 11:31,7.0280,14.8457
08/06/2005 12:14,3.7810,24.4201
13/06/2005 13:52,4.0254,4.1009
20/06/2005 13:57,5.9369,6.1685
27/06/2005 12:28,2.1399,4.7871
04/07/2005 11:27,1.9781,4.4898
11/07/2005 12:51,3.9160,4.3741
18/07/2005 13:02,3.8350,4.3753
25/07/2005 13:21,3.1578,4.2959
01/08/2005 12:55,4.0784,4.9019
08/08/2005 12:02,3.4465,4.9408
15/08/2005 12:20,2.6623,2.8160
22/08/2005 13:07,3.6091,3.7330
29/08/2005 13:04,3.7582,4.0944
05/09/2005 12:33,4.1487,4.2361
12/09/2005 13:42,3.8461,4.1197
19/09/2005 13:56,2.2546,2.5109
28/09/2005 12:33,3.4558,3.6751
03/10/2005 12:05,2.6081,2.6885
10/10/2005 12:36,2.7914,2.8258
17/10/2005 14:12,3.8080,4.0584
24/10/2005 12:29,3.5898,3.5647
31/10/2005 14:02,3.0850,3.4232
07/11/2005 11:55,3.2833,3.2746
14/11/2005 13:48,2.6891,2.7342
21/11/2005 12:02,2.8665,2.9193
28/11/2005 12:47,4.9468,6.2515
05/12/2005 12:31,6.1502,7.5234
12/12/2005 13:03,6.8122,7.5856
19/12/2005 12:45,7.5669,12.5674
28/12/2005 12:08,9.9348,11.8257
04/01/2006 11:26,9.4451,15.1315
09/01/2006 12:27,13.1627,16.0529
16/01/2006 12:01,3.5257,3.5571
19/01/2006 13:14,5.4877,5.4967
23/01/2006 13:02,11.7933,11.7998
30/01/2006 11:43,12.3067,12.3653
06/02/2006 12:49,12.1375,12.1049
13/02/2006 11:58,12.9007,12.8418
20/02/2006 13:18,11.7350,11.6961
27/02/2006 11:51,12.1049,13.8267
08/03/2006 12:49,18.9269,21.7282
13/03/2006 11:56,17.9742,19.1728
20/03/2006 12:47,20.3045,23.9277
27/03/2006 11:22,20.2976,21.3192
03/04/2006 13:02,21.5756,22.5908
06/04/2006 10:26,20.0913,24.4272
10/04/2006 12:05,22.6675,24.8856
12/04/2006 12:23,22.2216,25.5506
17/04/2006 12:25,22.8351,24.1316
24/04/2006 10:55,23.4156,26.2463
01/05/2006 12:00,24.0191,25.6498
08/05/2006 12:08,21.7559,27.0017
15/05/2006 12:34,21.2223,28.2911
22/05/2006 11:09,22.5420,26.0757
29/05/2006 12:49,24.8080,26.8732
07/06/2006 11:08,19.0293,29.6902
12/06/2006 13:07,26.0402,27.7528
19/06/2006 12:05,23.0936,27.8604
26/06/2006 12:17,21.3954,26.7948
03/07/2006 11:17,13.4845,27.3662
10/07/2006 12:42,20.7248,27.6668
17/07/2006 11:22,12.6131,23.6890
24/07/2006 00:00,15.1116,24.3286
31/07/2006 00:00,6.7568,22.3957
07/08/2006 00:00,10.9341,22.6675
14/08/2006 12:14,7.0094,20.8076
21/08/2006 11:19,2.5671,2.7273
28/08/2006 11:55,5.8761,6.0770
04/09/2006 10:56,3.2277,3.3303
11/09/2006 10:45,5.4840,5.8700
18/09/2006 10:53,6.2540,6.6154
25/09/2006 12:01,4.5189,4.7644
04/10/2006 12:35,4.7059,4.7680
09/10/2006 12:01,4.5814,4.6934
16/10/2006 12:58,4.6213,4.6970
23/10/2006 11:04,4.7548,5.4490
30/10/2006 12:22,5.9673,9.9858
06/11/2006 11:04,6.9786,11.3855
13/11/2006 13:09,9.0335,12.6850
20/11/2006 10:53,11.6961,14.0180
27/11/2006 12:52,12.8353,16.4218
04/12/2006 11:12,12.8157,15.1715
11/12/2006 12:10,13.2611,16.2406
18/12/2006 10:22,15.9659,18.5588
28/12/2006 11:15,19.2275,22.3260
03/01/2007 10:24,19.0771,20.9250
08/01/2007 12:01,19.8166,22.1451
15/01/2007 10:45,20.9043,22.6606
22/01/2007 11:18,20.4766,23.1216
29/01/2007 10:01,21.6449,24.4554
05/02/2007 10:44,21.9921,23.0447
12/02/2007 11:31,25.2037,26.8875
19/02/2007 11:56,25.7420,26.6450
26/02/2007 10:37,26.7948,27.3233
07/03/2007 10:50,27.5666,29.5528
12/03/2007 10:45,27.6095,28.4924
19/03/2007 11:50,29.9002,30.2337
26/03/2007 11:23,29.8278,29.8784
02/04/2007 12:44,29.9509,31.0188
10/04/2007 11:44,29.4501,30.3063
16/04/2007 11:29,24.7303,31.2447
23/04/2007 13:07,28.5716,28.9246
30/04/2007 11:31,26.1539,30.1394
07/05/2007 12:27,24.0303,25.8470
14/05/2007 12:42,23.8996,27.7958
21/05/2007 12:01,24.3779,26.3317
28/05/2007 11:18,15.6516,28.5644
05/06/2007 12:51,21.1877,27.4163
11/06/2007 12:51,18.1236,29.9074
18/06/2007 11:49,23.1286,26.2037
25/06/2007 11:53,13.8861,27.9967
09/07/2007 12:02,9.1410,22.3817
16/07/2007 13:26,9.4705,21.0563
23/07/2007 11:42,5.5136,22.6885
30/07/2007 14:18,3.7687,4.9648
06/08/2007 12:10,4.1675,4.4186
13/08/2007 13:01,2.4462,3.5379
20/08/2007 13:04,4.3089,4.7471
27/08/2007 12:40,4.1363,4.1711
03/09/2007 11:52,3.6728,3.7266
10/09/2007 13:25,2.6868,2.8733
17/09/2007 12:50,3.1693,3.2880
24/09/2007 11:44,3.0078,3.3088
02/10/2007 13:33,2.9394,3.1352
08/10/2007 11:43,3.3761,3.4110
15/10/2007 13:01,3.2804,3.7822
22/10/2007 11:33,3.9901,4.7465
29/10/2007 12:31,3.6663,3.9001
05/11/2007 11:08,3.8496,6.8922
12/11/2007 11:50,4.6368,7.6415
19/11/2007 10:50,6.9847,10.0241
26/11/2007 12:21,7.5918,10.9599
03/12/2007 11:15,9.3690,12.2416
10/12/2007 12:07,8.5923,10.3565
17/12/2007 10:39,12.9334,17.8251
24/12/2007 12:06,11.1016,15.7251
31/12/2007 10:21,13.6226,16.9128
07/01/2008 12:14,15.3980,18.0421
14/01/2008 11:22,17.2500,19.0839
21/01/2008 12:38,18.4362,19.6382
29/01/2008 11:10,21.4508,22.6396
04/02/2008 12:09,22.6396,23.6048
11/02/2008 10:34,22.3748,24.0191
18/02/2008 07:30,23.4436,23.2195
25/02/2008 11:31,24.4272,26.2534
04/03/2008 11:44,26.0473,26.4456
10/03/2008 10:56,26.6949,26.8447
17/03/2008 11:32,27.0088,27.1874
25/03/2008 10:34,27.4664,27.6883
31/03/2008 12:15,28.3989,29.4732
07/04/2008 11:44,4.6862,28.8092
14/04/2008 12:57,9.7055,27.5021
21/04/2008 12:14,12.6392,25.5364
28/04/2008 12:35,15.0584,24.9704
05/05/2008 11:43,17.7370,26.6165
12/05/2008 11:34,16.1534,24.7374
19/05/2008 11:39,17.9946,26.6094
26/05/2008 12:40,13.9454,21.9087
03/06/2008 13:05,10.0241,25.5789
16/06/2008 12:02,3.9842,23.6539
23/06/2008 12:38,9.9603,21.5894
30/06/2008 11:38,2.3455,22.6257
07/07/2008 12:25,7.0712,10.8762
14/07/2008 12:14,6.2051,21.2984
21/07/2008 12:33,4.5011,4.7614
28/07/2008 11:14,4.9264,5.3271
04/08/2008 12:26,2.8670,2.8624
11/08/2008 11:51,3.8068,4.0195
18/08/2008 12:03,4.2746,4.8498
25/08/2008 11:11,3.6868,4.8809
01/09/2008 12:44,4.5166,15.7050
08/09/2008 11:32,5.1664,15.7117
15/09/2008 12:44,4.9510,5.4098
22/09/2008 11:03,3.7137,4.2965
30/09/2008 11:08,5.1490,6.6338
06/10/2008 12:42,5.1286,5.6395
13/10/2008 10:51,5.4985,5.9065
20/10/2008 11:27,4.7507,5.4907
27/10/2008 12:14,5.0115,13.1234
03/11/2008 10:41,8.5420,9.5022
12/11/2008 10:51,3.7061,16.5226
17/11/2008 11:15,4.1516,4.2621
24/11/2008 10:54,7.4365,17.2028
02/12/2008 10:23,4.6618,7.7411
08/12/2008 10:54,7.6975,9.6165
15/12/2008 10:20,7.7162,10.8955
22/12/2008 10:40,7.5296,10.3885
29/12/2008 12:20,8.5294,11.4825
05/01/2009 11:54,12.5087,15.3980
12/01/2009 11:01,14.1567,16.4890
19/01/2009 10:24,15.1848,18.6950
27/01/2009 11:02,17.3716,18.8655
02/02/2009 11:02,10.4781,22.3957
09/02/2009 10:19,6.6707,21.8323
16/02/2009 11:52,16.4755,22.9189
23/02/2009 10:37,18.0489,19.1591
03/03/2009 11:24,18.8518,19.9333
09/03/2009 10:30,15.5181,23.0517
16/03/2009 11:22,19.0156,25.4231
23/03/2009 10:02,21.4993,24.0331
30/03/2009 12:26,22.5281,24.3990
06/04/2009 12:22,22.1938,23.9418
14/04/2009 11:34,25.7988,27.6668
20/04/2009 12:53,25.8130,28.8309
28/04/2009 13:02,27.3018,27.7242
04/05/2009 10:59,26.5951,28.8525
11/05/2009 13:05,29.7988,30.0741
18/05/2009 11:14,30.0451,31.2083
25/05/2009 12:49,23.3245,27.2303
02/06/2009 11:01,24.8856,30.8441
08/06/2009 12:25,26.4741,28.3127
15/06/2009 11:10,21.2431,28.2624
22/06/2009 13:00,18.4839,24.5963
30/06/2009 12:30,4.5148,22.1729
06/07/2009 12:03,7.2320,18.6269
13/07/2009 11:39,5.4085,6.1135
20/07/2009 11:42,2.1259,2.0664
27/07/2009 13:47,3.9960,4.0095
03/08/2009 13:14,4.6213,4.7059
10/08/2009 11:06,4.3652,4.6070
18/08/2009 11:24,3.7108,4.1947
24/08/2009 12:32,2.8034,2.8080
31/08/2009 12:36,3.7717,4.0950
07/09/2009 11:44,3.6687,3.8890
14/09/2009 11:16,1.9876,2.0189
21/09/2009 11:20,3.1930,3.3686
29/09/2009 11:13,3.3065,4.2953
05/10/2009 13:18,3.3825,3.7289
12/10/2009 11:03,3.4633,3.7980
19/10/2009 12:02,3.5927,3.8561
26/10/2009 13:36,3.6354,3.8948
02/11/2009 12:55,4.7405,14.9320
09/11/2009 11:19,5.7243,11.2757
16/11/2009 13:40,9.5657,11.3338
23/11/2009 12:44,4.5653,4.6362
30/11/2009 13:29,5.6637,6.7137
07/12/2009 12:36,5.5535,10.3501
14/12/2009 11:50,9.7883,11.5925
21/12/2009 12:55,11.9036,15.1781
29/12/2009 12:02,14.8191,17.0881
04/01/2010 12:52,14.4345,17.6490
11/01/2010 11:29,16.0328,16.5965
18/01/2010 12:29,18.2391,20.7938
25/01/2010 12:10,20.2426,22.6675
01/02/2010 12:30,20.6972,21.5478
08/02/2010 12:28,22.0407,24.0964
15/02/2010 13:07,24.1386,25.0764
22/02/2010 13:09,23.7943,24.4695
02/03/2010 12:40,25.7207,27.3304
08/03/2010 11:34,25.0340,25.7349
15/03/2010 12:05,28.0972,29.2059
22/03/2010 12:06,27.9321,29.4009
29/03/2010 13:06,25.8343,26.3886
06/04/2010 11:14,18.2187,25.5222
12/04/2010 11:17,19.2753,28.0972
19/04/2010 13:13,24.1245,27.3447
27/04/2010 12:25,23.6539,25.2744
03/05/2010 12:11,24.0120,26.5666
10/05/2010 12:37,24.1527,28.3199
17/05/2010 11:58,24.7797,26.1468
24/05/2010 12:28,18.4499,29.1121
31/05/2010 11:41,21.0771,26.4527
08/06/2010 13:12,17.7099,29.4732
14/06/2010 12:19,24.8927,26.9232
21/06/2010 12:35,16.3144,28.6220
28/06/2010 11:52,17.5677,25.4443
05/07/2010 13:08,15.1382,26.6023
12/07/2010 09:05,7.5918,21.0494
19/07/2010 12:25,8.9325,20.9734
26/07/2010 11:43,10.2349,22.5490
02/08/2010 11:25,6.7076,19.4327
09/08/2010 12:02,10.9148,21.6657
16/08/2010 11:35,5.1021,21.8879
23/08/2010 12:30,7.5421,23.8434
30/08/2010 12:51,8.7181,20.1256
06/09/2010 12:14,8.9893,21.1255
13/09/2010 12:34,5.4889,15.8655
20/09/2010 12:14,8.8568,17.8047
28/09/2010 12:08,11.7674,21.4785
04/10/2010 13:09,13.5634,19.8166
11/10/2010 12:09,13.8333,16.5494
18/10/2010 11:59,14.2625,19.0225
27/10/2010 12:14,16.2473,17.9132
01/11/2010 12:17,15.3647,19.1249
08/11/2010 12:18,18.1575,19.3301
15/11/2010 12:37,18.7700,21.4647
22/11/2010 13:04,21.7837,22.9818
29/11/2010 11:56,19.9676,21.6172
06/12/2010 12:12,21.6033,23.3455
13/12/2010 12:12,22.9398,24.1386
20/12/2010 11:39,22.0616,23.8364
29/12/2010 12:04,24.8080,25.0623
04/01/2011 12:26,25.4443,26.3459
10/01/2011 13:42,26.9946,27.5737
17/01/2011 12:48,27.7098,27.9895
24/01/2011 12:30,27.9178,28.3271
31/01/2011 13:24,28.9750,29.6323
07/02/2011 12:54,28.0182,28.1474
14/02/2011 11:43,30.0596,30.3063
21/02/2011 12:15,31.1864,31.5001
28/02/2011 12:59,32.5173,32.7228
08/03/2011 12:13,33.1786,33.2227
14/03/2011 12:32,32.7375,32.9579
21/03/2011 11:58,33.7902,34.0265
28/03/2011 12:10,34.2556,34.3888
04/04/2011 12:22,35.1746,35.3827
11/04/2011 12:01,35.5165,35.8143
18/04/2011 13:07,35.8515,36.1348
27/04/2011 11:52,35.0039,36.1796
02/05/2011 12:51,34.6405,34.8926
09/05/2011 13:45,35.4199,35.4124
16/05/2011 12:40,35.5091,35.6803
23/05/2011 13:51,31.2812,32.1142
30/05/2011 12:54,30.6550,32.4586
07/06/2011 12:20,25.7775,28.3702
13/06/2011 12:43,25.5931,28.0685
20/06/2011 12:29,22.8071,26.1041
27/06/2011 12:17,16.9937,29.6685
04/07/2011 12:59,5.9552,24.0823
11/07/2011 11:48,9.9221,22.6048
18/07/2011 11:54,6.5479,22.0755
25/07/2011 12:00,7.7473,25.0481
01/08/2011 13:10,2.3426,6.1563
08/08/2011 12:25,4.6964,4.9971
15/08/2011 13:45,4.7596,5.5003
22/08/2011 11:48,5.0493,6.2295
29/08/2011 12:18,4.4221,5.0241
05/09/2011 11:46,2.5859,2.8189
12/09/2011 11:36,4.5088,5.1183
19/09/2011 11:16,2.7845,3.8397
26/09/2011 11:19,3.6301,4.9510
03/10/2011 11:31,3.1976,4.1599
10/10/2011 13:06,5.7607,6.7076
17/10/2011 12:14,5.7911,6.1379
24/10/2011 12:00,4.9151,10.0113
31/10/2011 11:33,4.5659,5.2518
07/11/2011 12:32,6.6891,16.9263
14/11/2011 12:32,7.0588,7.6353
21/11/2011 12:10,6.1868,6.4008
28/11/2011 12:13,6.8368,9.7437
05/12/2011 13:01,12.0659,19.4944
12/12/2011 12:04,10.5615,15.3247
19/12/2011 12:12,9.0398,11.3274
28/12/2011 12:29,9.3753,12.8222
03/01/2012 11:54,12.8157,21.0840
09/01/2012 12:33,14.0048,14.8722
16/01/2012 12:31,19.0498,25.6144
23/01/2012 12:30,12.8615,21.2569
06/02/2012 12:54,19.1728,22.6536
13/02/2012 12:50,20.6696,23.3946
20/02/2012 12:10,21.0218,22.0407
27/02/2012 12:18,22.1381,23.4086
06/03/2012 12:00,23.3806,27.0160
12/03/2012 12:18,26.3673,27.8747
19/03/2012 11:55,26.8732,27.9967
26/03/2012 12:16,27.1731,27.9680
02/04/2012 11:50,27.1231,27.3805
10/04/2012 12:27,27.1517,28.5428
16/04/2012 12:27,27.5165,28.8309
23/04/2012 13:15,27.5451,28.1905
30/04/2012 13:37,22.9887,30.6259
07/05/2012 12:19,26.7092,28.6868
14/05/2012 12:01,23.4156,28.6796
21/05/2012 12:33,28.0900,29.4732
24/05/2012 10:06,27.1374,27.9608
28/05/2012 13:02,25.7633,28.3486
31/05/2012 12:33,25.9478,30.5023
05/06/2012 12:21,27.7170,28.2121
08/06/2012 10:14,24.7939,27.3662
11/06/2012 12:25,25.1542,27.1446
18/06/2012 12:45,7.2258,25.5435
25/06/2012 12:35,6.3151,25.1259
04/07/2012 12:07,10.7926,23.1985
11/07/2012 12:40,9.1986,26.4271
16/07/2012 11:56,9.1872,25.7867
23/07/2012 11:42,11.6637,22.9119
30/07/2012 11:35,15.7050,25.1683
02/08/2012 12:33,12.1960,23.3035
06/08/2012 13:49,8.2471,23.2265
09/08/2012 10:12,6.6154,23.3806
13/08/2012 12:09,5.3066,24.1034
20/08/2012 12:07,7.2691,23.4436
27/08/2012 12:02,6.3090,21.0771
03/09/2012 10:59,6.8306,18.1439
10/09/2012 12:19,3.4453,4.7065
17/09/2012 12:16,8.8000,15.6182
24/09/2012 11:37,6.7875,8.5923
02/10/2012 12:25,4.2012,8.1281
08/10/2012 13:08,4.9995,16.4957
15/10/2012 11:40,8.9956,17.7505
22/10/2012 11:43,8.9956,16.7041
29/10/2012 11:05,11.9295,14.7926
05/11/2012 12:26,10.5487,17.9810
12/11/2012 11:47,8.5483,17.4392
19/11/2012 11:55,9.6547,13.2546
26/11/2012 11:01,9.8966,13.6160
03/12/2012 11:40,8.6804,13.9125
10/12/2012 13:08,12.7438,21.0909
17/12/2012 11:45,8.6804,14.5538
24/12/2012 13:06,9.7119,14.9919
31/12/2012 11:31,13.0710,17.7099
07/01/2013 11:09,16.1735,21.3469
14/01/2013 11:16,18.1100,20.5593
21/01/2013 11:38,18.6405,21.1739
29/01/2013 12:05,17.4189,20.0157
04/02/2013 11:28,19.9882,23.9980
11/02/2013 11:22,22.2007,23.5628
18/02/2013 11:16,22.3957,22.9189
25/02/2013 12:43,24.3779,25.1400
05/03/2013 11:16,26.5382,28.0828
11/03/2013 12:33,26.6165,28.5788
18/03/2013 12:08,24.6668,27.3590
25/03/2013 12:27,25.8627,26.0686
02/04/2013 12:08,23.7101,25.8343
08/04/2013 11:54,24.1175,28.1115
15/04/2013 10:59,25.8697,28.9462
22/04/2013 11:40,25.3948,30.0089
29/04/2013 12:14,27.4377,27.6740
06/05/2013 11:50,25.0198,30.2772
13/05/2013 11:22,19.1523,24.3004
20/05/2013 11:54,17.1353,30.1539
27/05/2013 11:26,25.4231,27.8604
04/06/2013 12:09,18.8177,26.3032
10/06/2013 11:12,20.0569,27.2875
17/06/2013 11:59,16.4621,28.3630
24/06/2013 11:06,24.5258,26.3886
01/07/2013 12:24,20.7041,27.4306
08/07/2013 11:20,23.4646,26.4741
15/07/2013 11:44,19.1591,26.9446
22/07/2013 11:37,12.4044,19.6794
29/07/2013 11:55,5.3627,11.1789
05/08/2013 12:13,8.0281,18.5111
12/08/2013 11:43,5.9369,6.4253
19/08/2013 12:08,3.7922,5.1490
26/08/2013 12:31,5.7243,6.1929
02/09/2013 11:45,2.8670,3.4354
09/09/2013 12:04,2.9859,4.0655
16/09/2013 11:19,1.9965,2.0066
23/09/2013 12:29,2.6891,2.6725
01/10/2013 11:26,3.3465,3.5904
07/10/2013 11:35,3.1283,3.6885
14/10/2013 12:07,2.5046,3.6342
21/10/2013 11:58,3.6915,4.1127
28/10/2013 11:47,3.4127,6.6830
04/11/2013 12:10,5.1358,11.3920
11/11/2013 12:02,5.3886,8.3725
18/11/2013 12:27,7.0774,9.1094
25/11/2013 11:59,9.7437,15.6984
02/12/2013 12:03,11.8646,13.2349
09/12/2013 12:30,11.7220,14.8125
16/12/2013 12:05,16.1601,19.1523
23/12/2013 10:44,16.0194,18.3682
30/12/2013 11:59,17.0139,18.1643
06/01/2014 12:45,17.9675,19.5697
13/01/2014 11:18,19.4533,19.8509
20/01/2014 11:44,19.1933,21.0702
28/01/2014 11:36,21.2638,21.5964
03/02/2014 10:42,20.8974,23.2055
10/02/2014 11:38,23.0377,23.4016
17/02/2014 11:26,24.3920,25.0764
24/02/2014 11:50,25.7491,27.3376
04/03/2014 11:35,26.9731,27.2804
10/03/2014 12:24,27.5379,27.7242
17/03/2014 11:37,28.2911,28.4133
24/03/2014 11:43,28.3558,30.2264
31/03/2014 12:17,29.7988,30.1539
07/04/2014 12:20,29.3648,30.2627
14/04/2014 12:06,30.5459,31.6754
23/04/2014 11:57,30.6186,30.8368
29/04/2014 11:50,29.5383,30.1829
05/05/2014 12:05,29.1121,30.9606
12/05/2014 12:02,19.9882,31.4563
19/05/2014 12:36,19.0771,28.0972
26/05/2014 11:16,9.2549,28.9246
03/06/2014 11:59,11.5083,25.8485
09/06/2014 12:32,16.8252,29.5889
16/06/2014 11:21,18.3818,23.9769
23/06/2014 11:03,6.8799,23.6890
30/06/2014 11:30,8.4917,18.5588
07/07/2014 10:59,4.0614,22.9328
14/07/2014 12:12,6.3090,7.1948
21/07/2014 12:09,5.9430,14.1237
28/07/2014 11:30,4.0519,4.3788
04/08/2014 11:43,5.4128,5.5886
11/08/2014 11:27,5.1262,5.1292
18/08/2014 11:51,6.7629,22.7513
25/08/2014 12:22,4.7847,6.9292
01/09/2014 11:15,2.4275,2.5933
08/09/2014 11:55,5.1790,5.3760
15/09/2014 11:54,4.8726,5.0883
22/09/2014 10:58,4.0596,4.6779
30/09/2014 11:18,3.2300,3.7881
06/10/2014 11:35,3.6348,4.0843
13/10/2014 10:51,3.6874,3.8725
20/10/2014 12:22,4.1250,8.1532
27/10/2014 11:46,5.7547,6.1685
10/11/2014 11:24,5.6159,7.1948
17/11/2014 11:37,6.4620,8.4478
24/11/2014 11:42,6.5417,7.8720
01/12/2014 11:23,8.8757,10.6898
08/12/2014 11:19,9.5530,11.6313
15/12/2014 12:08,10.1710,11.9425
22/12/2014 11:31,10.9019,13.1037
29/12/2014 11:30,13.9191,16.1132
05/01/2015 11:08,14.2162,16.9398
12/01/2015 12:10,17.3716,18.4703
19/01/2015 11:22,19.1864,19.8646
27/01/2015 11:49,19.3232,21.8670
02/02/2015 11:27,20.8145,22.3539
09/02/2015 11:08,21.6380,23.1286
16/02/2015 10:59,21.5617,21.9434
23/02/2015 11:57,22.0825,22.7443
03/03/2015 11:53,23.5558,24.4906
09/03/2015 11:14,24.7868,25.3169
16/03/2015 11:50,25.5364,28.0182
23/03/2015 11:06,24.3427,24.9633
30/03/2015 11:44,25.3310,27.0160
07/04/2015 11:09,26.1539,27.5093
13/04/2015 11:22,20.0157,29.2565
20/04/2015 11:23,24.9068,25.2532
28/04/2015 11:28,24.6880,28.3055
04/05/2015 11:47,27.4449,27.7887
11/05/2015 11:45,25.7207,27.0303
18/05/2015 11:16,6.1196,28.3918
25/05/2015 11:21,22.6396,27.6955
02/06/2015 11:48,24.9775,26.9803
08/06/2015 11:20,22.7063,25.2647
15/06/2015 11:56,22.9022,27.3045
22/06/2015 11:39,5.8196,23.5203
29/06/2015 12:11,17.8613,26.6730
06/07/2015 12:04,15.7425,24.1312
13/07/2015 11:32,16.2342,24.8407
20/07/2015 11:53,9.2676,32.1142
27/07/2015 11:18,10.3080,26.0398
03/08/2015 11:52,4.5814,4.6558
10/08/2015 11:32,6.7451,7.0291
17/08/2015 11:29,13.8429,16.2005
24/08/2015 11:44,11.8772,12.9354
31/08/2015 11:30,11.9661,13.8768
07/09/2015 11:26,8.6728,9.8971
14/09/2015 11:35,6.4055,8.0008
21/09/2015 11:04,6.2094,7.0180
29/09/2015 12:07,8.8917,13.0262
05/10/2015 12:10,9.8933,14.3633
12/10/2015 11:02,11.9445,16.1111
19/10/2015 11:43,10.4910,13.1890
26/10/2015 11:05,11.1858,13.9470
02/11/2015 12:27,11.6313,15.9190
09/11/2015 11:00,11.1273,12.9007
16/11/2015 11:42,11.8883,14.0715
23/11/2015 11:05,14.2956,16.0529
30/11/2015 12:55,13.5502,16.0596
07/12/2015 11:11,14.8789,16.2406
14/12/2015 11:08,14.0708,16.3815
21/12/2015 11:02,15.6984,17.6219
29/12/2015 11:30,18.0489,20.8629
04/01/2016 11:52,19.2411,21.8392
13/01/2016 13:04,20.4560,21.6241
18/01/2016 12:00,22.7977,24.9902
25/01/2016 11:56,21.1641,23.2768
01/02/2016 11:33,23.6058,24.1601
08/02/2016 11:44,16.6335,21.9800
15/02/2016 12:44,18.2866,21.3331
22/02/2016 11:07,23.2282,24.6558
29/02/2016 12:44,24.2533,26.3438
08/03/2016 12:07,25.4160,25.6144
14/03/2016 12:06,25.9557,27.9720
21/03/2016 11:03,26.0608,28.3595
30/03/2016 11:33,11.8478,26.9822
04/04/2016 12:03,9.1172,27.0916
11/04/2016 12:15,15.8625,24.8927
18/04/2016 12:20,12.1245,29.1410
02/05/2016 11:28,17.6685,18.5369
09/05/2016 11:54,14.1097,17.9619
16/05/2016 11:41,15.5938,24.9301
23/05/2016 12:19,11.5345,16.5189
30/05/2016 11:32,8.8137,9.0118
07/06/2016 11:49,8.6993,17.8590
13/06/2016 11:24,9.0083,15.1382
20/06/2016 11:33,9.2676,21.7351
27/06/2016 12:04,9.2422,20.6076
04/07/2016 11:09,8.5797,20.4215
11/07/2016 12:03,3.6581,3.7693
18/07/2016 11:06,4.4067,4.6344
25/07/2016 11:15,5.8154,5.8579
01/08/2016 12:08,6.4865,7.0403
08/08/2016 11:57,6.4008,7.2815
15/08/2016 11:29,7.1763,7.4179
22/08/2016 11:56,4.7728,4.8445
29/08/2016 10:47,3.1462,3.1953
05/09/2016 11:10,5.1280,5.2362
12/09/2016 12:14,4.6290,5.6165
19/09/2016 11:27,5.5009,6.2234
27/09/2016 11:47,3.5245,5.1045
03/10/2016 11:48,4.4839,4.9504
10/10/2016 11:28,4.2178,4.5534
17/10/2016 11:39,4.5594,5.0499
24/10/2016 11:42,4.9103,5.2711
31/10/2016 11:20,4.9157,4.9181
07/11/2016 10:55,4.9726,5.0643
14/11/2016 11:25,5.1111,5.1129
21/11/2016 10:43,5.4140,7.1268
28/11/2016 11:02,9.2106,11.5342
05/12/2016 11:33,8.9262,10.6770
12/12/2016 11:10,11.9412,13.2769
19/12/2016 11:16,11.8776,14.4080
03/01/2017 11:05,14.9786,17.6151
09/01/2017 11:08,14.7262,16.2876
16/01/2017 11:57,17.2028,18.1779
23/01/2017 11:11,18.4499,19.8509
30/01/2017 11:36,17.8725,22.0268
06/02/2017 11:44,3.9101,3.9178
15/02/2017 11:48,3.8937,3.8937
20/02/2017 11:10,3.3518,3.3518
27/02/2017 11:13,4.7644,4.7620
07/03/2017 12:16,6.3855,6.3769
13/03/2017 11:08,7.1083,7.1478
20/03/2017 11:30,7.3695,7.4154
27/03/2017 11:57,7.3348,7.3211
03/04/2017 11:46,9.0828,14.3273
10/04/2017 11:12,11.1925,17.6896
18/04/2017 11:37,12.6366,17.6347
24/04/2017 11:54,13.8544,20.3265
01/05/2017 12:33,14.8981,17.7329
08/05/2017 10:58,17.5481,26.4100
15/05/2017 11:39,21.4515,22.4751
22/05/2017 12:13,13.5324,24.8885
29/05/2017 11:14,14.7069,21.8677
06/06/2017 11:12,17.5792,27.6747
12/06/2017 11:28,22.0241,26.8354
19/06/2017 12:10,20.8063,28.7466
26/06/2017 11:12,14.0887,23.4457
03/07/2017 11:18,9.0594,25.2914
10/07/2017 12:07,8.3474,24.1048
17/07/2017 11:59,8.4484,21.6623
24/07/2017 11:03,3.6558,19.7102
31/07/2017 10:46,4.3675,4.4702
07/08/2017 11:37,5.8840,6.1874
14/08/2017 11:22,3.1456,4.2048
21/08/2017 11:28,3.3187,3.3326
28/08/2017 11:36,4.2556,4.3432
04/09/2017 11:26,3.6231,3.7787
11/09/2017 11:57,5.6577,5.9917
18/09/2017 11:13,4.9971,5.0547
26/09/2017 10:33,3.4034,3.5945
02/10/2017 12:05,4.6028,6.0739
09/10/2017 11:36,4.4678,5.1406
16/10/2017 12:07,4.7674,4.8271
23/10/2017 11:31,4.2006,4.6100
30/10/2017 11:35,4.2030,5.4224
06/11/2017 11:07,4.8032,4.8821
13/11/2017 12:42,6.7020,11.9614
20/11/2017 11:52,8.6867,11.1402
27/11/2017 11:23,8.9767,12.9269
04/12/2017 11:46,9.5784,12.9400
11/12/2017 11:38,12.1700,18.4431
18/12/2017 11:22,14.3941,15.2081
02/01/2018 11:51,12.9904,15.0424
08/01/2018 11:31,13.5318,17.2615
15/01/2018 11:57,15.4273,18.5867
22/01/2018 11:57,7.8901,8.5018
29/01/2018 12:00,7.8115,7.9138
05/02/2018 11:42,9.4946,15.0617
12/02/2018 11:55,11.1435,13.3898
19/02/2018 11:53,13.8465,16.6906
26/02/2018 12:30,16.3164,16.6779
06/03/2018 12:05,13.3117,19.0976
12/03/2018 12:02,14.8470,22.3351
19/03/2018 12:40,17.1839,21.4737
26/03/2018 11:54,20.9969,24.2498
03/04/2018 11:37,20.5076,22.7220
09/04/2018 11:59,22.2223,25.7371
16/04/2018 11:42,22.3601,24.3920
23/04/2018 12:02,24.0240,26.3075
30/04/2018 11:47,23.9102,26.3488
07/05/2018 11:54,23.0552,25.3594
14/05/2018 12:10,23.5361,27.0331
21/05/2018 11:54,25.5860,27.1731
28/05/2018 12:11,10.7830,25.7406
05/06/2018 11:32,18.7223,28.1345
11/06/2018 12:09,4.4726,26.6636
18/06/2018 12:20,8.6879,23.4065
25/06/2018 12:02,7.1385,24.9937
02/07/2018 12:21,8.6017,24.1555
09/07/2018 12:50,5.6892,5.6970
16/07/2018 12:02,4.1735,4.8833
23/07/2018 12:09,4.6815,5.1213
30/07/2018 11:49,4.7119,4.7817
13/08/2018 12:30,3.3709,3.3640
20/08/2018 12:19,3.3651,3.3785
27/08/2018 11:57,3.4412,3.5152
03/09/2018 12:09,3.6219,3.6161
10/09/2018 11:58,2.8630,3.1872
17/09/2018 12:00,3.3558,3.4226
25/09/2018 11:31,3.5437,3.5671
01/10/2018 11:48,3.3558,3.7804
08/10/2018 11:53,3.4244,3.7219
15/10/2018 12:24,4.6701,12.4187
22/10/2018 11:33,4.2054,4.3195
29/10/2018 12:01,3.9183,4.0319
05/11/2018 12:18,4.2184,4.2296
12/11/2018 11:40,4.1427,4.2190
19/11/2018 12:10,4.6153,7.7592
26/11/2018 11:59,4.2669,4.3610
03/12/2018 12:28,4.6666,7.6254
10/12/2018 12:26,5.5070,8.8801
17/12/2018 11:43,7.4253,10.2036
02/01/2019 11:59,12.7751,14.8895
07/01/2019 12:31,12.8628,14.5100
14/01/2019 11:51,14.1752,16.6261
21/01/2019 12:27,16.4339,18.8273
29/01/2019 12:20,17.3068,19.0518
04/02/2019 12:22,17.3358,18.8205
11/02/2019 11:55,19.8358,21.2431
18/02/2019 12:20,20.3107,21.1635
25/02/2019 11:35,20.9209,24.1808
05/03/2019 12:28,22.0825,24.1344
11/03/2019 11:48,23.5684,27.2625
18/03/2019 12:14,23.9017,25.5988
25/03/2019 11:49,25.1011,25.5449
01/04/2019 12:15,25.5832,28.0979
08/04/2019 12:11,26.1688,26.8468
15/04/2019 12:27,27.2174,28.0462
23/04/2019 12:08,24.4857,26.8297
29/04/2019 12:33,26.5068,28.5414
06/05/2019 12:29,27.3969,27.4656
13/05/2019 13:08,26.5410,27.7815
20/05/2019 12:46,27.7170,29.0746
27/05/2019 12:25,25.6250,28.9909
04/06/2019 12:02,28.9649,29.2695
10/06/2019 12:20,14.3524,27.4570
17/06/2019 12:53,12.3008,27.7285
24/06/2019 12:44,5.8093,27.2518
01/07/2019 12:26,4.6058,5.7911
08/07/2019 12:57,4.7298,4.7883
15/07/2019 12:22,5.9138,6.4626
22/07/2019 13:01,5.9813,6.8466
29/07/2019 12:20,7.2592,9.5270
05/08/2019 12:58,9.2068,11.3719
12/08/2019 12:21,8.2765,16.7142
19/08/2019 12:35,5.6680,6.1129
26/08/2019 13:11,4.1776,4.7949
02/09/2019 12:51,2.9101,3.1768
09/09/2019 12:06,4.5082,5.0097
16/09/2019 12:39,4.6207,4.7913
23/09/2019 12:16,3.8027,11.9490
01/10/2019 12:18,4.3065,4.3948
07/10/2019 12:40,4.4476,11.6287
14/10/2019 11:38,5.6643,12.5550
21/10/2019 11:56,5.3368,7.6067
28/10/2019 12:02,7.2171,8.8662
04/11/2019 12:22,4.2178,25.8414
11/11/2019 12:22,8.2671,28.1776
18/11/2019 12:13,10.2061,13.2159
25/11/2019 12:15,10.5596,12.0335
02/12/2019 12:35,10.6764,14.6287
09/12/2019 12:15,14.8397,18.9863
16/12/2019 11:45,16.6705,19.6663
23/12/2019 12:10,18.0407,19.8193
30/12/2019 12:02,17.9037,19.7932
06/01/2020 12:43,18.6984,20.5635
13/01/2020 12:03,18.7148,22.7785
20/01/2020 11:59,21.8781,22.8518
28/01/2020 11:53,21.9733,24.2540
03/02/2020 12:29,20.9741,24.1041
10/02/2020 12:08,22.6899,23.5817
17/02/2020 11:37,24.8913,25.6668
24/02/2020 11:41,26.7512,28.5608
03/03/2020 12:06,26.1866,26.7320
09/03/2020 12:21,26.6201,26.8233
16/03/2020 12:02,28.0706,29.3966
23/03/2020 12:09,27.1353,27.8360
30/03/2020 12:09,27.8554,28.1862
06/04/2020 11:52,27.8518,28.4428
20/04/2020 12:01,28.8683,29.3988
28/04/2020 12:32,28.5738,28.6443
04/05/2020 11:58,28.6126,30.0038
11/05/2020 11:55,26.2662,27.9127
