﻿SITE_ID,DEFAULT_SITE_REF,SITE_TYPE,SITE_SUBTYPE,DEFAULT_SITE_NUM_SYS,SITE_NAME,SITE_SHORTNAME,ALL_SITE_REFERENCES,TEXT_REF,ZONE,EASTING,NORTHING,LATITUDE,LONGITUDE,SPHEROID
6161086,6161086,Surface (other),Sampling location,AWRC,Swan River - Middle Swan Bridge,Middle Swan Bridge,13816 [WIN_ID]; 6161086 [SITE_REF]; MSB [TEXT_REF],MSB,50,406263.00,6474166.00,-31.864403993,116.009082729,GDA94
6161821,6161821,Surface (other),Sampling location,AWRC,Swan River - Kingsley Rd,Kingsley Rd,22000021 [WIN_ID]; 6161821 [SITE_REF]; KIN [TEXT_REF]; SR61 [TEXT2]; SW20 HIST [TEXT_HIST],KIN,50,401768.00,6468783.00,-31.912582148,115.961026387,GDA94
6161879,6161879,Surface (other),Sampling location,AWRC,Success Hill - Unnamed,Unnamed,22000022 [WIN_ID]; 6161879 [SITE_REF]; SR58 [TEXT2]; SUC [TEXT_REF]; SW21 HIST [TEXT_HIST],SUC,50,401585.00,6470349.00,-31.898440276,115.959250125,GDA94

