ISOTime,Flow,Sal,Temp,zeroes,TSS
01/01/2016,0.5243,0.5000,20.0000,0
1,02/01/2016,0.8046,0.5000,20.0000,0
1,03/01/2016,0.6990,0.5000,20.0000,0
1,04/01/2016,0.4554,0.5000,20.0000,0
1,05/01/2016,0.8881,0.5000,20.0000,0
1,06/01/2016,0.0389,0.5000,20.0000,0
1,07/01/2016,0.5268,0.5000,20.0000,0
1,08/01/2016,0.1554,0.5000,20.0000,0
1,09/01/2016,0.2535,0.5000,20.0000,0
1,10/01/2016,0.5824,0.5000,20.0000,0
1,11/01/2016,0.8647,0.5000,20.0000,0
1,12/01/2016,0.5863,0.5000,20.0000,0
1,13/01/2016,0.1045,0.5000,20.0000,0
1,14/01/2016,0.7064,0.5000,20.0000,0
1,15/01/2016,0.6845,0.5000,20.0000,0
1,16/01/2016,0.1188,0.5000,20.0000,0
1,17/01/2016,0.6401,0.5000,20.0000,0
1,18/01/2016,0.4103,0.5000,20.0000,0
1,19/01/2016,0.0927,0.5000,20.0000,0
1,20/01/2016,0.5334,0.5000,20.0000,0
1,21/01/2016,0.1749,0.5000,20.0000,0
1,22/01/2016,0.5852,0.5000,20.0000,0
1,23/01/2016,0.2469,0.5000,20.0000,0
1,24/01/2016,0.1673,0.5000,20.0000,0
1,25/01/2016,0.1811,0.5000,20.0000,0
1,26/01/2016,0.1714,0.5000,20.0000,0
1,27/01/2016,0.9953,0.5000,20.0000,0
1,28/01/2016,0.9260,0.5000,20.0000,0
1,29/01/2016,0.4973,0.5000,20.0000,0
1,30/01/2016,0.9505,0.5000,20.0000,0
1,31/01/2016,0.6467,0.5000,20.0000,0
1,01/02/2016,0.4203,0.5000,20.0000,0
1,02/02/2016,0.8300,0.5000,20.0000,0
1,03/02/2016,0.7405,0.5000,20.0000,0
1,04/02/2016,0.4462,0.5000,20.0000,0
1,05/02/2016,0.5541,0.5000,20.0000,0
1,06/02/2016,0.6110,0.5000,20.0000,0
1,07/02/2016,0.7402,0.5000,20.0000,0
1,08/02/2016,0.2719,0.5000,20.0000,0
1,09/02/2016,0.2996,0.5000,20.0000,0
1,10/02/2016,0.9422,0.5000,20.0000,0
1,11/02/2016,0.2736,0.5000,20.0000,0
1,12/02/2016,0.9464,0.5000,20.0000,0
1,13/02/2016,0.8484,0.5000,20.0000,0
1,14/02/2016,0.0341,0.5000,20.0000,0
1,15/02/2016,0.0146,0.5000,20.0000,0
1,16/02/2016,0.6495,0.5000,20.0000,0
1,17/02/2016,0.3884,0.5000,20.0000,0
1,18/02/2016,0.2631,0.5000,20.0000,0
1,19/02/2016,0.8057,0.5000,20.0000,0
1,20/02/2016,0.6532,0.5000,20.0000,0
1,21/02/2016,0.4546,0.5000,20.0000,0
1,22/02/2016,0.8912,0.5000,20.0000,0
1,23/02/2016,0.5472,0.5000,20.0000,0
1,24/02/2016,0.3931,0.5000,20.0000,0
1,25/02/2016,0.6422,0.5000,20.0000,0
1,26/02/2016,0.4238,0.5000,20.0000,0
1,27/02/2016,0.8564,0.5000,20.0000,0
1,28/02/2016,0.3219,0.5000,20.0000,0
1,29/02/2016,0.4062,0.5000,20.0000,0
1,01/03/2016,0.1135,0.5000,20.0000,0
1,02/03/2016,0.2032,0.5000,20.0000,0
1,03/03/2016,0.9017,0.5000,20.0000,0
1,04/03/2016,0.6544,0.5000,20.0000,0
1,05/03/2016,0.4396,0.5000,20.0000,0
1,06/03/2016,0.8822,0.5000,20.0000,0
1,07/03/2016,0.6951,0.5000,20.0000,0
1,08/03/2016,0.0605,0.5000,20.0000,0
1,09/03/2016,0.6212,0.5000,20.0000,0
1,10/03/2016,0.1333,0.5000,20.0000,0
1,11/03/2016,0.4191,0.5000,20.0000,0
1,12/03/2016,0.3762,0.5000,20.0000,0
1,13/03/2016,0.3000,0.5000,20.0000,0
1,14/03/2016,0.2346,0.5000,20.0000,0
1,15/03/2016,0.6886,0.5000,20.0000,0
1,16/03/2016,0.4302,0.5000,20.0000,0
1,17/03/2016,0.3972,0.5000,20.0000,0
1,18/03/2016,0.2346,0.5000,20.0000,0
1,19/03/2016,0.2202,0.5000,20.0000,0
1,20/03/2016,0.5106,0.5000,20.0000,0
1,21/03/2016,0.0631,0.5000,20.0000,0
1,22/03/2016,0.1509,0.5000,20.0000,0
1,23/03/2016,0.8087,0.5000,20.0000,0
1,24/03/2016,0.1564,0.5000,20.0000,0
1,25/03/2016,0.0275,0.5000,20.0000,0
1,26/03/2016,0.0781,0.5000,20.0000,0
1,27/03/2016,0.3852,0.5000,20.0000,0
1,28/03/2016,0.8775,0.5000,20.0000,0
1,29/03/2016,0.6349,0.5000,20.0000,0
1,30/03/2016,0.5240,0.5000,20.0000,0
1,31/03/2016,0.6512,0.5000,20.0000,0
1,01/04/2016,0.2415,0.5000,20.0000,0
1,02/04/2016,0.8630,0.5000,20.0000,0
1,03/04/2016,0.5915,0.5000,20.0000,0
1,04/04/2016,0.6458,0.5000,20.0000,0
1,05/04/2016,0.2582,0.5000,20.0000,0
1,06/04/2016,0.7438,0.5000,20.0000,0
1,07/04/2016,0.1720,0.5000,20.0000,0
1,08/04/2016,0.8117,0.5000,20.0000,0
1,09/04/2016,0.5144,0.5000,20.0000,0
1,10/04/2016,0.6289,0.5000,20.0000,0
1,11/04/2016,0.6433,0.5000,20.0000,0
1,12/04/2016,0.8651,0.5000,20.0000,0
1,13/04/2016,0.4833,0.5000,20.0000,0
1,14/04/2016,0.7740,0.5000,20.0000,0
1,15/04/2016,0.2064,0.5000,20.0000,0
1,16/04/2016,0.7943,0.5000,20.0000,0
1,17/04/2016,0.4233,0.5000,20.0000,0
1,18/04/2016,0.5685,0.5000,20.0000,0
1,19/04/2016,0.3491,0.5000,20.0000,0
1,20/04/2016,0.8239,0.5000,20.0000,0
1,21/04/2016,0.8804,0.5000,20.0000,0
1,22/04/2016,0.2742,0.5000,20.0000,0
1,23/04/2016,0.0460,0.5000,20.0000,0
1,24/04/2016,0.8681,0.5000,20.0000,0
1,25/04/2016,0.9384,0.5000,20.0000,0
1,26/04/2016,0.5092,0.5000,20.0000,0
1,27/04/2016,0.9674,0.5000,20.0000,0
1,28/04/2016,0.0543,0.5000,20.0000,0
1,29/04/2016,0.0719,0.5000,20.0000,0
1,30/04/2016,0.7788,0.5000,20.0000,0
1,01/05/2016,0.2412,0.5000,20.0000,0
1,02/05/2016,0.6679,0.5000,20.0000,0
1,03/05/2016,0.0847,0.5000,20.0000,0
1,04/05/2016,0.2596,0.5000,20.0000,0
1,05/05/2016,0.9336,0.5000,20.0000,0
1,06/05/2016,0.8571,0.5000,20.0000,0
1,07/05/2016,0.8391,0.5000,20.0000,0
1,08/05/2016,0.8854,0.5000,20.0000,0
1,09/05/2016,0.4378,0.5000,20.0000,0
1,10/05/2016,0.5756,0.5000,20.0000,0
1,11/05/2016,0.2090,0.5000,20.0000,0
1,12/05/2016,0.3134,0.5000,20.0000,0
1,13/05/2016,0.4669,0.5000,20.0000,0
1,14/05/2016,0.5281,0.5000,20.0000,0
1,15/05/2016,0.0116,0.5000,20.0000,0
1,16/05/2016,0.4408,0.5000,20.0000,0
1,17/05/2016,0.9083,0.5000,20.0000,0
1,18/05/2016,0.5051,0.5000,20.0000,0
1,19/05/2016,0.5816,0.5000,20.0000,0
1,20/05/2016,0.1859,0.5000,20.0000,0
1,21/05/2016,0.2307,0.5000,20.0000,0
1,22/05/2016,0.5865,0.5000,20.0000,0
1,23/05/2016,0.9308,0.5000,20.0000,0
1,24/05/2016,0.1634,0.5000,20.0000,0
1,25/05/2016,0.2261,0.5000,20.0000,0
1,26/05/2016,0.5128,0.5000,20.0000,0
1,27/05/2016,0.4265,0.5000,20.0000,0
1,28/05/2016,0.7312,0.5000,20.0000,0
1,29/05/2016,0.4333,0.5000,20.0000,0
1,30/05/2016,0.2691,0.5000,20.0000,0
1,31/05/2016,0.4042,0.5000,20.0000,0
1,01/06/2016,0.3384,0.5000,20.0000,0
1,02/06/2016,0.2703,0.5000,20.0000,0
1,03/06/2016,0.7243,0.5000,20.0000,0
1,04/06/2016,0.7560,0.5000,20.0000,0
1,05/06/2016,0.4934,0.5000,20.0000,0
1,06/06/2016,0.2538,0.5000,20.0000,0
1,07/06/2016,0.8508,0.5000,20.0000,0
1,08/06/2016,0.2922,0.5000,20.0000,0
1,09/06/2016,0.8413,0.5000,20.0000,0
1,10/06/2016,0.1953,0.5000,20.0000,0
1,11/06/2016,0.6643,0.5000,20.0000,0
1,12/06/2016,0.0162,0.5000,20.0000,0
1,13/06/2016,0.1301,0.5000,20.0000,0
1,14/06/2016,0.6154,0.5000,20.0000,0
1,15/06/2016,0.6319,0.5000,20.0000,0
1,16/06/2016,0.0975,0.5000,20.0000,0
1,17/06/2016,0.6840,0.5000,20.0000,0
1,18/06/2016,0.1786,0.5000,20.0000,0
1,19/06/2016,0.0122,0.5000,20.0000,0
1,20/06/2016,0.9855,0.5000,20.0000,0
1,21/06/2016,0.1889,0.5000,20.0000,0
1,22/06/2016,0.3275,0.5000,20.0000,0
1,23/06/2016,0.9488,0.5000,20.0000,0
1,24/06/2016,0.6403,0.5000,20.0000,0
1,25/06/2016,0.9715,0.5000,20.0000,0
1,26/06/2016,0.7195,0.5000,20.0000,0
1,27/06/2016,0.4389,0.5000,20.0000,0
1,28/06/2016,0.2698,0.5000,20.0000,0
1,29/06/2016,0.3795,0.5000,20.0000,0
1,30/06/2016,0.5049,0.5000,20.0000,0
1,01/07/2016,0.2968,0.5000,20.0000,0
1,02/07/2016,0.3464,0.5000,20.0000,0
1,03/07/2016,0.4341,0.5000,20.0000,0
1,04/07/2016,0.6951,0.5000,20.0000,0
1,05/07/2016,0.7003,0.5000,20.0000,0
1,06/07/2016,0.3495,0.5000,20.0000,0
1,07/07/2016,0.5543,0.5000,20.0000,0
1,08/07/2016,0.6873,0.5000,20.0000,0
1,09/07/2016,0.5422,0.5000,20.0000,0
1,10/07/2016,0.9927,0.5000,20.0000,0
1,11/07/2016,0.6686,0.5000,20.0000,0
1,12/07/2016,0.4049,0.5000,20.0000,0
1,13/07/2016,0.7713,0.5000,20.0000,0
1,14/07/2016,0.5091,0.5000,20.0000,0
1,15/07/2016,0.6810,0.5000,20.0000,0
1,16/07/2016,0.8440,0.5000,20.0000,0
1,17/07/2016,0.6436,0.5000,20.0000,0
1,18/07/2016,0.3168,0.5000,20.0000,0
1,19/07/2016,0.2557,0.5000,20.0000,0
1,20/07/2016,0.1124,0.5000,20.0000,0
1,21/07/2016,0.6503,0.5000,20.0000,0
1,22/07/2016,0.7064,0.5000,20.0000,0
1,23/07/2016,0.9579,0.5000,20.0000,0
1,24/07/2016,0.2415,0.5000,20.0000,0
1,25/07/2016,0.4475,0.5000,20.0000,0
1,26/07/2016,0.1434,0.5000,20.0000,0
1,27/07/2016,0.0862,0.5000,20.0000,0
1,28/07/2016,0.2587,0.5000,20.0000,0
1,29/07/2016,0.9441,0.5000,20.0000,0
1,30/07/2016,0.1134,0.5000,20.0000,0
1,31/07/2016,0.4343,0.5000,20.0000,0
1,01/08/2016,0.5255,0.5000,20.0000,0
1,02/08/2016,0.8242,0.5000,20.0000,0
1,03/08/2016,0.8091,0.5000,20.0000,0
1,04/08/2016,0.4383,0.5000,20.0000,0
1,05/08/2016,0.8666,0.5000,20.0000,0
1,06/08/2016,0.7791,0.5000,20.0000,0
1,07/08/2016,0.8080,0.5000,20.0000,0
1,08/08/2016,0.1881,0.5000,20.0000,0
1,09/08/2016,0.6868,0.5000,20.0000,0
1,10/08/2016,0.5746,0.5000,20.0000,0
1,11/08/2016,0.6311,0.5000,20.0000,0
1,12/08/2016,0.3881,0.5000,20.0000,0
1,13/08/2016,0.6685,0.5000,20.0000,0
1,14/08/2016,0.4188,0.5000,20.0000,0
1,15/08/2016,0.0883,0.5000,20.0000,0
1,16/08/2016,0.4518,0.5000,20.0000,0
1,17/08/2016,0.9560,0.5000,20.0000,0
1,18/08/2016,0.7086,0.5000,20.0000,0
1,19/08/2016,0.1139,0.5000,20.0000,0
1,20/08/2016,0.7641,0.5000,20.0000,0
1,21/08/2016,0.3390,0.5000,20.0000,0
1,22/08/2016,0.3420,0.5000,20.0000,0
1,23/08/2016,0.7165,0.5000,20.0000,0
1,24/08/2016,0.0126,0.5000,20.0000,0
1,25/08/2016,0.2761,0.5000,20.0000,0
1,26/08/2016,0.5172,0.5000,20.0000,0
1,27/08/2016,0.9002,0.5000,20.0000,0
1,28/08/2016,0.7790,0.5000,20.0000,0
1,29/08/2016,0.7052,0.5000,20.0000,0
1,30/08/2016,0.7207,0.5000,20.0000,0
1,31/08/2016,0.4410,0.5000,20.0000,0
1,01/09/2016,0.1445,0.5000,20.0000,0
1,02/09/2016,0.9884,0.5000,20.0000,0
1,03/09/2016,0.9340,0.5000,20.0000,0
1,04/09/2016,0.7891,0.5000,20.0000,0
1,05/09/2016,0.6044,0.5000,20.0000,0
1,06/09/2016,0.3248,0.5000,20.0000,0
1,07/09/2016,0.0236,0.5000,20.0000,0
1,08/09/2016,0.1301,0.5000,20.0000,0
1,09/09/2016,0.9572,0.5000,20.0000,0
1,10/09/2016,0.2947,0.5000,20.0000,0
1,11/09/2016,0.9894,0.5000,20.0000,0
1,12/09/2016,0.8508,0.5000,20.0000,0
1,13/09/2016,0.0291,0.5000,20.0000,0
1,14/09/2016,0.1918,0.5000,20.0000,0
1,15/09/2016,0.6617,0.5000,20.0000,0
1,16/09/2016,0.5408,0.5000,20.0000,0
1,17/09/2016,0.3738,0.5000,20.0000,0
1,18/09/2016,0.4527,0.5000,20.0000,0
1,19/09/2016,0.7882,0.5000,20.0000,0
1,20/09/2016,0.2320,0.5000,20.0000,0
1,21/09/2016,0.9401,0.5000,20.0000,0
1,22/09/2016,0.2565,0.5000,20.0000,0
1,23/09/2016,0.8798,0.5000,20.0000,0
1,24/09/2016,0.3516,0.5000,20.0000,0
1,25/09/2016,0.3193,0.5000,20.0000,0
1,26/09/2016,0.2844,0.5000,20.0000,0
1,27/09/2016,0.8047,0.5000,20.0000,0
1,28/09/2016,0.8872,0.5000,20.0000,0
1,29/09/2016,0.4439,0.5000,20.0000,0
1,30/09/2016,0.3909,0.5000,20.0000,0
1,01/10/2016,0.0584,0.5000,20.0000,0
1,02/10/2016,0.9483,0.5000,20.0000,0
1,03/10/2016,0.3631,0.5000,20.0000,0
1,04/10/2016,0.7771,0.5000,20.0000,0
1,05/10/2016,0.5246,0.5000,20.0000,0
1,06/10/2016,0.4102,0.5000,20.0000,0
1,07/10/2016,0.9769,0.5000,20.0000,0
1,08/10/2016,0.3059,0.5000,20.0000,0
1,09/10/2016,0.6471,0.5000,20.0000,0
1,10/10/2016,0.8811,0.5000,20.0000,0
1,11/10/2016,0.7881,0.5000,20.0000,0
1,12/10/2016,0.1373,0.5000,20.0000,0
1,13/10/2016,0.3478,0.5000,20.0000,0
1,14/10/2016,0.5851,0.5000,20.0000,0
1,15/10/2016,0.5888,0.5000,20.0000,0
1,16/10/2016,0.4343,0.5000,20.0000,0
1,17/10/2016,0.1715,0.5000,20.0000,0
1,18/10/2016,0.3324,0.5000,20.0000,0
1,19/10/2016,0.0597,0.5000,20.0000,0
1,20/10/2016,0.6591,0.5000,20.0000,0
1,21/10/2016,0.5513,0.5000,20.0000,0
1,22/10/2016,0.4899,0.5000,20.0000,0
1,23/10/2016,0.6597,0.5000,20.0000,0
1,24/10/2016,0.3240,0.5000,20.0000,0
1,25/10/2016,0.1659,0.5000,20.0000,0
1,26/10/2016,0.9089,0.5000,20.0000,0
1,27/10/2016,0.3612,0.5000,20.0000,0
1,28/10/2016,0.7997,0.5000,20.0000,0
1,29/10/2016,0.9006,0.5000,20.0000,0
1,30/10/2016,0.1364,0.5000,20.0000,0
1,31/10/2016,0.5210,0.5000,20.0000,0
1,01/11/2016,0.7176,0.5000,20.0000,0
1,02/11/2016,0.7095,0.5000,20.0000,0
1,03/11/2016,0.6520,0.5000,20.0000,0
1,04/11/2016,0.4534,0.5000,20.0000,0
1,05/11/2016,0.9914,0.5000,20.0000,0
1,06/11/2016,0.2379,0.5000,20.0000,0
1,07/11/2016,0.5005,0.5000,20.0000,0
1,08/11/2016,0.8406,0.5000,20.0000,0
1,09/11/2016,0.3965,0.5000,20.0000,0
1,10/11/2016,0.5796,0.5000,20.0000,0
1,11/11/2016,0.0830,0.5000,20.0000,0
1,12/11/2016,0.9084,0.5000,20.0000,0
1,13/11/2016,0.8573,0.5000,20.0000,0
1,14/11/2016,0.4447,0.5000,20.0000,0
1,15/11/2016,0.8323,0.5000,20.0000,0
1,16/11/2016,0.3308,0.5000,20.0000,0
1,17/11/2016,0.2774,0.5000,20.0000,0
1,18/11/2016,0.9201,0.5000,20.0000,0
1,19/11/2016,0.8771,0.5000,20.0000,0
1,20/11/2016,0.0431,0.5000,20.0000,0
1,21/11/2016,0.6327,0.5000,20.0000,0
1,22/11/2016,0.1246,0.5000,20.0000,0
1,23/11/2016,0.4789,0.5000,20.0000,0
1,24/11/2016,0.8657,0.5000,20.0000,0
1,25/11/2016,0.0126,0.5000,20.0000,0
1,26/11/2016,0.0598,0.5000,20.0000,0
1,27/11/2016,0.1831,0.5000,20.0000,0
1,28/11/2016,0.9248,0.5000,20.0000,0
1,29/11/2016,0.4853,0.5000,20.0000,0
1,30/11/2016,0.5636,0.5000,20.0000,0
1,01/12/2016,0.7040,0.5000,20.0000,0
1,02/12/2016,0.9692,0.5000,20.0000,0
1,03/12/2016,0.0046,0.5000,20.0000,0
1,04/12/2016,0.9711,0.5000,20.0000,0
1,05/12/2016,0.0640,0.5000,20.0000,0
1,06/12/2016,0.0611,0.5000,20.0000,0
1,07/12/2016,0.9233,0.5000,20.0000,0
1,08/12/2016,0.2640,0.5000,20.0000,0
1,09/12/2016,0.4206,0.5000,20.0000,0
1,10/12/2016,0.3684,0.5000,20.0000,0
1,11/12/2016,0.1880,0.5000,20.0000,0
1,12/12/2016,0.1160,0.5000,20.0000,0
1,13/12/2016,0.5951,0.5000,20.0000,0
1,14/12/2016,0.1906,0.5000,20.0000,0
1,15/12/2016,0.8234,0.5000,20.0000,0
1,16/12/2016,0.6812,0.5000,20.0000,0
1,17/12/2016,0.5328,0.5000,20.0000,0
1,18/12/2016,0.3062,0.5000,20.0000,0
1,19/12/2016,0.3929,0.5000,20.0000,0
1,20/12/2016,0.2117,0.5000,20.0000,0
1,21/12/2016,0.1581,0.5000,20.0000,0
1,22/12/2016,0.7187,0.5000,20.0000,0
1,23/12/2016,0.0554,0.5000,20.0000,0
1,24/12/2016,0.7478,0.5000,20.0000,0
1,25/12/2016,0.5075,0.5000,20.0000,0
1,26/12/2016,0.9733,0.5000,20.0000,0
1,27/12/2016,0.3981,0.5000,20.0000,0
1,28/12/2016,0.0082,0.5000,20.0000,0
1,29/12/2016,0.9691,0.5000,20.0000,0
1,30/12/2016,0.1346,0.5000,20.0000,0
1,31/12/2016,0.1281,0.5000,20.0000,0
1,01/01/2017,0.4139,0.5000,20.0000,0
1,02/01/2017,0.0781,0.5000,20.0000,0
1,03/01/2017,0.8006,0.5000,20.0000,0
1,04/01/2017,0.0676,0.5000,20.0000,0
1,05/01/2017,0.3338,0.5000,20.0000,0
1,06/01/2017,0.0114,0.5000,20.0000,0
1,07/01/2017,0.0367,0.5000,20.0000,0
1,08/01/2017,0.4037,0.5000,20.0000,0
1,09/01/2017,0.5571,0.5000,20.0000,0
1,10/01/2017,0.9437,0.5000,20.0000,0
1,11/01/2017,0.1342,0.5000,20.0000,0
1,12/01/2017,0.6175,0.5000,20.0000,0
1,13/01/2017,0.5281,0.5000,20.0000,0
1,14/01/2017,0.8833,0.5000,20.0000,0
1,15/01/2017,0.9771,0.5000,20.0000,0
1,16/01/2017,0.1453,0.5000,20.0000,0
1,17/01/2017,0.7483,0.5000,20.0000,0
1,18/01/2017,0.2505,0.5000,20.0000,0
1,19/01/2017,0.0105,0.5000,20.0000,0
1,20/01/2017,0.6688,0.5000,20.0000,0
1,21/01/2017,0.1977,0.5000,20.0000,0
1,22/01/2017,0.1118,0.5000,20.0000,0
1,23/01/2017,0.0164,0.5000,20.0000,0
1,24/01/2017,0.2087,0.5000,20.0000,0
1,25/01/2017,0.6655,0.5000,20.0000,0
1,26/01/2017,0.7962,0.5000,20.0000,0
1,27/01/2017,0.3102,0.5000,20.0000,0
1,28/01/2017,0.0720,0.5000,20.0000,0
1,29/01/2017,0.1240,0.5000,20.0000,0
1,30/01/2017,0.0374,0.5000,20.0000,0
1,31/01/2017,0.9447,0.5000,20.0000,0
1,01/02/2017,0.8361,0.5000,20.0000,0
1,02/02/2017,0.5647,0.5000,20.0000,0
1,03/02/2017,0.3414,0.5000,20.0000,0
1,04/02/2017,0.3836,0.5000,20.0000,0
1,05/02/2017,0.8173,0.5000,20.0000,0
1,06/02/2017,0.4651,0.5000,20.0000,0
1,07/02/2017,0.2716,0.5000,20.0000,0
1,08/02/2017,0.2940,0.5000,20.0000,0
1,09/02/2017,0.5694,0.5000,20.0000,0
1,10/02/2017,0.1083,0.5000,20.0000,0
1,11/02/2017,0.3994,0.5000,20.0000,0
1,12/02/2017,0.6114,0.5000,20.0000,0
1,13/02/2017,0.5171,0.5000,20.0000,0
1,14/02/2017,0.4365,0.5000,20.0000,0
1,15/02/2017,0.9655,0.5000,20.0000,0
1,16/02/2017,0.1613,0.5000,20.0000,0
1,17/02/2017,0.5001,0.5000,20.0000,0
1,18/02/2017,0.3903,0.5000,20.0000,0
1,19/02/2017,0.5045,0.5000,20.0000,0
1,20/02/2017,0.4659,0.5000,20.0000,0
1,21/02/2017,0.0133,0.5000,20.0000,0
1,22/02/2017,0.2520,0.5000,20.0000,0
1,23/02/2017,0.3898,0.5000,20.0000,0
1,24/02/2017,0.0320,0.5000,20.0000,0
1,25/02/2017,0.4864,0.5000,20.0000,0
1,26/02/2017,0.5103,0.5000,20.0000,0
1,27/02/2017,0.7737,0.5000,20.0000,0
1,28/02/2017,0.0630,0.5000,20.0000,0
1,01/03/2017,0.1429,0.5000,20.0000,0
1,02/03/2017,0.7403,0.5000,20.0000,0
1,03/03/2017,0.2244,0.5000,20.0000,0
1,04/03/2017,0.8390,0.5000,20.0000,0
1,05/03/2017,0.5884,0.5000,20.0000,0
1,06/03/2017,0.6354,0.5000,20.0000,0
1,07/03/2017,0.0139,0.5000,20.0000,0
1,08/03/2017,0.4111,0.5000,20.0000,0
1,09/03/2017,0.9538,0.5000,20.0000,0
1,10/03/2017,0.2885,0.5000,20.0000,0
1,11/03/2017,0.8603,0.5000,20.0000,0
1,12/03/2017,0.8154,0.5000,20.0000,0
1,13/03/2017,0.5726,0.5000,20.0000,0
1,14/03/2017,0.7779,0.5000,20.0000,0
1,15/03/2017,0.6946,0.5000,20.0000,0
1,16/03/2017,0.0504,0.5000,20.0000,0
1,17/03/2017,0.4286,0.5000,20.0000,0
1,18/03/2017,0.9927,0.5000,20.0000,0
1,19/03/2017,0.0074,0.5000,20.0000,0
1,20/03/2017,0.7622,0.5000,20.0000,0
1,21/03/2017,0.7570,0.5000,20.0000,0
1,22/03/2017,0.1784,0.5000,20.0000,0
1,23/03/2017,0.4274,0.5000,20.0000,0
1,24/03/2017,0.5417,0.5000,20.0000,0
1,25/03/2017,0.2109,0.5000,20.0000,0
1,26/03/2017,0.8697,0.5000,20.0000,0
1,27/03/2017,0.5824,0.5000,20.0000,0
1,28/03/2017,0.0237,0.5000,20.0000,0
1,29/03/2017,0.5251,0.5000,20.0000,0
1,30/03/2017,0.9415,0.5000,20.0000,0
1,31/03/2017,0.7370,0.5000,20.0000,0
1,01/04/2017,0.1283,0.5000,20.0000,0
1,02/04/2017,0.1552,0.5000,20.0000,0
1,03/04/2017,0.1140,0.5000,20.0000,0
1,04/04/2017,0.6261,0.5000,20.0000,0
1,05/04/2017,0.5944,0.5000,20.0000,0
1,06/04/2017,0.6542,0.5000,20.0000,0
1,07/04/2017,0.4102,0.5000,20.0000,0
1,08/04/2017,0.8663,0.5000,20.0000,0
1,09/04/2017,0.5730,0.5000,20.0000,0
1,10/04/2017,0.3635,0.5000,20.0000,0
1,11/04/2017,0.5727,0.5000,20.0000,0
1,12/04/2017,0.6575,0.5000,20.0000,0
1,13/04/2017,0.2103,0.5000,20.0000,0
1,14/04/2017,0.5552,0.5000,20.0000,0
1,15/04/2017,0.2797,0.5000,20.0000,0
1,16/04/2017,0.2606,0.5000,20.0000,0
1,17/04/2017,0.3534,0.5000,20.0000,0
1,18/04/2017,0.3645,0.5000,20.0000,0
1,19/04/2017,0.3075,0.5000,20.0000,0
1,20/04/2017,0.9930,0.5000,20.0000,0
1,21/04/2017,0.6100,0.5000,20.0000,0
1,22/04/2017,0.2929,0.5000,20.0000,0
1,23/04/2017,0.1882,0.5000,20.0000,0
1,24/04/2017,0.6952,0.5000,20.0000,0
1,25/04/2017,0.5520,0.5000,20.0000,0
1,26/04/2017,0.1830,0.5000,20.0000,0
1,27/04/2017,0.8808,0.5000,20.0000,0
1,28/04/2017,0.5819,0.5000,20.0000,0
1,29/04/2017,0.0897,0.5000,20.0000,0
1,30/04/2017,0.6477,0.5000,20.0000,0
1,01/05/2017,0.2187,0.5000,20.0000,0
1,02/05/2017,0.5141,0.5000,20.0000,0
1,03/05/2017,0.4074,0.5000,20.0000,0
1,04/05/2017,0.2812,0.5000,20.0000,0
1,05/05/2017,0.8252,0.5000,20.0000,0
1,06/05/2017,0.9578,0.5000,20.0000,0
1,07/05/2017,0.7129,0.5000,20.0000,0
1,08/05/2017,0.5787,0.5000,20.0000,0
1,09/05/2017,0.6935,0.5000,20.0000,0
1,10/05/2017,0.8358,0.5000,20.0000,0
1,11/05/2017,0.5476,0.5000,20.0000,0
1,12/05/2017,0.5617,0.5000,20.0000,0
1,13/05/2017,0.9006,0.5000,20.0000,0
1,14/05/2017,0.9426,0.5000,20.0000,0
1,15/05/2017,0.2923,0.5000,20.0000,0
1,16/05/2017,0.7992,0.5000,20.0000,0
1,17/05/2017,0.4054,0.5000,20.0000,0
1,18/05/2017,0.5254,0.5000,20.0000,0
1,19/05/2017,0.9209,0.5000,20.0000,0
1,20/05/2017,0.3416,0.5000,20.0000,0
1,21/05/2017,0.5080,0.5000,20.0000,0
1,22/05/2017,0.6117,0.5000,20.0000,0
1,23/05/2017,0.8100,0.5000,20.0000,0
1,24/05/2017,0.9844,0.5000,20.0000,0
1,25/05/2017,0.9477,0.5000,20.0000,0
1,26/05/2017,0.8729,0.5000,20.0000,0
1,27/05/2017,0.2996,0.5000,20.0000,0
1,28/05/2017,0.1532,0.5000,20.0000,0
1,29/05/2017,0.5011,0.5000,20.0000,0
1,30/05/2017,0.0782,0.5000,20.0000,0
1,31/05/2017,0.7642,0.5000,20.0000,0
1,01/06/2017,0.9294,0.5000,20.0000,0
1,02/06/2017,0.4803,0.5000,20.0000,0
1,03/06/2017,0.4254,0.5000,20.0000,0
1,04/06/2017,0.0385,0.5000,20.0000,0
1,05/06/2017,0.4503,0.5000,20.0000,0
1,06/06/2017,0.5819,0.5000,20.0000,0
1,07/06/2017,0.4247,0.5000,20.0000,0
1,08/06/2017,0.2122,0.5000,20.0000,0
1,09/06/2017,0.0963,0.5000,20.0000,0
1,10/06/2017,0.5760,0.5000,20.0000,0
1,11/06/2017,0.1813,0.5000,20.0000,0
1,12/06/2017,0.1968,0.5000,20.0000,0
1,13/06/2017,0.0548,0.5000,20.0000,0
1,14/06/2017,0.5207,0.5000,20.0000,0
1,15/06/2017,0.4080,0.5000,20.0000,0
1,16/06/2017,0.4566,0.5000,20.0000,0
1,17/06/2017,0.5599,0.5000,20.0000,0
1,18/06/2017,0.4418,0.5000,20.0000,0
1,19/06/2017,0.0293,0.5000,20.0000,0
1,20/06/2017,0.7980,0.5000,20.0000,0
1,21/06/2017,0.8137,0.5000,20.0000,0
1,22/06/2017,0.2080,0.5000,20.0000,0
1,23/06/2017,0.3025,0.5000,20.0000,0
1,24/06/2017,0.1211,0.5000,20.0000,0
1,25/06/2017,0.1155,0.5000,20.0000,0
1,26/06/2017,0.5371,0.5000,20.0000,0
1,27/06/2017,0.9463,0.5000,20.0000,0
1,28/06/2017,0.1801,0.5000,20.0000,0
1,29/06/2017,0.8704,0.5000,20.0000,0
1,30/06/2017,0.3890,0.5000,20.0000,0
1,01/07/2017,0.0426,0.5000,20.0000,0
1,02/07/2017,0.4465,0.5000,20.0000,0
1,03/07/2017,0.7614,0.5000,20.0000,0
1,04/07/2017,0.7408,0.5000,20.0000,0
1,05/07/2017,0.9494,0.5000,20.0000,0
1,06/07/2017,0.3254,0.5000,20.0000,0
1,07/07/2017,0.3088,0.5000,20.0000,0
1,08/07/2017,0.5693,0.5000,20.0000,0
1,09/07/2017,0.2419,0.5000,20.0000,0
1,10/07/2017,0.4639,0.5000,20.0000,0
1,11/07/2017,0.7343,0.5000,20.0000,0
1,12/07/2017,0.9518,0.5000,20.0000,0
1,13/07/2017,0.9730,0.5000,20.0000,0
1,14/07/2017,0.0054,0.5000,20.0000,0
1,15/07/2017,0.2404,0.5000,20.0000,0
1,16/07/2017,0.7150,0.5000,20.0000,0
1,17/07/2017,0.6022,0.5000,20.0000,0
1,18/07/2017,0.8767,0.5000,20.0000,0
1,19/07/2017,0.4416,0.5000,20.0000,0
1,20/07/2017,0.6681,0.5000,20.0000,0
1,21/07/2017,0.3393,0.5000,20.0000,0
1,22/07/2017,0.1695,0.5000,20.0000,0
1,23/07/2017,0.6916,0.5000,20.0000,0
1,24/07/2017,0.4864,0.5000,20.0000,0
1,25/07/2017,0.4222,0.5000,20.0000,0
1,26/07/2017,0.2462,0.5000,20.0000,0
1,27/07/2017,0.4855,0.5000,20.0000,0
1,28/07/2017,0.8490,0.5000,20.0000,0
1,29/07/2017,0.0488,0.5000,20.0000,0
1,30/07/2017,0.9950,0.5000,20.0000,0
1,31/07/2017,0.9637,0.5000,20.0000,0
1,01/08/2017,0.1503,0.5000,20.0000,0
1,02/08/2017,0.9949,0.5000,20.0000,0
1,03/08/2017,0.1322,0.5000,20.0000,0
1,04/08/2017,0.6639,0.5000,20.0000,0
1,05/08/2017,0.4007,0.5000,20.0000,0
1,06/08/2017,0.9260,0.5000,20.0000,0
1,07/08/2017,0.8500,0.5000,20.0000,0
1,08/08/2017,0.9032,0.5000,20.0000,0
1,09/08/2017,0.4839,0.5000,20.0000,0
1,10/08/2017,0.2866,0.5000,20.0000,0
1,11/08/2017,0.5991,0.5000,20.0000,0
1,12/08/2017,0.2345,0.5000,20.0000,0
1,13/08/2017,0.7859,0.5000,20.0000,0
1,14/08/2017,0.8851,0.5000,20.0000,0
1,15/08/2017,0.9791,0.5000,20.0000,0
1,16/08/2017,0.5678,0.5000,20.0000,0
1,17/08/2017,0.1962,0.5000,20.0000,0
1,18/08/2017,0.4497,0.5000,20.0000,0
1,19/08/2017,0.5740,0.5000,20.0000,0
1,20/08/2017,0.0098,0.5000,20.0000,0
1,21/08/2017,0.1263,0.5000,20.0000,0
1,22/08/2017,0.0047,0.5000,20.0000,0
1,23/08/2017,0.1998,0.5000,20.0000,0
1,24/08/2017,0.1656,0.5000,20.0000,0
1,25/08/2017,0.7138,0.5000,20.0000,0
1,26/08/2017,0.7491,0.5000,20.0000,0
1,27/08/2017,0.7972,0.5000,20.0000,0
1,28/08/2017,0.9482,0.5000,20.0000,0
1,29/08/2017,0.4736,0.5000,20.0000,0
1,30/08/2017,0.2786,0.5000,20.0000,0
1,31/08/2017,0.6505,0.5000,20.0000,0
1,01/09/2017,0.7705,0.5000,20.0000,0
1,02/09/2017,0.9872,0.5000,20.0000,0
1,03/09/2017,0.1281,0.5000,20.0000,0
1,04/09/2017,0.4844,0.5000,20.0000,0
1,05/09/2017,0.0626,0.5000,20.0000,0
1,06/09/2017,0.6945,0.5000,20.0000,0
1,07/09/2017,0.8584,0.5000,20.0000,0
1,08/09/2017,0.9687,0.5000,20.0000,0
1,09/09/2017,0.8148,0.5000,20.0000,0
1,10/09/2017,0.5882,0.5000,20.0000,0
1,11/09/2017,0.6084,0.5000,20.0000,0
1,12/09/2017,0.2026,0.5000,20.0000,0
1,13/09/2017,0.6915,0.5000,20.0000,0
1,14/09/2017,0.6338,0.5000,20.0000,0
1,15/09/2017,0.6104,0.5000,20.0000,0
1,16/09/2017,0.4730,0.5000,20.0000,0
1,17/09/2017,0.4409,0.5000,20.0000,0
1,18/09/2017,0.2700,0.5000,20.0000,0
1,19/09/2017,0.5705,0.5000,20.0000,0
1,20/09/2017,0.8826,0.5000,20.0000,0
1,21/09/2017,0.3080,0.5000,20.0000,0
1,22/09/2017,0.0567,0.5000,20.0000,0
1,23/09/2017,0.9672,0.5000,20.0000,0
1,24/09/2017,0.2216,0.5000,20.0000,0
1,25/09/2017,0.7348,0.5000,20.0000,0
1,26/09/2017,0.0764,0.5000,20.0000,0
1,27/09/2017,0.5320,0.5000,20.0000,0
1,28/09/2017,0.3225,0.5000,20.0000,0
1,29/09/2017,0.2920,0.5000,20.0000,0
1,30/09/2017,0.2396,0.5000,20.0000,0
1,01/10/2017,0.2106,0.5000,20.0000,0
1,02/10/2017,0.5372,0.5000,20.0000,0
1,03/10/2017,0.9847,0.5000,20.0000,0
1,04/10/2017,0.4015,0.5000,20.0000,0
1,05/10/2017,0.7645,0.5000,20.0000,0
1,06/10/2017,0.8176,0.5000,20.0000,0
1,07/10/2017,0.1821,0.5000,20.0000,0
1,08/10/2017,0.1977,0.5000,20.0000,0
1,09/10/2017,0.4689,0.5000,20.0000,0
1,10/10/2017,0.8049,0.5000,20.0000,0
1,11/10/2017,0.7024,0.5000,20.0000,0
1,12/10/2017,0.2876,0.5000,20.0000,0
1,13/10/2017,0.9846,0.5000,20.0000,0
1,14/10/2017,0.4339,0.5000,20.0000,0
1,15/10/2017,0.7240,0.5000,20.0000,0
1,16/10/2017,0.8881,0.5000,20.0000,0
1,17/10/2017,0.7499,0.5000,20.0000,0
1,18/10/2017,0.8472,0.5000,20.0000,0
1,19/10/2017,0.2737,0.5000,20.0000,0
1,20/10/2017,0.4136,0.5000,20.0000,0
1,21/10/2017,0.0124,0.5000,20.0000,0
1,22/10/2017,0.7620,0.5000,20.0000,0
1,23/10/2017,0.5600,0.5000,20.0000,0
1,24/10/2017,0.0555,0.5000,20.0000,0
1,25/10/2017,0.1944,0.5000,20.0000,0
1,26/10/2017,0.7108,0.5000,20.0000,0
1,27/10/2017,0.0175,0.5000,20.0000,0
1,28/10/2017,0.7564,0.5000,20.0000,0
1,29/10/2017,0.5312,0.5000,20.0000,0
1,30/10/2017,0.8824,0.5000,20.0000,0
1,31/10/2017,0.3151,0.5000,20.0000,0
1,01/11/2017,0.9002,0.5000,20.0000,0
1,02/11/2017,0.2334,0.5000,20.0000,0
1,03/11/2017,0.1571,0.5000,20.0000,0
1,04/11/2017,0.3012,0.5000,20.0000,0
1,05/11/2017,0.3996,0.5000,20.0000,0
1,06/11/2017,0.3548,0.5000,20.0000,0
1,07/11/2017,0.9973,0.5000,20.0000,0
1,08/11/2017,0.6353,0.5000,20.0000,0
1,09/11/2017,0.8145,0.5000,20.0000,0
1,10/11/2017,0.7893,0.5000,20.0000,0
1,11/11/2017,0.8596,0.5000,20.0000,0
1,12/11/2017,0.4305,0.5000,20.0000,0
1,13/11/2017,0.9646,0.5000,20.0000,0
1,14/11/2017,0.6593,0.5000,20.0000,0
1,15/11/2017,0.3500,0.5000,20.0000,0
1,16/11/2017,0.9060,0.5000,20.0000,0
1,17/11/2017,0.7553,0.5000,20.0000,0
1,18/11/2017,0.8515,0.5000,20.0000,0
1,19/11/2017,0.8709,0.5000,20.0000,0
1,20/11/2017,0.5670,0.5000,20.0000,0
1,21/11/2017,0.6289,0.5000,20.0000,0
1,22/11/2017,0.4982,0.5000,20.0000,0
1,23/11/2017,0.2255,0.5000,20.0000,0
1,24/11/2017,0.2637,0.5000,20.0000,0
1,25/11/2017,0.7099,0.5000,20.0000,0
1,26/11/2017,0.8421,0.5000,20.0000,0
1,27/11/2017,0.4601,0.5000,20.0000,0
1,28/11/2017,0.9071,0.5000,20.0000,0
1,29/11/2017,0.0207,0.5000,20.0000,0
1,30/11/2017,0.3911,0.5000,20.0000,0
1,01/12/2017,0.7735,0.5000,20.0000,0
1,02/12/2017,0.0023,0.5000,20.0000,0
1,03/12/2017,0.2229,0.5000,20.0000,0
1,04/12/2017,0.2199,0.5000,20.0000,0
1,05/12/2017,0.3033,0.5000,20.0000,0
1,06/12/2017,0.2173,0.5000,20.0000,0
1,07/12/2017,0.0069,0.5000,20.0000,0
1,08/12/2017,0.6938,0.5000,20.0000,0
1,09/12/2017,0.1643,0.5000,20.0000,0
1,10/12/2017,0.9823,0.5000,20.0000,0
1,11/12/2017,0.8160,0.5000,20.0000,0
1,12/12/2017,0.9710,0.5000,20.0000,0
1,13/12/2017,0.6415,0.5000,20.0000,0
1,14/12/2017,0.4349,0.5000,20.0000,0
1,15/12/2017,0.4020,0.5000,20.0000,0
1,16/12/2017,0.5436,0.5000,20.0000,0
1,17/12/2017,0.8677,0.5000,20.0000,0
1,18/12/2017,0.4818,0.5000,20.0000,0
1,19/12/2017,0.0829,0.5000,20.0000,0
1,20/12/2017,0.5185,0.5000,20.0000,0
1,21/12/2017,0.1469,0.5000,20.0000,0
1,22/12/2017,0.7540,0.5000,20.0000,0
1,23/12/2017,0.3633,0.5000,20.0000,0
1,24/12/2017,0.7258,0.5000,20.0000,0
1,25/12/2017,0.7929,0.5000,20.0000,0
1,26/12/2017,0.8861,0.5000,20.0000,0
1,27/12/2017,0.3565,0.5000,20.0000,0
1,28/12/2017,0.0801,0.5000,20.0000,0
1,29/12/2017,0.0034,0.5000,20.0000,0
1,30/12/2017,0.4706,0.5000,20.0000,0
1,31/12/2017,0.8195,0.5000,20.0000,0
1,01/01/2018,0.6380,0.5000,20.0000,0
1,02/01/2018,0.5869,0.5000,20.0000,0
1,03/01/2018,0.5835,0.5000,20.0000,0
1,04/01/2018,0.9870,0.5000,20.0000,0
1,05/01/2018,0.9606,0.5000,20.0000,0
1,06/01/2018,0.8488,0.5000,20.0000,0
1,07/01/2018,0.0115,0.5000,20.0000,0
1,08/01/2018,0.0481,0.5000,20.0000,0
1,09/01/2018,0.2813,0.5000,20.0000,0
1,10/01/2018,0.8429,0.5000,20.0000,0
1,11/01/2018,0.4663,0.5000,20.0000,0
1,12/01/2018,0.7647,0.5000,20.0000,0
1,13/01/2018,0.1558,0.5000,20.0000,0
1,14/01/2018,0.3189,0.5000,20.0000,0
1,15/01/2018,0.5672,0.5000,20.0000,0
1,16/01/2018,0.1400,0.5000,20.0000,0
1,17/01/2018,0.8410,0.5000,20.0000,0
1,18/01/2018,0.7223,0.5000,20.0000,0
1,19/01/2018,0.0962,0.5000,20.0000,0
1,20/01/2018,0.4359,0.5000,20.0000,0
1,21/01/2018,0.9291,0.5000,20.0000,0
1,22/01/2018,0.9071,0.5000,20.0000,0
1,23/01/2018,0.7886,0.5000,20.0000,0
1,24/01/2018,0.1934,0.5000,20.0000,0
1,25/01/2018,0.9649,0.5000,20.0000,0
1,26/01/2018,0.7998,0.5000,20.0000,0
1,27/01/2018,0.9291,0.5000,20.0000,0
1,28/01/2018,0.5151,0.5000,20.0000,0
1,29/01/2018,0.6788,0.5000,20.0000,0
1,30/01/2018,0.4409,0.5000,20.0000,0
1,31/01/2018,0.0445,0.5000,20.0000,0
1,01/02/2018,0.5249,0.5000,20.0000,0
1,02/02/2018,0.6116,0.5000,20.0000,0
1,03/02/2018,0.1657,0.5000,20.0000,0
1,04/02/2018,0.0459,0.5000,20.0000,0
1,05/02/2018,0.2221,0.5000,20.0000,0
1,06/02/2018,0.0886,0.5000,20.0000,0
1,07/02/2018,0.2635,0.5000,20.0000,0
1,08/02/2018,0.5836,0.5000,20.0000,0
1,09/02/2018,0.2040,0.5000,20.0000,0
1,10/02/2018,0.9893,0.5000,20.0000,0
1,11/02/2018,0.2143,0.5000,20.0000,0
1,12/02/2018,0.8546,0.5000,20.0000,0
1,13/02/2018,0.2250,0.5000,20.0000,0
1,14/02/2018,0.6877,0.5000,20.0000,0
1,15/02/2018,0.7608,0.5000,20.0000,0
1,16/02/2018,0.6304,0.5000,20.0000,0
1,17/02/2018,0.2963,0.5000,20.0000,0
1,18/02/2018,0.8506,0.5000,20.0000,0
1,19/02/2018,0.8128,0.5000,20.0000,0
1,20/02/2018,0.0987,0.5000,20.0000,0
1,21/02/2018,0.8382,0.5000,20.0000,0
1,22/02/2018,0.5233,0.5000,20.0000,0
1,23/02/2018,0.8842,0.5000,20.0000,0
1,24/02/2018,0.5018,0.5000,20.0000,0
1,25/02/2018,0.3159,0.5000,20.0000,0
1,26/02/2018,0.7657,0.5000,20.0000,0
1,27/02/2018,0.3726,0.5000,20.0000,0
1,28/02/2018,0.1061,0.5000,20.0000,0
1,01/03/2018,0.3959,0.5000,20.0000,0
1,02/03/2018,0.5003,0.5000,20.0000,0
1,03/03/2018,0.5102,0.5000,20.0000,0
1,04/03/2018,0.0667,0.5000,20.0000,0
1,05/03/2018,0.6882,0.5000,20.0000,0
1,06/03/2018,0.9749,0.5000,20.0000,0
1,07/03/2018,0.0481,0.5000,20.0000,0
1,08/03/2018,0.5626,0.5000,20.0000,0
1,09/03/2018,0.2538,0.5000,20.0000,0
1,10/03/2018,0.8863,0.5000,20.0000,0
1,11/03/2018,0.5423,0.5000,20.0000,0
1,12/03/2018,0.5213,0.5000,20.0000,0
1,13/03/2018,0.2446,0.5000,20.0000,0
1,14/03/2018,0.3547,0.5000,20.0000,0
1,15/03/2018,0.5396,0.5000,20.0000,0
1,16/03/2018,0.8566,0.5000,20.0000,0
1,17/03/2018,0.6224,0.5000,20.0000,0
1,18/03/2018,0.0187,0.5000,20.0000,0
1,19/03/2018,0.7281,0.5000,20.0000,0
1,20/03/2018,0.0054,0.5000,20.0000,0
1,21/03/2018,0.7961,0.5000,20.0000,0
1,22/03/2018,0.3859,0.5000,20.0000,0
1,23/03/2018,0.4065,0.5000,20.0000,0
1,24/03/2018,0.9805,0.5000,20.0000,0
1,25/03/2018,0.6822,0.5000,20.0000,0
1,26/03/2018,0.1299,0.5000,20.0000,0
1,27/03/2018,0.5212,0.5000,20.0000,0
1,28/03/2018,0.5016,0.5000,20.0000,0
1,29/03/2018,0.1992,0.5000,20.0000,0
1,30/03/2018,0.3022,0.5000,20.0000,0
1,31/03/2018,0.6541,0.5000,20.0000,0
1,01/04/2018,0.7391,0.5000,20.0000,0
1,02/04/2018,0.2035,0.5000,20.0000,0
1,03/04/2018,0.0497,0.5000,20.0000,0
1,04/04/2018,0.6772,0.5000,20.0000,0
1,05/04/2018,0.5167,0.5000,20.0000,0
1,06/04/2018,0.3564,0.5000,20.0000,0
1,07/04/2018,0.2258,0.5000,20.0000,0
1,08/04/2018,0.1333,0.5000,20.0000,0
1,09/04/2018,0.5802,0.5000,20.0000,0
1,10/04/2018,0.3127,0.5000,20.0000,0
1,11/04/2018,0.3253,0.5000,20.0000,0
1,12/04/2018,0.3384,0.5000,20.0000,0
1,13/04/2018,0.3144,0.5000,20.0000,0
1,14/04/2018,0.0858,0.5000,20.0000,0
1,15/04/2018,0.0658,0.5000,20.0000,0
1,16/04/2018,0.4662,0.5000,20.0000,0
1,17/04/2018,0.1717,0.5000,20.0000,0
1,18/04/2018,0.8381,0.5000,20.0000,0
1,19/04/2018,0.8524,0.5000,20.0000,0
1,20/04/2018,0.8405,0.5000,20.0000,0
1,21/04/2018,0.7904,0.5000,20.0000,0
1,22/04/2018,0.2572,0.5000,20.0000,0
1,23/04/2018,0.6682,0.5000,20.0000,0
1,24/04/2018,0.7770,0.5000,20.0000,0
1,25/04/2018,0.8392,0.5000,20.0000,0
1,26/04/2018,0.1368,0.5000,20.0000,0
1,27/04/2018,0.5265,0.5000,20.0000,0
1,28/04/2018,0.7852,0.5000,20.0000,0
1,29/04/2018,0.9583,0.5000,20.0000,0
1,30/04/2018,0.1982,0.5000,20.0000,0
1,01/05/2018,0.3343,0.5000,20.0000,0
1,02/05/2018,0.5562,0.5000,20.0000,0
1,03/05/2018,0.1096,0.5000,20.0000,0
1,04/05/2018,0.5660,0.5000,20.0000,0
1,05/05/2018,0.4600,0.5000,20.0000,0
1,06/05/2018,0.1451,0.5000,20.0000,0
1,07/05/2018,0.7341,0.5000,20.0000,0
1,08/05/2018,0.6650,0.5000,20.0000,0
1,09/05/2018,0.4359,0.5000,20.0000,0
1,10/05/2018,0.8331,0.5000,20.0000,0
1,11/05/2018,0.1165,0.5000,20.0000,0
1,12/05/2018,0.6529,0.5000,20.0000,0
1,13/05/2018,0.2480,0.5000,20.0000,0
1,14/05/2018,0.9702,0.5000,20.0000,0
1,15/05/2018,0.0095,0.5000,20.0000,0
1,16/05/2018,0.9278,0.5000,20.0000,0
1,17/05/2018,0.4807,0.5000,20.0000,0
1,18/05/2018,0.6071,0.5000,20.0000,0
1,19/05/2018,0.6750,0.5000,20.0000,0
1,20/05/2018,0.8507,0.5000,20.0000,0
1,21/05/2018,0.1301,0.5000,20.0000,0
1,22/05/2018,0.1822,0.5000,20.0000,0
1,23/05/2018,0.3648,0.5000,20.0000,0
1,24/05/2018,0.6576,0.5000,20.0000,0
1,25/05/2018,0.0741,0.5000,20.0000,0
1,26/05/2018,0.4585,0.5000,20.0000,0
1,27/05/2018,0.9511,0.5000,20.0000,0
1,28/05/2018,0.1371,0.5000,20.0000,0
1,29/05/2018,0.2545,0.5000,20.0000,0
1,30/05/2018,0.7645,0.5000,20.0000,0
1,31/05/2018,0.3685,0.5000,20.0000,0
1,01/06/2018,0.1741,0.5000,20.0000,0
1,02/06/2018,0.8935,0.5000,20.0000,0
1,03/06/2018,0.1926,0.5000,20.0000,0
1,04/06/2018,0.4922,0.5000,20.0000,0
1,05/06/2018,0.0567,0.5000,20.0000,0
1,06/06/2018,0.6824,0.5000,20.0000,0
1,07/06/2018,0.4247,0.5000,20.0000,0
1,08/06/2018,0.3521,0.5000,20.0000,0
1,09/06/2018,0.9207,0.5000,20.0000,0
1,10/06/2018,0.4475,0.5000,20.0000,0
1,11/06/2018,0.2944,0.5000,20.0000,0
1,12/06/2018,0.1910,0.5000,20.0000,0
1,13/06/2018,0.2613,0.5000,20.0000,0
1,14/06/2018,0.4617,0.5000,20.0000,0
1,15/06/2018,0.2123,0.5000,20.0000,0
1,16/06/2018,0.5310,0.5000,20.0000,0
1,17/06/2018,0.4583,0.5000,20.0000,0
1,18/06/2018,0.9193,0.5000,20.0000,0
1,19/06/2018,0.1516,0.5000,20.0000,0
1,20/06/2018,0.1171,0.5000,20.0000,0
1,21/06/2018,0.2888,0.5000,20.0000,0
1,22/06/2018,0.7266,0.5000,20.0000,0
1,23/06/2018,0.0737,0.5000,20.0000,0
1,24/06/2018,0.2921,0.5000,20.0000,0
1,25/06/2018,0.7555,0.5000,20.0000,0
1,26/06/2018,0.0353,0.5000,20.0000,0
1,27/06/2018,0.0111,0.5000,20.0000,0
1,28/06/2018,0.6176,0.5000,20.0000,0
1,29/06/2018,0.4224,0.5000,20.0000,0
1,30/06/2018,0.2371,0.5000,20.0000,0
1,01/07/2018,0.7921,0.5000,20.0000,0
1,02/07/2018,0.4538,0.5000,20.0000,0
1,03/07/2018,0.1824,0.5000,20.0000,0
1,04/07/2018,0.4507,0.5000,20.0000,0
1,05/07/2018,0.3577,0.5000,20.0000,0
1,06/07/2018,0.9827,0.5000,20.0000,0
1,07/07/2018,0.6355,0.5000,20.0000,0
1,08/07/2018,0.7739,0.5000,20.0000,0
1,09/07/2018,0.3030,0.5000,20.0000,0
1,10/07/2018,0.2037,0.5000,20.0000,0
1,11/07/2018,0.7633,0.5000,20.0000,0
1,12/07/2018,0.2766,0.5000,20.0000,0
1,13/07/2018,0.7880,0.5000,20.0000,0
1,14/07/2018,0.8310,0.5000,20.0000,0
1,15/07/2018,0.9891,0.5000,20.0000,0
1,16/07/2018,0.8263,0.5000,20.0000,0
1,17/07/2018,0.9011,0.5000,20.0000,0
1,18/07/2018,0.5444,0.5000,20.0000,0
1,19/07/2018,0.2741,0.5000,20.0000,0
1,20/07/2018,0.4005,0.5000,20.0000,0
1,21/07/2018,0.8817,0.5000,20.0000,0
1,22/07/2018,0.4122,0.5000,20.0000,0
1,23/07/2018,0.8826,0.5000,20.0000,0
1,24/07/2018,0.4449,0.5000,20.0000,0
1,25/07/2018,0.4747,0.5000,20.0000,0
1,26/07/2018,0.2939,0.5000,20.0000,0
1,27/07/2018,0.5787,0.5000,20.0000,0
1,28/07/2018,0.3495,0.5000,20.0000,0
1,29/07/2018,0.5418,0.5000,20.0000,0
1,30/07/2018,0.6697,0.5000,20.0000,0
1,31/07/2018,0.9948,0.5000,20.0000,0
1,01/08/2018,0.6803,0.5000,20.0000,0
1,02/08/2018,0.4901,0.5000,20.0000,0
1,03/08/2018,0.5749,0.5000,20.0000,0
1,04/08/2018,0.2368,0.5000,20.0000,0
1,05/08/2018,0.9704,0.5000,20.0000,0
1,06/08/2018,0.2452,0.5000,20.0000,0
1,07/08/2018,0.7694,0.5000,20.0000,0
1,08/08/2018,0.5625,0.5000,20.0000,0
1,09/08/2018,0.8395,0.5000,20.0000,0
1,10/08/2018,0.4884,0.5000,20.0000,0
1,11/08/2018,0.3038,0.5000,20.0000,0
1,12/08/2018,0.5318,0.5000,20.0000,0
1,13/08/2018,0.1295,0.5000,20.0000,0
1,14/08/2018,0.2966,0.5000,20.0000,0
1,15/08/2018,0.6520,0.5000,20.0000,0
1,16/08/2018,0.0792,0.5000,20.0000,0
1,17/08/2018,0.7455,0.5000,20.0000,0
1,18/08/2018,0.8012,0.5000,20.0000,0
1,19/08/2018,0.2653,0.5000,20.0000,0
1,20/08/2018,0.6688,0.5000,20.0000,0
1,21/08/2018,0.3870,0.5000,20.0000,0
1,22/08/2018,0.9936,0.5000,20.0000,0
1,23/08/2018,0.9131,0.5000,20.0000,0
1,24/08/2018,0.6034,0.5000,20.0000,0
1,25/08/2018,0.0375,0.5000,20.0000,0
1,26/08/2018,0.6002,0.5000,20.0000,0
1,27/08/2018,0.5230,0.5000,20.0000,0
1,28/08/2018,0.3278,0.5000,20.0000,0
1,29/08/2018,0.1938,0.5000,20.0000,0
1,30/08/2018,0.8774,0.5000,20.0000,0
1,31/08/2018,0.9625,0.5000,20.0000,0
1,01/09/2018,0.5201,0.5000,20.0000,0
1,02/09/2018,0.0804,0.5000,20.0000,0
1,03/09/2018,0.3130,0.5000,20.0000,0
1,04/09/2018,0.1851,0.5000,20.0000,0
1,05/09/2018,0.9273,0.5000,20.0000,0
1,06/09/2018,0.4288,0.5000,20.0000,0
1,07/09/2018,0.4265,0.5000,20.0000,0
1,08/09/2018,0.0019,0.5000,20.0000,0
1,09/09/2018,0.6209,0.5000,20.0000,0
1,10/09/2018,0.7427,0.5000,20.0000,0
1,11/09/2018,0.9491,0.5000,20.0000,0
1,12/09/2018,0.7440,0.5000,20.0000,0
1,13/09/2018,0.1751,0.5000,20.0000,0
1,14/09/2018,0.8229,0.5000,20.0000,0
1,15/09/2018,0.9275,0.5000,20.0000,0
1,16/09/2018,0.5997,0.5000,20.0000,0
1,17/09/2018,0.9630,0.5000,20.0000,0
1,18/09/2018,0.6981,0.5000,20.0000,0
1,19/09/2018,0.7551,0.5000,20.0000,0
1,20/09/2018,0.5904,0.5000,20.0000,0
1,21/09/2018,0.4031,0.5000,20.0000,0
1,22/09/2018,0.5171,0.5000,20.0000,0
1,23/09/2018,0.6129,0.5000,20.0000,0
1,24/09/2018,0.6381,0.5000,20.0000,0
1,25/09/2018,0.6329,0.5000,20.0000,0
1,26/09/2018,0.7944,0.5000,20.0000,0
1,27/09/2018,0.9428,0.5000,20.0000,0
1,28/09/2018,0.7978,0.5000,20.0000,0
1,29/09/2018,0.8754,0.5000,20.0000,0
1,30/09/2018,0.1666,0.5000,20.0000,0
1,01/10/2018,0.7276,0.5000,20.0000,0
1,02/10/2018,0.3697,0.5000,20.0000,0
1,03/10/2018,0.5606,0.5000,20.0000,0
1,04/10/2018,0.4244,0.5000,20.0000,0
1,05/10/2018,0.8445,0.5000,20.0000,0
1,06/10/2018,0.5211,0.5000,20.0000,0
1,07/10/2018,0.3101,0.5000,20.0000,0
1,08/10/2018,0.7812,0.5000,20.0000,0
1,09/10/2018,0.0704,0.5000,20.0000,0
1,10/10/2018,0.4199,0.5000,20.0000,0
1,11/10/2018,0.4581,0.5000,20.0000,0
1,12/10/2018,0.7311,0.5000,20.0000,0
1,13/10/2018,0.5185,0.5000,20.0000,0
1,14/10/2018,0.8073,0.5000,20.0000,0
1,15/10/2018,0.7542,0.5000,20.0000,0
1,16/10/2018,0.3941,0.5000,20.0000,0
1,17/10/2018,0.2315,0.5000,20.0000,0
1,18/10/2018,0.7910,0.5000,20.0000,0
1,19/10/2018,0.5322,0.5000,20.0000,0
1,20/10/2018,0.8584,0.5000,20.0000,0
1,21/10/2018,0.6916,0.5000,20.0000,0
1,22/10/2018,0.7007,0.5000,20.0000,0
1,23/10/2018,0.9143,0.5000,20.0000,0
1,24/10/2018,0.1339,0.5000,20.0000,0
1,25/10/2018,0.0222,0.5000,20.0000,0
1,26/10/2018,0.3751,0.5000,20.0000,0
1,27/10/2018,0.6820,0.5000,20.0000,0
1,28/10/2018,0.1277,0.5000,20.0000,0
1,29/10/2018,0.0354,0.5000,20.0000,0
1,30/10/2018,0.4821,0.5000,20.0000,0
1,31/10/2018,0.7966,0.5000,20.0000,0
1,01/11/2018,0.2642,0.5000,20.0000,0
1,02/11/2018,0.6175,0.5000,20.0000,0
1,03/11/2018,0.2998,0.5000,20.0000,0
1,04/11/2018,0.7483,0.5000,20.0000,0
1,05/11/2018,0.9337,0.5000,20.0000,0
1,06/11/2018,0.0004,0.5000,20.0000,0
1,07/11/2018,0.9943,0.5000,20.0000,0
1,08/11/2018,0.9095,0.5000,20.0000,0
1,09/11/2018,0.4096,0.5000,20.0000,0
1,10/11/2018,0.0185,0.5000,20.0000,0
1,11/11/2018,0.0835,0.5000,20.0000,0
1,12/11/2018,0.7751,0.5000,20.0000,0
1,13/11/2018,0.2994,0.5000,20.0000,0
1,14/11/2018,0.6342,0.5000,20.0000,0
1,15/11/2018,0.1111,0.5000,20.0000,0
1,16/11/2018,0.3338,0.5000,20.0000,0
1,17/11/2018,0.6209,0.5000,20.0000,0
1,18/11/2018,0.5908,0.5000,20.0000,0
1,19/11/2018,0.1587,0.5000,20.0000,0
1,20/11/2018,0.6317,0.5000,20.0000,0
1,21/11/2018,0.2286,0.5000,20.0000,0
1,22/11/2018,0.6652,0.5000,20.0000,0
1,23/11/2018,0.6559,0.5000,20.0000,0
1,24/11/2018,0.8181,0.5000,20.0000,0
1,25/11/2018,0.5499,0.5000,20.0000,0
1,26/11/2018,0.4069,0.5000,20.0000,0
1,27/11/2018,0.1647,0.5000,20.0000,0
1,28/11/2018,0.8825,0.5000,20.0000,0
1,29/11/2018,0.3915,0.5000,20.0000,0
1,30/11/2018,0.2601,0.5000,20.0000,0
1,01/12/2018,0.7906,0.5000,20.0000,0
1,02/12/2018,0.7332,0.5000,20.0000,0
1,03/12/2018,0.6245,0.5000,20.0000,0
1,04/12/2018,0.9449,0.5000,20.0000,0
1,05/12/2018,0.4160,0.5000,20.0000,0
1,06/12/2018,0.9141,0.5000,20.0000,0
1,07/12/2018,0.2506,0.5000,20.0000,0
1,08/12/2018,0.0099,0.5000,20.0000,0
1,09/12/2018,0.0836,0.5000,20.0000,0
1,10/12/2018,0.7681,0.5000,20.0000,0
1,11/12/2018,0.7458,0.5000,20.0000,0
1,12/12/2018,0.4451,0.5000,20.0000,0
1,13/12/2018,0.7196,0.5000,20.0000,0
1,14/12/2018,0.2058,0.5000,20.0000,0
1,15/12/2018,0.9178,0.5000,20.0000,0
1,16/12/2018,0.9516,0.5000,20.0000,0
1,17/12/2018,0.6558,0.5000,20.0000,0
1,18/12/2018,0.7725,0.5000,20.0000,0
1,19/12/2018,0.5951,0.5000,20.0000,0
1,20/12/2018,0.3785,0.5000,20.0000,0
1,21/12/2018,0.3644,0.5000,20.0000,0
1,22/12/2018,0.4848,0.5000,20.0000,0
1,23/12/2018,0.8006,0.5000,20.0000,0
1,24/12/2018,0.4552,0.5000,20.0000,0
1,25/12/2018,0.7913,0.5000,20.0000,0
1,26/12/2018,0.8877,0.5000,20.0000,0
1,27/12/2018,0.9618,0.5000,20.0000,0
1,28/12/2018,0.4898,0.5000,20.0000,0
1,29/12/2018,0.5917,0.5000,20.0000,0
1,30/12/2018,0.4533,0.5000,20.0000,0
1,31/12/2018,0.3362,0.5000,20.0000,0
1,01/01/2019,0.1187,0.5000,20.0000,0
1,