Date,BC BASE Flow Local (ML),BC BASE Flow Local + Upstream (ML),BC BASE TN Local (KG),BC BASE TN Local + Upstream (KG),BC BASE TP Local (KG),BC BASE TP Local + Upstream (KG),BC BASE OXY Local (KG),BC BASE OXY Local + Upstream (KG),BC Capped Flow Local (ML),BC Capped Flow Local + Upstream (ML),BC Capped TN Local (KG),BC Capped TN Local + Upstream (KG),BC Capped TP Local (KG),BC Capped TP Local + Upstream (KG),BC Capped OXY Local (KG),BC Capped OXY Local + Upstream (KG),BC Dry Flow Local (ML),BC Dry Flow Local + Upstream (ML),BC Dry TN Local (KG),BC Dry TN Local + Upstream (KG),BC Dry TP Local (KG),BC Dry TP Local + Upstream (KG),BC Dry OXY Local (KG),BC Dry OXY Local + Upstream (KG),BC Wet Flow Local (ML),BC Wet Flow Local + Upstream (ML),BC Wet TN Local (KG),BC Wet TN Local + Upstream (KG),BC Wet TP Local (KG),BC Wet TP Local + Upstream (KG),BC Wet OXY Local (KG),BC Wet OXY Local + Upstream (KG),BC Targets Flow Local (ML),BC Targets Flow Local + Upstream (ML),BC Targets TN Local (KG),BC Targets TN Local + Upstream (KG),BC Targets TP Local (KG),BC Targets TP Local + Upstream (KG),BC Targets OXY Local (KG),BC Targets OXY Local + Upstream (KG),Field Mean TN (mg/L),Field Mean TP (mg/L),Field Mean TCHLA (ug/L),Field Mean Oxygen (mg/L),Field Mean TEMP (C),Field Mean Salinity (psu),SCERM44_2015_2016_ALL Mean TN (mg/L),SCERM44_2015_2016_ALL Mean TP (mg/L),SCERM44_2015_2016_ALL Mean Oxy (mg/L),SCERM44_2015_2016_ALL Mean TCHLA (ug/L),SCERM44_2015_2016_ALL Mean Salinity (psu),SCERM44_2015_2016_Capped_ALL Mean TN (mg/L),SCERM44_2015_2016_Capped_ALL Mean TP (mg/L,)SCERM44_2015_2016_Capped_ALL Mean Oxy (mg/L),SCERM44_2015_2016_Capped_ALL Mean TCHLA (ug/L),SCERM44_2015_2016_Capped_ALL Mean Salinity (psu),SCERM44_2015_2016_Dry_ALL Mean TN (mg/L),SCERM44_2015_2016_Dry_ALL Mean TP (mg/L),SCERM44_2015_2016_Dry_ALL Mean Oxy (mg/L),SCERM44_2015_2016_Dry_ALL Mean TCHLA (ug/L),SCERM44_2015_2016_Dry_ALL Mean Salinity (psu),SCERM44_2015_2016_Target_ALL Mean TN (mg/L),SCERM44_2015_2016_Target_ALL Mean TP (mg/L),SCERM44_2015_2016_Target_ALL Mean Oxy (mg/L),SCERM44_2015_2016_Target_ALL Mean TCHLA (ug/L),SCERM44_2015_2016_Target_ALL Mean Salinity (psu),SCERM44_2017_2018_ALL Mean TN (mg/L),SCERM44_2017_2018_ALL Mean TP (mg/L),SCERM44_2017_2018_ALL Mean Oxy (mg/L),SCERM44_2017_2018_ALL Mean TCHLA (ug/L),SCERM44_2017_2018_ALL Mean Salinity (psu),SCERM44_2017_2018_Wet_ALL Mean TN (mg/L),SCERM44_2017_2018_Wet_ALL Mean TP (mg/L),SCERM44_2017_2018_Wet_ALL Mean Oxy (mg/L),SCERM44_2017_2018_Wet_ALL Mean TCHLA (ug/L),SCERM44_2017_2018_Wet_ALL Mean Salinity (psu),
01/2008,5.7370,1283.7658,6.0040,1267.2894,0.5278,78.9981,48.7748,9183.6798,5.7370,1283.7658,3.9986,795.9350,0.3598,62.4604,48.7748,9183.6798,3.1190,542.7216,2.9504,448.2511,0.2598,26.6840,26.5213,3995.8342,4.5274,1089.6422,4.5539,1039.6705,0.4007,62.7575,38.5170,7764.0047,5.7370,1283.7658,5.7082,1109.1467,0.5278,78.5243,48.7748,9183.6798,0.1700,0.0227,1.3500,7.0237,23.9725,35.1555, NaN, NaN, NaN, NaN, NaN, NaN, NaN, NaN, NaN, NaN, NaN, NaN, NaN, NaN, NaN, NaN, NaN, NaN, NaN, NaN, NaN, NaN, NaN, NaN, NaN, NaN, NaN, NaN, NaN, NaN,
02/2008,15.4742,3695.1120,27.5271,4214.0006,2.2995,425.0943,139.8953,26196.9519,15.4742,3695.1120,11.3496,1972.5852,0.9819,148.3242,139.8953,26196.9519,6.4886,1512.6394,9.6328,1453.2708,0.8208,156.2863,58.6305,10630.3734,27.3370,6924.6058,56.5815,8860.6475,4.6388,834.1547,245.7528,47679.8290,15.4742,3695.1120,16.3134,3271.8498,1.8001,303.5168,139.8953,26196.9519,0.1517,0.0243,1.7000,6.9700,24.4387,36.0604, NaN, NaN, NaN, NaN, NaN, NaN, NaN, NaN, NaN, NaN, NaN, NaN, NaN, NaN, NaN, NaN, NaN, NaN, NaN, NaN, NaN, NaN, NaN, NaN, NaN, NaN, NaN, NaN, NaN, NaN,
03/2008,7.9229,1715.1350,11.9657,1765.6026,1.0145,183.2696,54.6737,11112.9512,7.9229,1715.1350,5.7190,968.1154,0.5007,77.0112,54.6737,11112.9512,4.6310,939.8246,6.8149,864.8382,0.5797,103.4208,31.4029,5990.2538,6.2381,1367.3837,7.7829,1331.7040,0.6725,119.8172,44.5568,9030.9402,7.9229,1715.1350,8.0568,1441.7625,0.8636,132.0736,54.6737,11112.9512,0.1940,0.0286,1.8600,6.6720,23.0160,36.5837, NaN, NaN, NaN, NaN, NaN, NaN, NaN, NaN, NaN, NaN, NaN, NaN, NaN, NaN, NaN, NaN, NaN, NaN, NaN, NaN, NaN, NaN, NaN, NaN, NaN, NaN, NaN, NaN, NaN, NaN,
04/2008,41.6966,18719.2685,73.7898,28142.8319,6.1932,1850.0807,279.6781,120105.1610,41.6966,18719.2685,30.7042,21158.6562,2.6460,813.0467,279.6781,120105.1610,15.1373,4219.3526,22.5290,4088.9435,1.9267,529.0331,100.8145,27140.5588,27.6394,7633.8029,44.6372,8069.9222,3.7858,912.4296,185.1837,49294.4328,41.6966,18719.2685,44.1821,25131.9368,5.0583,1371.9470,279.6781,120105.1610,0.2475,0.0255,1.6250,7.1387,19.7712,34.8264, NaN, NaN, NaN, NaN, NaN, NaN, NaN, NaN, NaN, NaN, NaN, NaN, NaN, NaN, NaN, NaN, NaN, NaN, NaN, NaN, NaN, NaN, NaN, NaN, NaN, NaN, NaN, NaN, NaN, NaN,
05/2008,43.2691,12223.2758,71.6370,14988.5477,6.0647,1225.5054,326.9719,86911.0438,43.2691,12223.2758,31.7381,9441.1631,2.7414,486.1837,326.9719,86911.0438,17.8330,4359.9946,26.3618,4145.1598,2.2568,504.7097,134.6946,30037.9196,45.1613,11798.3347,78.2296,12968.3027,6.5846,1295.5589,340.8762,83876.0361,43.2691,12223.2758,45.4877,12859.3820,5.2456,926.1718,326.9719,86911.0438,0.2333,0.0250,1.6250,7.1900,19.2113,33.6690, NaN, NaN, NaN, NaN, NaN, NaN, NaN, NaN, NaN, NaN, NaN, NaN, NaN, NaN, NaN, NaN, NaN, NaN, NaN, NaN, NaN, NaN, NaN, NaN, NaN, NaN, NaN, NaN, NaN, NaN,
06/2008,102.5914,31548.8995,199.6834,45710.7137,16.5875,3284.6119,852.2639,262142.6066,102.5914,31548.8995,76.2885,23357.4737,6.5257,1179.8887,852.2639,262142.6066,44.0035,10234.5206,76.1092,11111.2031,6.4104,1281.4427,365.1328,82456.5624,100.0166,31197.8304,194.5108,41556.3614,16.1581,3130.4032,830.8313,261246.6892,102.5914,31548.8995,110.1020,36020.0838,12.8236,2501.8564,852.2639,262142.6066,0.2320,0.0144,1.5000,7.8430,16.4600,31.2335, NaN, NaN, NaN, NaN, NaN, NaN, NaN, NaN, NaN, NaN, NaN, NaN, NaN, NaN, NaN, NaN, NaN, NaN, NaN, NaN, NaN, NaN, NaN, NaN, NaN, NaN, NaN, NaN, NaN, NaN,
07/2008,176.4893,113627.3789,368.4739,308660.2193,30.0773,14922.0580,1589.8019,1110416.1802,176.4893,113627.3789,131.9501,241564.6938,11.2124,5773.6740,1589.8019,1110416.1802,79.8682,26212.9046,144.3523,33555.9695,12.1115,2487.3510,719.5773,247249.6030,194.1322,170623.4717,415.2201,391563.6721,33.9020,22310.9057,1748.8584,1692511.7729,176.4893,113627.3789,191.1718,270171.5206,22.0279,8315.2372,1589.8019,1110416.1802,0.6175,0.0238,3.0500,9.0240,13.9700,22.8504, NaN, NaN, NaN, NaN, NaN, NaN, NaN, NaN, NaN, NaN, NaN, NaN, NaN, NaN, NaN, NaN, NaN, NaN, NaN, NaN, NaN, NaN, NaN, NaN, NaN, NaN, NaN, NaN, NaN, NaN,
08/2008,115.9056,106987.9622,218.4574,250348.1810,17.8861,9491.7028,1056.3741,1076708.0107,115.9056,106987.9622,86.1926,221950.6388,7.3127,5774.2266,1056.3741,1076708.0107,61.9488,17101.0310,102.9802,20688.7981,8.7292,1183.9148,564.3956,162279.5060,116.8646,126713.8771,218.6602,308162.2712,18.0197,13130.8656,1065.2271,1280954.6475,115.9056,106987.9622,123.8455,234152.3121,14.3813,6829.3591,1056.3741,1076708.0107,1.1450,0.0475,17.7250,10.9786,13.5357,10.0438, NaN, NaN, NaN, NaN, NaN, NaN, NaN, NaN, NaN, NaN, NaN, NaN, NaN, NaN, NaN, NaN, NaN, NaN, NaN, NaN, NaN, NaN, NaN, NaN, NaN, NaN, NaN, NaN, NaN, NaN,
09/2008,108.7776,34239.3005,207.6971,44792.5916,16.9596,2527.8304,969.1778,307255.1506,108.7776,34239.3005,80.9958,27479.6608,6.8723,1072.5757,969.1778,307255.1506,59.6419,11103.5232,101.2173,11903.0988,8.5526,1102.8568,530.7569,97427.3328,100.5350,29189.3587,185.9006,34029.4091,15.3796,2102.6882,896.6399,263099.1608,108.7776,34239.3005,116.4693,36154.7589,13.5132,2020.8344,969.1778,307255.1506,0.3280,0.0184,1.9000,8.2550,15.9280,26.7445, NaN, NaN, NaN, NaN, NaN, NaN, NaN, NaN, NaN, NaN, NaN, NaN, NaN, NaN, NaN, NaN, NaN, NaN, NaN, NaN, NaN, NaN, NaN, NaN, NaN, NaN, NaN, NaN, NaN, NaN,
10/2008,72.2477,23649.6758,123.8927,28437.6990,10.3758,1622.6762,609.9049,188151.6018,72.2477,23649.6758,53.4111,19090.9047,4.5652,763.3919,609.9049,188151.6018,37.0742,6411.9168,55.1884,6305.7689,4.7353,558.6906,312.9609,50577.2531,62.5190,17099.8474,103.2224,17634.8620,8.7322,1191.7389,528.1229,136219.7663,72.2477,23649.6758,76.2863,24183.0435,8.9930,1312.7331,609.9049,188151.6018,0.3150,0.0180,1.0250,7.8478,18.8667,26.8281, NaN, NaN, NaN, NaN, NaN, NaN, NaN, NaN, NaN, NaN, NaN, NaN, NaN, NaN, NaN, NaN, NaN, NaN, NaN, NaN, NaN, NaN, NaN, NaN, NaN, NaN, NaN, NaN, NaN, NaN,
11/2008,64.5667,17160.1891,111.8909,20864.6762,9.3951,1506.4643,525.4045,123555.1672,64.5667,17160.1891,47.6782,11974.5294,4.0883,649.7730,525.4045,123555.1672,28.4429,4631.3683,41.2654,4479.1072,3.5465,438.2443,231.3311,34178.5113,55.2960,13329.2563,92.6343,13955.6885,7.8376,1156.7086,449.9560,95900.3800,64.5667,17160.1891,68.2551,16773.7383,8.0493,1219.9288,525.4045,123555.1672,0.2925,0.0218,1.5250,7.5789,19.4744,29.2613, NaN, NaN, NaN, NaN, NaN, NaN, NaN, NaN, NaN, NaN, NaN, NaN, NaN, NaN, NaN, NaN, NaN, NaN, NaN, NaN, NaN, NaN, NaN, NaN, NaN, NaN, NaN, NaN, NaN, NaN,
12/2008,32.9357,5956.7789,48.5587,6229.7702,4.1671,492.8953,248.3831,40209.8125,32.9357,5956.7789,23.9364,3489.9741,2.0800,253.5131,248.3831,40209.8125,15.7507,2211.0797,20.5796,2017.3937,1.7833,192.6667,118.7105,15174.1748,30.3437,5760.2189,44.5922,5710.3528,3.8257,463.6992,228.7116,38603.0178,32.9357,5956.7789,34.1583,5142.7251,3.9640,427.6258,248.3831,40209.8125,0.3240,0.0296,2.2400,6.9990,21.9380,31.6955, NaN, NaN, NaN, NaN, NaN, NaN, NaN, NaN, NaN, NaN, NaN, NaN, NaN, NaN, NaN, NaN, NaN, NaN, NaN, NaN, NaN, NaN, NaN, NaN, NaN, NaN, NaN, NaN, NaN, NaN,
01/2009,8.8042,2102.8032,9.8254,2615.2106,0.8618,130.5541,63.8232,13482.1430,8.8042,2102.8032,6.1824,1904.9562,0.5527,96.9206,63.8232,13482.1430,3.9312,1426.0666,3.8189,1819.4766,0.3363,72.3995,28.4812,8726.5015,7.4390,1764.2189,8.0640,1707.0639,0.7082,107.6026,53.9282,11407.4907,8.8042,2102.8032,8.8889,2383.8353,0.8618,127.6937,63.8232,13482.1430,0.3000,0.0288,2.4750,6.9050,24.6212,34.4496, NaN, NaN, NaN, NaN, NaN, NaN, NaN, NaN, NaN, NaN, NaN, NaN, NaN, NaN, NaN, NaN, NaN, NaN, NaN, NaN, NaN, NaN, NaN, NaN, NaN, NaN, NaN, NaN, NaN, NaN,
02/2009,7.5254,5090.0746,10.1178,13042.2156,0.8686,271.4768,56.4962,29580.7267,7.5254,5090.0746,5.3773,12264.5009,0.4743,212.9985,56.4962,29580.7267,3.1018,772.0963,3.5277,676.6188,0.3064,45.1690,23.2942,5049.1492,9.2794,2319.2957,15.1562,2521.8515,1.2743,201.8814,71.2788,15554.5183,7.5254,5090.0746,7.6712,12768.6163,0.7884,254.1070,56.4962,29580.7267,0.2375,0.0260,2.3500,6.3875,24.1500,35.3338, NaN, NaN, NaN, NaN, NaN, NaN, NaN, NaN, NaN, NaN, NaN, NaN, NaN, NaN, NaN, NaN, NaN, NaN, NaN, NaN, NaN, NaN, NaN, NaN, NaN, NaN, NaN, NaN, NaN, NaN,
03/2009,5.3568,2281.4006,5.9210,3592.3868,0.5176,155.4118,41.5867,13815.7581,5.3568,2281.4006,3.7581,3029.3030,0.3363,88.7626,41.5867,13815.7581,2.5574,663.8026,2.6283,538.9243,0.2299,64.1896,19.7711,4535.4945,4.1213,1164.9485,4.1842,1137.0823,0.3675,93.6150,32.1124,7987.3026,5.3568,2281.4006,5.2802,3381.9523,0.5176,119.8768,41.5867,13815.7581,0.2700,0.0238,1.8200,6.8670,22.2520,35.8985, NaN, NaN, NaN, NaN, NaN, NaN, NaN, NaN, NaN, NaN, NaN, NaN, NaN, NaN, NaN, NaN, NaN, NaN, NaN, NaN, NaN, NaN, NaN, NaN, NaN, NaN, NaN, NaN, NaN, NaN,
04/2009,4.0608,1377.0518,4.4633,1440.2091,0.3892,139.4135,29.3921,9270.8397,4.0608,1377.0518,2.8471,868.3457,0.2550,67.5849,29.3921,9270.8397,1.5725,523.4458,1.4841,458.4264,0.1298,46.7807,11.3387,3524.7172,3.2141,1102.2998,3.2821,1119.0411,0.2874,103.0566,23.3917,7444.0762,4.0608,1377.0518,3.9087,1207.1102,0.3870,100.4002,29.3921,9270.8397,0.2100,0.0200,1.4667,6.8122,20.5089,36.0868, NaN, NaN, NaN, NaN, NaN, NaN, NaN, NaN, NaN, NaN, NaN, NaN, NaN, NaN, NaN, NaN, NaN, NaN, NaN, NaN, NaN, NaN, NaN, NaN, NaN, NaN, NaN, NaN, NaN, NaN,
05/2009,12.9514,4447.3968,19.9129,4936.5273,1.6952,569.4786,106.9212,32384.0481,12.9514,4447.3968,9.4347,2531.2914,0.8190,176.4122,106.9212,32384.0481,7.1539,2474.1158,10.2677,2412.9123,0.8808,322.1516,59.0891,17990.4197,15.5088,5457.4992,25.4043,6064.0858,2.1489,710.2525,128.0392,39586.9238,12.9514,4447.3968,13.3389,4004.2809,1.5039,376.7111,106.9212,32384.0481,0.1552,0.0170,1.1750,6.7478,18.7789,36.3918, NaN, NaN, NaN, NaN, NaN, NaN, NaN, NaN, NaN, NaN, NaN, NaN, NaN, NaN, NaN, NaN, NaN, NaN, NaN, NaN, NaN, NaN, NaN, NaN, NaN, NaN, NaN, NaN, NaN, NaN,
06/2009,46.6819,18455.8867,80.7550,22523.4831,6.8105,1878.4451,396.5420,147204.9190,46.6819,18455.8867,34.4129,13717.6059,2.9610,620.5734,396.5420,147204.9190,26.3606,9449.7322,41.3317,9536.6495,3.5248,1038.0150,223.9668,75197.8015,47.8483,21105.9994,83.1329,25209.3577,7.0074,2014.9971,406.4086,171250.2659,46.6819,18455.8867,49.3370,19295.0365,5.7167,1296.3060,396.5420,147204.9190,0.2140,0.0208,1.4500,7.5082,16.3918,35.1346, NaN, NaN, NaN, NaN, NaN, NaN, NaN, NaN, NaN, NaN, NaN, NaN, NaN, NaN, NaN, NaN, NaN, NaN, NaN, NaN, NaN, NaN, NaN, NaN, NaN, NaN, NaN, NaN, NaN, NaN,
07/2009,105.9782,125794.3738,205.9106,282361.4416,17.1097,9710.0726,905.1223,1167775.7680,105.9782,125794.3738,78.7824,250854.0585,6.7406,6603.3335,905.1223,1167775.7680,50.1898,21480.0941,86.5225,25601.3870,7.2925,1772.3589,429.3251,191546.3151,125.0899,176696.3462,252.6854,422796.3285,20.8861,17554.9428,1069.0545,1648542.9151,105.9782,125794.3738,113.6547,268897.1599,13.2245,8158.8370,905.1223,1167775.7680,0.7925,0.0235,4.8000,9.0350,13.8375,23.7418, NaN, NaN, NaN, NaN, NaN, NaN, NaN, NaN, NaN, NaN, NaN, NaN, NaN, NaN, NaN, NaN, NaN, NaN, NaN, NaN, NaN, NaN, NaN, NaN, NaN, NaN, NaN, NaN, NaN, NaN,
08/2009,136.0368,125609.2272,267.5624,238091.5214,21.8327,12817.5376,1138.4270,1148519.5306,136.0368,125609.2272,101.4441,184637.8381,8.6054,4732.8567,1138.4270,1148519.5306,75.8333,35583.3907,133.8276,46383.4508,11.2640,2769.8046,635.9374,315043.9351,130.6541,113632.5197,250.7349,191625.4861,20.7677,11034.2503,1091.3726,1034445.0810,136.0368,125609.2272,146.2958,207358.9375,16.9154,6770.4607,1138.4270,1148519.5306,1.0880,0.0234,14.1000,10.6150,15.2110,11.0585, NaN, NaN, NaN, NaN, NaN, NaN, NaN, NaN, NaN, NaN, NaN, NaN, NaN, NaN, NaN, NaN, NaN, NaN, NaN, NaN, NaN, NaN, NaN, NaN, NaN, NaN, NaN, NaN, NaN, NaN,
09/2009,128.3904,89020.3738,246.9172,125931.8179,20.1972,8415.8909,1134.6482,830245.9163,128.3904,89020.3738,95.6423,86841.8797,8.1129,2463.5297,1134.6482,830245.9163,76.9219,28436.5901,132.1496,32630.8899,11.1710,2041.6446,679.8110,262110.9381,111.9226,68436.7402,207.6352,97708.8231,17.1974,5736.0096,989.1272,638856.0552,128.3904,89020.3738,137.6810,103962.9760,15.9516,4010.5629,1134.6482,830245.9163,0.7075,0.0238,5.0333,8.8400,15.4787,14.0381, NaN, NaN, NaN, NaN, NaN, NaN, NaN, NaN, NaN, NaN, NaN, NaN, NaN, NaN, NaN, NaN, NaN, NaN, NaN, NaN, NaN, NaN, NaN, NaN, NaN, NaN, NaN, NaN, NaN, NaN,
10/2009,60.4022,20578.1299,97.6703,21520.7400,8.2949,1042.5264,537.7916,174849.6454,60.4022,20578.1299,44.4714,15504.8640,3.8199,575.3418,537.7916,174849.6454,35.3635,6788.8109,51.3313,6337.2674,4.4186,429.9342,314.5921,57897.1989,50.8205,17522.9654,79.3516,18749.2102,6.7757,912.1294,452.5594,149991.9540,60.4022,20578.1299,63.3149,18756.7630,7.5317,918.1997,537.7916,174849.6454,0.4075,0.0230,3.6500,7.9317,18.1775,20.7214, NaN, NaN, NaN, NaN, NaN, NaN, NaN, NaN, NaN, NaN, NaN, NaN, NaN, NaN, NaN, NaN, NaN, NaN, NaN, NaN, NaN, NaN, NaN, NaN, NaN, NaN, NaN, NaN, NaN, NaN,
11/2009,37.5322,11253.6086,58.4732,12146.5003,4.9838,898.5719,273.1565,75926.2059,37.5322,11253.6086,27.3903,7456.6271,2.3738,383.9560,273.1565,75926.2059,19.7251,3449.7187,26.5172,3241.6293,2.2946,312.8816,144.3017,23166.9215,31.6051,10323.5299,47.6706,10169.1788,4.0764,755.8151,230.1246,70156.1474,37.5322,11253.6086,39.1705,10187.5717,4.5675,707.3818,273.1565,75926.2059,0.2660,0.0202,2.2400,7.5180,20.5610,30.5688, NaN, NaN, NaN, NaN, NaN, NaN, NaN, NaN, NaN, NaN, NaN, NaN, NaN, NaN, NaN, NaN, NaN, NaN, NaN, NaN, NaN, NaN, NaN, NaN, NaN, NaN, NaN, NaN, NaN, NaN,
12/2009,12.2774,2870.3376,14.6692,2850.2855,1.2817,177.7137,84.2463,18265.0899,12.2774,2870.3376,8.6964,1806.3406,0.7720,125.0768,84.2463,18265.0899,6.5578,1031.6592,7.0119,876.9657,0.6160,58.7235,45.0204,6611.4434,9.9706,2335.7030,11.4853,2209.6255,1.0056,143.9889,68.3984,14857.2092,12.2774,2870.3376,12.4720,2453.6575,1.2817,174.8058,84.2463,18265.0899,0.2750,0.0242,2.5250,7.0425,23.3812,32.9959, NaN, NaN, NaN, NaN, NaN, NaN, NaN, NaN, NaN, NaN, NaN, NaN, NaN, NaN, NaN, NaN, NaN, NaN, NaN, NaN, NaN, NaN, NaN, NaN, NaN, NaN, NaN, NaN, NaN, NaN,
01/2010,3.9312,1095.1027,3.8583,1131.0228,0.3396,71.2213,28.6243,7125.9715,3.9312,1095.1027,2.7201,689.7026,0.2462,59.6189,28.6243,7125.9715,2.2291,462.6288,1.9910,383.5218,0.1753,21.4122,16.2246,3049.1900,3.0845,951.4022,2.9099,978.2456,0.2562,59.2888,22.4616,6178.8075,3.9312,1095.1027,3.8126,959.8939,0.3396,70.8151,28.6243,7125.9715,0.2450,0.0290,2.6500,6.7850,24.3725,35.1928, NaN, NaN, NaN, NaN, NaN, NaN, NaN, NaN, NaN, NaN, NaN, NaN, NaN, NaN, NaN, NaN, NaN, NaN, NaN, NaN, NaN, NaN, NaN, NaN, NaN, NaN, NaN, NaN, NaN, NaN,
02/2010,1.9440,713.5258,1.7208,800.8260,0.1515,49.4474,14.7757,4796.7562,1.9440,713.5258,1.3307,486.9214,0.1215,43.3274,14.7757,4796.7562,1.1405,290.3040,0.9282,259.8198,0.0815,12.6933,8.6699,1978.3194,1.4947,625.9766,1.2719,697.0855,0.1118,41.9510,11.3478,4185.2760,1.9440,713.5258,1.7208,661.7063,0.1515,48.8985,14.7757,4796.7562,0.2425,0.0255,3.3250,6.8478,24.3778,36.3879, NaN, NaN, NaN, NaN, NaN, NaN, NaN, NaN, NaN, NaN, NaN, NaN, NaN, NaN, NaN, NaN, NaN, NaN, NaN, NaN, NaN, NaN, NaN, NaN, NaN, NaN, NaN, NaN, NaN, NaN,
03/2010,12.7094,3631.6339,26.8700,7021.6361,2.1977,488.5541,88.8286,22406.1134,12.7094,3631.6339,9.4463,4768.9271,0.8103,205.1008,88.8286,22406.1134,8.6918,2315.2262,17.3366,2764.2155,1.4307,271.8962,60.7981,14252.8042,6.4800,2212.4275,11.6529,2488.2016,0.9723,214.8287,45.3144,13729.6775,12.7094,3631.6339,13.5970,5951.9740,1.5168,359.2306,88.8286,22406.1134,0.2380,0.0224,2.1200,6.5882,23.6127,36.9876, NaN, NaN, NaN, NaN, NaN, NaN, NaN, NaN, NaN, NaN, NaN, NaN, NaN, NaN, NaN, NaN, NaN, NaN, NaN, NaN, NaN, NaN, NaN, NaN, NaN, NaN, NaN, NaN, NaN, NaN,
04/2010,13.8240,4013.1504,22.3162,7575.5696,1.8860,414.0306,98.7046,24948.8525,13.8240,4013.1504,10.0765,6040.0119,0.8752,218.6285,98.7046,24948.8525,5.7888,1252.3680,7.8706,1152.7656,0.6763,118.6345,41.3029,8332.6249,7.9402,1977.8083,11.7922,2058.0657,1.0055,203.2786,56.7184,13107.4811,13.8240,4013.1504,14.3958,6924.1269,1.5975,332.5008,98.7046,24948.8525,0.1775,0.0210,2.1250,6.8189,20.9933,36.8440, NaN, NaN, NaN, NaN, NaN, NaN, NaN, NaN, NaN, NaN, NaN, NaN, NaN, NaN, NaN, NaN, NaN, NaN, NaN, NaN, NaN, NaN, NaN, NaN, NaN, NaN, NaN, NaN, NaN, NaN,
05/2010,35.3462,8250.8458,66.5886,10162.6450,5.5419,1081.4731,297.6233,62798.1906,35.3462,8250.8458,26.1188,5205.9901,2.2464,320.2545,297.6233,62798.1906,19.6474,4576.2970,33.9548,4772.7863,2.8580,607.2882,165.6952,34719.6219,38.9923,9702.9187,78.2905,11473.7494,6.4694,1311.2707,329.9391,73701.5314,35.3462,8250.8458,37.7442,7972.4093,4.2634,716.9732,297.6233,62798.1906,0.1960,0.0194,1.8000,7.2092,17.9525,35.7737, NaN, NaN, NaN, NaN, NaN, NaN, NaN, NaN, NaN, NaN, NaN, NaN, NaN, NaN, NaN, NaN, NaN, NaN, NaN, NaN, NaN, NaN, NaN, NaN, NaN, NaN, NaN, NaN, NaN, NaN,
06/2010,35.0784,9383.7571,57.3775,12574.9509,4.8572,926.3409,282.3563,74470.3338,35.0784,9383.7571,25.6541,8259.6393,2.2214,365.7418,282.3563,74470.3338,16.4765,3714.0509,24.7201,3731.4404,2.1092,420.2598,132.3230,28674.9571,32.3136,8091.8093,52.7675,8766.3271,4.4660,851.3434,259.9532,63691.1885,35.0784,9383.7571,36.8206,10852.2820,4.1918,713.2238,282.3563,74470.3338,0.2100,0.0198,1.8500,7.8500,16.1225,33.8507, NaN, NaN, NaN, NaN, NaN, NaN, NaN, NaN, NaN, NaN, NaN, NaN, NaN, NaN, NaN, NaN, NaN, NaN, NaN, NaN, NaN, NaN, NaN, NaN, NaN, NaN, NaN, NaN, NaN, NaN,
07/2010,87.9552,29665.9843,166.4042,43087.1468,13.8694,2768.8137,748.3096,265543.5266,87.9552,29665.9843,65.2439,27244.0486,5.5896,1027.9470,748.3096,265543.5266,41.7398,9678.4502,70.6303,10279.0243,5.9631,1175.9405,355.4648,83226.9831,96.4829,42307.3152,188.2234,60008.8242,15.6233,3627.0143,821.0050,385869.3690,87.9552,29665.9843,94.0227,36521.6901,10.9493,2072.1938,748.3096,265543.5266,0.2900,0.0160,1.9000,8.7750,14.1963,30.3150, NaN, NaN, NaN, NaN, NaN, NaN, NaN, NaN, NaN, NaN, NaN, NaN, NaN, NaN, NaN, NaN, NaN, NaN, NaN, NaN, NaN, NaN, NaN, NaN, NaN, NaN, NaN, NaN, NaN, NaN,
08/2010,84.3523,21364.1712,153.2183,26326.0907,12.7722,1715.9692,716.0436,176134.9410,84.3523,21364.1712,62.5402,15462.2213,5.3441,694.6822,716.0436,176134.9410,42.8976,7689.5741,71.7413,8085.8984,6.0610,821.5169,364.0079,61315.6240,78.8054,22845.2659,139.0865,25589.9024,11.6944,1603.1461,669.1746,191436.5180,84.3523,21364.1712,89.7024,21379.9409,10.5208,1371.1750,716.0436,176134.9410,0.2567,0.0150,1.7333,8.5390,15.3430,29.0665, NaN, NaN, NaN, NaN, NaN, NaN, NaN, NaN, NaN, NaN, NaN, NaN, NaN, NaN, NaN, NaN, NaN, NaN, NaN, NaN, NaN, NaN, NaN, NaN, NaN, NaN, NaN, NaN, NaN, NaN,
09/2010,71.2714,13996.6531,124.0187,16082.0018,10.3765,1178.4644,644.6829,114127.4393,71.2714,13996.6531,52.7012,8777.0893,4.5078,491.9380,644.6829,114127.4393,35.8474,5111.2339,55.2728,5178.5687,4.7197,517.3419,323.7464,41709.2082,59.9789,11804.2618,100.2831,12882.2962,8.4658,962.6105,542.2984,96458.7049,71.2714,13996.6531,75.3834,12632.7077,8.8785,959.4612,644.6829,114127.4393,0.2450,0.0150,1.3500,8.1475,16.3888,30.2326, NaN, NaN, NaN, NaN, NaN, NaN, NaN, NaN, NaN, NaN, NaN, NaN, NaN, NaN, NaN, NaN, NaN, NaN, NaN, NaN, NaN, NaN, NaN, NaN, NaN, NaN, NaN, NaN, NaN, NaN,
10/2010,35.1216,5672.0477,52.0046,5896.6838,4.4630,486.5771,316.0223,41643.1086,35.1216,5672.0477,25.5467,3385.0303,2.2184,236.9216,316.0223,41643.1086,16.6147,2179.6474,21.3292,1969.8506,1.8534,182.8905,149.6206,16368.6705,28.2614,4288.9046,39.9543,4318.0027,3.4445,372.1608,254.4877,31562.4696,35.1216,5672.0477,36.4439,4899.6572,4.2479,418.0922,316.0223,41643.1086,0.3300,0.0160,1.5000,7.7070,19.0250,32.6014, NaN, NaN, NaN, NaN, NaN, NaN, NaN, NaN, NaN, NaN, NaN, NaN, NaN, NaN, NaN, NaN, NaN, NaN, NaN, NaN, NaN, NaN, NaN, NaN, NaN, NaN, NaN, NaN, NaN, NaN,
11/2010,17.0381,2670.9005,22.3646,2688.2486,1.9384,236.4678,137.1753,17758.1066,17.0381,2670.9005,12.1999,1535.3316,1.0734,122.7030,137.1753,17758.1066,7.2662,1012.7290,8.1385,862.4499,0.7127,77.2926,58.5489,6874.2526,13.4438,2210.8723,16.9737,2169.3624,1.4751,191.8974,108.3392,14620.7595,17.0381,2670.9005,17.4624,2247.2002,1.8859,197.0258,137.1753,17758.1066,0.2450,0.0220,2.7000,7.3570,20.9010,34.1830, NaN, NaN, NaN, NaN, NaN, NaN, NaN, NaN, NaN, NaN, NaN, NaN, NaN, NaN, NaN, NaN, NaN, NaN, NaN, NaN, NaN, NaN, NaN, NaN, NaN, NaN, NaN, NaN, NaN, NaN,
12/2010,11.1802,2055.7498,14.4661,1985.8692,1.2518,218.8103,82.2624,12563.0618,11.1802,2055.7498,7.9862,1133.4771,0.7042,90.4464,82.2624,12563.0618,6.0826,1120.0378,7.3344,947.9112,0.6370,123.5114,44.7577,6863.6934,10.2730,2053.7712,13.5921,1981.2400,1.1727,229.2258,75.6260,12443.2107,11.1802,2055.7498,11.4231,1664.9657,1.2038,156.5567,82.2624,12563.0618,0.2450,0.0235,1.9000,6.9156,22.5967,35.5425, NaN, NaN, NaN, NaN, NaN, NaN, NaN, NaN, NaN, NaN, NaN, NaN, NaN, NaN, NaN, NaN, NaN, NaN, NaN, NaN, NaN, NaN, NaN, NaN, NaN, NaN, NaN, NaN, NaN, NaN,
01/2011,9.8064,2536.8077,14.4292,2585.6780,1.2280,284.2741,55.6797,13741.8414,9.8064,2536.8077,7.0637,1362.2465,0.6193,100.0679,55.6797,13741.8414,7.5168,2018.5891,11.1897,1949.9349,0.9513,237.7740,42.1762,10900.2156,8.9510,2439.6854,13.2677,2477.8714,1.1282,275.8730,50.5611,13207.2123,9.8064,2536.8077,10.0433,2149.3123,1.0682,206.1410,55.6797,13741.8414,0.2767,0.0243,2.0333,6.6240,25.2150,36.3478, NaN, NaN, NaN, NaN, NaN, NaN, NaN, NaN, NaN, NaN, NaN, NaN, NaN, NaN, NaN, NaN, NaN, NaN, NaN, NaN, NaN, NaN, NaN, NaN, NaN, NaN, NaN, NaN, NaN, NaN,
02/2011,1.5206,507.6432,1.3075,529.9579,0.1149,32.8101,10.1309,3034.8667,1.5206,507.6432,1.0380,337.4819,0.0950,25.5416,10.1309,3034.8667,0.8467,208.6042,0.6626,178.9221,0.0580,9.5312,5.6526,1269.5390,1.1664,494.7264,0.9779,506.4972,0.0858,34.6637,7.7477,2917.1430,1.5206,507.6432,1.3075,453.0461,0.1149,29.5533,10.1309,3034.8667,0.2900,0.0180,2.2000,6.5056,24.9344,36.5990, NaN, NaN, NaN, NaN, NaN, NaN, NaN, NaN, NaN, NaN, NaN, NaN, NaN, NaN, NaN, NaN, NaN, NaN, NaN, NaN, NaN, NaN, NaN, NaN, NaN, NaN, NaN, NaN, NaN, NaN,
03/2011,0.9158,877.7808,0.7054,924.9367,0.0617,70.1710,6.1706,5561.0918,0.9158,877.7808,0.6187,514.7412,0.0571,37.3606,6.1706,5561.0918,0.4925,510.9005,0.3507,465.6764,0.0305,38.6660,3.3169,3253.6552,0.6394,590.5613,0.4714,625.5183,0.0411,42.5436,4.3076,3732.8742,0.9158,877.7808,0.7054,825.3730,0.0617,51.4588,6.1706,5561.0918,0.5800,0.0200,2.6500,6.1387,24.2925,37.3354, NaN, NaN, NaN, NaN, NaN, NaN, NaN, NaN, NaN, NaN, NaN, NaN, NaN, NaN, NaN, NaN, NaN, NaN, NaN, NaN, NaN, NaN, NaN, NaN, NaN, NaN, NaN, NaN, NaN, NaN,
04/2011,5.6938,2041.2432,7.6766,1990.0067,0.6615,233.4384,34.5740,13236.3877,5.6938,2041.2432,4.0941,1088.0662,0.3590,78.8229,34.5740,13236.3877,2.4710,886.1530,2.8241,738.7874,0.2460,91.3617,15.0232,5736.4356,3.6806,1415.0592,4.5331,1343.3362,0.3932,151.9901,22.3768,9193.2948,5.6938,2041.2432,5.7307,1675.7260,0.6357,157.6336,34.5740,13236.3877,0.2150,0.0155,1.2500,6.3650,22.0150,36.5224, NaN, NaN, NaN, NaN, NaN, NaN, NaN, NaN, NaN, NaN, NaN, NaN, NaN, NaN, NaN, NaN, NaN, NaN, NaN, NaN, NaN, NaN, NaN, NaN, NaN, NaN, NaN, NaN, NaN, NaN,
05/2011,24.3648,5210.9568,44.9676,5980.5913,3.7554,704.5801,171.9326,38031.8691,24.3648,5210.9568,18.0176,2772.8659,1.5479,205.7681,171.9326,38031.8691,14.7658,3273.5318,24.8958,3385.0419,2.1026,426.7740,104.1717,23894.4302,30.1536,6512.0976,58.9404,7713.8472,4.8887,902.5878,212.9622,47830.0243,24.3648,5210.9568,25.8075,4553.7736,2.9742,464.5492,171.9326,38031.8691,0.2200,0.0155,1.2000,6.8450,19.8275,35.7804, NaN, NaN, NaN, NaN, NaN, NaN, NaN, NaN, NaN, NaN, NaN, NaN, NaN, NaN, NaN, NaN, NaN, NaN, NaN, NaN, NaN, NaN, NaN, NaN, NaN, NaN, NaN, NaN, NaN, NaN,
06/2011,69.7162,15407.5738,143.9536,21833.5978,11.8337,1993.9176,517.8664,119324.3442,69.7162,15407.5738,51.9105,11102.3371,4.4412,620.3654,517.8664,119324.3442,37.2730,8408.5258,70.1426,9365.4385,5.8389,1085.0453,276.6377,64478.7215,72.1526,16313.6678,149.6734,20855.8889,12.2959,2004.1422,535.9881,127297.0161,69.7162,15407.5738,75.2077,16756.0476,8.6028,1382.6600,517.8664,119324.3442,0.2050,0.0185,1.4500,7.5475,16.5150,34.8716, NaN, NaN, NaN, NaN, NaN, NaN, NaN, NaN, NaN, NaN, NaN, NaN, NaN, NaN, NaN, NaN, NaN, NaN, NaN, NaN, NaN, NaN, NaN, NaN, NaN, NaN, NaN, NaN, NaN, NaN,
07/2011,121.2192,47676.7469,237.1922,94871.5321,19.7020,4808.5932,946.1008,405195.9195,121.2192,47676.7469,90.2180,69366.5006,7.7104,2471.0808,946.1008,405195.9195,54.5530,13822.4102,93.5938,14691.5718,7.8976,1493.4481,425.6471,109987.6187,140.7888,73343.7331,285.2545,115694.8423,23.5809,5665.5942,1098.8027,641510.0783,121.2192,47676.7469,130.1740,83559.5756,15.1672,3929.9029,946.1008,405195.9195,0.2950,0.0145,2.6500,8.7675,13.9863,28.9617, NaN, NaN, NaN, NaN, NaN, NaN, NaN, NaN, NaN, NaN, NaN, NaN, NaN, NaN, NaN, NaN, NaN, NaN, NaN, NaN, NaN, NaN, NaN, NaN, NaN, NaN, NaN, NaN, NaN, NaN,
08/2011,141.0221,111389.5152,280.5582,253485.0298,23.2340,8885.6427,1146.2318,978300.6306,141.0221,111389.5152,105.0339,218605.0746,8.9633,6358.0974,1146.2318,978300.6306,74.7533,27061.1798,135.7830,35959.8812,11.3666,2316.6218,608.3350,225318.3176,133.7126,103047.6211,260.4299,174442.9070,21.6347,6731.6207,1086.1236,899696.5426,141.0221,111389.5152,151.4327,238146.2174,17.6268,8061.9219,1146.2318,978300.6306,0.5733,0.0173,6.5667,8.9620,15.9900,19.9778, NaN, NaN, NaN, NaN, NaN, NaN, NaN, NaN, NaN, NaN, NaN, NaN, NaN, NaN, NaN, NaN, NaN, NaN, NaN, NaN, NaN, NaN, NaN, NaN, NaN, NaN, NaN, NaN, NaN, NaN,
09/2011,126.0144,51530.9213,243.0491,70702.0336,20.0221,3690.8124,1079.4138,464178.3160,126.0144,51530.9213,93.7973,45488.9629,7.9783,1638.6108,1079.4138,464178.3160,72.6538,20086.2202,125.7077,24027.8869,10.6096,1775.9353,622.5705,175879.8575,109.5811,40731.1200,203.8281,48818.8549,16.9497,2792.0447,938.4297,366974.8681,126.0144,51530.9213,135.0909,58754.1711,15.6905,2960.1394,1079.4138,464178.3160,0.5250,0.0155,5.0500,8.3200,17.0488,22.2755, NaN, NaN, NaN, NaN, NaN, NaN, NaN, NaN, NaN, NaN, NaN, NaN, NaN, NaN, NaN, NaN, NaN, NaN, NaN, NaN, NaN, NaN, NaN, NaN, NaN, NaN, NaN, NaN, NaN, NaN,
10/2011,89.3117,27157.8614,160.7336,34202.0203,13.4510,1999.5206,714.1498,208552.3972,89.3117,27157.8614,66.1886,23138.8015,5.6600,959.1120,714.1498,208552.3972,46.5350,8469.1699,72.8280,8477.9836,6.2156,734.3745,372.4069,63979.5227,71.8934,20333.1514,122.7529,20830.9149,10.3710,1381.7568,575.3733,155954.4941,89.3117,27157.8614,94.8417,28780.2531,11.1445,1613.5227,714.1498,208552.3972,0.3750,0.0120,3.2000,7.8618,19.3564,23.9435, NaN, NaN, NaN, NaN, NaN, NaN, NaN, NaN, NaN, NaN, NaN, NaN, NaN, NaN, NaN, NaN, NaN, NaN, NaN, NaN, NaN, NaN, NaN, NaN, NaN, NaN, NaN, NaN, NaN, NaN,
11/2011,55.9526,17597.7706,93.0788,22902.7137,7.8809,1919.4637,439.4784,129400.2762,55.9526,17597.7706,41.1851,16157.4943,3.5417,1299.2462,439.4784,129400.2762,26.2656,4404.6288,37.2287,4196.5284,3.2074,366.6604,206.4823,32312.7828,44.9885,15029.7293,71.8151,14537.6262,6.1091,919.7163,353.3494,111316.5586,55.9526,17597.7706,58.8200,19830.1975,6.9485,1714.5762,439.4784,129400.2762,0.3100,0.0165,1.8500,7.4488,20.5750,29.7666, NaN, NaN, NaN, NaN, NaN, NaN, NaN, NaN, NaN, NaN, NaN, NaN, NaN, NaN, NaN, NaN, NaN, NaN, NaN, NaN, NaN, NaN, NaN, NaN, NaN, NaN, NaN, NaN, NaN, NaN,
12/2011,45.0576,10710.4378,78.2852,12960.2923,6.5721,996.9555,291.2999,63313.5346,45.0576,10710.4378,33.0801,7526.9152,2.8559,393.1378,291.2999,63313.5346,24.7190,5671.2787,39.7691,5553.0644,3.3645,532.3666,159.7697,33869.8810,44.2454,13747.4842,79.0675,14794.4670,6.6098,1100.7924,285.6931,82781.5183,45.0576,10710.4378,47.6263,10496.4106,5.4789,750.2690,291.2999,63313.5346,0.2850,0.0175,2.7000,7.3037,22.8575,31.7220, NaN, NaN, NaN, NaN, NaN, NaN, NaN, NaN, NaN, NaN, NaN, NaN, NaN, NaN, NaN, NaN, NaN, NaN, NaN, NaN, NaN, NaN, NaN, NaN, NaN, NaN, NaN, NaN, NaN, NaN,
01/2012,11.9059,5398.9546,14.2429,7214.6527,1.2438,338.7742,91.0832,29623.7885,11.9059,5398.9546,8.4322,5628.1726,0.7482,175.6915,91.0832,29623.7885,6.0307,2186.9050,6.4993,1897.5213,0.5701,201.1109,46.2583,12762.8697,10.3766,3554.0640,12.1370,3344.8022,1.0611,295.1488,79.3900,20544.9543,11.9059,5398.9546,12.0916,6694.9625,1.2438,279.4372,91.0832,29623.7885,0.2500,0.0230,2.7333,6.7460,24.8180,33.8369, NaN, NaN, NaN, NaN, NaN, NaN, NaN, NaN, NaN, NaN, NaN, NaN, NaN, NaN, NaN, NaN, NaN, NaN, NaN, NaN, NaN, NaN, NaN, NaN, NaN, NaN, NaN, NaN, NaN, NaN,
02/2012,12.8822,3146.6189,19.2681,3453.2334,1.6388,328.2851,100.4331,18322.0230,12.8822,3146.6189,9.2991,1914.2271,0.8138,134.0445,100.4331,18322.0230,5.2186,1170.4176,6.5644,1027.0197,0.5668,114.0055,40.6939,6887.1823,19.0426,5642.1014,33.6097,6152.5534,2.8043,572.7429,149.1562,31682.9060,12.8822,3146.6189,13.3821,2799.2852,1.4243,233.7336,100.4331,18322.0230,0.3150,0.0230,2.9667,6.7425,24.5563,34.0518, NaN, NaN, NaN, NaN, NaN, NaN, NaN, NaN, NaN, NaN, NaN, NaN, NaN, NaN, NaN, NaN, NaN, NaN, NaN, NaN, NaN, NaN, NaN, NaN, NaN, NaN, NaN, NaN, NaN, NaN,
03/2012,3.3437,1003.8816,3.1604,1033.5878,0.2784,64.1344,22.1506,5624.9298,3.3437,1003.8816,2.3042,637.2247,0.2093,53.1041,22.1506,5624.9298,1.2528,347.5872,1.0185,296.3726,0.0894,15.4301,8.3054,1997.5897,3.3005,995.7600,3.1123,1019.4163,0.2741,61.4404,21.8622,5561.6875,3.3437,1003.8816,3.1604,890.4742,0.2784,63.4920,22.1506,5624.9298,0.2550,0.0140,2.1000,6.7687,23.3625,35.6648, NaN, NaN, NaN, NaN, NaN, NaN, NaN, NaN, NaN, NaN, NaN, NaN, NaN, NaN, NaN, NaN, NaN, NaN, NaN, NaN, NaN, NaN, NaN, NaN, NaN, NaN, NaN, NaN, NaN, NaN,
04/2012,24.8227,5287.5677,47.5514,6091.7911,3.9365,680.8747,177.5105,32976.9407,24.8227,5287.5677,18.3376,2844.7348,1.5783,213.5077,177.5105,32976.9407,9.4954,2158.6176,15.1958,2081.2017,1.2854,253.8899,67.8875,13426.7480,16.9344,3735.2448,29.0424,4027.8299,2.4357,445.0278,120.9216,23209.0937,24.8227,5287.5677,26.5204,4597.0393,2.9736,452.7071,177.5105,32976.9407,0.2250,0.0165,1.2500,6.6720,21.0580,35.6431, NaN, NaN, NaN, NaN, NaN, NaN, NaN, NaN, NaN, NaN, NaN, NaN, NaN, NaN, NaN, NaN, NaN, NaN, NaN, NaN, NaN, NaN, NaN, NaN, NaN, NaN, NaN, NaN, NaN, NaN,
05/2012,30.2918,5636.5632,46.5362,6070.7732,3.9709,636.2672,228.8550,37645.6037,30.2918,5636.5632,22.0629,3086.9018,1.9158,240.7953,228.8550,37645.6037,12.3638,2652.2035,17.1709,2471.5962,1.4776,299.1228,93.0978,17428.3980,31.7866,7285.3517,50.7282,7773.1073,4.3087,747.3751,239.9220,47137.7926,30.2918,5636.5632,31.5701,4906.4757,3.5882,481.0322,228.8550,37645.6037,0.2250,0.0140,2.5000,7.3450,18.6150,34.7500, NaN, NaN, NaN, NaN, NaN, NaN, NaN, NaN, NaN, NaN, NaN, NaN, NaN, NaN, NaN, NaN, NaN, NaN, NaN, NaN, NaN, NaN, NaN, NaN, NaN, NaN, NaN, NaN, NaN, NaN,
06/2012,73.0339,26223.4800,129.6368,37317.4548,10.9059,2726.1955,569.5551,200806.5593,73.0339,26223.4800,53.9888,25151.7488,4.6353,1044.1756,569.5551,200806.5593,33.3504,10245.5712,52.2511,10132.0641,4.4563,1255.4221,259.4937,74965.6597,71.0294,29642.4576,125.7799,35356.5928,10.5839,2662.0302,553.8490,228690.6707,73.0339,26223.4800,77.4397,32663.0417,9.0802,1932.7373,569.5551,200806.5593,0.2000,0.0130,2.6500,8.1538,15.6487,31.9934, NaN, NaN, NaN, NaN, NaN, NaN, NaN, NaN, NaN, NaN, NaN, NaN, NaN, NaN, NaN, NaN, NaN, NaN, NaN, NaN, NaN, NaN, NaN, NaN, NaN, NaN, NaN, NaN, NaN, NaN,
07/2012,55.2269,15038.4816,89.4700,18021.5235,7.6083,1128.8289,465.4667,127372.3154,55.2269,15038.4816,40.5849,11734.4255,3.4969,518.0869,465.4667,127372.3154,20.4163,3723.7104,28.3432,3478.5468,2.4438,364.8755,172.1375,30453.7063,56.4451,15862.9622,92.6659,16781.0862,7.8658,1174.4210,475.8331,135109.1884,55.2269,15038.4816,57.9045,15528.2779,6.8953,947.3219,465.4667,127372.3154,0.2500,0.0097,3.8000,8.5189,14.1133,29.7865, NaN, NaN, NaN, NaN, NaN, NaN, NaN, NaN, NaN, NaN, NaN, NaN, NaN, NaN, NaN, NaN, NaN, NaN, NaN, NaN, NaN, NaN, NaN, NaN, NaN, NaN, NaN, NaN, NaN, NaN,
08/2012,96.0077,31309.9171,174.2447,41967.1847,14.6176,2609.5139,815.5626,257386.7819,96.0077,31309.9171,71.1851,24171.3493,6.0950,1008.8194,815.5626,257386.7819,48.3494,11736.5328,79.1791,12248.9702,6.7179,1263.5164,411.5381,94283.8498,82.2269,26403.9350,144.3006,31212.4363,12.1602,2137.4443,698.6006,217475.1635,96.0077,31309.9171,102.0820,34515.7363,12.0012,2046.3001,815.5626,257386.7819,0.1850,0.0085,1.9500,8.3438,15.9100,29.7063, NaN, NaN, NaN, NaN, NaN, NaN, NaN, NaN, NaN, NaN, NaN, NaN, NaN, NaN, NaN, NaN, NaN, NaN, NaN, NaN, NaN, NaN, NaN, NaN, NaN, NaN, NaN, NaN, NaN, NaN,
09/2012,91.1952,30499.1827,168.8124,39669.4159,14.0143,2488.4127,785.3958,241839.4056,91.1952,30499.1827,67.7271,22669.6176,5.7784,955.9430,785.3958,241839.4056,46.6560,11922.0336,77.3848,12560.6233,6.5489,1179.3533,402.1317,94042.6264,71.5392,20704.6022,125.3745,24031.7541,10.5547,1809.3274,615.9690,163903.2812,91.1952,30499.1827,97.2019,31958.4923,11.3725,1949.1790,785.3958,241839.4056,0.2550,0.0070,1.2000,8.4478,17.2211,27.3500, NaN, NaN, NaN, NaN, NaN, NaN, NaN, NaN, NaN, NaN, NaN, NaN, NaN, NaN, NaN, NaN, NaN, NaN, NaN, NaN, NaN, NaN, NaN, NaN, NaN, NaN, NaN, NaN, NaN, NaN,
10/2012,48.0470,10644.4282,74.5896,11367.4813,6.3736,755.9400,406.5219,81379.9474,48.0470,10644.4282,35.2213,6723.2967,3.0383,380.2651,406.5219,81379.9474,21.9370,3502.8202,29.2730,3238.3086,2.5378,271.5202,185.5987,27094.3463,36.3485,6824.9002,53.3598,6877.3736,4.5870,527.4093,307.5443,52089.2919,48.0470,10644.4282,50.1253,9462.3943,5.9649,669.9897,406.5219,81379.9474,0.2550,0.0200,1.2000,7.8970,19.0840,28.9983, NaN, NaN, NaN, NaN, NaN, NaN, NaN, NaN, NaN, NaN, NaN, NaN, NaN, NaN, NaN, NaN, NaN, NaN, NaN, NaN, NaN, NaN, NaN, NaN, NaN, NaN, NaN, NaN, NaN, NaN,
11/2012,40.9363,10785.8650,66.3889,11828.9500,5.6334,1128.3609,347.2513,78426.7722,40.9363,10785.8650,29.9585,6083.6968,2.5918,402.2107,347.2513,78426.7722,16.1482,3584.1917,21.7051,3309.9079,1.8761,375.1340,137.0494,26598.8558,32.2099,10671.7306,50.2431,10322.3228,4.2800,919.0458,273.2464,75218.9976,40.9363,10785.8650,42.9247,9513.3497,4.9727,820.8526,347.2513,78426.7722,0.1650,0.0175,1.2500,7.3650,20.8425,32.5533, NaN, NaN, NaN, NaN, NaN, NaN, NaN, NaN, NaN, NaN, NaN, NaN, NaN, NaN, NaN, NaN, NaN, NaN, NaN, NaN, NaN, NaN, NaN, NaN, NaN, NaN, NaN, NaN, NaN, NaN,
12/2012,28.0368,7540.5946,42.4028,10398.9090,3.6217,581.6495,223.3076,50141.8943,28.0368,7540.5946,20.3630,7748.3800,1.7722,276.4138,223.3076,50141.8943,13.2883,2390.2646,18.3325,2184.2131,1.5769,249.7752,105.8608,16266.1321,25.2288,6638.0515,38.7094,6199.1205,3.2975,522.2071,200.9216,44044.3829,28.0368,7540.5946,29.1655,9414.8117,3.2901,459.0170,223.3076,50141.8943,0.1967,0.0140,2.4333,7.3413,22.4137,33.4707, NaN, NaN, NaN, NaN, NaN, NaN, NaN, NaN, NaN, NaN, NaN, NaN, NaN, NaN, NaN, NaN, NaN, NaN, NaN, NaN, NaN, NaN, NaN, NaN, NaN, NaN, NaN, NaN, NaN, NaN,
01/2013,9.7891,2547.9706,11.9715,2913.0021,1.0407,174.6264,75.0389,16014.9667,9.7891,2547.9706,6.9451,2114.0701,0.6159,92.1560,75.0389,16014.9667,4.8989,1070.5824,5.7422,881.8594,0.4985,96.0742,37.5775,6916.7401,8.0352,2519.6659,9.6794,2295.4680,0.8414,159.5612,61.6000,15196.2422,9.7891,2547.9706,9.9547,2645.4445,1.0079,141.2138,75.0389,16014.9667,0.2300,0.0185,2.1500,6.8588,25.0425,34.3741, NaN, NaN, NaN, NaN, NaN, NaN, NaN, NaN, NaN, NaN, NaN, NaN, NaN, NaN, NaN, NaN, NaN, NaN, NaN, NaN, NaN, NaN, NaN, NaN, NaN, NaN, NaN, NaN, NaN, NaN,
02/2013,3.0154,774.1786,2.9109,750.1204,0.2561,46.7364,19.5625,4703.0403,3.0154,774.1786,2.0830,506.6531,0.1888,32.7497,19.5625,4703.0403,1.2787,268.9459,1.0748,203.0194,0.0944,13.6570,8.2789,1643.6529,2.6784,679.6483,2.6850,618.6751,0.2354,47.4295,17.4335,4101.4881,3.0154,774.1786,2.8364,681.0069,0.2561,42.2797,19.5625,4703.0403,0.2150,0.0230,4.9500,7.0825,24.3863,35.8429, NaN, NaN, NaN, NaN, NaN, NaN, NaN, NaN, NaN, NaN, NaN, NaN, NaN, NaN, NaN, NaN, NaN, NaN, NaN, NaN, NaN, NaN, NaN, NaN, NaN, NaN, NaN, NaN, NaN, NaN,
03/2013,17.7120,5321.3069,31.5710,6147.0181,2.6402,741.2065,133.1981,32513.0769,17.7120,5321.3069,13.0164,2971.6970,1.1241,203.7471,133.1981,32513.0769,11.2320,3490.6637,18.9408,3580.1543,1.5960,486.1216,84.4456,21181.9358,9.0634,3138.7478,13.7722,3027.8317,1.1719,358.6328,68.0916,20193.8248,17.7120,5321.3069,18.6619,4737.8451,2.0876,450.0958,133.1981,32513.0769,0.1900,0.0270,2.2500,6.7650,23.7975,36.7063, NaN, NaN, NaN, NaN, NaN, NaN, NaN, NaN, NaN, NaN, NaN, NaN, NaN, NaN, NaN, NaN, NaN, NaN, NaN, NaN, NaN, NaN, NaN, NaN, NaN, NaN, NaN, NaN, NaN, NaN,
04/2013,8.4758,2359.0224,10.7349,2776.8663,0.9293,207.6158,60.4449,14469.0359,8.4758,2359.0224,6.0378,1884.6816,0.5337,100.6320,60.4449,14469.0359,3.3178,795.3379,3.5642,682.6731,0.3113,67.9671,23.6769,4969.0009,4.6397,1350.5098,5.3781,1281.9214,0.4679,118.4031,33.0991,8362.8023,8.4758,2359.0224,8.6168,2444.7545,0.8910,160.6525,60.4449,14469.0359,0.1950,0.0185,1.8000,6.4930,22.1860,36.1349, NaN, NaN, NaN, NaN, NaN, NaN, NaN, NaN, NaN, NaN, NaN, NaN, NaN, NaN, NaN, NaN, NaN, NaN, NaN, NaN, NaN, NaN, NaN, NaN, NaN, NaN, NaN, NaN, NaN, NaN,
05/2013,57.0154,13277.3040,105.9667,17837.0551,8.8337,1620.0864,353.2084,80078.1587,57.0154,13277.3040,42.1708,10224.2900,3.6226,553.2921,353.2084,80078.1587,29.0045,6772.7923,49.0885,6934.4600,4.1366,831.4364,177.9299,39760.9687,65.0246,19100.5776,126.8513,21810.5146,10.5101,1959.1333,401.7953,119274.2212,57.0154,13277.3040,60.7658,14490.0796,6.9903,1139.5457,353.2084,80078.1587,0.1950,0.0175,3.0500,7.3250,19.2712,34.8148, NaN, NaN, NaN, NaN, NaN, NaN, NaN, NaN, NaN, NaN, NaN, NaN, NaN, NaN, NaN, NaN, NaN, NaN, NaN, NaN, NaN, NaN, NaN, NaN, NaN, NaN, NaN, NaN, NaN, NaN,
06/2013,40.4006,8787.8390,64.2187,11502.1454,5.4641,767.6891,300.3822,60915.2751,40.4006,8787.8390,29.5453,7670.9592,2.5571,356.5654,300.3822,60915.2751,17.1850,2954.2320,24.3923,2841.3565,2.0955,287.0219,127.9213,20006.6388,40.3661,11909.7043,64.2666,12555.8238,5.4668,790.8078,300.1373,84356.3960,40.4006,8787.8390,42.2690,10039.1347,4.9088,651.8079,300.3822,60915.2751,0.2500,0.0140,2.7000,7.8000,16.5200,33.8046, NaN, NaN, NaN, NaN, NaN, NaN, NaN, NaN, NaN, NaN, NaN, NaN, NaN, NaN, NaN, NaN, NaN, NaN, NaN, NaN, NaN, NaN, NaN, NaN, NaN, NaN, NaN, NaN, NaN, NaN,
07/2013,92.1542,28431.3024,173.3400,40603.9825,14.4681,2739.6889,744.6423,218474.3437,92.1542,28431.3024,68.3481,24712.6327,5.8572,1032.4131,744.6423,218474.3437,43.4160,10067.2330,72.5163,10519.2102,6.1366,1150.6925,350.9785,75098.7206,105.2179,49975.0128,205.0268,80968.6515,17.0331,4221.3261,850.5824,392652.2154,92.1542,28431.3024,98.4505,33293.0759,11.4959,2061.8681,744.6423,218474.3437,0.2067,0.0100,1.4333,8.1490,15.0250,32.4904, NaN, NaN, NaN, NaN, NaN, NaN, NaN, NaN, NaN, NaN, NaN, NaN, NaN, NaN, NaN, NaN, NaN, NaN, NaN, NaN, NaN, NaN, NaN, NaN, NaN, NaN, NaN, NaN, NaN, NaN,
08/2013,160.4621,79012.4458,331.6026,139603.7803,27.1707,7191.8678,1366.1790,673850.0499,160.4621,79012.4458,119.8845,97765.8554,10.2016,2594.2306,1366.1790,673850.0499,91.0224,27093.3725,172.6675,33252.7428,14.3820,2654.0390,776.5779,228916.0494,149.3770,87449.6995,299.8463,133340.5028,24.7999,5973.5581,1270.1222,752514.0089,160.4621,79012.4458,173.2633,117040.4216,20.0478,4574.8561,1366.1790,673850.0499,0.4150,0.0110,3.7500,8.7911,16.3367,22.9364, NaN, NaN, NaN, NaN, NaN, NaN, NaN, NaN, NaN, NaN, NaN, NaN, NaN, NaN, NaN, NaN, NaN, NaN, NaN, NaN, NaN, NaN, NaN, NaN, NaN, NaN, NaN, NaN, NaN, NaN,
09/2013,186.8400,137341.3622,403.1371,227162.6708,31.7728,18265.3963,1578.2004,1090003.3971,186.8400,137341.3622,140.2268,145780.8759,11.7728,3790.7293,1578.2004,1090003.3971,127.6560,44452.0138,248.7378,58705.4310,20.6869,3535.1278,1078.7298,360775.9236,157.5504,89346.7066,321.6065,141901.5149,26.0654,11382.7638,1330.9753,715998.2890,186.8400,137341.3622,203.3451,172856.2138,23.0893,6315.0348,1578.2004,1090003.3971,0.5800,0.0235,10.0500,9.1638,16.7813,15.8471, NaN, NaN, NaN, NaN, NaN, NaN, NaN, NaN, NaN, NaN, NaN, NaN, NaN, NaN, NaN, NaN, NaN, NaN, NaN, NaN, NaN, NaN, NaN, NaN, NaN, NaN, NaN, NaN, NaN, NaN,
10/2013,108.4406,34480.1837,201.6175,43040.0216,16.6177,2050.1875,934.6870,265747.2182,108.4406,34480.1837,80.5692,29177.1290,6.8517,944.9467,934.6870,265747.2182,73.3190,12989.4365,124.0127,13999.9562,10.5011,978.5550,632.4333,103091.6586,88.1798,25965.0835,155.7359,29171.6012,13.0510,1580.3014,760.3392,201789.5308,108.4406,34480.1837,115.6797,35954.4307,13.4797,1662.4635,934.6870,265747.2182,0.7000,0.0285,15.7000,9.0740,18.6230,14.5870, NaN, NaN, NaN, NaN, NaN, NaN, NaN, NaN, NaN, NaN, NaN, NaN, NaN, NaN, NaN, NaN, NaN, NaN, NaN, NaN, NaN, NaN, NaN, NaN, NaN, NaN, NaN, NaN, NaN, NaN,
11/2013,37.9987,7412.1091,56.9692,8298.1387,4.8846,516.0381,283.2748,46340.1735,37.9987,7412.1091,27.7236,5100.2546,2.4000,291.8390,283.2748,46340.1735,22.5072,3052.7021,30.2941,2906.2577,2.6245,221.8050,167.9127,20171.9211,29.3069,5009.0832,41.8793,5065.3085,3.6070,371.6154,218.4104,31875.9519,37.9987,7412.1091,39.4741,6913.3393,4.6556,466.3783,283.2748,46340.1735,0.3200,0.0135,2.9500,7.4737,21.9550,28.4652, NaN, NaN, NaN, NaN, NaN, NaN, NaN, NaN, NaN, NaN, NaN, NaN, NaN, NaN, NaN, NaN, NaN, NaN, NaN, NaN, NaN, NaN, NaN, NaN, NaN, NaN, NaN, NaN, NaN, NaN,
12/2013,16.8134,3008.1974,21.2793,3138.6754,1.8522,218.4671,117.3657,18031.3440,16.8134,3008.1974,11.9992,1841.1944,1.0583,149.4788,117.3657,18031.3440,9.2621,1338.9494,10.5450,1179.5487,0.9238,84.2529,64.6802,8332.4997,12.6317,2263.7837,15.1932,2223.6863,1.3269,153.8526,88.2083,13601.1124,16.8134,3008.1974,17.1692,2654.5099,1.8522,211.6402,117.3657,18031.3440,0.2367,0.0167,2.0667,7.1740,23.2910,32.7463, NaN, NaN, NaN, NaN, NaN, NaN, NaN, NaN, NaN, NaN, NaN, NaN, NaN, NaN, NaN, NaN, NaN, NaN, NaN, NaN, NaN, NaN, NaN, NaN, NaN, NaN, NaN, NaN, NaN, NaN,
01/2014,6.1690,1303.0070,6.5625,1322.2273,0.5765,83.7054,42.4174,7396.7862,6.1690,1303.0070,4.3074,797.9886,0.3869,65.7961,42.4174,7396.7862,3.2054,559.2326,3.0551,465.3114,0.2689,28.2389,22.0045,3302.8358,4.3718,990.9475,4.3926,979.6135,0.3864,59.2414,30.0822,5588.9567,6.1690,1303.0070,6.1442,1140.3834,0.5765,82.7171,42.4174,7396.7862,0.2600,0.0170,1.5500,6.6988,24.5400,34.9948, NaN, NaN, NaN, NaN, NaN, NaN, NaN, NaN, NaN, NaN, NaN, NaN, NaN, NaN, NaN, NaN, NaN, NaN, NaN, NaN, NaN, NaN, NaN, NaN, NaN, NaN, NaN, NaN, NaN, NaN,
02/2014,2.0563,653.2013,1.8326,688.0401,0.1613,38.8078,15.0086,3733.1421,2.0563,653.2013,1.4083,432.3862,0.1285,33.8293,15.0086,3733.1421,1.0886,260.4874,0.8779,218.0347,0.0770,10.6641,7.9505,1573.5113,1.2528,493.3008,1.0417,509.8834,0.0915,26.3769,9.0940,2744.5855,2.0563,653.2013,1.8326,593.1977,0.1613,38.7183,15.0086,3733.1421,0.2400,0.0090,2.6500,6.6025,24.4663,35.5329, NaN, NaN, NaN, NaN, NaN, NaN, NaN, NaN, NaN, NaN, NaN, NaN, NaN, NaN, NaN, NaN, NaN, NaN, NaN, NaN, NaN, NaN, NaN, NaN, NaN, NaN, NaN, NaN, NaN, NaN,
03/2014,3.3696,1087.3613,3.9690,1109.8995,0.3439,97.5003,20.1968,5403.1643,3.3696,1087.3613,2.3823,652.1425,0.2118,49.8809,20.1968,5403.1643,2.0736,601.1021,2.3390,515.9173,0.2031,51.6680,12.4091,3061.6466,1.8662,691.7962,1.9104,698.8147,0.1666,54.0351,11.2062,3394.4566,3.3696,1087.3613,3.2120,934.8436,0.3366,74.6230,20.1968,5403.1643,0.2200,0.0145,2.0000,6.4170,23.2610,36.6870, NaN, NaN, NaN, NaN, NaN, NaN, NaN, NaN, NaN, NaN, NaN, NaN, NaN, NaN, NaN, NaN, NaN, NaN, NaN, NaN, NaN, NaN, NaN, NaN, NaN, NaN, NaN, NaN, NaN, NaN,
04/2014,5.6851,2208.8765,7.8458,2308.1126,0.6729,279.1793,38.6939,11577.0829,5.6851,2208.8765,4.0904,1212.4603,0.3586,95.1917,38.6939,11577.0829,2.4710,990.0922,2.8797,866.9179,0.2500,108.1299,16.8461,5244.9579,3.5251,1533.0384,4.4600,1524.0540,0.3852,178.5750,23.9771,7973.5261,5.6851,2208.8765,5.6680,1850.0771,0.6256,179.6305,38.6939,11577.0829,0.1650,0.0105,1.0500,6.5175,21.1187,36.6866, NaN, NaN, NaN, NaN, NaN, NaN, NaN, NaN, NaN, NaN, NaN, NaN, NaN, NaN, NaN, NaN, NaN, NaN, NaN, NaN, NaN, NaN, NaN, NaN, NaN, NaN, NaN, NaN, NaN, NaN,
05/2014,42.1718,15631.8422,78.2309,25403.1740,6.5191,1935.1070,284.2049,91439.5106,42.1718,15631.8422,31.1468,17740.5187,2.6794,739.8600,284.2049,91439.5106,23.9242,7283.6755,40.5196,7481.0526,3.4135,954.8724,160.6219,40290.6301,51.7795,21253.3978,101.2786,28755.6099,8.3849,2385.0962,349.8157,125876.9092,42.1718,15631.8422,44.9248,21929.8187,5.1424,1337.1069,284.2049,91439.5106,0.1650,0.0105, NaN,6.9422,19.1278,35.6344, NaN, NaN, NaN, NaN, NaN, NaN, NaN, NaN, NaN, NaN, NaN, NaN, NaN, NaN, NaN, NaN, NaN, NaN, NaN, NaN, NaN, NaN, NaN, NaN, NaN, NaN, NaN, NaN, NaN, NaN,
06/2014,51.0797,27063.6854,92.7549,46332.3571,7.7530,2356.1638,376.3275,205399.3195,51.0797,27063.6854,37.6863,32043.7287,3.2432,980.2967,376.3275,205399.3195,24.9350,7468.9603,41.4872,8055.5229,3.5010,870.6327,183.2842,52664.5320,54.0950,41265.3830,98.7985,75933.3179,8.2531,3528.6370,398.5551,321315.3441,51.0797,27063.6854,54.3170,39548.8885,6.2419,1843.5963,376.3275,205399.3195,0.3000,0.0117,3.2667,8.0770,15.7520,31.3858, NaN, NaN, NaN, NaN, NaN, NaN, NaN, NaN, NaN, NaN, NaN, NaN, NaN, NaN, NaN, NaN, NaN, NaN, NaN, NaN, NaN, NaN, NaN, NaN, NaN, NaN, NaN, NaN, NaN, NaN,
07/2014,131.3539,77769.0029,261.1871,127715.4577,21.6458,4593.5502,1082.9392,686190.2217,131.3539,77769.0029,97.8507,97301.4552,8.3585,2067.6790,1082.9392,686190.2217,62.6832,14907.4301,109.9973,16975.6388,9.2563,1550.0620,516.4705,124040.6693,156.9283,103187.5891,324.4659,173141.9635,26.7330,7571.7983,1293.8733,915420.1134,131.3539,77769.0029,141.2361,113247.4788,16.4334,3698.9393,1082.9392,686190.2217,0.3900,0.0070,1.4000,8.4850,14.7150,25.8376, NaN, NaN, NaN, NaN, NaN, NaN, NaN, NaN, NaN, NaN, NaN, NaN, NaN, NaN, NaN, NaN, NaN, NaN, NaN, NaN, NaN, NaN, NaN, NaN, NaN, NaN, NaN, NaN, NaN, NaN,
08/2014,120.5885,49792.3200,244.0880,75802.8816,19.8199,3826.2168,1034.0536,409385.8590,120.5885,49792.3200,90.0334,53595.8792,7.6402,1657.4086,1034.0536,409385.8590,64.3075,14624.1504,121.0316,18302.4680,10.0624,1614.9499,550.7538,115941.6164,119.5344,47825.8387,235.6424,62920.5344,19.2758,3315.9393,1025.6550,394828.9845,120.5885,49792.3200,129.7089,64551.5745,15.0134,2795.4452,1034.0536,409385.8590,0.5250,0.0070,4.7000,8.9162,15.9038,20.5342, NaN, NaN, NaN, NaN, NaN, NaN, NaN, NaN, NaN, NaN, NaN, NaN, NaN, NaN, NaN, NaN, NaN, NaN, NaN, NaN, NaN, NaN, NaN, NaN, NaN, NaN, NaN, NaN, NaN, NaN,
09/2014,107.8186,48985.1453,206.1618,65392.2501,16.8154,4193.1310,961.4714,414941.7894,107.8186,48985.1453,80.2725,43175.1011,6.8046,1738.3418,961.4714,414941.7894,60.6701,15572.1398,103.6309,17869.1641,8.7460,1371.9984,541.3163,128976.9056,96.6384,35588.5834,178.4492,43355.2381,14.7158,2653.3063,861.2807,300181.5581,107.8186,48985.1453,115.3677,53962.9400,13.3794,2791.7638,961.4714,414941.7894,0.2900,0.0125,7.0500,8.5600,17.4000,23.7726, NaN, NaN, NaN, NaN, NaN, NaN, NaN, NaN, NaN, NaN, NaN, NaN, NaN, NaN, NaN, NaN, NaN, NaN, NaN, NaN, NaN, NaN, NaN, NaN, NaN, NaN, NaN, NaN, NaN, NaN,
10/2014,72.1094,19207.4976,123.5604,22300.8947,10.3917,1329.4109,659.9623,152315.5820,72.1094,19207.4976,53.2902,14468.7953,4.5627,656.6807,659.9623,152315.5820,37.6272,5846.2128,56.2407,5702.5252,4.8233,491.1659,344.5387,47444.9338,59.3482,13928.9155,97.1560,14331.8140,8.2369,967.7264,543.6582,111060.7861,72.1094,19207.4976,76.1148,18651.5498,8.9892,1125.7652,659.9623,152315.5820,0.2850,0.0100,1.4000,7.7588,18.8388,25.5123, NaN, NaN, NaN, NaN, NaN, NaN, NaN, NaN, NaN, NaN, NaN, NaN, NaN, NaN, NaN, NaN, NaN, NaN, NaN, NaN, NaN, NaN, NaN, NaN, NaN, NaN, NaN, NaN, NaN, NaN,
11/2014,35.9597,7464.3379,53.5210,8303.1346,4.5919,658.0143,295.8161,51549.6260,35.9597,7464.3379,26.1944,4990.7490,2.2716,298.6060,295.8161,51549.6260,17.9971,2692.0166,23.2807,2463.5273,2.0230,238.6600,149.0515,19664.1931,30.4042,6130.1923,43.8061,6082.2157,3.7701,536.8411,250.0992,42632.8199,35.9597,7464.3379,37.3340,6932.4396,4.3907,526.3127,295.8161,51549.6260,0.2300,0.0070,2.6500,7.5925,20.5425,29.8566, NaN, NaN, NaN, NaN, NaN, NaN, NaN, NaN, NaN, NaN, NaN, NaN, NaN, NaN, NaN, NaN, NaN, NaN, NaN, NaN, NaN, NaN, NaN, NaN, NaN, NaN, NaN, NaN, NaN, NaN,
12/2014,14.6275,2754.2938,18.1348,2887.5388,1.5806,183.4837,108.4680,19950.7115,14.6275,2754.2938,10.4109,1787.9801,0.9204,125.5588,108.4680,19950.7115,6.9898,995.4403,7.5984,864.0236,0.6670,59.0662,51.8077,7399.7786,12.1219,2328.1085,14.5451,2258.6063,1.2704,150.5834,89.8434,17008.5868,14.6275,2754.2938,14.9091,2475.1944,1.5806,179.5835,108.4680,19950.7115,0.2533,0.0143,1.7667,7.2980,22.2040,32.8981, NaN, NaN, NaN, NaN, NaN, NaN, NaN, NaN, NaN, NaN, NaN, NaN, NaN, NaN, NaN, NaN, NaN, NaN, NaN, NaN, NaN, NaN, NaN, NaN, NaN, NaN, NaN, NaN, NaN, NaN,
01/2015,5.0112,1394.5133,5.2149,1393.3015,0.4580,101.6344,37.0386,10156.8693,5.0112,1394.5133,3.4901,829.9604,0.3142,65.5140,37.0386,10156.8693,2.8253,760.4323,2.7683,657.8899,0.2430,54.0414,20.5381,5190.2095,4.0867,1243.1491,4.1542,1233.4190,0.3649,89.9303,30.0493,9042.8793,5.0112,1394.5133,4.9292,1201.2144,0.4580,93.2495,37.0386,10156.8693,0.1800,0.0150,1.7500,6.8875,23.9437,34.8170, NaN, NaN, NaN, NaN, NaN, NaN, NaN, NaN, NaN, NaN, NaN, NaN, NaN, NaN, NaN, NaN, NaN, NaN, NaN, NaN, NaN, NaN, NaN, NaN, NaN, NaN, NaN, NaN, NaN, NaN,
02/2015,6.6442,2471.5843,8.9098,2513.2682,0.7666,322.8717,40.5210,16074.9974,6.6442,2471.5843,4.7705,1321.0222,0.4188,103.0130,40.5210,16074.9974,2.8944,999.6998,3.2722,845.5997,0.2848,121.3140,17.4808,6399.3316,9.8323,4003.9402,15.5803,4385.5803,1.3198,589.1966,62.5243,26071.6398,6.6442,2471.5843,6.6553,2026.0138,0.7203,198.5959,40.5210,16074.9974,0.2700,0.0240,2.1500,6.7163,24.3937,35.8935, NaN, NaN, NaN, NaN, NaN, NaN, NaN, NaN, NaN, NaN, NaN, NaN, NaN, NaN, NaN, NaN, NaN, NaN, NaN, NaN, NaN, NaN, NaN, NaN, NaN, NaN, NaN, NaN, NaN, NaN,
03/2015,6.5491,2255.3078,8.6293,2175.4029,0.7438,255.9409,33.3447,13904.5134,6.5491,2255.3078,4.6968,1214.6002,0.4127,97.4087,33.3447,13904.5134,3.9571,1347.9523,4.9835,1100.3048,0.4311,150.5574,20.2885,8135.2973,4.0262,1495.5667,4.5698,1425.7857,0.3981,146.7815,20.2697,9359.6728,6.5491,2255.3078,6.5203,1781.3152,0.7083,167.3842,33.3447,13904.5134,0.2150,0.0170,0.7500,6.5450,23.3192,36.2317, NaN, NaN, NaN, NaN, NaN, NaN, NaN, NaN, NaN, NaN, NaN, NaN, NaN, NaN, NaN, NaN, NaN, NaN, NaN, NaN, NaN, NaN, NaN, NaN, NaN, NaN, NaN, NaN, NaN, NaN,
04/2015,15.7421,4428.5357,24.2034,4631.3410,2.0619,594.6694,109.3776,29662.9627,15.7421,4428.5357,11.4656,2339.4781,0.9956,180.4736,109.3776,29662.9627,6.1690,1824.9926,8.0581,1621.1380,0.6968,227.9706,42.7578,12164.5850,10.0656,3127.0406,14.1465,3098.0577,1.2156,387.1828,69.8926,21190.4505,15.7421,4428.5357,16.3171,3695.6919,1.8374,384.7837,109.3776,29662.9627,0.2100,0.0100,1.4000,6.8850,20.1662,36.1684,0.3781,0.0312,6.5192,4.9365,36.3256,0.3784,0.0313,6.5111,4.8809,36.3972,0.3725,0.0308,6.4929,4.8304,36.5076,0.3779,0.0312,6.5192,4.9362,36.3256, NaN, NaN, NaN, NaN, NaN, NaN, NaN, NaN, NaN, NaN,
05/2015,28.6243,7203.7555,53.9148,8772.3478,4.4743,899.3448,230.5330,52085.2595,28.6243,7203.7555,21.1032,4034.3336,1.8191,283.7355,230.5330,52085.2595,14.9558,3863.8598,26.4378,4250.4562,2.2141,487.2914,120.8176,27564.8756,33.1862,10362.3840,66.6104,12638.3706,5.4854,1154.0300,267.8638,76282.8582,28.6243,7203.7555,30.5429,6578.5812,3.4036,605.6251,230.5330,52085.2595,0.1400, NaN,0.5000,7.5289,17.2836,35.1205,0.3857,0.0362,7.2941,6.0504,35.6356,0.3854,0.0363,7.2824,5.9972,35.7877,0.3697,0.0357,7.1707,5.4778,36.4143,0.3842,0.0361,7.2915,6.0273,35.6357, NaN, NaN, NaN, NaN, NaN, NaN, NaN, NaN, NaN, NaN,
06/2015,44.3232,11545.1136,80.4298,13900.1518,6.7206,1327.9312,343.2404,79122.1465,44.3232,11545.1136,32.6519,6950.7846,2.8140,440.8421,343.2404,79122.1465,21.5222,5300.8819,36.0912,5609.2545,3.0439,659.0038,167.1723,35425.2229,44.2195,12806.7869,80.5207,14714.7833,6.7249,1348.0308,342.4846,90084.3152,44.3232,11545.1136,47.1262,11106.0273,5.3575,983.6555,343.2404,79122.1465,0.1933,0.0175,0.9500,7.7260,16.3414,33.5616,0.3646,0.0387,7.8265,5.5266,33.5486,0.3537,0.0373,7.7930,5.2969,33.7097,0.3238,0.0308,7.5133,3.8418,35.1188,0.3561,0.0376,7.8082,5.3660,33.5485, NaN, NaN, NaN, NaN, NaN, NaN, NaN, NaN, NaN, NaN,
07/2015,80.0582,19004.2070,146.8392,25889.3176,12.2872,2094.7063,611.3476,136838.5584,80.0582,19004.2070,59.2782,12733.5613,5.0846,713.5447,611.3476,136838.5584,36.4781,7388.2800,59.5704,7709.7548,5.0487,893.7108,278.3278,52040.7200,90.5731,24513.0019,171.7451,33805.9908,14.3085,2541.9744,691.5121,177045.4782,80.0582,19004.2070,85.2409,19547.1909,9.9869,1566.0291,611.3476,136838.5584,0.2150,0.0115,2.1000,8.5388,14.5625,31.3422,0.3317,0.0409,8.1443,5.7645,30.4787,0.2985,0.0356,8.0659,4.9909,30.5967,0.3181,0.0390,7.8668,4.5889,33.4758,0.3141,0.0383,8.1049,5.3724,30.4789, NaN, NaN, NaN, NaN, NaN, NaN, NaN, NaN, NaN, NaN,
08/2015,104.0602,54104.6304,194.4913,89961.7579,16.2142,3813.5232,809.5489,443105.3977,104.0602,54104.6304,77.2807,70959.4611,6.6053,2148.2232,809.5489,443105.3977,54.0432,13690.2874,92.1241,14728.8419,7.7792,1298.8298,420.7954,108157.7788,98.6342,63909.3283,180.0528,111207.5967,15.0927,4519.8584,767.0759,526025.4518,104.0602,54104.6304,111.0788,80637.6088,13.0002,3257.7245,809.5489,443105.3977,0.4400,0.0105,2.7000,8.6690,15.5473,26.8038,0.3176,0.0368,8.3336,5.0950,27.7870,0.2538,0.0280,8.2623,3.9981,27.8329,0.2835,0.0362,8.0831,3.9602,31.9940,0.2838,0.0329,8.2994,4.5866,27.7875, NaN, NaN, NaN, NaN, NaN, NaN, NaN, NaN, NaN, NaN,
09/2015,76.5418,22558.4784,133.5596,29703.1522,11.2159,1792.8783,659.6949,174037.7639,76.5418,22558.4784,56.6253,19292.5543,4.8469,849.4695,659.6949,174037.7639,37.2384,7298.6141,57.2272,7557.9353,4.8899,717.0936,320.5919,57967.6567,64.9469,17883.2621,109.2314,19802.9771,9.2410,1324.2114,558.9658,139694.1657,76.5418,22558.4784,80.9825,24845.0174,9.5473,1467.1682,659.6949,174037.7639,0.3750,0.0105,1.7000,8.2736,16.8343,27.3636,0.5025,0.0375,8.2701,9.1155,25.0306,0.4048,0.0270,8.1584,6.9439,25.0639,0.3260,0.0338,7.9463,5.2039,30.1496,0.4496,0.0335,8.2106,7.9734,25.0334, NaN, NaN, NaN, NaN, NaN, NaN, NaN, NaN, NaN, NaN,
10/2015,42.7421,7722.8554,66.0740,8632.5074,5.6450,639.3602,374.3553,52615.2334,42.7421,7722.8554,31.2342,5165.5631,2.7028,310.9249,374.3553,52615.2334,20.0794,2879.9107,26.8220,2697.8393,2.3231,244.4023,176.0437,20750.4200,34.4390,5509.3133,50.7802,5719.6252,4.3600,480.9020,302.0095,38378.0900,42.7421,7722.8554,44.5673,7192.0431,5.2666,545.3211,374.3553,52615.2334,0.2150,0.0110,1.4000,7.6371,20.0769,31.5731,0.4494,0.0296,7.7211,7.5383,27.8305,0.3871,0.0233,7.6562,6.6351,27.8662,0.3448,0.0284,7.5567,5.8508,30.8511,0.4167,0.0272,7.6868,7.0521,27.8334, NaN, NaN, NaN, NaN, NaN, NaN, NaN, NaN, NaN, NaN,
11/2015,32.9702,4733.3808,54.1092,5170.0961,4.5681,415.5754,248.7097,28871.6562,32.9702,4733.3808,24.0722,2910.4870,2.0875,200.3728,248.7097,28871.6562,12.5366,1591.5917,16.9843,1448.4331,1.4616,131.1176,94.5778,10158.2412,26.3002,3802.3690,41.7262,3890.2239,3.5343,329.6689,198.3362,22902.0484,32.9702,4733.3808,34.6159,4221.9472,3.9486,350.8740,248.7097,28871.6562,0.2533,0.0153,1.7667,7.3460,21.9550,31.4583,0.3532,0.0256,7.2585,6.1714,30.4302,0.3205,0.0225,7.2147,5.7845,30.4714,0.3044,0.0260,7.1595,5.6470,32.1889,0.3363,0.0244,7.2353,5.9548,30.4321, NaN, NaN, NaN, NaN, NaN, NaN, NaN, NaN, NaN, NaN,
12/2015,15.9408,2846.3098,22.1389,2855.5868,1.9042,278.3366,124.7244,16960.0177,15.9408,2846.3098,11.4639,1587.2230,1.0055,123.0760,124.7244,16960.0177,7.6032,1558.3277,9.7459,1356.3552,0.8422,147.1687,59.5518,9102.4905,14.2474,4497.0336,20.1558,5417.1786,1.7285,346.6455,111.5508,24467.5828,15.9408,2846.3098,16.4284,2376.6510,1.7673,210.6100,124.7244,16960.0177,0.2650,0.0205,1.4000,7.1233,22.5078,34.6355,0.3229,0.0256,7.0026,5.3979,32.6809,0.3058,0.0241,6.9841,5.2326,32.7326,0.3015,0.0266,6.9228,5.3124,33.7230,0.3146,0.0251,6.9942,5.3166,32.6817, NaN, NaN, NaN, NaN, NaN, NaN, NaN, NaN, NaN, NaN,
01/2016,5.3914,2329.0589,5.8296,2392.0273,0.5106,268.9490,37.0295,11071.5309,5.3914,2329.0589,3.7721,1530.4481,0.3383,91.8593,37.0295,11071.5309,3.0499,2479.5763,3.1788,2274.6111,0.2780,231.4965,20.8216,12587.6214,4.4582,7105.6224,4.7520,9146.7479,0.4161,421.9827,30.5514,40097.6773,5.3914,2329.0589,5.3363,2085.6199,0.5106,161.1247,37.0295,11071.5309,0.2250,0.0170,1.7500,6.6787,24.7125,35.8666,0.3704,0.0289,6.7598,5.6092,34.3319,0.3590,0.0279,6.7461,5.5401,34.3998,0.3566,0.0304,6.7062,5.7675,35.0714,0.3651,0.0286,6.7541,5.5780,34.3316, NaN, NaN, NaN, NaN, NaN, NaN, NaN, NaN, NaN, NaN,
02/2016,2.1946,2068.2086,2.0807,6873.1081,0.1827,430.6737,16.0031,12433.8755,2.1946,2068.2086,1.5129,6606.1841,0.1374,417.3434,16.0031,12433.8755,0.9763,305.6486,0.8085,250.0442,0.0708,14.1220,7.1114,1721.5455,2.2464,1190.4451,2.3479,1163.6957,0.2051,64.7124,16.6183,6549.2083,2.1946,2068.2086,1.9885,6776.3133,0.1827,425.6349,16.0031,12433.8755,0.3050,0.0250,1.4500,6.5220,24.1290,36.3383,0.3497,0.0317,6.8196,5.8687,35.4375,0.3430,0.0312,6.8087,5.8425,35.5352,0.3384,0.0333,6.7794,5.9430,35.9464,0.3464,0.0315,6.8150,5.8607,35.4370, NaN, NaN, NaN, NaN, NaN, NaN, NaN, NaN, NaN, NaN,
03/2016,6.8774,6838.4650,10.7764,27454.5348,0.9141,1313.7775,49.2893,38321.5182,6.8774,6838.4650,5.0137,26130.1140,0.4350,1009.4115,49.2893,38321.5182,4.4410,2213.1360,6.6375,1850.7133,0.5665,272.5072,31.8249,11053.6564,3.6979,3092.6362,4.9278,2826.5951,0.4240,233.1001,26.5003,16976.6099,6.8774,6838.4650,6.9783,26753.7579,0.7949,1095.0575,49.2893,38321.5182,0.2200,0.0230,1.9000,6.5233,23.5581,37.1208,0.4207,0.0391,6.8517,6.4644,36.2043,0.4154,0.0385,6.8390,6.4160,36.3239,0.4060,0.0417,6.8213,6.4175,36.6703,0.4180,0.0388,6.8478,6.4624,36.2038, NaN, NaN, NaN, NaN, NaN, NaN, NaN, NaN, NaN, NaN,
04/2016,22.6195,12783.0355,38.9798,29906.3600,3.2783,1435.1005,133.9488,73864.9915,22.6195,12783.0355,16.6130,26987.1777,1.4345,942.9572,133.9488,73864.9915,8.9251,3247.6378,12.8833,2716.4786,1.1040,281.2821,53.0523,17586.7769,13.7203,6605.9626,21.4601,5856.8576,1.8243,476.7337,81.4444,36864.4943,22.6195,12783.0355,23.7692,28657.0922,2.7178,1186.9372,133.9488,73864.9915,0.2050,0.0275,1.3000,6.4829,21.4607,36.7212,0.4036,0.0458,7.0075,5.9441,36.3136,0.3985,0.0453,6.9858,5.8025,36.5027,0.3992,0.0500,6.9731,5.9708,37.1127,0.4008,0.0454,7.0032,5.9309,36.3130, NaN, NaN, NaN, NaN, NaN, NaN, NaN, NaN, NaN, NaN,
05/2016,42.8112,24575.9270,75.9850,40373.4755,6.3726,1941.7960,300.2134,168887.5082,42.8112,24575.9270,31.5453,33788.9735,2.7169,987.1681,300.2134,168887.5082,20.7878,6546.8218,33.4452,6527.8798,2.8371,748.4477,146.0090,42036.0665,46.1203,22997.2003,86.1151,28226.9748,7.1784,1957.6824,325.2381,157203.3435,42.8112,24575.9270,45.3935,37607.8915,5.2029,1502.9726,300.2134,168887.5082,0.3300,0.0250,4.1000,7.3722,17.8753,33.9187, NaN, NaN, NaN, NaN, NaN, NaN, NaN, NaN, NaN, NaN, NaN, NaN, NaN, NaN, NaN, NaN, NaN, NaN, NaN, NaN, NaN, NaN, NaN, NaN, NaN, NaN, NaN, NaN, NaN, NaN,
06/2016,74.2781,31621.5446,137.0075,44969.1370,11.4540,2048.5127,541.7761,255892.9456,74.2781,31621.5446,54.9979,36186.2453,4.7185,1007.1622,541.7761,255892.9456,32.1149,6818.7312,53.0125,6638.5134,4.4867,737.0225,234.1085,51360.4285,69.9235,32112.0115,128.5052,38974.0832,10.7461,2053.2742,510.0412,261694.7411,74.2781,31621.5446,79.1479,41328.5298,9.2327,1626.0318,541.7761,255892.9456,0.4300,0.0255,3.1500,8.4600,15.1825,29.2186, NaN, NaN, NaN, NaN, NaN, NaN, NaN, NaN, NaN, NaN, NaN, NaN, NaN, NaN, NaN, NaN, NaN, NaN, NaN, NaN, NaN, NaN, NaN, NaN, NaN, NaN, NaN, NaN, NaN, NaN,
07/2016,140.7715,97044.2726,288.2478,200089.9061,23.7826,9820.3544,1074.4723,879734.8942,140.7715,97044.2726,105.0233,161057.0697,8.9625,4262.4924,1074.4723,879734.8942,58.4928,14442.5462,105.0521,15464.8634,8.8063,1376.3453,449.0344,119776.0514,151.6666,127433.3818,319.4070,285063.6451,26.2432,12558.6085,1158.8154,1168344.3537,140.7715,97044.2726,151.9420,176739.0719,17.6192,5917.0436,1074.4723,879734.8942,0.6700,0.0315,8.0500,8.6813,13.3500,23.9477, NaN, NaN, NaN, NaN, NaN, NaN, NaN, NaN, NaN, NaN, NaN, NaN, NaN, NaN, NaN, NaN, NaN, NaN, NaN, NaN, NaN, NaN, NaN, NaN, NaN, NaN, NaN, NaN, NaN, NaN,
08/2016,157.7318,102695.0227,320.5106,174187.8726,26.1208,12791.7188,1248.4713,902210.6982,157.7318,102695.0227,117.7922,122197.6565,9.9955,3213.7282,1248.4713,902210.6982,85.8470,24411.2400,157.2286,29699.3550,13.1632,2235.6102,683.6341,206196.0071,143.1130,78087.7843,282.2115,118348.1075,23.1962,8590.0572,1130.7037,680734.4276,157.7318,102695.0227,170.1331,139870.3231,19.6411,5041.5898,1248.4713,902210.6982,0.4250,0.0130,7.9000,9.0140,14.2530,20.1185, NaN, NaN, NaN, NaN, NaN, NaN, NaN, NaN, NaN, NaN, NaN, NaN, NaN, NaN, NaN, NaN, NaN, NaN, NaN, NaN, NaN, NaN, NaN, NaN, NaN, NaN, NaN, NaN, NaN, NaN,
09/2016,129.4099,59618.2982,253.5648,83653.0365,20.5917,4552.2548,1144.7879,533269.7004,129.4099,59618.2982,96.4936,60781.9551,8.1702,1627.9168,1144.7879,533269.7004,79.1683,17288.2426,139.2740,18746.4316,11.7311,1324.9605,701.2541,151804.4124,110.7475,40475.9203,207.6837,50208.1831,17.1396,2984.7281,978.5758,360993.2621,129.4099,59618.2982,139.0726,70835.9132,16.0575,2667.6152,1144.7879,533269.7004,0.5200,0.0145,3.3000,8.8225,15.0625,18.0288, NaN, NaN, NaN, NaN, NaN, NaN, NaN, NaN, NaN, NaN, NaN, NaN, NaN, NaN, NaN, NaN, NaN, NaN, NaN, NaN, NaN, NaN, NaN, NaN, NaN, NaN, NaN, NaN, NaN, NaN,
10/2016,98.0294,28892.6266,178.7624,35288.8527,14.7415,2486.5354,922.5609,234633.1160,98.0294,28892.6266,72.7796,21806.1095,6.1897,979.8816,922.5609,234633.1160,54.9331,8144.7466,87.9830,8263.0839,7.4951,674.9746,516.7723,69354.9465,78.1920,18067.2336,135.2106,19924.7096,11.3327,1301.7389,735.6556,149788.7982,98.0294,28892.6266,104.3348,28075.8793,12.1798,1666.5158,922.5609,234633.1160,0.3733,0.0170,1.7000,8.0210,17.0480,24.0069, NaN, NaN, NaN, NaN, NaN, NaN, NaN, NaN, NaN, NaN, NaN, NaN, NaN, NaN, NaN, NaN, NaN, NaN, NaN, NaN, NaN, NaN, NaN, NaN, NaN, NaN, NaN, NaN, NaN, NaN,
11/2016,35.0093,7061.7744,51.6577,8041.1014,4.4367,519.2662,276.8890,45683.1221,35.0093,7061.7744,25.4955,5099.9453,2.2109,282.9937,276.8890,45683.1221,19.1722,2438.6314,25.1234,2280.8493,2.1811,185.5341,152.1192,16960.1834,27.7517,4858.5398,39.2170,4954.3321,3.3817,385.5357,219.1711,32137.3638,35.0093,7061.7744,36.3109,6797.0580,4.2765,461.9309,276.8890,45683.1221,0.2700,0.0125,1.3500,7.5300,20.9664,29.6622, NaN, NaN, NaN, NaN, NaN, NaN, NaN, NaN, NaN, NaN, NaN, NaN, NaN, NaN, NaN, NaN, NaN, NaN, NaN, NaN, NaN, NaN, NaN, NaN, NaN, NaN, NaN, NaN, NaN, NaN,
12/2016,16.0272,3227.1437,20.5433,3319.8345,1.7843,277.8618,118.1159,18132.0530,16.0272,3227.1437,11.4468,1998.3863,1.0092,144.9805,118.1159,18132.0530,8.7005,1599.4627,10.1015,1361.8089,0.8825,133.2227,64.0775,8965.4435,13.0723,3150.0490,16.4385,3007.5552,1.4282,257.9300,96.1672,16677.1458,16.0272,3227.1437,16.3877,2810.7796,1.7490,222.1976,118.1159,18132.0530,0.2300,0.0160,2.8000,7.1300,22.2159,32.9229, NaN, NaN, NaN, NaN, NaN, NaN, NaN, NaN, NaN, NaN, NaN, NaN, NaN, NaN, NaN, NaN, NaN, NaN, NaN, NaN, NaN, NaN, NaN, NaN, NaN, NaN, NaN, NaN, NaN, NaN,
01/2017,6.5837,3190.7002,7.4152,3358.5711,0.6481,471.9089,44.1099,13392.1712,6.5837,3190.7002,4.6288,1661.7631,0.4134,128.1780,44.1099,13392.1712,3.9485,4639.9997,4.2943,7543.3497,0.3748,546.0313,26.6613,23252.7834,5.2358,3315.4013,5.7939,3423.9232,0.5062,459.2079,35.2258,14296.4476,6.5837,3190.7002,6.6102,2618.8140,0.6444,265.2703,44.1099,13392.1712,0.1933,0.0233,2.9000,6.8850,23.4556,35.0900, NaN, NaN, NaN, NaN, NaN, NaN, NaN, NaN, NaN, NaN, NaN, NaN, NaN, NaN, NaN, NaN, NaN, NaN, NaN, NaN, NaN, NaN, NaN, NaN, NaN, NaN, NaN, NaN, NaN, NaN,
02/2017,45.5933,256530.6288,99.7359,940034.0362,8.1068,45314.0953,328.6181,1765582.9949,45.5933,256530.6288,33.9774,932669.6157,2.9091,44419.6483,328.6181,1765582.9949,15.1286,27204.2496,28.1465,60951.7502,2.3377,2229.0534,109.5261,176904.8322,98.6515,588526.6637,251.2692,2840507.6164,19.9913,115137.0842,710.1252,4035338.4869,45.5933,256530.6288,49.3608,936040.1809,5.5459,44870.5384,328.6181,1765582.9949,2.4750,0.0790,10.1500,6.1463,24.4000,11.8829, NaN, NaN, NaN, NaN, NaN, NaN, NaN, NaN, NaN, NaN, NaN, NaN, NaN, NaN, NaN, NaN, NaN, NaN, NaN, NaN, NaN, NaN, NaN, NaN, NaN, NaN, NaN, NaN, NaN, NaN,
03/2017,18.6106,33724.5725,25.9543,104324.2247,2.2335,3635.8579,130.6626,225759.3690,18.6106,33724.5725,13.4022,102591.0985,1.1742,3424.7411,130.6626,225759.3690,7.8710,3102.3216,10.1054,2724.5981,0.8736,204.5975,55.0552,18019.9755,22.0666,19411.1338,29.7628,37403.3081,2.5758,1321.5753,155.3957,130563.3786,18.6106,33724.5725,19.1925,103630.5291,2.0953,3546.9368,130.6626,225759.3690,1.2333,0.0430,14.6000,7.1933,22.1879,20.4330, NaN, NaN, NaN, NaN, NaN, NaN, NaN, NaN, NaN, NaN, NaN, NaN, NaN, NaN, NaN, NaN, NaN, NaN, NaN, NaN, NaN, NaN, NaN, NaN, NaN, NaN, NaN, NaN, NaN, NaN,
04/2017,8.2944,3710.9750,9.1870,6547.4200,0.8064,196.5834,56.8632,22293.4320,8.2944,3710.9750,5.8210,5819.7413,0.5209,162.8771,56.8632,22293.4320,2.1946,612.9130,1.9460,542.6452,0.1714,28.2562,15.0301,3572.4305,13.0637,2409.3936,15.6802,2475.6699,1.3704,162.6710,89.5824,14256.5846,8.2944,3710.9750,8.3724,6253.4841,0.8064,195.4666,56.8632,22293.4320,0.4450,0.0220,9.3500,7.5500,20.4599,30.6308, NaN, NaN, NaN, NaN, NaN, NaN, NaN, NaN, NaN, NaN, NaN, NaN, NaN, NaN, NaN, NaN, NaN, NaN, NaN, NaN,1.2562,0.0724,6.8110,14.4512,28.1772,1.2672,0.0727,6.7325,14.4182,28.6210,
05/2017,34.0675,9164.6294,54.8131,11488.6424,4.6549,903.8436,250.9407,57579.4509,34.0675,9164.6294,24.9251,7747.2631,2.1569,334.9568,250.9407,57579.4509,15.8026,3705.0998,23.0095,3462.2801,1.9734,450.6266,114.0581,21825.7041,51.6413,10767.5136,89.1166,11789.6214,7.5102,1187.8708,383.5119,67607.8997,34.0675,9164.6294,35.6936,9935.1125,4.0862,647.3364,250.9407,57579.4509,0.2767,0.0180,1.8667,7.3773,19.1330,33.8273, NaN, NaN, NaN, NaN, NaN, NaN, NaN, NaN, NaN, NaN, NaN, NaN, NaN, NaN, NaN, NaN, NaN, NaN, NaN, NaN,0.5885,0.0450,7.3514,9.4566,31.5243,0.5950,0.0462,7.3344,9.4570,31.6947,
06/2017,37.6618,10182.1882,67.7424,13072.0370,5.6536,928.1799,270.9759,73919.0813,37.6618,10182.1882,27.6725,8046.5101,2.3905,348.6513,270.9759,73919.0813,16.0358,3645.8899,27.3377,4069.1261,2.2944,431.0677,112.5707,24098.2077,51.0710,10938.9226,92.5379,12879.0067,7.7262,1074.1447,374.0817,77925.8403,37.6618,10182.1882,39.9881,10740.1972,4.4967,706.5522,270.9759,73919.0813,0.2150,0.0115,1.7500,8.0188,16.8408,33.2716, NaN, NaN, NaN, NaN, NaN, NaN, NaN, NaN, NaN, NaN, NaN, NaN, NaN, NaN, NaN, NaN, NaN, NaN, NaN, NaN,0.4578,0.0378,7.7961,6.2822,30.9377,0.4577,0.0405,7.8130,6.5262,30.4734,
07/2017,156.2371,44619.6643,318.6351,58169.2758,26.1566,3690.8496,1189.8179,345378.3237,156.2371,44619.6643,116.6570,37542.2300,9.9266,1427.7359,1189.8179,345378.3237,69.7421,12976.5542,123.1489,13413.7199,10.3598,1539.6073,527.5164,94781.2840,205.3901,63063.5242,447.6477,88481.0882,35.8062,6130.0740,1563.0779,488671.4026,156.2371,44619.6643,168.6835,49618.1028,19.5077,2740.1520,1189.8179,345378.3237,0.2750,0.0120,3.6500,8.5830,14.6216,28.7174, NaN, NaN, NaN, NaN, NaN, NaN, NaN, NaN, NaN, NaN, NaN, NaN, NaN, NaN, NaN, NaN, NaN, NaN, NaN, NaN,0.3585,0.0298,7.9245,3.7154,30.0992,0.3656,0.0323,7.9352,3.8329,29.4050,
08/2017,187.5485,153207.2362,409.1969,293841.9404,32.0849,17142.9935,1671.8899,1345436.6462,187.5485,153207.2362,140.8800,229662.6818,11.8139,6661.9838,1671.8899,1345436.6462,117.4176,33359.4979,229.1601,41858.8137,19.0329,2769.5174,1046.0058,285393.2576,181.8634,114174.7574,393.3369,209295.7040,30.5712,16304.2530,1619.9110,989860.4891,187.5485,153207.2362,204.0953,252153.2913,23.1637,8768.5306,1671.8899,1345436.6462,0.8550,0.0330,4.8500,9.3025,15.3481,12.6391, NaN, NaN, NaN, NaN, NaN, NaN, NaN, NaN, NaN, NaN, NaN, NaN, NaN, NaN, NaN, NaN, NaN, NaN, NaN, NaN,0.5405,0.0372,8.6008,2.3560,20.9406,0.6504,0.0506,8.6428,2.0546,19.0391,
09/2017,112.2077,52108.8163,211.4770,73021.7837,17.3877,3390.8758,864.0164,414961.4925,112.2077,52108.8163,83.4621,54727.4722,7.0930,1278.3751,864.0164,414961.4925,70.0963,14364.8813,119.3787,14871.3646,10.0970,1281.9222,539.9220,108907.2895,104.0429,31498.8912,191.7372,36757.4433,15.8234,2298.0659,800.4056,246713.5024,112.2077,52108.8163,119.9656,62985.8593,13.9516,2213.2042,864.0164,414961.4925,0.7350,0.0240,11.5000,9.8250,17.0663,15.8120, NaN, NaN, NaN, NaN, NaN, NaN, NaN, NaN, NaN, NaN, NaN, NaN, NaN, NaN, NaN, NaN, NaN, NaN, NaN, NaN,0.9989,0.0478,8.1320,2.6950,15.8873,0.7792,0.0562,7.9602,3.0829,18.8889,
10/2017,80.8272,24628.1645,141.4913,28975.9173,11.8795,1447.6520,686.0060,183823.7108,80.8272,24628.1645,59.8237,20743.2025,5.1181,719.9192,686.0060,183823.7108,44.2282,6410.7590,68.0671,6372.6288,5.8207,531.5491,375.0144,49615.6915,70.7011,14320.4717,119.4294,15306.0353,10.0867,1075.3991,599.6172,109070.9610,80.8272,24628.1645,85.5535,25028.1764,10.0811,1197.7632,686.0060,183823.7108,0.3700,0.0117,1.3667,8.1300,18.3806,22.1488, NaN, NaN, NaN, NaN, NaN, NaN, NaN, NaN, NaN, NaN, NaN, NaN, NaN, NaN, NaN, NaN, NaN, NaN, NaN, NaN,0.5904,0.0361,7.9354,2.7640,20.5162,0.4557,0.0366,7.8422,3.5564,23.4606,
11/2017,27.7949,5928.7162,38.7440,6658.4151,3.3467,350.7754,242.5639,41867.4738,27.7949,5928.7162,20.1063,4576.8624,1.7528,223.1837,242.5639,41867.4738,15.0682,1863.8726,18.7306,1731.3532,1.6328,125.6194,131.5113,14340.2144,24.4685,4037.1869,33.2649,4177.5106,2.8797,289.9087,213.5705,29646.1266,27.7949,5928.7162,28.6517,5794.4228,3.3146,335.2738,242.5639,41867.4738,0.2700,0.0150,2.8000,7.2867,22.1840,29.9575, NaN, NaN, NaN, NaN, NaN, NaN, NaN, NaN, NaN, NaN, NaN, NaN, NaN, NaN, NaN, NaN, NaN, NaN, NaN, NaN,0.3624,0.0312,7.4331,6.4136,26.9811,0.3156,0.0308,7.3132,5.3654,28.7934,
12/2017,16.9085,4879.2499,21.9176,5300.7315,1.9026,484.2939,139.0096,31446.7154,16.9085,4879.2499,12.1076,3073.0447,1.0650,198.3328,139.0096,31446.7154,9.1843,2490.5664,10.7877,2286.7984,0.9421,270.3235,75.5964,16346.3904,16.3037,4808.0736,21.1903,5022.7503,1.8383,521.7360,134.0468,31285.9450,16.9085,4879.2499,17.3079,4385.4196,1.8792,352.1602,139.0096,31446.7154,0.2300,0.0130,1.1000,6.8367,22.6413,33.0573, NaN, NaN, NaN, NaN, NaN, NaN, NaN, NaN, NaN, NaN, NaN, NaN, NaN, NaN, NaN, NaN, NaN, NaN, NaN, NaN,0.2789,0.0276,6.9676,4.5166,31.6901,0.2650,0.0282,6.9063,4.3145,32.1762,
01/2018,55.7366,18228.6806,132.5508,34873.8193,10.6172,1810.5921,390.6777,93689.2637,55.7366,18228.6806,41.8081,25221.0835,3.5640,783.7603,390.6777,93689.2637,43.6234,10338.0797,105.2748,14672.2383,8.4219,1245.4759,305.4842,57294.6192,54.4752,29179.8115,129.7101,64027.0259,10.3891,2937.1993,381.7872,137461.7927,55.7366,18228.6806,60.5187,29853.1896,6.8283,1337.3480,390.6777,93689.2637,0.2333,0.0237,1.8333,6.7230,23.9976,33.6048, NaN, NaN, NaN, NaN, NaN, NaN, NaN, NaN, NaN, NaN, NaN, NaN, NaN, NaN, NaN, NaN, NaN, NaN, NaN, NaN,0.2391,0.0279,6.6438,3.9343,33.5945,0.2340,0.0289,6.6086,3.8777,33.7668,
02/2018,9.1325,2764.2730,10.4405,4365.3205,0.9147,138.7464,66.9686,15702.4202,9.1325,2764.2730,6.4312,3653.0064,0.5735,109.9516,66.9686,15702.4202,5.8234,880.5715,6.1578,776.4727,0.5413,48.7702,42.7000,5786.0081,7.8797,1924.8970,8.7865,1871.5189,0.7707,111.8421,57.7480,11608.9054,9.1325,2764.2730,9.2382,4114.8201,0.9147,136.2857,66.9686,15702.4202,0.2700,0.0230,1.9000,7.0000,24.0245,33.8430, NaN, NaN, NaN, NaN, NaN, NaN, NaN, NaN, NaN, NaN, NaN, NaN, NaN, NaN, NaN, NaN, NaN, NaN, NaN, NaN,0.3380,0.0384,6.8389,5.6474,32.7251,0.4284,0.0430,6.9011,7.3098,32.2901,
03/2018,6.1949,2234.7965,6.5024,3596.1270,0.5717,116.8794,49.0005,14357.9599,6.1949,2234.7965,4.3189,3019.4761,0.3885,91.2842,49.0005,14357.9599,3.6202,721.5696,3.4726,607.7044,0.3058,40.5390,28.6285,5052.7746,5.2099,1282.8240,5.3004,1323.4518,0.4664,85.7463,41.2276,8913.1849,6.1949,2234.7965,6.2229,3387.4446,0.5717,112.6539,49.0005,14357.9599,0.2550,0.0185,2.8000,6.8788,23.0152,35.3171, NaN, NaN, NaN, NaN, NaN, NaN, NaN, NaN, NaN, NaN, NaN, NaN, NaN, NaN, NaN, NaN, NaN, NaN, NaN, NaN,0.3243,0.0368,6.7971,4.7494,34.1524,0.3629,0.0387,6.8106,5.4096,34.0626,
04/2018,13.1414,2654.8560,18.5773,2791.0219,1.5939,265.7326,104.8777,18243.9562,13.1414,2654.8560,9.4772,1647.6309,0.8294,115.7407,104.8777,18243.9562,5.8579,1120.2538,6.9767,971.6776,0.6067,100.6163,46.7805,7748.1007,9.5040,1961.5392,12.2540,1982.0059,1.0601,190.8895,75.9187,13614.9429,13.1414,2654.8560,13.5721,2329.2798,1.4636,196.2237,104.8777,18243.9562,0.2033,0.0157,2.2333,6.7760,21.4036,35.9936, NaN, NaN, NaN, NaN, NaN, NaN, NaN, NaN, NaN, NaN, NaN, NaN, NaN, NaN, NaN, NaN, NaN, NaN, NaN, NaN,0.3225,0.0353,6.8775,4.0363,34.8425,0.3375,0.0359,6.8504,4.1948,34.8841,
