Date,BC BASE Flow Local (ML),BC BASE Flow Local + Upstream (ML),BC BASE TN Local (KG),BC BASE TN Local + Upstream (KG),BC BASE TP Local (KG),BC BASE TP Local + Upstream (KG),BC BASE OXY Local (KG),BC BASE OXY Local + Upstream (KG),BC Capped Flow Local (ML),BC Capped Flow Local + Upstream (ML),BC Capped TN Local (KG),BC Capped TN Local + Upstream (KG),BC Capped TP Local (KG),BC Capped TP Local + Upstream (KG),BC Capped OXY Local (KG),BC Capped OXY Local + Upstream (KG),BC Dry Flow Local (ML),BC Dry Flow Local + Upstream (ML),BC Dry TN Local (KG),BC Dry TN Local + Upstream (KG),BC Dry TP Local (KG),BC Dry TP Local + Upstream (KG),BC Dry OXY Local (KG),BC Dry OXY Local + Upstream (KG),BC Wet Flow Local (ML),BC Wet Flow Local + Upstream (ML),BC Wet TN Local (KG),BC Wet TN Local + Upstream (KG),BC Wet TP Local (KG),BC Wet TP Local + Upstream (KG),BC Wet OXY Local (KG),BC Wet OXY Local + Upstream (KG),BC Targets Flow Local (ML),BC Targets Flow Local + Upstream (ML),BC Targets TN Local (KG),BC Targets TN Local + Upstream (KG),BC Targets TP Local (KG),BC Targets TP Local + Upstream (KG),BC Targets OXY Local (KG),BC Targets OXY Local + Upstream (KG),Field Mean TN (mg/L),Field Mean TP (mg/L),Field Mean TCHLA (ug/L),Field Mean Oxygen (mg/L),Field Mean TEMP (C),Field Mean Salinity (psu),SCERM44_2015_2016_ALL Mean TN (mg/L),SCERM44_2015_2016_ALL Mean TP (mg/L),SCERM44_2015_2016_ALL Mean Oxy (mg/L),SCERM44_2015_2016_ALL Mean TCHLA (ug/L),SCERM44_2015_2016_ALL Mean Salinity (psu),SCERM44_2015_2016_Capped_ALL Mean TN (mg/L),SCERM44_2015_2016_Capped_ALL Mean TP (mg/L,)SCERM44_2015_2016_Capped_ALL Mean Oxy (mg/L),SCERM44_2015_2016_Capped_ALL Mean TCHLA (ug/L),SCERM44_2015_2016_Capped_ALL Mean Salinity (psu),SCERM44_2015_2016_Dry_ALL Mean TN (mg/L),SCERM44_2015_2016_Dry_ALL Mean TP (mg/L),SCERM44_2015_2016_Dry_ALL Mean Oxy (mg/L),SCERM44_2015_2016_Dry_ALL Mean TCHLA (ug/L),SCERM44_2015_2016_Dry_ALL Mean Salinity (psu),SCERM44_2015_2016_Target_ALL Mean TN (mg/L),SCERM44_2015_2016_Target_ALL Mean TP (mg/L),SCERM44_2015_2016_Target_ALL Mean Oxy (mg/L),SCERM44_2015_2016_Target_ALL Mean TCHLA (ug/L),SCERM44_2015_2016_Target_ALL Mean Salinity (psu),SCERM44_2017_2018_ALL Mean TN (mg/L),SCERM44_2017_2018_ALL Mean TP (mg/L),SCERM44_2017_2018_ALL Mean Oxy (mg/L),SCERM44_2017_2018_ALL Mean TCHLA (ug/L),SCERM44_2017_2018_ALL Mean Salinity (psu),SCERM44_2017_2018_Wet_ALL Mean TN (mg/L),SCERM44_2017_2018_Wet_ALL Mean TP (mg/L),SCERM44_2017_2018_Wet_ALL Mean Oxy (mg/L),SCERM44_2017_2018_Wet_ALL Mean TCHLA (ug/L),SCERM44_2017_2018_Wet_ALL Mean Salinity (psu),
01/2008,32.9270,1278.0288,29.7576,1261.2854,2.5938,78.4704,279.9029,9134.9050,32.9270,1278.0288,20.0624,791.9364,1.7835,62.1006,279.9029,9134.9050,17.0467,539.6026,13.8415,445.3006,1.2084,26.4242,144.9194,3969.3128,25.6694,1085.1149,22.2745,1035.1167,1.9433,62.3568,218.4472,7725.4877,32.9270,1278.0288,28.4678,1103.4385,2.5938,77.9965,279.9029,9134.9050,0.1925,0.0290,1.7250,6.7044,24.3878,35.2018, NaN, NaN, NaN, NaN, NaN, NaN, NaN, NaN, NaN, NaN, NaN, NaN, NaN, NaN, NaN, NaN, NaN, NaN, NaN, NaN, NaN, NaN, NaN, NaN, NaN, NaN, NaN, NaN, NaN, NaN,
02/2008,98.8934,3679.6378,158.2459,4186.4735,13.0447,422.7948,891.7700,26057.0566,98.8934,3679.6378,64.1764,1961.2355,5.4092,147.3423,891.7700,26057.0566,40.9968,1506.1507,54.9364,1443.6380,4.6219,155.4655,368.7954,10571.7429,175.1587,6897.2688,325.5122,8804.0660,26.3304,829.5158,1571.2860,47434.0761,98.8934,3679.6378,91.5748,3255.5364,9.9741,301.7168,891.7700,26057.0566,0.2003,0.0345,1.8000,6.8638,24.2575,35.9254, NaN, NaN, NaN, NaN, NaN, NaN, NaN, NaN, NaN, NaN, NaN, NaN, NaN, NaN, NaN, NaN, NaN, NaN, NaN, NaN, NaN, NaN, NaN, NaN, NaN, NaN, NaN, NaN, NaN, NaN,
03/2008,46.2758,1707.2122,60.4279,1753.6369,5.0807,182.2551,319.7953,11058.2775,46.2758,1707.2122,29.4114,962.3964,2.5257,76.5105,319.7953,11058.2775,26.8704,935.1936,34.3592,858.0233,2.8972,102.8411,182.2197,5958.8509,36.3312,1361.1456,39.1776,1323.9210,3.3572,119.1446,259.6789,8986.3834,46.2758,1707.2122,41.1143,1433.7057,4.3580,131.2100,319.7953,11058.2775,0.2440,0.0368,2.4000,6.5220,22.9740,36.7033, NaN, NaN, NaN, NaN, NaN, NaN, NaN, NaN, NaN, NaN, NaN, NaN, NaN, NaN, NaN, NaN, NaN, NaN, NaN, NaN, NaN, NaN, NaN, NaN, NaN, NaN, NaN, NaN, NaN, NaN,
04/2008,258.6816,18677.5718,404.5334,28069.0421,33.5782,1843.8875,1732.0520,119825.4829,258.6816,18677.5718,168.2798,21127.9520,14.1604,810.4006,1732.0520,119825.4829,94.4006,4204.2154,124.6235,4066.4145,10.5404,527.1063,627.4780,27039.7443,171.8582,7606.1635,245.2366,8025.2849,20.5736,908.6439,1149.6793,49109.2490,258.6816,18677.5718,240.4939,25087.7547,27.0921,1366.8888,1732.0520,119825.4829,0.3125,0.0315,3.1500,7.7088,19.5975,33.9580, NaN, NaN, NaN, NaN, NaN, NaN, NaN, NaN, NaN, NaN, NaN, NaN, NaN, NaN, NaN, NaN, NaN, NaN, NaN, NaN, NaN, NaN, NaN, NaN, NaN, NaN, NaN, NaN, NaN, NaN,
05/2008,258.8198,12180.0067,375.3579,14916.9107,31.4670,1219.4407,1954.7109,86584.0719,258.8198,12180.0067,167.4264,9409.4250,14.1609,483.4423,1954.7109,86584.0719,108.3802,4342.1616,141.2669,4118.7981,11.9678,502.4530,817.9938,29903.2250,273.5770,11753.1734,416.1928,12890.0730,34.6760,1288.9743,2063.6863,83535.1598,258.8198,12180.0067,238.4706,12813.8942,27.0584,920.9262,1954.7109,86584.0719,0.3375,0.0240,2.8000,7.8033,18.5433,32.3662, NaN, NaN, NaN, NaN, NaN, NaN, NaN, NaN, NaN, NaN, NaN, NaN, NaN, NaN, NaN, NaN, NaN, NaN, NaN, NaN, NaN, NaN, NaN, NaN, NaN, NaN, NaN, NaN, NaN, NaN,
06/2008,623.3587,31446.3082,1064.2571,45511.0304,87.5172,3268.0244,5177.8345,261290.3427,623.3587,31446.3082,410.2915,23281.1852,34.2222,1173.3631,5177.8345,261290.3427,271.0109,10190.5171,413.5416,11035.0939,34.4576,1275.0322,2248.3124,82091.4295,609.4310,31097.8138,1040.2161,41361.8506,85.5354,3114.2451,5061.9008,260415.8579,623.3587,31446.3082,587.3992,35909.9817,67.2268,2489.0328,5177.8345,261290.3427,0.3040,0.0184,3.3200,8.3070,15.9390,29.1411, NaN, NaN, NaN, NaN, NaN, NaN, NaN, NaN, NaN, NaN, NaN, NaN, NaN, NaN, NaN, NaN, NaN, NaN, NaN, NaN, NaN, NaN, NaN, NaN, NaN, NaN, NaN, NaN, NaN, NaN,
07/2008,1055.7475,113450.8896,1935.0434,308291.7453,154.8854,14891.9807,9510.3536,1108826.3783,1055.7475,113450.8896,701.1827,241432.7437,57.8169,5762.4616,9510.3536,1108826.3783,472.5994,26133.0365,744.5380,33411.6172,61.9032,2475.2394,4258.0988,246530.0257,1161.0864,170429.3395,2175.9735,391148.4519,174.6321,22277.0037,10460.0330,1690762.9145,1055.7475,113450.8896,1006.4941,269980.3488,113.5470,8293.2093,9510.3536,1108826.3783,0.5925,0.0277,4.6500,8.7575,13.9775,20.2540, NaN, NaN, NaN, NaN, NaN, NaN, NaN, NaN, NaN, NaN, NaN, NaN, NaN, NaN, NaN, NaN, NaN, NaN, NaN, NaN, NaN, NaN, NaN, NaN, NaN, NaN, NaN, NaN, NaN, NaN,
08/2008,695.3472,106872.0566,1149.5940,250129.7236,92.2430,9473.8166,6337.5067,1075651.6367,695.3472,106872.0566,458.0262,221864.4461,37.8011,5766.9139,6337.5067,1075651.6367,353.0995,17039.0822,508.0238,20585.8179,42.7167,1175.1856,3217.0209,161715.1104,699.4512,126597.0125,1145.9177,307943.6110,92.6447,13112.8459,6375.5436,1279889.4204,695.3472,106872.0566,652.9555,234028.4665,74.3132,6814.9778,6337.5067,1075651.6367,1.2550,0.0538,18.4500,10.9238,13.7513,10.8349, NaN, NaN, NaN, NaN, NaN, NaN, NaN, NaN, NaN, NaN, NaN, NaN, NaN, NaN, NaN, NaN, NaN, NaN, NaN, NaN, NaN, NaN, NaN, NaN, NaN, NaN, NaN, NaN, NaN, NaN,
09/2008,661.7722,34130.5229,1112.2548,44584.8945,89.1416,2510.8708,5895.6411,306285.9728,661.7722,34130.5229,436.5454,27398.6650,36.0499,1065.7034,5895.6411,306285.9728,358.1626,11043.8813,531.3853,11801.8815,44.4740,1094.3042,3186.7109,96896.5759,608.9558,29088.8237,987.5364,33843.5085,80.4456,2087.3086,5430.5459,262202.5209,661.7722,34130.5229,622.9345,36038.2896,70.8653,2007.3212,5895.6411,306285.9728,0.3860,0.0214,4.5000,8.6220,16.0990,24.4000, NaN, NaN, NaN, NaN, NaN, NaN, NaN, NaN, NaN, NaN, NaN, NaN, NaN, NaN, NaN, NaN, NaN, NaN, NaN, NaN, NaN, NaN, NaN, NaN, NaN, NaN, NaN, NaN, NaN, NaN,
10/2008,434.2378,23577.4282,650.0083,28313.8063,53.6901,1612.3004,3666.3673,187541.6969,434.2378,23577.4282,283.3150,19037.4935,23.6654,758.8266,3666.3673,187541.6969,217.8058,6374.8426,281.2357,6250.5805,23.9293,553.9554,1838.7955,50264.2922,374.2589,17037.3283,537.9632,17531.6397,45.0133,1183.0067,3161.8780,135691.6434,434.2378,23577.4282,402.0031,24106.7573,46.6154,1303.7401,3666.3673,187541.6969,0.3725,0.0220,1.4250,7.6700,19.2888,24.2960, NaN, NaN, NaN, NaN, NaN, NaN, NaN, NaN, NaN, NaN, NaN, NaN, NaN, NaN, NaN, NaN, NaN, NaN, NaN, NaN, NaN, NaN, NaN, NaN, NaN, NaN, NaN, NaN, NaN, NaN,
11/2008,392.9472,17095.6224,598.0190,20752.7854,49.5729,1497.0691,3198.0630,123029.7627,392.9472,17095.6224,256.1071,11926.8512,21.4609,645.6846,3198.0630,123029.7627,169.1712,4602.9254,214.4382,4437.8418,18.2576,434.6978,1376.1385,33947.1801,336.3379,13273.9603,493.9513,13863.0542,41.3541,1148.8710,2737.2517,95450.4239,392.9472,17095.6224,364.3189,16705.4832,42.2394,1211.8795,3198.0630,123029.7627,0.2725,0.0245,2.0750,7.4111,19.9422,28.0176, NaN, NaN, NaN, NaN, NaN, NaN, NaN, NaN, NaN, NaN, NaN, NaN, NaN, NaN, NaN, NaN, NaN, NaN, NaN, NaN, NaN, NaN, NaN, NaN, NaN, NaN, NaN, NaN, NaN, NaN,
12/2008,196.8624,5923.8432,252.9853,6181.2115,21.5094,488.7282,1484.4286,39961.4294,196.8624,5923.8432,125.7698,3466.0376,10.7317,251.4331,1484.4286,39961.4294,91.9296,2195.3290,104.7594,1996.8142,8.9950,190.8834,692.6724,15055.4642,180.9994,5729.8752,232.0517,5665.7605,19.7245,459.8735,1364.0209,38374.3062,196.8624,5923.8432,178.5309,5108.5668,20.4032,423.6618,1484.4286,39961.4294,0.2960,0.0318,1.3800,6.9745,22.5582,30.6912, NaN, NaN, NaN, NaN, NaN, NaN, NaN, NaN, NaN, NaN, NaN, NaN, NaN, NaN, NaN, NaN, NaN, NaN, NaN, NaN, NaN, NaN, NaN, NaN, NaN, NaN, NaN, NaN, NaN, NaN,
01/2009,50.7946,2093.9990,48.9721,2605.3852,4.2595,129.6923,368.2333,13418.3198,50.7946,2093.9990,31.2065,1898.7739,2.7539,96.3679,368.2333,13418.3198,21.6691,1422.1354,18.0963,1815.6577,1.5805,72.0632,156.9531,8698.0203,42.5952,1756.7798,39.8414,1698.9999,3.4698,106.8944,308.8093,11353.5625,50.7946,2093.9990,44.6973,2374.9464,4.2595,126.8319,368.2333,13418.3198,0.2800,0.0325,1.5750,6.6133,25.2756,33.8757, NaN, NaN, NaN, NaN, NaN, NaN, NaN, NaN, NaN, NaN, NaN, NaN, NaN, NaN, NaN, NaN, NaN, NaN, NaN, NaN, NaN, NaN, NaN, NaN, NaN, NaN, NaN, NaN, NaN, NaN,
02/2009,45.0835,5082.5491,53.6843,13032.0978,4.5585,270.6082,339.5003,29524.2305,45.0835,5082.5491,28.3286,12259.1236,2.4524,212.5243,339.5003,29524.2305,18.1699,768.9946,18.3511,673.0911,1.5770,44.8626,137.0358,5025.8550,56.8166,2310.0163,82.7037,2506.6953,6.8725,200.6072,437.8129,15483.2395,45.0835,5082.5491,40.1151,12760.9451,4.0956,253.3186,339.5003,29524.2305,0.2700,0.0347,1.9500,6.2111,24.2289,35.2986, NaN, NaN, NaN, NaN, NaN, NaN, NaN, NaN, NaN, NaN, NaN, NaN, NaN, NaN, NaN, NaN, NaN, NaN, NaN, NaN, NaN, NaN, NaN, NaN, NaN, NaN, NaN, NaN, NaN, NaN,
03/2009,31.4755,2276.0438,30.2351,3586.4658,2.6199,154.8942,244.1487,13774.1713,31.4755,2276.0438,19.3290,3025.5448,1.7063,88.4262,244.1487,13774.1713,14.9472,661.2451,13.4252,536.2960,1.1636,63.9597,115.3594,4515.7234,23.7427,1160.8272,20.8838,1132.8981,1.8184,93.2475,184.8307,7955.1902,31.4755,2276.0438,26.9278,3376.6722,2.6199,119.3591,244.1487,13774.1713,0.2900,0.0336,2.2600,6.6173,22.2655,35.9228, NaN, NaN, NaN, NaN, NaN, NaN, NaN, NaN, NaN, NaN, NaN, NaN, NaN, NaN, NaN, NaN, NaN, NaN, NaN, NaN, NaN, NaN, NaN, NaN, NaN, NaN, NaN, NaN, NaN, NaN,
04/2009,23.9155,1372.9910,23.1144,1435.7457,1.9957,139.0243,172.6060,9241.4476,23.9155,1372.9910,14.6976,865.4986,1.2965,67.3300,172.6060,9241.4476,9.0288,521.8733,7.5266,456.9424,0.6519,46.6508,64.9326,3513.3785,18.5328,1099.0858,16.5856,1115.7589,1.4384,102.7692,134.5817,7420.6845,23.9155,1372.9910,20.0086,1203.2015,1.9772,100.0133,172.6060,9241.4476,0.2725,0.0295,2.3000,6.9737,20.6450,36.1871, NaN, NaN, NaN, NaN, NaN, NaN, NaN, NaN, NaN, NaN, NaN, NaN, NaN, NaN, NaN, NaN, NaN, NaN, NaN, NaN, NaN, NaN, NaN, NaN, NaN, NaN, NaN, NaN, NaN, NaN,
05/2009,81.2592,4434.4454,110.4272,4916.6145,9.3010,567.7834,670.9001,32277.1269,81.2592,4434.4454,52.1207,2521.8566,4.4308,175.5932,670.9001,32277.1269,45.6365,2466.9619,57.9496,2402.6446,4.9187,321.2708,376.9743,17931.3307,97.7184,5441.9904,141.6375,6038.6815,11.8521,708.1036,806.8267,39458.8846,81.2592,4434.4454,73.2538,3990.9420,8.1730,375.2072,670.9001,32277.1269,0.2425,0.0238,2.0000,6.9000,18.5489,36.6137, NaN, NaN, NaN, NaN, NaN, NaN, NaN, NaN, NaN, NaN, NaN, NaN, NaN, NaN, NaN, NaN, NaN, NaN, NaN, NaN, NaN, NaN, NaN, NaN, NaN, NaN, NaN, NaN, NaN, NaN,
06/2009,290.1053,18409.2048,440.3892,22442.7281,36.7670,1871.6347,2452.3153,146808.3770,290.1053,18409.2048,188.6779,13683.1930,15.8712,617.6124,2452.3153,146808.3770,166.1213,9423.3715,229.2490,9495.3178,19.3479,1034.4903,1404.0256,74973.8348,296.7494,21058.1510,452.3463,25126.2248,37.7469,2007.9897,2508.3892,170843.8574,290.1053,18409.2048,268.6607,19245.6995,30.6575,1290.5892,2452.3153,146808.3770,0.2840,0.0270,1.7250,7.6060,15.4910,34.7255, NaN, NaN, NaN, NaN, NaN, NaN, NaN, NaN, NaN, NaN, NaN, NaN, NaN, NaN, NaN, NaN, NaN, NaN, NaN, NaN, NaN, NaN, NaN, NaN, NaN, NaN, NaN, NaN, NaN, NaN,
07/2009,648.6480,125688.3955,1105.9912,282155.5310,90.8264,9692.9629,5542.6748,1166870.6457,648.6480,125688.3955,426.8154,250775.2760,35.5833,6596.5930,5542.6748,1166870.6457,310.4870,21429.9043,470.8530,25514.8645,39.2774,1765.0664,2657.3977,191116.9900,765.0893,176571.2563,1354.6610,422543.6431,110.8280,17534.0566,6541.7995,1647473.8606,648.6480,125688.3955,610.7683,268783.5052,69.7727,8145.6125,5542.6748,1166870.6457,0.8300,0.0272,3.8250,8.9622,13.8644,21.6746, NaN, NaN, NaN, NaN, NaN, NaN, NaN, NaN, NaN, NaN, NaN, NaN, NaN, NaN, NaN, NaN, NaN, NaN, NaN, NaN, NaN, NaN, NaN, NaN, NaN, NaN, NaN, NaN, NaN, NaN,
08/2009,822.2342,125473.1904,1418.8379,237823.9590,113.6546,12795.7048,6880.7201,1147381.1036,822.2342,125473.1904,543.5539,184536.3940,44.8394,4724.2513,6880.7201,1147381.1036,454.6109,35507.5574,698.7244,46249.6233,58.2897,2758.5406,3810.7882,314407.9978,788.4518,113501.8656,1323.7870,191374.7512,107.9011,11013.4826,6586.0164,1033353.7083,822.2342,125473.1904,777.4599,207212.6417,88.1163,6753.5453,6880.7201,1147381.1036,1.2480,0.0308,23.6000,10.9690,15.4680,9.5082, NaN, NaN, NaN, NaN, NaN, NaN, NaN, NaN, NaN, NaN, NaN, NaN, NaN, NaN, NaN, NaN, NaN, NaN, NaN, NaN, NaN, NaN, NaN, NaN, NaN, NaN, NaN, NaN, NaN, NaN,
09/2009,777.6173,88891.9834,1312.2451,125684.9007,105.4419,8395.6937,6872.6993,829111.2680,777.6173,88891.9834,513.2571,86746.2373,42.3693,2455.4168,6872.6993,829111.2680,456.2352,28359.6682,681.2700,32498.7403,57.0988,2030.4736,4032.2664,261431.1271,676.2269,68324.8176,1097.7552,97501.1879,89.5672,5718.8122,5976.6213,637866.9280,777.6173,88891.9834,733.0825,103825.2950,83.2858,3994.6113,6872.6993,829111.2680,0.7175,0.0257,10.8000,9.6356,15.9878,10.8702, NaN, NaN, NaN, NaN, NaN, NaN, NaN, NaN, NaN, NaN, NaN, NaN, NaN, NaN, NaN, NaN, NaN, NaN, NaN, NaN, NaN, NaN, NaN, NaN, NaN, NaN, NaN, NaN, NaN, NaN,
10/2009,357.2381,20517.7277,501.3777,21423.0697,42.1639,1034.2314,3181.1290,174311.8538,357.2381,20517.7277,231.6881,15460.3926,19.5053,571.5218,3181.1290,174311.8538,203.9818,6753.4474,255.7288,6285.9360,21.8419,425.5156,1814.7267,57582.6067,300.0154,17472.1450,406.2239,18669.8586,34.3798,905.3537,2671.9130,149539.3946,357.2381,20517.7277,327.8561,18693.4481,38.4623,910.6680,3181.1290,174311.8538,0.4800,0.0250,4.7750,8.0486,18.7770,18.0471, NaN, NaN, NaN, NaN, NaN, NaN, NaN, NaN, NaN, NaN, NaN, NaN, NaN, NaN, NaN, NaN, NaN, NaN, NaN, NaN, NaN, NaN, NaN, NaN, NaN, NaN, NaN, NaN, NaN, NaN,
11/2009,227.0851,11216.0765,308.8849,12088.0271,26.0831,893.5881,1652.4789,75653.0494,227.0851,11216.0765,145.8416,7429.2367,12.3963,381.5822,1652.4789,75653.0494,115.9574,3429.9936,135.5984,3215.1121,11.6314,310.5870,848.0306,23022.6198,191.2032,10291.9248,251.8205,10121.5082,21.3344,751.7387,1391.8874,69926.0227,227.0851,11216.0765,207.3695,10148.4012,23.8080,702.8144,1652.4789,75653.0494,0.2960,0.0252,3.7600,7.5650,21.2300,29.2239, NaN, NaN, NaN, NaN, NaN, NaN, NaN, NaN, NaN, NaN, NaN, NaN, NaN, NaN, NaN, NaN, NaN, NaN, NaN, NaN, NaN, NaN, NaN, NaN, NaN, NaN, NaN, NaN, NaN, NaN,
12/2009,71.2022,2858.0602,73.6226,2835.6163,6.3791,176.4319,488.4674,18180.8437,71.2022,2858.0602,44.1745,1797.6442,3.8671,124.3048,488.4674,18180.8437,36.8582,1025.1014,33.9621,869.9538,2.9596,58.1074,252.9587,6566.4230,57.6202,2325.7325,57.4112,2198.1403,4.9846,142.9833,395.1469,14788.8108,71.2022,2858.0602,63.0945,2441.1855,6.3791,173.5241,488.4674,18180.8437,0.2725,0.0265,2.3000,7.0338,24.4050,32.2620, NaN, NaN, NaN, NaN, NaN, NaN, NaN, NaN, NaN, NaN, NaN, NaN, NaN, NaN, NaN, NaN, NaN, NaN, NaN, NaN, NaN, NaN, NaN, NaN, NaN, NaN, NaN, NaN, NaN, NaN,
01/2010,22.1789,1091.1715,18.7594,1127.1645,1.6370,70.8817,161.5214,7097.3472,22.1789,1091.1715,13.4108,686.9826,1.2003,59.3727,161.5214,7097.3472,12.0701,460.3997,9.2550,381.5308,0.8074,21.2369,87.8652,3032.9654,17.2195,948.3178,13.9854,975.3356,1.2205,59.0326,125.4217,6156.3459,22.1789,1091.1715,18.6000,956.0813,1.6370,70.4755,161.5214,7097.3472,0.2500,0.0347,2.4250,6.6688,24.6988,34.8970, NaN, NaN, NaN, NaN, NaN, NaN, NaN, NaN, NaN, NaN, NaN, NaN, NaN, NaN, NaN, NaN, NaN, NaN, NaN, NaN, NaN, NaN, NaN, NaN, NaN, NaN, NaN, NaN, NaN, NaN,
02/2010,11.0333,711.5818,8.4188,799.1052,0.7344,49.2959,83.8415,4781.9805,11.0333,711.5818,6.5924,485.5907,0.5959,43.2059,83.8415,4781.9805,6.1430,289.1635,4.2935,258.8916,0.3733,12.6118,46.6720,1969.6495,8.4672,624.4819,6.2507,695.8135,0.5445,41.8392,64.1892,4173.9282,11.0333,711.5818,8.4188,659.9855,0.7344,48.7470,83.8415,4781.9805,0.2700,0.0345,2.8500,6.5888,24.7225,36.2787, NaN, NaN, NaN, NaN, NaN, NaN, NaN, NaN, NaN, NaN, NaN, NaN, NaN, NaN, NaN, NaN, NaN, NaN, NaN, NaN, NaN, NaN, NaN, NaN, NaN, NaN, NaN, NaN, NaN, NaN,
03/2010,79.1165,3618.9245,148.3610,6994.7662,11.9979,486.3563,553.1402,22317.2849,79.1165,3618.9245,52.2791,4759.4808,4.3512,204.2905,553.1402,22317.2849,54.4666,2306.5344,96.3345,2746.8789,7.8614,270.4655,380.9987,14192.0062,40.3315,2205.9475,64.4001,2476.5487,5.3140,213.8564,282.0952,13684.3631,79.1165,3618.9245,74.6000,5938.3770,8.1865,357.7137,553.1402,22317.2849,0.2980,0.0296,2.8400,6.7800,24.1364,37.1204, NaN, NaN, NaN, NaN, NaN, NaN, NaN, NaN, NaN, NaN, NaN, NaN, NaN, NaN, NaN, NaN, NaN, NaN, NaN, NaN, NaN, NaN, NaN, NaN, NaN, NaN, NaN, NaN, NaN, NaN,
04/2010,85.3286,3999.3264,121.9717,7553.2534,10.1964,412.1446,609.4879,24850.1478,85.3286,3999.3264,54.8839,6029.9354,4.6605,217.7533,609.4879,24850.1478,35.5968,1246.5792,42.9885,1144.8950,3.6550,117.9582,254.1329,8291.3220,49.5763,1969.8682,65.2414,2046.2734,5.5035,202.2730,354.2736,13050.7627,85.3286,3999.3264,77.7819,6909.7311,8.5464,330.9033,609.4879,24850.1478,0.2750,0.0305,2.8250,7.0533,21.1289,36.7288, NaN, NaN, NaN, NaN, NaN, NaN, NaN, NaN, NaN, NaN, NaN, NaN, NaN, NaN, NaN, NaN, NaN, NaN, NaN, NaN, NaN, NaN, NaN, NaN, NaN, NaN, NaN, NaN, NaN, NaN,
05/2010,214.5917,8215.4995,356.6146,10096.0564,29.3601,1075.9312,1810.5289,62500.5673,214.5917,8215.4995,140.4369,5179.8712,11.7727,318.0080,1810.5289,62500.5673,121.2970,4556.6496,185.2886,4738.8315,15.4255,604.4302,1025.1459,34553.9266,239.7946,9663.9264,424.8472,11395.4589,34.7221,1304.8013,2032.4963,73371.5922,214.5917,8215.4995,201.2371,7934.6651,22.3766,712.7097,1810.5289,62500.5673,0.2520,0.0260,2.9800,7.4720,17.7790,35.2951, NaN, NaN, NaN, NaN, NaN, NaN, NaN, NaN, NaN, NaN, NaN, NaN, NaN, NaN, NaN, NaN, NaN, NaN, NaN, NaN, NaN, NaN, NaN, NaN, NaN, NaN, NaN, NaN, NaN, NaN,
06/2010,209.1053,9348.6787,301.1984,12517.5734,25.2284,921.4837,1682.0795,74187.9775,209.1053,9348.6787,134.9199,8233.9853,11.4371,363.5204,1682.0795,74187.9775,99.7747,3697.5744,132.7907,3706.7203,11.2043,418.1505,800.6690,28542.6341,192.6461,8059.4957,277.5816,8713.5597,23.2402,846.8774,1548.7084,63431.2353,209.1053,9348.6787,192.4769,10815.4614,21.5424,709.0320,1682.0795,74187.9775,0.2650,0.0217,2.5500,8.1888,15.3950,32.9876, NaN, NaN, NaN, NaN, NaN, NaN, NaN, NaN, NaN, NaN, NaN, NaN, NaN, NaN, NaN, NaN, NaN, NaN, NaN, NaN, NaN, NaN, NaN, NaN, NaN, NaN, NaN, NaN, NaN, NaN,
07/2010,494.2685,29578.0291,805.9147,42920.7426,66.6615,2754.9443,4205.5293,264795.2169,494.2685,29578.0291,324.5481,27178.8047,27.1738,1022.3574,4205.5293,264795.2169,235.9930,9636.7104,345.6076,10208.3940,28.9374,1169.9775,2010.0900,82871.5183,538.2547,42210.8323,904.9022,59820.6008,74.5414,3611.3909,4580.7667,385048.3640,494.2685,29578.0291,463.8363,36427.6674,53.2043,2061.2445,4205.5293,264795.2169,0.3450,0.0200,3.9500,9.0656,13.9656,28.4394, NaN, NaN, NaN, NaN, NaN, NaN, NaN, NaN, NaN, NaN, NaN, NaN, NaN, NaN, NaN, NaN, NaN, NaN, NaN, NaN, NaN, NaN, NaN, NaN, NaN, NaN, NaN, NaN, NaN, NaN,
08/2010,476.9021,21279.8189,754.7831,26172.8724,62.0867,1703.1970,4047.8089,175418.8974,476.9021,21279.8189,312.9089,15399.6811,26.1133,689.3381,4047.8089,175418.8974,245.8166,7646.6765,359.8957,8014.1571,30.1117,815.4560,2085.5519,60951.6161,437.5642,22766.4605,668.8970,25450.8160,55.7255,1591.4517,3715.0690,190767.3434,476.9021,21279.8189,445.6490,21290.2385,51.4039,1360.6542,4047.8089,175418.8974,0.2733,0.0163,2.6333,8.6460,15.6090,28.1110, NaN, NaN, NaN, NaN, NaN, NaN, NaN, NaN, NaN, NaN, NaN, NaN, NaN, NaN, NaN, NaN, NaN, NaN, NaN, NaN, NaN, NaN, NaN, NaN, NaN, NaN, NaN, NaN, NaN, NaN,
09/2010,406.5466,13925.3818,614.3890,15957.9831,50.8021,1168.0878,3676.6519,113482.7564,406.5466,13925.3818,265.6117,8724.3880,22.2230,487.4302,3676.6519,113482.7564,202.3661,5075.3866,271.2861,5123.2958,22.9614,512.6221,1825.9977,41385.4618,337.9277,11744.2829,489.1220,12782.0130,40.8828,954.1448,3054.8879,95916.4066,406.5466,13925.3818,377.3461,12557.3242,43.7579,950.5827,3676.6519,113482.7564,0.2450,0.0175,1.1500,8.1422,16.6878,29.4096, NaN, NaN, NaN, NaN, NaN, NaN, NaN, NaN, NaN, NaN, NaN, NaN, NaN, NaN, NaN, NaN, NaN, NaN, NaN, NaN, NaN, NaN, NaN, NaN, NaN, NaN, NaN, NaN, NaN, NaN,
10/2010,201.2342,5636.9261,257.4965,5844.6792,21.9181,482.1141,1810.9018,41327.0864,201.2342,5636.9261,128.7466,3359.4836,10.9882,234.7031,1810.9018,41327.0864,90.4090,2163.0326,99.8583,1948.5214,8.6089,181.0371,814.1261,16219.0499,159.9523,4260.6432,195.1521,4278.0484,16.6885,368.7162,1440.4561,31307.9819,201.2342,5636.9261,182.6933,4863.2133,20.8996,413.8444,1810.9018,41327.0864,0.2850,0.0185,1.6000,7.6075,19.4125,31.9018, NaN, NaN, NaN, NaN, NaN, NaN, NaN, NaN, NaN, NaN, NaN, NaN, NaN, NaN, NaN, NaN, NaN, NaN, NaN, NaN, NaN, NaN, NaN, NaN, NaN, NaN, NaN, NaN, NaN, NaN,
11/2010,95.9472,2653.8624,108.8898,2665.8840,9.3584,234.5293,772.9901,17620.9313,95.9472,2653.8624,60.3359,1523.1317,5.2286,121.6296,772.9901,17620.9313,38.6640,1005.4627,37.2544,854.3114,3.2354,76.5799,311.8020,6815.7037,74.6582,2197.4285,81.4393,2152.3887,7.0175,190.4223,602.0546,14512.4203,95.9472,2653.8624,85.9721,2229.7378,9.0988,195.1399,772.9901,17620.9313,0.2500,0.0210,2.0000,7.3240,21.0680,33.8396, NaN, NaN, NaN, NaN, NaN, NaN, NaN, NaN, NaN, NaN, NaN, NaN, NaN, NaN, NaN, NaN, NaN, NaN, NaN, NaN, NaN, NaN, NaN, NaN, NaN, NaN, NaN, NaN, NaN, NaN,
12/2010,63.8928,2044.5696,72.1323,1971.4032,6.1834,217.5585,470.5192,12480.7994,63.8928,2044.5696,40.1124,1125.4909,3.4792,89.7422,470.5192,12480.7994,34.3786,1113.9552,36.3872,940.5768,3.1295,122.8744,253.2745,6818.9356,58.9075,2043.4982,68.2639,1967.6480,5.8328,228.0531,434.0347,12367.5847,63.8928,2044.5696,57.0079,1653.5426,5.9413,155.3530,470.5192,12480.7994,0.2650,0.0250,2.0500,6.8838,22.8212,35.4232, NaN, NaN, NaN, NaN, NaN, NaN, NaN, NaN, NaN, NaN, NaN, NaN, NaN, NaN, NaN, NaN, NaN, NaN, NaN, NaN, NaN, NaN, NaN, NaN, NaN, NaN, NaN, NaN, NaN, NaN,
01/2011,61.8192,2527.0013,82.3946,2571.2488,6.9188,283.0460,348.2793,13686.1617,61.8192,2527.0013,39.2752,1355.1829,3.3670,99.4485,348.2793,13686.1617,48.3235,2011.0723,65.3285,1938.7452,5.4800,236.8227,268.9182,10858.0393,56.6698,2430.7344,76.2623,2464.6038,6.3976,274.7448,317.4947,13156.6512,61.8192,2527.0013,55.4468,2139.2690,5.8791,205.0728,348.2793,13686.1617,0.2367,0.0233,2.5000,6.6775,25.6717,36.5646, NaN, NaN, NaN, NaN, NaN, NaN, NaN, NaN, NaN, NaN, NaN, NaN, NaN, NaN, NaN, NaN, NaN, NaN, NaN, NaN, NaN, NaN, NaN, NaN, NaN, NaN, NaN, NaN, NaN, NaN,
02/2011,8.0784,506.1226,5.9478,528.6504,0.5179,32.6951,53.8088,3024.7358,8.0784,506.1226,4.8184,336.4439,0.4370,25.4465,53.8088,3024.7358,4.1990,207.7574,2.8055,178.2595,0.2431,9.4732,28.0123,1263.8863,6.0221,493.5600,4.3102,505.5192,0.3744,34.5778,40.0079,2909.3953,8.0784,506.1226,5.9478,451.7386,0.5179,29.4383,53.8088,3024.7358,0.3300,0.0230,2.1000,6.6711,25.0167,37.1005, NaN, NaN, NaN, NaN, NaN, NaN, NaN, NaN, NaN, NaN, NaN, NaN, NaN, NaN, NaN, NaN, NaN, NaN, NaN, NaN, NaN, NaN, NaN, NaN, NaN, NaN, NaN, NaN, NaN, NaN,
03/2011,4.6570,876.8650,3.0716,924.2312,0.2658,70.1093,31.3786,5554.9213,4.6570,876.8650,2.7445,514.1225,0.2511,37.3035,31.3786,5554.9213,2.4797,510.4080,1.5068,465.3257,0.1293,38.6355,16.7069,3250.3383,3.3178,589.9219,2.0897,625.0469,0.1800,42.5025,22.3498,3728.5666,4.6570,876.8650,3.0716,824.6676,0.2658,51.3971,31.3786,5554.9213,0.3100,0.0245,2.7000,6.3933,24.4389,37.7654, NaN, NaN, NaN, NaN, NaN, NaN, NaN, NaN, NaN, NaN, NaN, NaN, NaN, NaN, NaN, NaN, NaN, NaN, NaN, NaN, NaN, NaN, NaN, NaN, NaN, NaN, NaN, NaN, NaN, NaN,
04/2011,37.6099,2035.5494,45.2860,1982.3300,3.8577,232.7769,228.3805,13201.8136,37.6099,2035.5494,23.7481,1083.9721,2.0420,78.4639,228.3805,13201.8136,16.1050,883.6819,16.4898,735.9633,1.4214,91.1157,97.8485,5721.4124,24.1574,1411.3786,26.6277,1338.8031,2.2840,151.5969,146.7597,9170.9180,37.6099,2035.5494,33.1445,1669.9953,3.6533,156.9980,228.3805,13201.8136,0.2450,0.0220,2.7500,7.0067,21.9333,37.4909, NaN, NaN, NaN, NaN, NaN, NaN, NaN, NaN, NaN, NaN, NaN, NaN, NaN, NaN, NaN, NaN, NaN, NaN, NaN, NaN, NaN, NaN, NaN, NaN, NaN, NaN, NaN, NaN, NaN, NaN,
05/2011,157.8442,5186.5920,259.1648,5935.6237,21.3806,700.8247,1113.1196,37859.9365,157.8442,5186.5920,103.1722,2754.8483,8.6397,204.2202,1113.1196,37859.9365,96.2496,3258.7661,144.7969,3360.1461,12.0810,424.6714,678.7557,23790.2585,195.8170,6481.9440,340.6631,7654.9068,27.9073,897.6991,1382.1343,47617.0622,157.8442,5186.5920,146.8442,4527.9661,16.6181,461.5750,1113.1196,37859.9365,0.2200,0.0165,3.6500,7.3380,19.0200,36.5078, NaN, NaN, NaN, NaN, NaN, NaN, NaN, NaN, NaN, NaN, NaN, NaN, NaN, NaN, NaN, NaN, NaN, NaN, NaN, NaN, NaN, NaN, NaN, NaN, NaN, NaN, NaN, NaN, NaN, NaN,
06/2011,430.2029,15337.8576,776.1300,21689.6441,63.1971,1982.0838,3195.2477,118806.4779,430.2029,15337.8576,283.9415,11050.4265,23.6371,615.9242,3195.2477,118806.4779,233.3059,8371.2528,384.5316,9295.2959,31.6962,1079.2064,1731.4359,64202.0838,443.9923,16241.5152,804.6405,20706.2155,65.4774,1991.8463,3297.7553,126761.0280,430.2029,15337.8576,407.6203,16680.8399,45.8000,1374.0572,3195.2477,118806.4779,0.2600,0.0290,4.1000,8.0878,15.5533,34.3513, NaN, NaN, NaN, NaN, NaN, NaN, NaN, NaN, NaN, NaN, NaN, NaN, NaN, NaN, NaN, NaN, NaN, NaN, NaN, NaN, NaN, NaN, NaN, NaN, NaN, NaN, NaN, NaN, NaN, NaN,
07/2011,710.6832,47555.5277,1211.9752,94634.3399,99.7490,4788.8912,5547.0826,404249.8186,710.6832,47555.5277,468.3342,69276.2826,39.0489,2463.3703,5547.0826,404249.8186,321.5894,13767.8573,483.0430,14597.9780,40.3644,1485.5505,2509.2932,109561.9717,823.3747,73202.9443,1454.0917,115409.5879,119.0936,5642.0133,6426.4795,640411.2757,710.6832,47555.5277,670.0769,83429.4016,76.8241,3914.7356,5547.0826,404249.8186,0.3300,0.0155,3.3000,8.7625,13.9413,27.6506, NaN, NaN, NaN, NaN, NaN, NaN, NaN, NaN, NaN, NaN, NaN, NaN, NaN, NaN, NaN, NaN, NaN, NaN, NaN, NaN, NaN, NaN, NaN, NaN, NaN, NaN, NaN, NaN, NaN, NaN,
08/2011,842.1062,111248.4931,1460.3023,253204.4716,119.6718,8862.4087,6847.8154,977154.3988,842.1062,111248.4931,555.5403,218500.0407,46.1706,6349.1341,6847.8154,977154.3988,437.0803,26986.4266,694.0201,35824.0982,57.5444,2305.2552,3558.5944,224709.9825,797.5152,102913.9085,1352.2746,174182.4771,111.1663,6709.9860,6480.6550,898610.4190,842.1062,111248.4931,793.9116,237994.7847,90.8028,8044.2952,6847.8154,977154.3988,0.7367,0.0210,10.1000,9.6427,16.3673,17.2334, NaN, NaN, NaN, NaN, NaN, NaN, NaN, NaN, NaN, NaN, NaN, NaN, NaN, NaN, NaN, NaN, NaN, NaN, NaN, NaN, NaN, NaN, NaN, NaN, NaN, NaN, NaN, NaN, NaN, NaN,
09/2011,759.5078,51404.9069,1280.7902,70458.9844,103.9347,3670.7902,6506.9120,463098.9023,759.5078,51404.9069,500.6432,45395.1656,41.4611,1630.6325,6506.9120,463098.9023,423.4550,20013.5664,635.7754,23902.1792,53.2080,1765.3257,3629.4136,175257.2871,657.7632,40621.5389,1067.2542,48615.0267,87.6028,2775.0949,5633.8246,366036.4383,759.5078,51404.9069,715.1608,58619.0803,81.5280,2944.4489,6506.9120,463098.9023,0.6050,0.0195,5.0000,8.7867,17.1633,19.1862, NaN, NaN, NaN, NaN, NaN, NaN, NaN, NaN, NaN, NaN, NaN, NaN, NaN, NaN, NaN, NaN, NaN, NaN, NaN, NaN, NaN, NaN, NaN, NaN, NaN, NaN, NaN, NaN, NaN, NaN,
10/2011,537.7709,27068.5498,843.6251,34041.2867,69.7961,1986.0696,4301.1205,207838.2473,537.7709,27068.5498,351.9858,23072.6128,29.3968,953.4520,4301.1205,207838.2473,270.7517,8422.6349,367.3785,8405.1557,31.0939,728.1589,2166.6756,63607.1158,430.7731,20261.2579,640.1433,20708.1620,53.5633,1371.3858,3448.2512,155379.1209,537.7709,27068.5498,500.6660,28685.4114,57.8851,1602.3782,4301.1205,207838.2473,0.3800,0.0160,3.3500,7.8958,19.5400,22.7064, NaN, NaN, NaN, NaN, NaN, NaN, NaN, NaN, NaN, NaN, NaN, NaN, NaN, NaN, NaN, NaN, NaN, NaN, NaN, NaN, NaN, NaN, NaN, NaN, NaN, NaN, NaN, NaN, NaN, NaN,
11/2011,335.9837,17541.8179,485.8134,22809.6349,40.7572,1911.5829,2638.4350,128960.7978,335.9837,17541.8179,217.8511,16116.3091,18.3499,1295.7045,2638.4350,128960.7978,152.4355,4378.3632,187.1992,4159.2997,15.9963,363.4530,1197.9720,32106.3005,270.1037,14984.7408,374.9158,14465.8111,31.6152,913.6072,2120.9902,110963.2092,335.9837,17541.8179,309.1458,19771.3774,35.9832,1707.6277,2638.4350,128960.7978,0.3450,0.0200,1.9500,7.5513,21.0425,27.8443, NaN, NaN, NaN, NaN, NaN, NaN, NaN, NaN, NaN, NaN, NaN, NaN, NaN, NaN, NaN, NaN, NaN, NaN, NaN, NaN, NaN, NaN, NaN, NaN, NaN, NaN, NaN, NaN, NaN, NaN,
12/2011,256.2192,10665.3802,384.1284,12882.0071,31.9905,990.3834,1657.4063,63022.2347,256.2192,10665.3802,166.1097,7493.8351,14.0401,390.2819,1657.4063,63022.2347,137.4797,5646.5597,191.5953,5513.2953,16.0725,529.0021,888.9339,33710.1113,249.7306,13703.2387,385.4585,14715.3995,31.9624,1094.1826,1613.4258,82495.8251,256.2192,10665.3802,237.4179,10448.7843,26.7932,744.7900,1657.4063,63022.2347,0.3200,0.0190,1.9500,7.2925,23.1925,30.9323, NaN, NaN, NaN, NaN, NaN, NaN, NaN, NaN, NaN, NaN, NaN, NaN, NaN, NaN, NaN, NaN, NaN, NaN, NaN, NaN, NaN, NaN, NaN, NaN, NaN, NaN, NaN, NaN, NaN, NaN,
01/2012,74.7533,5387.0486,81.9238,7200.4098,7.0459,337.5304,576.2237,29532.7053,74.7533,5387.0486,46.5113,5619.7404,4.0505,174.9432,576.2237,29532.7053,38.8886,2180.8742,40.5013,1891.0220,3.4823,200.5408,302.1343,12716.6114,64.9210,3543.6874,70.1559,3332.6652,6.0353,294.0876,500.8823,20465.5643,74.7533,5387.0486,66.4202,6682.8709,6.7970,278.1934,576.2237,29532.7053,0.2433,0.0237,2.4000,6.7080,25.0190,33.4636, NaN, NaN, NaN, NaN, NaN, NaN, NaN, NaN, NaN, NaN, NaN, NaN, NaN, NaN, NaN, NaN, NaN, NaN, NaN, NaN, NaN, NaN, NaN, NaN, NaN, NaN, NaN, NaN, NaN, NaN,
02/2012,75.8074,3133.7366,99.6646,3433.9653,8.3904,326.6464,591.4571,18221.5899,75.8074,3133.7366,48.2190,1904.9280,4.1359,133.2307,591.4571,18221.5899,30.1882,1165.1990,33.4733,1020.4553,2.8608,113.4387,235.6740,6846.4883,112.4496,5623.0589,175.1992,6118.9436,14.4625,569.9386,881.4942,31533.7498,75.8074,3133.7366,68.9653,2785.9030,7.2481,232.3093,591.4571,18221.5899,0.3050,0.0270,3.7000,6.5788,24.4662,34.3753, NaN, NaN, NaN, NaN, NaN, NaN, NaN, NaN, NaN, NaN, NaN, NaN, NaN, NaN, NaN, NaN, NaN, NaN, NaN, NaN, NaN, NaN, NaN, NaN, NaN, NaN, NaN, NaN, NaN, NaN,
03/2012,18.3946,1000.5379,14.9359,1030.4274,1.3040,63.8560,121.8684,5602.7793,18.3946,1000.5379,11.0734,634.9205,0.9952,52.8949,121.8684,5602.7793,6.6442,346.3344,4.6146,295.3541,0.4010,15.3407,43.9966,1989.2843,17.7206,992.4595,14.3114,1016.3040,1.2494,61.1662,117.4008,5539.8253,18.3946,1000.5379,14.9359,887.3138,1.3040,63.2137,121.8684,5602.7793,0.3000,0.0210,2.2500,6.8813,23.5187,35.7096, NaN, NaN, NaN, NaN, NaN, NaN, NaN, NaN, NaN, NaN, NaN, NaN, NaN, NaN, NaN, NaN, NaN, NaN, NaN, NaN, NaN, NaN, NaN, NaN, NaN, NaN, NaN, NaN, NaN, NaN,
04/2012,146.9059,5262.7450,242.6588,6044.2397,19.9350,676.9382,1049.9598,32799.4302,146.9059,5262.7450,96.0565,2826.3973,8.0659,211.9294,1049.9598,32799.4302,56.7562,2149.1222,78.6079,2066.0058,6.5949,252.6045,405.6376,13358.8605,99.9475,3718.3104,148.1026,3998.7875,12.3227,442.5921,713.4300,23088.1722,146.9059,5262.7450,137.4709,4570.5190,15.2108,449.7335,1049.9598,32799.4302,0.2800,0.0215,2.2000,7.0990,21.1160,35.7765, NaN, NaN, NaN, NaN, NaN, NaN, NaN, NaN, NaN, NaN, NaN, NaN, NaN, NaN, NaN, NaN, NaN, NaN, NaN, NaN, NaN, NaN, NaN, NaN, NaN, NaN, NaN, NaN, NaN, NaN,
05/2012,177.0941,5606.2714,238.5653,6024.2370,20.1551,632.2963,1337.0675,37416.7488,177.0941,5606.2714,113.6661,3064.8389,9.6796,238.8795,1337.0675,37416.7488,75.3667,2639.8397,92.7498,2454.4253,7.8949,297.6453,566.9459,17335.3002,190.0022,7253.5651,267.1501,7722.3791,22.4522,743.0664,1432.8970,46897.8705,177.0941,5606.2714,161.7398,4874.9057,18.0990,477.4440,1337.0675,37416.7488,0.2600,0.0190,3.8000,7.6820,18.1170,34.3262, NaN, NaN, NaN, NaN, NaN, NaN, NaN, NaN, NaN, NaN, NaN, NaN, NaN, NaN, NaN, NaN, NaN, NaN, NaN, NaN, NaN, NaN, NaN, NaN, NaN, NaN, NaN, NaN, NaN, NaN,
06/2012,421.6838,26150.4461,649.7133,37187.8180,54.1918,2715.2896,3288.1361,200237.0042,421.6838,26150.4461,275.4519,25097.7600,23.1387,1039.5403,3288.1361,200237.0042,196.9142,10212.2208,269.3623,10079.8130,22.7585,1250.9659,1531.8530,74706.1661,410.6851,29571.4282,631.4746,35230.8129,52.6808,2651.4463,3201.8886,228136.8217,421.6838,26150.4461,392.2701,32585.6020,45.2644,1923.6571,3288.1361,200237.0042,0.2700,0.0190,2.7000,8.2986,15.3286,31.8727, NaN, NaN, NaN, NaN, NaN, NaN, NaN, NaN, NaN, NaN, NaN, NaN, NaN, NaN, NaN, NaN, NaN, NaN, NaN, NaN, NaN, NaN, NaN, NaN, NaN, NaN, NaN, NaN, NaN, NaN,
07/2012,317.6582,14983.2547,446.9428,17932.0535,37.6781,1121.2206,2678.0068,126906.8487,317.6582,14983.2547,205.7334,11693.8407,17.3918,514.5900,2678.0068,126906.8487,116.4586,3703.2941,141.4194,3450.2036,12.0778,362.4316,982.2131,30281.5689,325.3997,15806.5171,464.6709,16688.4203,39.0937,1166.5552,2743.9032,134633.3552,317.6582,14983.2547,291.8691,15470.3733,34.2348,940.4266,2678.0068,126906.8487,0.2967,0.0150,5.7667,8.8155,14.3409,29.4297, NaN, NaN, NaN, NaN, NaN, NaN, NaN, NaN, NaN, NaN, NaN, NaN, NaN, NaN, NaN, NaN, NaN, NaN, NaN, NaN, NaN, NaN, NaN, NaN, NaN, NaN, NaN, NaN, NaN, NaN,
08/2012,532.1981,31213.9094,832.9648,41792.9399,69.3228,2594.8963,4521.4437,256571.2193,532.1981,31213.9094,349.1920,24100.1642,29.2462,1002.7244,4521.4437,256571.2193,268.3670,11688.1834,380.6964,12169.7912,32.0279,1256.7986,2284.6874,93872.3117,456.6413,26321.7082,690.9037,31068.1356,57.7787,2125.2841,3880.0799,216776.5629,532.1981,31213.9094,496.7938,34413.6542,57.5959,2034.2989,4521.4437,256571.2193,0.2850,0.0125,3.3500,8.6075,16.1500,27.9003, NaN, NaN, NaN, NaN, NaN, NaN, NaN, NaN, NaN, NaN, NaN, NaN, NaN, NaN, NaN, NaN, NaN, NaN, NaN, NaN, NaN, NaN, NaN, NaN, NaN, NaN, NaN, NaN, NaN, NaN,
09/2012,509.5699,30407.9875,814.2916,39500.6035,66.9123,2474.3984,4390.0573,241054.0098,509.5699,30407.9875,335.0908,22601.8904,27.9339,950.1646,4390.0573,241054.0098,257.8003,11875.3776,369.2217,12483.2385,31.0020,1172.8044,2222.7544,93640.4947,402.9264,20633.0630,608.9100,23906.3796,50.8687,1798.7727,3470.7063,163287.3122,509.5699,30407.9875,477.1743,31861.2904,54.9807,1937.8065,4390.0573,241054.0098,0.2650,0.0105,1.4000,8.4925,17.4037,26.5154, NaN, NaN, NaN, NaN, NaN, NaN, NaN, NaN, NaN, NaN, NaN, NaN, NaN, NaN, NaN, NaN, NaN, NaN, NaN, NaN, NaN, NaN, NaN, NaN, NaN, NaN, NaN, NaN, NaN, NaN,
10/2012,275.5555,10596.3811,370.2132,11292.8917,31.3690,749.5665,2331.1580,80973.4255,275.5555,10596.3811,177.8040,6688.0754,15.0650,377.2268,2331.1580,80973.4255,117.9619,3480.8832,135.3319,3209.0357,11.6436,268.9824,997.7532,26908.7475,208.3882,6788.5517,264.8853,6824.0138,22.5820,522.8222,1762.7337,51781.7477,275.5555,10596.3811,251.7012,9412.2690,29.5100,664.0248,2331.1580,80973.4255,0.2650,0.0210,1.1500,8.0664,19.6018,28.3722, NaN, NaN, NaN, NaN, NaN, NaN, NaN, NaN, NaN, NaN, NaN, NaN, NaN, NaN, NaN, NaN, NaN, NaN, NaN, NaN, NaN, NaN, NaN, NaN, NaN, NaN, NaN, NaN, NaN, NaN,
11/2012,236.8051,10744.9286,333.4780,11762.5611,28.0499,1122.7275,2009.8250,78079.5209,236.8051,10744.9286,152.8229,6053.7383,12.9609,399.6189,2009.8250,78079.5209,88.1194,3568.0435,102.7035,3288.2028,8.8001,373.2580,748.1914,26461.8064,184.4381,10639.5206,249.9904,10272.0797,21.1080,914.7658,1565.5339,74945.7512,236.8051,10744.9286,217.5911,9470.4250,24.7692,815.8799,2009.8250,78079.5209,0.2000,0.0215,2.1500,7.5122,21.5333,31.6807, NaN, NaN, NaN, NaN, NaN, NaN, NaN, NaN, NaN, NaN, NaN, NaN, NaN, NaN, NaN, NaN, NaN, NaN, NaN, NaN, NaN, NaN, NaN, NaN, NaN, NaN, NaN, NaN, NaN, NaN,
12/2012,156.7037,7512.5578,205.5291,10356.5062,17.4019,578.0278,1248.5464,49918.5867,156.7037,7512.5578,100.3088,7728.0170,8.5722,274.6416,1248.5464,49918.5867,72.2045,2376.9763,87.0159,2165.8807,7.4135,248.1984,575.4727,16160.2713,140.2531,6612.8227,187.1884,6160.4111,15.8017,518.9095,1117.4332,43843.4612,156.7037,7512.5578,142.8607,9385.6462,15.8009,455.7268,1248.5464,49918.5867,0.2533,0.0153,2.2667,7.1544,23.0289,32.7564, NaN, NaN, NaN, NaN, NaN, NaN, NaN, NaN, NaN, NaN, NaN, NaN, NaN, NaN, NaN, NaN, NaN, NaN, NaN, NaN, NaN, NaN, NaN, NaN, NaN, NaN, NaN, NaN, NaN, NaN,
01/2013,56.4106,2538.1814,61.5417,2901.0306,5.2856,173.5858,432.4723,15939.9278,56.4106,2538.1814,35.1887,2107.1250,3.0681,91.5402,432.4723,15939.9278,28.5725,1065.6835,30.8086,876.1172,2.6371,95.5757,219.2758,6879.1626,46.2931,2511.6307,50.1133,2285.7886,4.3010,158.7198,354.9514,15134.6422,56.4106,2538.1814,50.1479,2635.4898,5.0323,140.2059,432.4723,15939.9278,0.2400,0.0310,2.7500,6.7188,25.0925,34.4067, NaN, NaN, NaN, NaN, NaN, NaN, NaN, NaN, NaN, NaN, NaN, NaN, NaN, NaN, NaN, NaN, NaN, NaN, NaN, NaN, NaN, NaN, NaN, NaN, NaN, NaN, NaN, NaN, NaN, NaN,
02/2013,16.1568,771.1632,13.4991,747.2095,1.1765,46.4803,104.7795,4683.4777,16.1568,771.1632,9.7754,504.5701,0.8762,32.5609,104.7795,4683.4777,6.4627,267.6672,4.6844,201.9446,0.4074,13.5626,41.8976,1635.3739,14.6275,676.9699,12.9412,615.9901,1.1226,47.1941,95.0837,4084.0545,16.1568,771.1632,13.0821,678.1705,1.1765,42.0236,104.7795,4683.4777,0.2550,0.0355,3.1500,6.8087,24.4800,35.7585, NaN, NaN, NaN, NaN, NaN, NaN, NaN, NaN, NaN, NaN, NaN, NaN, NaN, NaN, NaN, NaN, NaN, NaN, NaN, NaN, NaN, NaN, NaN, NaN, NaN, NaN, NaN, NaN, NaN, NaN,
03/2013,111.2573,5303.5949,177.1062,6115.4471,14.6335,738.5663,836.4822,32379.8787,111.2573,5303.5949,72.3476,2958.6806,6.0899,202.6230,836.4822,32379.8787,71.0640,3479.4317,107.2371,3561.2135,8.9287,484.5256,534.1378,21097.4902,56.4106,3129.6845,76.7245,3014.0595,6.4519,357.4609,423.7617,20125.7332,111.2573,5303.5949,102.9172,4719.1832,11.3775,448.0082,836.4822,32379.8787,0.2500,0.0300,2.7500,7.0012,23.9250,36.7914, NaN, NaN, NaN, NaN, NaN, NaN, NaN, NaN, NaN, NaN, NaN, NaN, NaN, NaN, NaN, NaN, NaN, NaN, NaN, NaN, NaN, NaN, NaN, NaN, NaN, NaN, NaN, NaN, NaN, NaN,
04/2013,52.2806,2350.5466,59.0349,2766.1313,5.0532,206.6866,373.0802,14408.5909,52.2806,2350.5466,32.7178,1878.6438,2.8403,100.0983,373.0802,14408.5909,19.8720,792.0202,19.1074,679.1088,1.6515,67.6557,141.9024,4945.3239,28.7107,1345.8701,29.7458,1276.5433,2.5598,117.9351,205.0085,8329.7032,52.2806,2350.5466,46.3515,2436.1377,4.7969,159.7616,373.0802,14408.5909,0.2750,0.0335,3.1500,6.8330,22.4320,36.2229, NaN, NaN, NaN, NaN, NaN, NaN, NaN, NaN, NaN, NaN, NaN, NaN, NaN, NaN, NaN, NaN, NaN, NaN, NaN, NaN, NaN, NaN, NaN, NaN, NaN, NaN, NaN, NaN, NaN, NaN,
05/2013,347.1898,13220.2886,566.6994,17731.0884,46.7591,1611.2527,2150.1739,79724.9503,347.1898,13220.2886,227.1274,10182.1192,19.0401,549.6695,2150.1739,79724.9503,179.0986,6743.7878,267.0210,6885.3715,22.2655,827.2998,1097.8692,39583.0388,396.4378,19035.5530,680.0792,21683.6633,55.7596,1948.6232,2448.5058,118872.4259,347.1898,13220.2886,324.7526,14429.3138,36.7474,1132.5553,2150.1739,79724.9503,0.2850,0.0330,4.0000,7.8425,18.5875,34.1536, NaN, NaN, NaN, NaN, NaN, NaN, NaN, NaN, NaN, NaN, NaN, NaN, NaN, NaN, NaN, NaN, NaN, NaN, NaN, NaN, NaN, NaN, NaN, NaN, NaN, NaN, NaN, NaN, NaN, NaN,
06/2013,245.1946,8747.4384,341.8139,11437.9267,28.7982,762.2250,1822.6707,60614.8928,245.1946,8747.4384,157.9097,7641.4139,13.3965,354.0083,1822.6707,60614.8928,103.3430,2937.0470,129.4624,2816.9641,11.0070,284.9264,768.9140,19878.7175,242.1274,11869.3382,337.9003,12491.5573,28.4633,785.3410,1800.0451,84056.2587,245.1946,8747.4384,224.6203,9996.8657,25.6727,646.8991,1822.6707,60614.8928,0.2750,0.0205,2.4500,8.1210,15.7280,32.9626, NaN, NaN, NaN, NaN, NaN, NaN, NaN, NaN, NaN, NaN, NaN, NaN, NaN, NaN, NaN, NaN, NaN, NaN, NaN, NaN, NaN, NaN, NaN, NaN, NaN, NaN, NaN, NaN, NaN, NaN,
07/2013,539.4298,28339.1482,880.2991,40430.6425,72.8538,2725.2208,4357.9776,217729.7014,539.4298,28339.1482,353.9101,24644.2846,29.6266,1026.5559,4357.9776,217729.7014,251.6659,10023.8170,365.7686,10446.6939,30.6767,1144.5559,2034.2048,74747.7421,610.7875,49869.7949,1031.8093,80763.6247,85.0046,4204.2930,4936.6963,391801.6330,539.4298,28339.1482,505.6771,33194.6255,58.1221,2050.3722,4357.9776,217729.7014,0.2667,0.0133,1.9333,8.3682,14.5018,31.4597, NaN, NaN, NaN, NaN, NaN, NaN, NaN, NaN, NaN, NaN, NaN, NaN, NaN, NaN, NaN, NaN, NaN, NaN, NaN, NaN, NaN, NaN, NaN, NaN, NaN, NaN, NaN, NaN, NaN, NaN,
08/2013,952.7414,78851.9837,1721.3540,139272.1777,139.3084,7164.6972,8115.6932,672483.8708,952.7414,78851.9837,631.7445,97645.9709,52.2956,2584.0290,8115.6932,672483.8708,533.5978,27002.3501,885.2861,33080.0753,73.0256,2639.6569,4554.1086,228139.4714,876.7526,87300.3226,1532.2681,133040.6565,125.5309,5948.7582,7458.5822,751243.8866,952.7414,78851.9837,904.6777,116867.1583,102.7675,4554.8083,8115.6932,672483.8708,0.4750,0.0150,8.4000,8.8488,16.5200,21.0228, NaN, NaN, NaN, NaN, NaN, NaN, NaN, NaN, NaN, NaN, NaN, NaN, NaN, NaN, NaN, NaN, NaN, NaN, NaN, NaN, NaN, NaN, NaN, NaN, NaN, NaN, NaN, NaN, NaN, NaN,
09/2013,1130.7514,137154.5222,2151.9190,226759.5337,165.7839,18233.6235,9550.6640,1088425.1967,1130.7514,137154.5222,755.1571,145640.6491,61.4196,3778.9565,9550.6640,1088425.1967,738.0461,44324.3578,1248.6776,58456.6932,102.9779,3514.4408,6236.4260,359697.1937,944.2397,89189.1562,1688.7214,141579.9084,134.6506,11356.6984,7976.3504,714667.3137,1130.7514,137154.5222,1084.9294,172652.8687,120.3910,6291.9455,9550.6640,1088425.1967,0.9700,0.0715,50.7500,9.6989,17.1900,13.3862, NaN, NaN, NaN, NaN, NaN, NaN, NaN, NaN, NaN, NaN, NaN, NaN, NaN, NaN, NaN, NaN, NaN, NaN, NaN, NaN, NaN, NaN, NaN, NaN, NaN, NaN, NaN, NaN, NaN, NaN,
10/2013,651.0845,34371.7430,1057.4130,42838.4042,85.8979,2033.5698,5612.4963,264812.5312,651.0845,34371.7430,427.9770,29096.5597,35.4816,938.0950,5612.4963,264812.5312,421.6147,12916.1174,616.3313,13875.9435,51.7822,968.0539,3637.0623,102459.2254,523.7050,25876.9037,804.5166,29015.8653,66.6980,1567.2505,4516.3594,201029.1917,651.0845,34371.7430,609.7690,35838.7509,69.7965,1648.9838,5612.4963,264812.5312,1.1050,0.0825,35.0000,9.9030,18.9790,12.7965, NaN, NaN, NaN, NaN, NaN, NaN, NaN, NaN, NaN, NaN, NaN, NaN, NaN, NaN, NaN, NaN, NaN, NaN, NaN, NaN, NaN, NaN, NaN, NaN, NaN, NaN, NaN, NaN, NaN, NaN,
11/2013,224.7610,7374.1104,292.7828,8241.1694,24.8823,511.1535,1675.3696,46056.8987,224.7610,7374.1104,144.1466,5072.5310,12.2557,289.4390,1675.3696,46056.8987,129.2803,3030.1949,150.4902,2875.9637,12.9310,219.1805,964.3939,20004.0084,171.9360,4979.7763,213.3086,5023.4293,18.2115,368.0084,1281.1496,31657.5415,224.7610,7374.1104,204.1684,6873.8652,23.7260,461.7227,1675.3696,46056.8987,0.3400,0.0220,2.4500,7.4387,22.5987,27.6904, NaN, NaN, NaN, NaN, NaN, NaN, NaN, NaN, NaN, NaN, NaN, NaN, NaN, NaN, NaN, NaN, NaN, NaN, NaN, NaN, NaN, NaN, NaN, NaN, NaN, NaN, NaN, NaN, NaN, NaN,
12/2013,97.0877,2991.3840,106.2283,3117.3961,9.1698,216.6149,677.8348,17913.9783,97.0877,2991.3840,60.7387,1829.1951,5.2791,148.4205,677.8348,17913.9783,51.9523,1329.6874,50.9196,1169.0037,4.4250,83.3291,362.8578,8267.8195,71.7552,2251.1520,74.4548,2208.4931,6.4492,152.5257,501.1677,13512.9041,97.0877,2991.3840,86.5379,2637.3407,9.1698,209.7880,677.8348,17913.9783,0.2800,0.0263,1.3333,6.9908,23.8492,32.1047, NaN, NaN, NaN, NaN, NaN, NaN, NaN, NaN, NaN, NaN, NaN, NaN, NaN, NaN, NaN, NaN, NaN, NaN, NaN, NaN, NaN, NaN, NaN, NaN, NaN, NaN, NaN, NaN, NaN, NaN,
01/2014,34.4736,1296.8381,31.5750,1315.6648,2.7504,83.1289,237.2680,7354.3687,34.4736,1296.8381,21.0577,793.6812,1.8691,65.4092,237.2680,7354.3687,17.3146,556.0272,14.1581,462.2564,1.2355,27.9700,119.0085,3280.8313,23.9414,986.5757,20.6744,975.2208,1.8031,58.8550,165.0970,5558.8745,34.4736,1296.8381,29.8409,1134.2392,2.7504,82.1406,237.2680,7354.3687,0.2850,0.0275,2.1500,6.6250,24.6850,34.8456, NaN, NaN, NaN, NaN, NaN, NaN, NaN, NaN, NaN, NaN, NaN, NaN, NaN, NaN, NaN, NaN, NaN, NaN, NaN, NaN, NaN, NaN, NaN, NaN, NaN, NaN, NaN, NaN, NaN, NaN,
02/2014,10.8259,651.1450,8.2623,686.2075,0.7205,38.6465,79.0073,3718.1335,10.8259,651.1450,6.4734,430.9780,0.5850,33.7008,79.0073,3718.1335,5.5296,259.3987,3.8180,217.1568,0.3315,10.5871,40.3012,1565.5608,6.6269,492.0480,4.7098,508.8417,0.4095,26.2854,48.1768,2735.4915,10.8259,651.1450,8.2623,591.3651,0.7205,38.5570,79.0073,3718.1335,0.2700,0.0215,2.8500,6.6325,24.5675,35.6869, NaN, NaN, NaN, NaN, NaN, NaN, NaN, NaN, NaN, NaN, NaN, NaN, NaN, NaN, NaN, NaN, NaN, NaN, NaN, NaN, NaN, NaN, NaN, NaN, NaN, NaN, NaN, NaN, NaN, NaN,
03/2014,22.9651,1083.9917,25.3717,1105.9305,2.1666,97.1563,137.1105,5382.9675,22.9651,1083.9917,14.2865,649.7602,1.2418,49.6692,137.1105,5382.9675,14.6362,599.0285,15.4964,513.5783,1.3275,51.4649,87.2182,3049.2374,12.2947,689.9299,11.7431,696.9044,1.0116,53.8685,73.5389,3383.2504,22.9651,1083.9917,19.3584,931.6316,2.0539,74.2864,137.1105,5382.9675,0.2650,0.0270,1.9500,6.7280,23.4870,37.0299, NaN, NaN, NaN, NaN, NaN, NaN, NaN, NaN, NaN, NaN, NaN, NaN, NaN, NaN, NaN, NaN, NaN, NaN, NaN, NaN, NaN, NaN, NaN, NaN, NaN, NaN, NaN, NaN, NaN, NaN,
04/2014,37.9037,2203.1914,46.9400,2300.2668,3.9788,278.5064,256.9976,11538.3890,37.9037,2203.1914,23.9583,1208.3698,2.0576,94.8331,256.9976,11538.3890,16.3642,987.6211,17.1417,864.0382,1.4720,107.8800,111.0862,5228.1118,23.4317,1529.5133,26.6344,1519.5940,2.2744,178.1898,158.7637,7949.5490,37.9037,2203.1914,33.1324,1844.4091,3.6389,179.0048,256.9976,11538.3890,0.1850,0.0170,1.4000,7.0250,21.2860,37.0251, NaN, NaN, NaN, NaN, NaN, NaN, NaN, NaN, NaN, NaN, NaN, NaN, NaN, NaN, NaN, NaN, NaN, NaN, NaN, NaN, NaN, NaN, NaN, NaN, NaN, NaN, NaN, NaN, NaN, NaN,
05/2014,270.7344,15589.6704,444.7777,25324.9432,36.6362,1928.5879,1825.2829,91155.3057,270.7344,15589.6704,176.7654,17709.3718,14.8218,737.1806,1825.2829,91155.3057,155.2954,7259.7514,233.2100,7440.5330,19.4185,951.4589,1043.2156,40130.0081,332.4586,21201.6182,575.8485,28654.3313,47.1184,2376.7113,2246.3024,125527.0935,270.7344,15589.6704,253.0119,21884.8939,28.5063,1331.9645,1825.2829,91155.3057,0.2850,0.0255,3.5500,7.6544,18.7244,35.7286, NaN, NaN, NaN, NaN, NaN, NaN, NaN, NaN, NaN, NaN, NaN, NaN, NaN, NaN, NaN, NaN, NaN, NaN, NaN, NaN, NaN, NaN, NaN, NaN, NaN, NaN, NaN, NaN, NaN, NaN,
06/2014,331.0762,27012.6058,531.4722,46239.6021,43.9399,2348.4108,2438.4570,205022.9920,331.0762,27012.6058,215.6057,32006.0424,18.1068,977.0534,2438.4570,205022.9920,163.6502,7444.0253,241.3602,8014.0356,20.1436,867.1317,1202.4073,52481.2478,347.6390,41211.2880,560.9910,75834.5194,46.3546,3520.3839,2560.5192,320916.7890,331.0762,27012.6058,308.5258,39494.5715,34.9340,1837.3544,2438.4570,205022.9920,0.3733,0.0193,3.2667,8.5090,14.9880,29.0736, NaN, NaN, NaN, NaN, NaN, NaN, NaN, NaN, NaN, NaN, NaN, NaN, NaN, NaN, NaN, NaN, NaN, NaN, NaN, NaN, NaN, NaN, NaN, NaN, NaN, NaN, NaN, NaN, NaN, NaN,
07/2014,790.8106,77637.6490,1365.9043,127454.2706,112.0046,4571.9044,6516.5656,685107.2824,790.8106,77637.6490,521.5161,97203.6045,43.4059,2059.3205,6516.5656,685107.2824,377.7408,14844.7469,575.5567,16865.6415,48.0208,1540.8057,3110.5261,123524.1988,937.4227,103030.6608,1681.3703,172817.4976,137.1033,7545.0653,7725.3801,914126.2401,790.8106,77637.6490,746.2697,113106.2427,85.3510,3682.5058,6516.5656,685107.2824,0.5200,0.0095,2.9500,8.6975,14.6200,23.3702, NaN, NaN, NaN, NaN, NaN, NaN, NaN, NaN, NaN, NaN, NaN, NaN, NaN, NaN, NaN, NaN, NaN, NaN, NaN, NaN, NaN, NaN, NaN, NaN, NaN, NaN, NaN, NaN, NaN, NaN,
08/2014,723.7814,49671.7315,1284.3588,75558.7936,102.5484,3806.3969,6205.8495,408351.8054,723.7814,49671.7315,479.3603,53505.8458,39.5513,1649.7684,6205.8495,408351.8054,386.1562,14559.8429,635.2363,18181.4364,52.3143,1604.8875,3306.8441,115390.8625,712.8346,47706.3043,1228.8659,62684.8920,98.9907,3296.6634,6115.8301,393803.3295,723.7814,49671.7315,684.8021,64421.8657,77.7049,2780.4318,6205.8495,408351.8054,0.5600,0.0120,5.8000,9.1200,16.1838,19.4626, NaN, NaN, NaN, NaN, NaN, NaN, NaN, NaN, NaN, NaN, NaN, NaN, NaN, NaN, NaN, NaN, NaN, NaN, NaN, NaN, NaN, NaN, NaN, NaN, NaN, NaN, NaN, NaN, NaN, NaN,
09/2014,656.4586,48877.3267,1104.5659,65186.0883,88.4256,4176.3157,5855.7476,413980.3181,656.4586,48877.3267,432.9375,43094.8286,35.7051,1731.5371,5855.7476,413980.3181,364.7117,15511.4698,544.6833,17765.5332,45.5339,1363.2524,3255.5127,128435.5893,584.1677,35491.9450,945.7429,43176.7889,76.7566,2638.5905,5207.7556,299320.2774,656.4586,48877.3267,617.4525,53847.5722,70.1828,2778.3844,5855.7476,413980.3181,0.3700,0.0190,8.2000,8.5536,17.4700,20.8582, NaN, NaN, NaN, NaN, NaN, NaN, NaN, NaN, NaN, NaN, NaN, NaN, NaN, NaN, NaN, NaN, NaN, NaN, NaN, NaN, NaN, NaN, NaN, NaN, NaN, NaN, NaN, NaN, NaN, NaN,
10/2014,427.6022,19135.3882,635.9095,22177.3343,52.9056,1319.0192,3914.2082,151655.6197,427.6022,19135.3882,278.7656,14415.5051,23.3498,652.1180,3914.2082,151655.6197,220.1126,5808.5856,284.6880,5646.2844,24.2191,486.3426,2015.6749,47100.3951,350.2138,13869.5674,496.7992,14234.6580,41.7312,959.4895,3208.5246,110517.1279,427.6022,19135.3882,395.4556,18575.4351,46.0063,1116.7760,3914.2082,151655.6197,0.3450,0.0175,2.3000,7.8838,19.1925,23.4072, NaN, NaN, NaN, NaN, NaN, NaN, NaN, NaN, NaN, NaN, NaN, NaN, NaN, NaN, NaN, NaN, NaN, NaN, NaN, NaN, NaN, NaN, NaN, NaN, NaN, NaN, NaN, NaN, NaN, NaN,
11/2014,214.9805,7428.3782,278.2760,8249.6137,23.6639,653.4224,1768.4782,51253.8099,214.9805,7428.3782,137.6642,4964.5546,11.7236,296.3344,1768.4782,51253.8099,104.7427,2674.0195,117.4142,2440.2467,10.1179,236.6370,867.3870,19515.1416,180.6451,6099.7882,226.2296,6038.4095,19.2990,533.0710,1486.0601,42382.7208,214.9805,7428.3782,195.1500,6895.1056,22.6190,521.9220,1768.4782,51253.8099,0.2850,0.0145,1.9000,7.5913,21.2375,28.0676, NaN, NaN, NaN, NaN, NaN, NaN, NaN, NaN, NaN, NaN, NaN, NaN, NaN, NaN, NaN, NaN, NaN, NaN, NaN, NaN, NaN, NaN, NaN, NaN, NaN, NaN, NaN, NaN, NaN, NaN,
12/2014,85.1645,2739.6662,91.4325,2869.4040,7.9023,181.9031,631.2859,19842.2436,85.1645,2739.6662,53.1217,1777.5693,4.6285,124.6384,631.2859,19842.2436,39.2256,988.4506,36.7675,856.4252,3.2014,58.3991,290.6088,7347.9709,69.8976,2315.9866,72.5181,2244.0611,6.2812,149.3131,517.8907,16918.7433,85.1645,2739.6662,75.7504,2460.2853,7.9023,178.0029,631.2859,19842.2436,0.2533,0.0197,1.7000,7.1438,22.6823,32.0584, NaN, NaN, NaN, NaN, NaN, NaN, NaN, NaN, NaN, NaN, NaN, NaN, NaN, NaN, NaN, NaN, NaN, NaN, NaN, NaN, NaN, NaN, NaN, NaN, NaN, NaN, NaN, NaN, NaN, NaN,
01/2015,28.7626,1389.5021,26.2218,1388.0866,2.2803,101.1764,211.6257,10119.8307,28.7626,1389.5021,17.5416,826.4703,1.5575,65.1999,211.6257,10119.8307,16.2432,757.6070,14.1452,655.1216,1.2284,53.7984,117.1055,5169.6714,23.4058,1239.0624,20.9214,1229.2647,1.8187,89.5655,171.1224,9012.8301,28.7626,1389.5021,24.5437,1196.2852,2.2803,92.7915,211.6257,10119.8307,0.2050,0.0245,2.7000,6.7344,24.1933,34.5153, NaN, NaN, NaN, NaN, NaN, NaN, NaN, NaN, NaN, NaN, NaN, NaN, NaN, NaN, NaN, NaN, NaN, NaN, NaN, NaN, NaN, NaN, NaN, NaN, NaN, NaN, NaN, NaN, NaN, NaN,
02/2015,39.0355,2464.9402,46.1378,2504.3584,3.9293,322.1050,240.1002,16034.4764,39.0355,2464.9402,24.6576,1316.2517,2.1252,102.5942,240.1002,16034.4764,16.6147,996.8054,16.6261,842.3276,1.4326,121.0292,101.8260,6381.8508,58.5619,3994.1078,82.0488,4370.0000,6.8770,587.8767,375.0587,26009.1155,39.0355,2464.9402,34.1369,2019.3586,3.6759,197.8757,240.1002,16034.4764,0.3050,0.0325,1.7500,6.6387,24.4037,35.7706, NaN, NaN, NaN, NaN, NaN, NaN, NaN, NaN, NaN, NaN, NaN, NaN, NaN, NaN, NaN, NaN, NaN, NaN, NaN, NaN, NaN, NaN, NaN, NaN, NaN, NaN, NaN, NaN, NaN, NaN,
03/2015,39.6317,2248.7587,46.1045,2166.7736,3.9337,255.1971,202.4719,13871.1687,39.6317,2248.7587,24.9764,1209.9035,2.1548,96.9960,202.4719,13871.1687,24.3994,1343.9952,27.1575,1095.3213,2.3258,150.1263,125.3814,8115.0088,23.6390,1491.5405,23.6682,1421.2159,2.0412,146.3835,119.5764,9339.4031,39.6317,2248.7587,34.5141,1774.7949,3.7290,166.6759,202.4719,13871.1687,0.2500,0.0305,1.6000,6.6640,23.4750,36.4365, NaN, NaN, NaN, NaN, NaN, NaN, NaN, NaN, NaN, NaN, NaN, NaN, NaN, NaN, NaN, NaN, NaN, NaN, NaN, NaN, NaN, NaN, NaN, NaN, NaN, NaN, NaN, NaN, NaN, NaN,
04/2015,92.2406,4412.7936,124.5556,4607.1376,10.5037,592.6075,640.6655,29553.5851,92.2406,4412.7936,59.2547,2328.0124,5.0407,179.4780,640.6655,29553.5851,36.3658,1818.8237,41.8162,1613.0799,3.5794,227.2738,251.9815,12121.8272,59.0544,3116.9750,72.9003,3083.9111,6.2013,385.9672,409.8856,21120.5580,92.2406,4412.7936,83.6692,3679.3748,9.3154,382.9463,640.6655,29553.5851,0.2650,0.0220,2.1000,7.1967,20.0533,36.1523,0.4535,0.0396,6.6272,7.4058,36.2280,0.4532,0.0397,6.6235,7.3777,36.3140,0.4422,0.0387,6.6078,7.2900,36.4971,0.4527,0.0396,6.6272,7.4041,36.2281, NaN, NaN, NaN, NaN, NaN, NaN, NaN, NaN, NaN, NaN,
05/2015,175.1242,7175.1312,291.1673,8718.4330,23.9050,894.8705,1410.7066,51854.7264,175.1242,7175.1312,114.3573,4013.2304,9.6048,281.9164,1410.7066,51854.7264,94.1501,3848.9040,146.9641,4224.0184,12.1769,485.0773,760.5903,27444.0580,205.1395,10329.1978,363.5258,12571.7601,29.6130,1148.5446,1655.8211,76014.9944,175.1242,7175.1312,164.0860,6548.0383,18.0112,602.2215,1410.7066,51854.7264,0.2600,0.0090,1.3000,7.7938,17.0796,35.1681,0.4075,0.0407,7.3281,7.1006,35.4300,0.4076,0.0408,7.3223,7.1255,35.5865,0.3993,0.0407,7.2552,7.0453,36.4525,0.4054,0.0405,7.3250,7.0666,35.4301, NaN, NaN, NaN, NaN, NaN, NaN, NaN, NaN, NaN, NaN,
06/2015,258.5779,11500.7904,409.9072,13819.7220,33.9265,1321.2106,2002.7515,78778.9061,258.5779,11500.7904,168.5177,6918.1327,14.1875,438.0281,2002.7515,78778.9061,128.9866,5279.3597,189.9411,5573.1633,15.8589,655.9599,1001.9280,35258.0506,258.1200,12762.5674,410.7106,14634.2627,33.9759,1341.3059,1999.4724,89741.8307,258.5779,11500.7904,241.3960,11058.9011,26.9410,978.2980,2002.7515,78778.9061,0.2500,0.0200,2.2333,8.2758,15.8295,33.1316,0.3808,0.0427,7.8326,6.2575,33.0657,0.3640,0.0402,7.7918,5.9060,33.2338,0.3768,0.0419,7.6739,5.9634,35.0690,0.3698,0.0412,7.8124,6.0419,33.0659, NaN, NaN, NaN, NaN, NaN, NaN, NaN, NaN, NaN, NaN,
07/2015,477.8611,18924.1488,771.9356,25742.4784,63.8985,2082.4191,3650.3675,136227.2109,477.8611,18924.1488,312.9269,12674.2830,26.2143,708.4601,3650.3675,136227.2109,221.5037,7351.8019,321.0301,7650.1845,26.8947,888.6621,1690.8858,51762.3923,541.4515,24422.4288,904.7499,33634.2456,74.5575,2527.6659,4135.6971,176353.9661,477.8611,18924.1488,446.8580,19461.9500,51.3863,1556.0422,3650.3675,136227.2109,0.2450,0.0170,3.6000,8.7300,14.6362,30.8263,0.3678,0.0462,8.1973,6.6477,29.4219,0.3219,0.0390,8.1072,5.6448,29.5408,0.3442,0.0430,7.8908,5.3548,32.9965,0.3447,0.0429,8.1525,6.1630,29.4227, NaN, NaN, NaN, NaN, NaN, NaN, NaN, NaN, NaN, NaN,
08/2015,617.6822,54000.5702,1010.2347,89767.2666,83.0152,3797.3090,4805.4664,442295.8488,617.6822,54000.5702,405.9021,70882.1804,33.8262,2141.6179,4805.4664,442295.8488,324.2851,13636.2442,484.5637,14636.7177,40.5183,1291.0507,2525.0685,107736.9834,582.5952,63810.6941,927.9241,111027.5439,76.8207,4504.7657,4531.0142,525258.3758,617.6822,54000.5702,579.0385,80526.5300,66.5697,3244.7243,4805.4664,442295.8488,0.4850,0.0155,3.7000,8.5842,15.4924,25.7611,0.3627,0.0400,8.4001,5.1759,26.3737,0.2813,0.0292,8.3327,4.0643,26.4194,0.2920,0.0386,8.0907,4.1441,31.5921,0.3193,0.0351,8.3685,4.6722,26.3749, NaN, NaN, NaN, NaN, NaN, NaN, NaN, NaN, NaN, NaN,
09/2015,455.3453,22481.9366,692.7323,29569.5926,57.5057,1781.6624,3922.9551,173378.0689,455.3453,22481.9366,297.3391,19235.9290,24.8856,844.6226,3922.9551,173378.0689,218.7130,7261.3757,292.8097,7500.7081,24.7977,712.2038,1881.2900,57647.0648,385.3440,17818.3152,564.1391,19693.7457,47.2379,1314.9704,3315.2338,139135.1999,455.3453,22481.9366,422.3479,24764.0349,49.0217,1457.6208,3922.9551,173378.0689,0.4200,0.0150,2.8000,8.3933,17.3551,26.3282,0.5437,0.0417,8.3753,9.8309,23.4883,0.4161,0.0286,8.2480,7.1188,23.5257,0.3186,0.0360,7.9751,5.1590,29.3535,0.4734,0.0367,8.3057,8.3825,23.4922, NaN, NaN, NaN, NaN, NaN, NaN, NaN, NaN, NaN, NaN,
10/2015,248.1322,7680.1133,331.2949,8566.4335,28.0792,633.7152,2175.3189,52240.8781,248.1322,7680.1133,159.5697,5134.3288,13.5586,308.2221,2175.3189,52240.8781,112.7347,2859.8314,129.6957,2671.0172,11.1464,242.0792,989.2065,20574.3763,199.8173,5474.8742,254.5041,5668.8450,21.6771,476.5420,1753.9468,38076.0804,248.1322,7680.1133,226.3666,7147.4758,26.3506,540.0545,2175.3189,52240.8781,0.2950,0.0155,1.4000,7.5000,20.7504,30.1718,0.4649,0.0315,7.6774,7.7868,26.7442,0.3899,0.0239,7.6097,6.6728,26.7851,0.3441,0.0297,7.4719,5.8104,30.3280,0.4257,0.0286,7.6419,7.1973,26.7482, NaN, NaN, NaN, NaN, NaN, NaN, NaN, NaN, NaN, NaN,
11/2015,199.8778,4700.4106,289.2604,5115.9868,24.1555,411.0074,1507.6538,28622.9465,199.8778,4700.4106,128.7018,2886.4148,10.9230,198.2854,1507.6538,28622.9465,73.5523,1579.0550,87.9710,1431.4488,7.4902,129.6560,554.7637,10063.6634,159.5462,3776.0688,223.5444,3848.4976,18.7271,326.1347,1203.0907,22703.7122,199.8778,4700.4106,183.9468,4187.3313,20.6297,346.9253,1507.6538,28622.9465,0.2933,0.0237,1.5000,7.2440,22.6150,30.7730,0.3786,0.0285,7.1710,6.6312,29.4947,0.3370,0.0247,7.1235,6.1022,29.5407,0.3177,0.0289,7.0289,5.8782,31.7260,0.3570,0.0272,7.1463,6.3428,29.4974, NaN, NaN, NaN, NaN, NaN, NaN, NaN, NaN, NaN, NaN,
12/2015,89.1994,2830.3690,106.7820,2833.4479,9.1110,276.4324,697.9884,16835.2933,89.1994,2830.3690,56.4096,1575.7591,4.8672,122.0705,697.9884,16835.2933,41.3510,1550.7245,45.9253,1346.6093,3.9343,146.3264,323.9667,9042.9387,79.2634,4482.7862,96.8068,5397.0229,8.2336,344.9170,620.6992,24356.0320,89.1994,2830.3690,80.3646,2360.2225,8.4981,208.8426,697.9884,16835.2933,0.3100,0.0275,1.1000,6.9700,22.3969,34.0214,0.3352,0.0276,6.9513,5.6728,32.2283,0.3142,0.0258,6.9324,5.4601,32.2851,0.3106,0.0290,6.8592,5.5587,33.4559,0.3249,0.0271,6.9434,5.5695,32.2292, NaN, NaN, NaN, NaN, NaN, NaN, NaN, NaN, NaN, NaN,
01/2016,35.9942,2323.6675,36.5943,2386.1976,3.1554,268.4384,245.9857,11034.5014,35.9942,2323.6675,22.1491,1526.6760,1.9444,91.5210,245.9857,11034.5014,22.0925,2476.5264,22.5641,2271.4323,1.9403,231.2184,149.9477,12566.7998,30.6634,7101.1642,31.1414,9141.9960,2.6825,421.5666,209.0493,40067.1258,35.9942,2323.6675,31.0195,2080.2836,3.0835,160.6141,245.9857,11034.5014,0.2700,0.0275,2.0500,6.4850,24.9188,35.8126,0.3682,0.0307,6.6837,5.8202,34.1747,0.3553,0.0296,6.6696,5.7339,34.2424,0.3505,0.0331,6.6252,6.0324,34.9339,0.3622,0.0303,6.6785,5.7804,34.1743, NaN, NaN, NaN, NaN, NaN, NaN, NaN, NaN, NaN, NaN,
02/2016,13.8931,2066.0141,12.1223,6871.0274,1.0515,430.4910,101.9757,12417.8724,13.8931,2066.0141,8.3989,6604.6713,0.7492,417.2061,101.9757,12417.8724,5.8838,304.6723,4.4554,249.2356,0.3866,14.0511,43.2110,1714.4341,15.5606,1188.1987,15.6962,1161.3478,1.3491,64.5073,116.0939,6532.5899,13.8931,2066.0141,11.0496,6774.3248,1.0515,425.4522,101.9757,12417.8724,0.3500,0.0405,1.7500,6.4425,24.2450,36.6858,0.3735,0.0351,6.7600,6.3544,35.2476,0.3652,0.0344,6.7498,6.3306,35.3625,0.3663,0.0384,6.7393,6.6342,35.9096,0.3690,0.0347,6.7555,6.3368,35.2470, NaN, NaN, NaN, NaN, NaN, NaN, NaN, NaN, NaN, NaN,
03/2016,43.0704,6831.5875,59.9222,27443.7584,5.0267,1312.8634,308.6499,38272.2289,43.0704,6831.5875,27.6764,26125.1004,2.3492,1008.9765,308.6499,38272.2289,27.9763,2208.6950,37.1936,1844.0757,3.1398,271.9406,200.4501,11021.8315,23.1293,3088.9382,27.3488,2821.6674,2.3282,232.6761,165.7562,16950.1096,43.0704,6831.5875,38.3711,26746.7796,4.3209,1094.2626,308.6499,38272.2289,0.2900,0.0340,1.6500,6.6733,23.8837,37.4678,0.4121,0.0433,6.7477,6.7053,36.0616,0.4042,0.0427,6.7396,6.6815,36.2101,0.4016,0.0472,6.7392,7.0068,36.7752,0.4082,0.0428,6.7437,6.6938,36.0610, NaN, NaN, NaN, NaN, NaN, NaN, NaN, NaN, NaN, NaN,
04/2016,133.9200,12760.4160,201.2744,29867.3802,16.7673,1431.8221,792.1624,73731.0427,133.9200,12760.4160,86.8933,26970.5648,7.3361,941.5227,792.1624,73731.0427,53.2483,3238.7126,67.2506,2703.5953,5.7068,280.1781,315.7461,17533.7246,81.7776,6592.2422,111.7725,5835.3975,9.4097,474.9094,484.5709,36783.0499,133.9200,12760.4160,123.4049,28633.3230,13.8861,1184.2194,792.1624,73731.0427,0.3150,0.0420,5.7000,7.0856,21.6913,36.6543,0.4170,0.0487,6.9915,6.5643,36.2631,0.4114,0.0483,6.9869,6.5487,36.4885,0.4098,0.0529,6.9978,6.8921,37.2018,0.4133,0.0482,6.9875,6.5475,36.2624, NaN, NaN, NaN, NaN, NaN, NaN, NaN, NaN, NaN, NaN,
05/2016,256.9018,24533.1158,399.2074,40297.4905,33.1582,1935.4233,1802.4775,168587.2948,256.9018,24533.1158,167.2819,33757.4282,14.0774,984.4512,1802.4775,168587.2948,129.4704,6526.0339,182.8566,6494.4347,15.3572,745.6106,909.8276,41890.0574,282.7008,22951.0800,462.4715,28140.8597,38.1730,1950.5040,1993.4938,156878.1054,256.9018,24533.1158,238.9664,37562.4981,26.9609,1497.7697,1802.4775,168587.2948,0.4700,0.0460,8.0000,7.6409,17.6485,33.0095, NaN, NaN, NaN, NaN, NaN, NaN, NaN, NaN, NaN, NaN, NaN, NaN, NaN, NaN, NaN, NaN, NaN, NaN, NaN, NaN, NaN, NaN, NaN, NaN, NaN, NaN, NaN, NaN, NaN, NaN,
06/2016,431.9309,31547.2666,693.3342,44832.1294,57.4482,2037.0586,3148.1117,255351.1695,431.9309,31547.2666,282.8600,36131.2474,23.7163,1002.4437,3148.1117,255351.1695,191.0477,6786.6163,275.9638,6585.5009,23.1315,732.5358,1391.0616,51126.3199,409.2768,32042.0880,655.1789,38845.5780,54.2946,2042.5280,2982.9889,261184.6999,431.9309,31547.2666,404.0030,41249.3820,46.3210,1616.7991,3148.1117,255351.1695,0.5200,0.0355,9.7500,8.8200,14.9987,27.7345, NaN, NaN, NaN, NaN, NaN, NaN, NaN, NaN, NaN, NaN, NaN, NaN, NaN, NaN, NaN, NaN, NaN, NaN, NaN, NaN, NaN, NaN, NaN, NaN, NaN, NaN, NaN, NaN, NaN, NaN,
07/2016,812.5488,96903.5011,1442.3763,199801.6583,118.0092,9796.5718,6207.7860,878660.4219,812.5488,96903.5011,537.6838,160952.0464,44.7105,4253.5299,6207.7860,878660.4219,336.3811,14384.0534,526.5101,15359.8113,43.7381,1367.5390,2588.0528,119327.0170,879.5174,127281.7152,1606.6113,284744.2381,130.8798,12532.3654,6726.6938,1167185.5384,812.5488,96903.5011,770.7463,176587.1299,87.9084,5899.4244,6207.7860,878660.4219,0.8200,0.0435,10.4500,8.8156,13.8267,20.4961, NaN, NaN, NaN, NaN, NaN, NaN, NaN, NaN, NaN, NaN, NaN, NaN, NaN, NaN, NaN, NaN, NaN, NaN, NaN, NaN, NaN, NaN, NaN, NaN, NaN, NaN, NaN, NaN, NaN, NaN,
08/2016,935.3750,102537.2909,1659.3359,173867.3620,133.2880,12765.5980,7405.0548,900962.2269,935.3750,102537.2909,619.7943,122079.8643,51.1568,3203.7327,7405.0548,900962.2269,500.5930,24325.3930,797.1315,29542.1264,66.1587,2222.4470,3985.6272,205512.3730,845.5882,77944.6714,1452.8731,118065.8960,117.8865,8566.8610,6681.8816,679603.7239,935.3750,102537.2909,887.3183,139700.1900,100.5110,5021.9487,7405.0548,900962.2269,0.5900,0.0235,11.0000,9.3338,14.3087,15.9443, NaN, NaN, NaN, NaN, NaN, NaN, NaN, NaN, NaN, NaN, NaN, NaN, NaN, NaN, NaN, NaN, NaN, NaN, NaN, NaN, NaN, NaN, NaN, NaN, NaN, NaN, NaN, NaN, NaN, NaN,
09/2016,774.2477,59488.8883,1329.3104,83399.4717,106.1478,4531.6631,6848.4568,532124.9125,774.2477,59488.8883,511.8655,60685.4616,42.1714,1619.7467,6848.4568,532124.9125,447.5174,17209.0742,681.7249,18607.1576,56.9572,1313.2294,3965.3371,151103.1584,658.0742,40365.1728,1077.5760,50000.4994,87.7029,2967.5885,5814.2995,360014.6863,774.2477,59488.8883,731.6891,70696.8407,82.8632,2651.5577,6848.4568,532124.9125,0.7050,0.0330,15.3000,9.5800,15.3588,15.7068, NaN, NaN, NaN, NaN, NaN, NaN, NaN, NaN, NaN, NaN, NaN, NaN, NaN, NaN, NaN, NaN, NaN, NaN, NaN, NaN, NaN, NaN, NaN, NaN, NaN, NaN, NaN, NaN, NaN, NaN,
10/2016,582.7594,28794.5971,928.3412,35110.0903,75.4294,2471.7938,5483.5712,233710.5551,582.7594,28794.5971,382.7179,21733.3299,31.7553,973.6919,5483.5712,233710.5551,310.7290,8089.8134,428.9724,8175.1009,36.2705,667.4794,2923.6323,68838.1742,460.5466,17989.0416,693.0137,19789.4990,57.4145,1290.4062,4331.8697,149053.1426,582.7594,28794.5971,544.6263,27971.5445,62.4797,1654.3360,5483.5712,233710.5551,0.4067,0.0213,2.9000,8.3490,17.5460,21.6454, NaN, NaN, NaN, NaN, NaN, NaN, NaN, NaN, NaN, NaN, NaN, NaN, NaN, NaN, NaN, NaN, NaN, NaN, NaN, NaN, NaN, NaN, NaN, NaN, NaN, NaN, NaN, NaN, NaN, NaN,
11/2016,204.9754,7026.7651,262.5353,7989.4437,22.3525,514.8295,1619.9501,45406.2331,204.9754,7026.7651,131.2054,5074.4498,11.1813,280.7828,1619.9501,45406.2331,108.8294,2419.4592,123.2097,2255.7259,10.6103,183.3530,863.2028,16808.0642,161.7062,4830.7882,198.3535,4915.1152,16.9553,382.1540,1276.3571,31918.1926,204.9754,7026.7651,185.9296,6760.7471,21.5618,457.6544,1619.9501,45406.2331,0.2700,0.0170,1.6000,7.4763,21.6175,28.1529, NaN, NaN, NaN, NaN, NaN, NaN, NaN, NaN, NaN, NaN, NaN, NaN, NaN, NaN, NaN, NaN, NaN, NaN, NaN, NaN, NaN, NaN, NaN, NaN, NaN, NaN, NaN, NaN, NaN, NaN,
12/2016,93.5021,3211.1165,104.3582,3299.2911,8.9816,276.0775,688.8003,18013.9371,93.5021,3211.1165,58.5881,1986.9395,5.0855,143.9713,688.8003,18013.9371,49.7146,1590.7622,50.2863,1351.7074,4.3527,132.3402,365.9056,8901.3660,76.4035,3136.9766,83.9429,2991.1168,7.2238,256.5017,561.8209,16580.9786,93.5021,3211.1165,83.5040,2794.3918,8.7732,220.4486,688.8003,18013.9371,0.2500,0.0250,1.4000,7.0033,22.7665,31.9933, NaN, NaN, NaN, NaN, NaN, NaN, NaN, NaN, NaN, NaN, NaN, NaN, NaN, NaN, NaN, NaN, NaN, NaN, NaN, NaN, NaN, NaN, NaN, NaN, NaN, NaN, NaN, NaN, NaN, NaN,
01/2017,39.3811,3184.1165,39.5894,3351.1558,3.4201,471.2609,265.1763,13348.0614,39.3811,3184.1165,24.2978,1657.1342,2.1346,127.7646,265.1763,13348.0614,24.1142,4636.0512,23.9167,7539.0555,2.0613,545.6564,163.8989,23226.1221,31.5792,3310.1654,31.4762,3418.1294,2.7164,458.7018,213.6206,14261.2217,39.3811,3184.1165,34.4083,2612.2038,3.3594,264.6258,265.1763,13348.0614,0.2167,0.0303,2.0000,6.7260,23.8818,34.7249, NaN, NaN, NaN, NaN, NaN, NaN, NaN, NaN, NaN, NaN, NaN, NaN, NaN, NaN, NaN, NaN, NaN, NaN, NaN, NaN, NaN, NaN, NaN, NaN, NaN, NaN, NaN, NaN, NaN, NaN,
02/2017,276.7997,256485.0355,537.7451,939934.3003,43.1909,45305.9884,1997.7294,1765254.3768,276.7997,256485.0355,183.5968,932635.6384,15.2471,44416.7393,1997.7294,1765254.3768,93.5539,27189.1210,155.2730,60923.6036,12.7429,2226.7158,678.2417,176795.3062,595.0282,588428.0122,1340.2151,2840256.3472,105.4015,115117.0929,4288.5260,4034628.3618,276.7997,256485.0355,264.0579,935990.8201,29.0284,44864.9925,1997.7294,1765254.3768,2.6250,0.0938,11.5000,6.4370,24.7910,11.3218, NaN, NaN, NaN, NaN, NaN, NaN, NaN, NaN, NaN, NaN, NaN, NaN, NaN, NaN, NaN, NaN, NaN, NaN, NaN, NaN, NaN, NaN, NaN, NaN, NaN, NaN, NaN, NaN, NaN, NaN,
03/2017,108.8986,33705.9619,132.0401,104298.2704,11.2637,3633.6245,764.9930,225628.7064,108.8986,33705.9619,68.9220,102577.6963,5.9349,3423.5669,764.9930,225628.7064,47.0534,3094.4506,52.8272,2714.4927,4.5252,203.7240,329.4040,17964.9203,126.6883,19389.0672,147.6400,37373.5453,12.6725,1318.9995,892.4359,130407.9829,108.8986,33705.9619,98.1718,103611.3366,10.5832,3544.8416,764.9930,225628.7064,1.4667,0.0720,32.6667,8.2250,22.8136,17.5998, NaN, NaN, NaN, NaN, NaN, NaN, NaN, NaN, NaN, NaN, NaN, NaN, NaN, NaN, NaN, NaN, NaN, NaN, NaN, NaN, NaN, NaN, NaN, NaN, NaN, NaN, NaN, NaN, NaN, NaN,
04/2017,46.6733,3702.6806,44.5118,6538.2329,3.8753,195.7771,319.9518,22236.5688,46.6733,3702.6806,28.6700,5813.9203,2.5347,162.3562,319.9518,22236.5688,11.8541,610.7184,9.0212,540.6992,0.7873,28.0848,81.1966,3557.4004,73.7424,2396.3299,76.2418,2459.9897,6.6100,161.3006,505.6200,14167.0023,46.6733,3702.6806,41.0902,6245.1117,3.8753,194.6602,319.9518,22236.5688,0.6700,0.0650,20.1000,8.1438,20.8305,29.6982, NaN, NaN, NaN, NaN, NaN, NaN, NaN, NaN, NaN, NaN, NaN, NaN, NaN, NaN, NaN, NaN, NaN, NaN, NaN, NaN,1.3080,0.0772,6.8819,15.8380,27.5046,1.3184,0.0777,6.7927,15.8839,28.0181,
05/2017,202.0723,9130.5619,286.5346,11433.8293,24.0725,899.1886,1481.4261,57328.5103,202.0723,9130.5619,130.4273,7722.3380,11.0530,332.7999,1481.4261,57328.5103,95.6534,3689.2973,123.7423,3439.2706,10.4915,448.6531,686.7881,21711.6460,304.0848,10715.8723,461.0338,11700.5049,38.4496,1180.3605,2247.6374,67224.3878,202.0723,9130.5619,185.7020,9899.4189,20.8968,643.2501,1481.4261,57328.5103,0.3600,0.0327,4.7667,7.6920,18.8076,32.6806, NaN, NaN, NaN, NaN, NaN, NaN, NaN, NaN, NaN, NaN, NaN, NaN, NaN, NaN, NaN, NaN, NaN, NaN, NaN, NaN,0.6307,0.0505,7.2573,10.5366,30.8820,0.6339,0.0517,7.2179,10.3976,31.1018,
06/2017,205.5802,10144.5264,319.2599,13004.2946,26.4268,922.5263,1486.4023,73648.1054,205.5802,10144.5264,133.7258,8018.8376,11.3030,346.2608,1486.4023,73648.1054,88.3440,3629.8541,131.2684,4041.7884,10.9137,428.7733,621.9531,23985.6370,280.3075,10887.8515,437.0252,12786.4688,36.2102,1066.4185,2063.3149,77551.7586,205.5802,10144.5264,191.7776,10700.2091,21.1091,702.0555,1486.4023,73648.1054,0.2750,0.0175,2.6500,8.3850,16.1886,32.2116, NaN, NaN, NaN, NaN, NaN, NaN, NaN, NaN, NaN, NaN, NaN, NaN, NaN, NaN, NaN, NaN, NaN, NaN, NaN, NaN,0.4693,0.0412,7.7199,6.7477,30.2858,0.4674,0.0443,7.7401,6.9999,29.7581,
07/2017,855.1354,44463.4272,1499.2790,57850.6407,122.0577,3664.6929,6510.1110,344188.5058,855.1354,44463.4272,567.1300,37425.5730,47.0527,1417.8093,6510.1110,344188.5058,388.6272,12906.8122,591.3321,13290.5710,49.3686,1529.2475,2937.3688,94253.7676,1151.1418,62858.1341,2166.7242,88033.4405,171.1420,6094.2678,8767.6923,487108.3247,855.1354,44463.4272,812.3521,49449.4193,92.4654,2720.6443,6510.1110,344188.5058,0.3200,0.0160,5.5000,8.8130,14.6986,27.5095, NaN, NaN, NaN, NaN, NaN, NaN, NaN, NaN, NaN, NaN, NaN, NaN, NaN, NaN, NaN, NaN, NaN, NaN, NaN, NaN,0.3902,0.0343,7.9726,3.6733,28.7302,0.4045,0.0376,7.9886,3.7592,27.7243,
08/2017,1098.6365,153019.6877,2109.1346,293432.7435,161.9490,17110.9086,9801.5838,1343764.7562,1098.6365,153019.6877,735.1684,229521.8017,59.7558,6650.1699,9801.5838,1343764.7562,654.0826,33242.0803,1111.8644,41629.6536,91.4924,2750.4846,5839.1776,284347.2518,1073.3645,113992.8941,2045.4006,208902.3671,155.4472,16273.6818,9568.1401,988240.5781,1098.6365,153019.6877,1054.8059,251949.1960,117.1059,8745.3669,9801.5838,1343764.7562,0.9900,0.0455,11.9500,9.3750,15.5595,10.7807, NaN, NaN, NaN, NaN, NaN, NaN, NaN, NaN, NaN, NaN, NaN, NaN, NaN, NaN, NaN, NaN, NaN, NaN, NaN, NaN,0.6740,0.0436,8.8460,2.0356,17.3356,0.8033,0.0627,8.8718,1.7642,15.6051,
09/2017,673.8595,51996.6086,1113.1832,72810.3067,90.3010,3373.4881,5194.5895,414097.4762,673.8595,51996.6086,443.7456,54644.0102,36.7715,1271.2821,5194.5895,414097.4762,397.3795,14294.7850,588.8306,14751.9859,49.3607,1271.8251,3066.5114,108367.3675,621.1642,31394.8483,1001.3974,36565.7061,81.5584,2282.2425,4783.2700,245913.0968,673.8595,51996.6086,633.0131,62865.8937,72.3223,2199.2526,5194.5895,414097.4762,0.8400,0.0275,17.6500,9.9100,17.4297,14.6347, NaN, NaN, NaN, NaN, NaN, NaN, NaN, NaN, NaN, NaN, NaN, NaN, NaN, NaN, NaN, NaN, NaN, NaN, NaN, NaN,1.0430,0.0500,8.1691,1.5645,14.0733,0.8002,0.0584,7.9794,1.8258,17.2150,
10/2017,476.0726,24547.3373,720.5039,28834.4260,59.9566,1435.7726,4039.9821,183137.7048,476.0726,24547.3373,310.9808,20683.3788,26.0314,714.8011,4039.9821,183137.7048,251.8301,6366.5309,333.7617,6304.5618,28.3287,525.7284,2135.6930,49240.6770,411.6614,14249.7706,600.7544,15186.6059,50.3065,1065.3124,3490.7888,108471.3439,476.0726,24547.3373,441.4997,24942.6229,51.2816,1187.6821,4039.9821,183137.7048,0.4300,0.0157,1.2000,8.4400,19.0666,21.0710, NaN, NaN, NaN, NaN, NaN, NaN, NaN, NaN, NaN, NaN, NaN, NaN, NaN, NaN, NaN, NaN, NaN, NaN, NaN, NaN,0.6134,0.0392,7.9455,2.5774,19.4946,0.4664,0.0388,7.8436,3.4389,22.6083,
11/2017,158.4662,5900.9213,190.5023,6619.6711,16.3242,347.4287,1382.9587,41624.9099,158.4662,5900.9213,100.6502,4556.7561,8.6374,221.4310,1382.9587,41624.9099,83.0650,1848.8045,88.7240,1712.6225,7.6749,123.9866,724.9028,14208.7031,137.3501,4012.7184,160.7557,4144.2457,13.8072,287.0290,1198.8085,29432.5562,158.4662,5900.9213,142.7764,5765.7711,16.2166,331.9592,1382.9587,41624.9099,0.2850,0.0175,2.4000,7.2611,23.0152,28.7113, NaN, NaN, NaN, NaN, NaN, NaN, NaN, NaN, NaN, NaN, NaN, NaN, NaN, NaN, NaN, NaN, NaN, NaN, NaN, NaN,0.3772,0.0327,7.3817,6.5283,26.0585,0.3236,0.0322,7.2557,5.3586,28.0783,
12/2017,101.0448,4862.3414,115.5061,5278.8139,9.9212,482.3913,830.7993,31307.7058,101.0448,4862.3414,63.5393,3060.9371,5.4945,197.2679,830.7993,31307.7058,54.5789,2481.3821,56.8515,2276.0106,4.9117,269.3814,449.2555,16270.7940,96.8544,4791.7699,111.5328,5001.5600,9.5685,519.8977,796.4892,31151.8982,101.0448,4862.3414,90.4070,4368.1118,9.6833,350.2810,830.7993,31307.7058,0.2300,0.0250,0.6000,7.0100,22.9375,32.2638, NaN, NaN, NaN, NaN, NaN, NaN, NaN, NaN, NaN, NaN, NaN, NaN, NaN, NaN, NaN, NaN, NaN, NaN, NaN, NaN,0.2897,0.0305,6.9056,4.5931,31.1171,0.2724,0.0311,6.8384,4.3557,31.6945,
01/2018,343.1981,18172.9440,727.7674,34741.2685,57.5667,1799.9749,2404.9028,93298.5860,343.1981,18172.9440,229.7680,25179.2754,18.9368,780.1963,2404.9028,93298.5860,272.6957,10294.4563,587.6525,14566.9635,46.4221,1237.0539,1909.1266,56989.1350,334.0483,29125.3363,709.8256,63897.3158,56.1405,2926.8101,2340.4463,137080.0055,343.1981,18172.9440,329.0413,29792.6709,36.2830,1330.5197,2404.9028,93298.5860,0.3000,0.0297,2.0000,6.5560,24.4441,32.5690, NaN, NaN, NaN, NaN, NaN, NaN, NaN, NaN, NaN, NaN, NaN, NaN, NaN, NaN, NaN, NaN, NaN, NaN, NaN, NaN,0.2480,0.0309,6.5739,4.0642,33.1194,0.2417,0.0323,6.5355,3.9970,33.3283,
02/2018,51.4598,2755.1405,50.6476,4354.8801,4.4011,137.8317,377.3404,15635.4515,51.4598,2755.1405,31.7175,3646.5752,2.7924,109.3781,377.3404,15635.4515,32.1408,874.7482,29.1969,770.3149,2.5461,48.2288,235.6589,5743.3081,43.3901,1917.0173,41.5241,1862.7324,3.6126,111.0714,317.9804,11551.1574,51.4598,2755.1405,45.3918,4105.5819,4.4011,135.3711,377.3404,15635.4515,0.2700,0.0270,1.8000,6.7850,24.7181,33.2462, NaN, NaN, NaN, NaN, NaN, NaN, NaN, NaN, NaN, NaN, NaN, NaN, NaN, NaN, NaN, NaN, NaN, NaN, NaN, NaN,0.3482,0.0407,6.8026,5.8250,32.3809,0.4422,0.0455,6.8648,7.5868,31.9566,
03/2018,35.7869,2228.6016,32.6268,3589.6246,2.8434,116.3077,283.1811,14308.9594,35.7869,2228.6016,21.8210,3015.1571,1.9381,90.8957,283.1811,14308.9594,20.5805,717.9494,17.1638,604.2319,1.4983,40.2331,162.8049,5024.1461,28.9008,1277.6141,25.3307,1318.1514,2.2101,85.2799,228.7425,8871.9574,35.7869,2228.6016,31.2987,3381.2217,2.8434,112.0822,283.1811,14308.9594,0.2550,0.0235,2.0500,6.7500,22.9816,35.1368, NaN, NaN, NaN, NaN, NaN, NaN, NaN, NaN, NaN, NaN, NaN, NaN, NaN, NaN, NaN, NaN, NaN, NaN, NaN, NaN,0.3305,0.0394,6.7376,4.9918,33.9367,0.3704,0.0412,6.7455,5.6610,33.8601,
04/2018,78.9350,2641.7146,98.5806,2772.4446,8.3672,264.1387,630.0549,18139.0786,78.9350,2641.7146,50.0854,1638.1537,4.3009,114.9114,630.0549,18139.0786,35.0352,1114.3958,36.8624,964.7009,3.1727,100.0095,279.8024,7701.3202,55.8835,1952.0352,63.5761,1969.7520,5.4426,189.8293,446.3920,13539.0241,78.9350,2641.7146,71.3415,2315.7077,7.6185,194.7601,630.0549,18139.0786,0.2267,0.0183,2.3000,6.7210,21.4541,35.6296, NaN, NaN, NaN, NaN, NaN, NaN, NaN, NaN, NaN, NaN, NaN, NaN, NaN, NaN, NaN, NaN, NaN, NaN, NaN, NaN,0.3318,0.0389,6.8184,4.4839,34.6407,0.3469,0.0395,6.7879,4.6354,34.7056,
