station_id,record_datetime,air_temp_min,air_temp_max,air_temp_ave,humidity_min,humidity_max,humidity_ave,rain,dewpoint_min,dewpoint_max,dewpoint_ave,evaporation,eto_std,eto_tall,total_solar,soil_temp_min,soil_temp_max,soil_temp_ave,wind_speed_max,wind_speed_ave,wind_direction_max_deg,wind_direction_max_comp,wet_bulb_degc_min,wet_bulb_degc_max,wet_bulb_degc_ave,delta_t_degc_min,delta_t_degc_max,delta_t_degc_ave,number_recordings
SP,"2009-02-01 00:00:00",24.7,26.1,25.6,74.8,80.1,76.8,0,20.9,21.4,21.2,0,0,.01,.2,26.5,26.9,26.7,5.76,2.47,132,SE,22.4,23.1,22.9,2.3,3,2.7,60
SP,"2009-02-01 01:00:00",24.3,25,24.5,79.8,82.4,81.4,0,21,21.3,21.1,0,0,0,0,26.1,26.5,26.2,4.32,1.79,65,ENE,22.3,22.7,22.5,2,2.3,2.1,60
SP,"2009-02-01 02:00:00",24.2,25.3,25,78.6,82.1,79.6,0,20.9,21.3,21.2,0,0,.01,.7,25.7,26,25.9,5.4,2.56,5,N,22.2,22.8,22.6,2,2.5,2.3,60
SP,"2009-02-01 03:00:00",22.7,24.1,23.3,81.9,88.8,86.5,0,20.6,21.2,20.9,0,-.01,0,-.5,25.3,25.8,25.5,2.52,1.18,325,NW,21.5,22.1,21.9,1.2,2,1.4,60
SP,"2009-02-01 04:00:00",21.7,22.6,22.2,88.7,95,92.2,0,20.6,21.1,20.9,0,-.01,-.01,.5,21.6,25.3,24.7,1.44,1.13,14,NNE,21.1,21.6,21.4,.5,1.2,.8,60
SP,"2009-02-01 05:00:00",21.1,21.7,21.4,94.9,97.9,96.4,0,20.6,21.2,20.8,0,-.01,-.01,.4,21.3,23,22.1,2.88,1.13,,,20.8,21.3,21,.2,.5,.4,60
SP,"2009-02-01 06:00:00",20.9,21.5,21.1,96.7,98.8,98,0,20.6,21.1,20.8,0,-.01,-.01,13.8,23,23.6,23.4,1.44,1.1,234,SW,20.7,21.3,20.9,.1,.3,.2,60
SP,"2009-02-01 07:00:00",20.9,22.8,21.7,95.2,99.4,97.9,0,20.7,22,21.4,0,.03,.03,112.7,23.6,24,23.8,2.88,1.2,148,SSE,20.8,22.3,21.5,.1,.5,.2,60
SP,"2009-02-01 08:00:00",22.9,27.9,25,71.4,95.2,84.2,0,22,22.2,22.1,.1,.15,.16,739.3,24.1,25.1,24.4,7.2,3.17,61,ENE,22.4,24.3,23.2,.5,3.6,1.8,60
SP,"2009-02-01 09:00:00",28,30.2,29.2,62.1,71.3,66.2,0,21.9,22.9,22.2,.5,.42,.46,1985.8,25.2,27.8,26.5,9.72,5.39,37,NE,24.3,25.3,24.7,3.6,5.3,4.5,60
SP,"2009-02-01 10:00:00",30.2,32.8,31.7,52.4,63.6,57.8,0,21.5,23.3,22.3,.7,.59,.62,2683.8,27.8,30.1,29,8.64,4.4,31,NNE,24.9,26.4,25.5,5.1,7.3,6.2,60
SP,"2009-02-01 11:00:00",31.1,33.7,32.6,47.6,58.1,53.5,0,20.9,23.3,21.9,.7,.59,.64,2622.9,30.1,31.8,31.1,8.64,4.73,291,WNW,25,26.5,25.5,6.1,8.5,7.1,60
SP,"2009-02-01 12:00:00",30.9,33.8,32.8,49.5,60.4,53.6,0,21.3,23.4,22.1,.9,.72,.78,3221.2,30.9,32.9,31.9,11.88,6.34,290,WNW,24.9,26.6,25.6,5.7,8.1,7.2,58
SP,"2009-02-01 13:00:00",32.4,34.6,33.6,48.1,56.2,52.1,0,21.4,23.6,22.4,1.1,.86,.95,3811.9,32.8,34.5,33.6,18.72,9.44,320,NW,25.3,26.9,26,6.6,8.5,7.6,60
SP,"2009-02-01 14:00:00",34.3,35.6,34.9,44.9,52.4,48.2,0,21.5,23.6,22.3,1,.83,.92,3626.5,34.5,35.6,35.1,12.6,7.72,261,W,25.8,27.1,26.3,7.7,9.5,8.6,60
SP,"2009-02-01 15:00:00",33.9,35.8,35.2,43.7,51,46.8,0,21.1,23,22.1,1,.77,.86,3298.3,35.6,35.9,35.8,15.12,8.14,4,N,25.6,26.9,26.3,7.9,9.7,9,60
SP,"2009-02-01 16:00:00",32.4,34,33.3,49.1,56.2,52.1,0,21.3,22.8,22.1,.8,.63,.71,2743,35.4,35.9,35.7,14.4,8.2,273,W,25.1,26.3,25.7,6.6,8.2,7.5,60
SP,"2009-02-01 17:00:00",30.7,32.8,31.7,51.2,58.7,55,0,20.8,22.3,21.5,.6,.46,.54,2033.8,34.2,35.4,34.8,12.96,8.5,237,WSW,24.5,25.6,25,5.9,7.5,6.7,60
SP,"2009-02-01 18:00:00",29.6,31,30.2,57,62.5,60.1,0,20.9,22.2,21.6,.3,.27,.33,1248.9,32.5,34.2,33.4,14.04,6.85,237,WSW,24.1,25.1,24.6,5.1,6.2,5.6,60
SP,"2009-02-01 19:00:00",26.6,29.9,27.8,61.7,74.6,70,0,21.5,22,21.8,0,.07,.11,271.1,30.6,32.5,31.5,11.16,5.5,235,SW,23.5,24.6,24,3.1,5.3,3.8,60
SP,"2009-02-01 20:00:00",25.3,26.6,25.8,74.1,79.8,77.7,0,21.4,21.8,21.6,0,.01,.02,14.1,29.3,30.5,29.9,8.64,4.57,230,SW,22.9,23.5,23.2,2.3,3.1,2.6,60
SP,"2009-02-01 21:00:00",25,25.4,25.3,79.2,81.6,80.1,0,21.5,21.7,21.6,0,0,.01,.2,28.5,29.3,28.9,6.48,3.4,246,WSW,22.8,23.1,23,2.1,2.4,2.3,60
SP,"2009-02-01 22:00:00",24.3,25,24.6,81.6,85.8,83.9,0,21.5,21.9,21.7,0,0,.01,.6,27.9,28.5,28.2,7.2,2.63,208,SSW,22.7,22.9,22.8,1.6,2.1,1.8,60
SP,"2009-02-01 23:00:00",23.7,24.3,24.1,86,88.6,87.2,0,21.6,21.9,21.8,0,-.01,0,.3,27.4,27.9,27.6,4.32,1.97,224,SW,22.4,22.8,22.7,1.2,1.5,1.4,60
SP,"2009-02-02 00:00:00",23.3,23.9,23.6,88.4,90.9,89.8,0,21.6,22,21.8,0,-.01,0,.3,26.9,27.4,27.1,3.96,1.54,260,W,22.3,22.7,22.5,1,1.2,1.1,60
SP,"2009-02-02 01:00:00",22.4,23.3,22.8,90.9,95.3,93.1,0,21.3,21.9,21.6,0,-.01,-.01,.1,26.4,26.9,26.7,2.88,1.17,275,W,21.8,22.4,22.1,.5,1,.7,60
SP,"2009-02-02 02:00:00",22.4,23,22.7,94.1,96.4,95.2,0,21.6,22.1,21.8,0,-.01,-.01,0,26,26.4,26.2,4.32,1.69,275,W,21.9,22.5,22.2,.4,.6,.5,60
SP,"2009-02-02 03:00:00",22.1,22.6,22.3,95.7,98.2,96.9,0,21.5,22,21.8,0,-.01,-.01,0,25.7,26,25.9,2.88,1.25,244,WSW,21.8,22.2,22,.2,.4,.3,60
SP,"2009-02-02 04:00:00",21.8,22.3,22,97.9,99.4,98.7,0,21.6,22.1,21.8,0,-.01,-.01,.3,25.4,25.7,25.5,3.96,1.56,270,W,21.7,22.2,21.9,.1,.2,.1,60
SP,"2009-02-02 05:00:00",21.4,22,21.6,99,100.4,99.7,0,21.3,22,21.6,0,-.01,-.01,.2,25.1,25.4,25.2,2.88,1.18,284,WNW,21.3,22,21.6,0,.1,0,60
SP,"2009-02-02 06:00:00",21.2,21.7,21.5,100,100.9,100.4,0,21.2,21.8,21.6,0,-.01,-.01,13.3,24.8,25.1,24.9,4.68,2.06,267,W,21.2,21.8,21.5,-.1,0,0,60
SP,"2009-02-02 07:00:00",21.7,23.2,22.2,97,100.5,99.1,0,21.7,22.7,22.1,0,.03,.03,115.3,24.7,24.9,24.8,2.88,1.6,250,WSW,21.7,22.9,22.1,0,.3,.1,60
SP,"2009-02-02 08:00:00",23.2,30,26.5,58.7,97.1,78.7,0,21,23,22.2,.1,.17,.18,736.7,24.9,25.7,25.1,10.44,4.46,105,ESE,22.9,24.3,23.7,.3,5.8,2.8,60
SP,"2009-02-02 09:00:00",30.1,33.5,31.6,47.4,58.6,53.5,0,20.6,21.8,21,.5,.46,.52,2004.2,25.7,28.3,26.9,12.6,5.82,114,ESE,24.2,25.4,24.6,5.8,8.5,7,60
SP,"2009-02-02 10:00:00",33.6,35,34.3,41.7,48.9,44.7,0,19.6,21.5,20.5,.8,.62,.68,2697.7,28.4,31.2,29.8,9,4.95,303,WNW,24.6,25.6,25,8.2,9.9,9.2,59
SP,"2009-02-02 11:00:00",34,37.1,35.9,33.6,50.6,40,0,18.2,22.5,20.1,.9,.76,.84,3246.7,31.2,33.9,32.6,12.96,5.92,294,WNW,24.3,26.6,25.2,7.9,12.5,10.7,60
SP,"2009-02-02 12:00:00",32,34.2,33.3,50.7,58.7,54,0,21.9,23.4,22.7,1,.8,.89,3571.7,33.9,35.9,34.9,12.96,9.1,335,NNW,25.3,26.6,26.1,6.2,8,7.1,60
SP,"2009-02-02 13:00:00",32.5,33.8,33.2,52.2,59.3,55,0,21.7,24,22.9,1,.82,.9,3688.3,35.9,37.5,36.8,14.4,8.46,278,W,25.4,26.9,26.2,6.1,7.5,7,60
SP,"2009-02-02 14:00:00",32.2,33.9,33.2,50.4,55.4,52.9,0,21.7,23.2,22.3,1,.81,.9,3590.8,37.6,38.4,38.1,16.2,9.57,288,WNW,25.3,26.6,25.9,6.7,7.9,7.3,59
SP,"2009-02-02 15:00:00",32.7,34.7,33.7,45.1,53.7,49.5,0,20.4,23,21.6,.9,.75,.85,3251.9,38.5,38.8,38.7,15.84,9.65,325,NW,24.8,26.4,25.6,7.1,9.1,8.1,60
SP,"2009-02-02 16:00:00",32.4,35.1,34,42.5,48.9,45.3,0,19.6,21.7,20.4,.8,.63,.71,2718.1,38.4,38.8,38.7,14.4,7.23,266,W,24.1,25.9,25,8.1,9.7,9,60
SP,"2009-02-02 17:00:00",30.7,33.5,32,47,58.3,52.6,0,20.3,21.7,21.1,.6,.45,.52,2018.5,37,38.4,37.8,12.96,7.06,282,WNW,24.4,25.3,24.8,6,8.6,7.2,60
SP,"2009-02-02 18:00:00",29,30.8,29.9,57.8,65,61.1,0,21,22.3,21.6,.3,.26,.32,1225.2,34.7,36.9,35.9,13.32,6.55,243,WSW,24.1,25,24.5,4.7,6,5.4,59
SP,"2009-02-02 19:00:00",28.8,30.2,29.3,57.8,62.2,60.5,0,20.6,21.5,20.9,.1,.08,.12,255.6,32.2,34.7,33.4,11.52,4.98,240,WSW,23.6,24.5,23.9,5.1,5.9,5.4,60
SP,"2009-02-02 20:00:00",26.4,28.8,27.9,59.9,75.2,65.2,0,19.9,21.7,20.7,0,.02,.04,11.6,30.4,32.1,31.2,7.2,3.96,237,WSW,23,23.6,23.3,3,5.4,4.5,60
SP,"2009-02-02 21:00:00",24.4,26.2,25.2,75.2,80.1,78.4,0,20.6,21.6,21.2,0,.01,.02,.2,29.2,30.4,29.8,8.28,3.59,257,WSW,22.1,23.3,22.7,2.3,3,2.5,60
SP,"2009-02-02 22:00:00",24,24.5,24.2,76.9,79.8,78.6,0,20,20.7,20.3,0,0,.01,.2,28.2,29.2,28.7,6.84,2.77,246,WSW,21.7,22.2,21.8,2.3,2.6,2.4,60
SP,"2009-02-02 23:00:00",23.1,24,23.5,79.5,87.1,83.8,0,20.2,20.9,20.6,0,0,.01,.7,27.5,28.2,27.8,7.2,3.01,188,S,21.5,21.9,21.7,1.4,2.3,1.8,60
SP,"2009-02-03 00:00:00",22.2,23,22.6,87.2,91.6,90,0,20.6,21,20.8,0,0,0,.2,26.9,27.5,27.2,5.76,2.75,207,SSW,21.3,21.7,21.5,.9,1.4,1,59
SP,"2009-02-03 01:00:00",21.4,22.5,22,90.5,95.8,93.1,0,20.6,21,20.8,0,-.01,0,-.3,26.4,26.9,26.7,6.48,2.45,251,WSW,21,21.6,21.3,.4,1,.7,60
SP,"2009-02-03 02:00:00",20.8,21.7,21.3,95.9,98.9,97.5,0,20.4,21.3,20.9,0,-.01,-.01,.4,25.8,26.4,26.1,4.68,2.18,269,W,20.6,21.4,21,.1,.4,.2,60
SP,"2009-02-03 03:00:00",20.5,21,20.7,98.7,100.9,99.7,0,20.4,20.9,20.7,0,-.01,-.01,.9,25.3,25.8,25.5,4.68,1.63,230,SW,20.5,20.9,20.7,-.1,.1,0,60
SP,"2009-02-03 04:00:00",20.3,20.6,20.4,100.2,101.4,100.9,0,20.4,20.8,20.6,0,-.01,-.01,.1,24.9,25.3,25.1,4.68,1.49,239,WSW,20.4,20.7,20.5,-.1,0,-.1,60
SP,"2009-02-03 05:00:00",20.4,20.8,20.7,101.3,101.8,101.5,0,20.7,21,20.9,0,-.01,-.01,.4,23.2,24.9,23.7,7.2,2.78,246,WSW,20.6,20.9,20.8,-.2,-.1,-.1,60
SP,"2009-02-03 06:00:00",20,20.4,20.3,101.5,101.9,101.8,0,20.3,20.7,20.6,0,-.01,-.01,14,24.3,24.9,24.7,8.28,3.04,190,S,20.2,20.6,20.5,-.2,-.1,-.2,60
SP,"2009-02-03 07:00:00",19.7,20.1,19.9,101.7,102.1,101.8,0,20,20.4,20.2,0,.03,.03,139.4,24.7,24.9,24.7,6.12,2.16,110,ESE,19.9,20.3,20.1,-.2,-.2,-.2,60
SP,"2009-02-03 08:00:00",20.1,22.4,21,95.6,101.9,100.2,0,20.4,21.9,21,.1,.14,.13,758.8,24.6,25.3,24.8,7.56,3.24,305,NW,20.3,22.1,21,-.2,.4,0,60
SP,"2009-02-03 09:00:00",22.5,25.5,24.1,78.6,95.3,86.8,0,21.1,22.2,21.7,.4,.36,.36,1910.7,25.4,27.7,26.5,7.92,4.16,288,WNW,21.8,23.4,22.6,.5,2.5,1.5,60
SP,"2009-02-03 10:00:00",25.2,28.3,26.8,65,80.9,72.8,.2,20.6,22.2,21.5,.6,.53,.55,2661.5,27.8,29.7,28.8,8.64,4.25,243,WSW,22.6,24.4,23.4,2.2,4.6,3.3,60
SP,"2009-02-03 11:00:00",27.4,29.4,28.3,61,74,67.6,0,20.2,23.2,21.7,.8,.65,.7,3221.5,29.7,31.2,30.6,17.64,7.16,297,WNW,23.2,25,24.1,3.3,5.2,4.2,60
SP,"2009-02-03 12:00:00",27.7,29.4,28.4,65.5,72.2,68.4,0,21.6,22.9,22,.9,.72,.77,3591.8,31.5,32.3,31.9,14.4,9.48,333,NNW,23.8,25.1,24.3,3.6,4.6,4.1,46
SP,"2009-02-03 13:00:00",28.5,30.8,29.6,52.3,67.6,60.9,0,19.6,22.3,21.2,1,.76,.84,3686.7,32.3,33.6,33,14.4,9.88,261,W,23.5,24.8,24.2,4.3,7,5.4,60
SP,"2009-02-03 14:00:00",29.8,31.4,30.6,49.2,57.5,54.2,0,18.7,21.5,20.2,1,.76,.83,3582,33.6,34.6,34.1,13.68,7.72,295,WNW,23,24.9,23.9,6,7.5,6.7,60
SP,"2009-02-03 15:00:00",29.4,31.5,30.4,49,57.8,53,0,18.1,21.1,19.7,.9,.7,.77,3254.3,34.6,34.8,34.7,14.4,8.45,343,NNW,22.4,24.4,23.5,5.9,7.8,6.8,60
SP,"2009-02-03 16:00:00",29.1,31.1,30,48.9,56.8,52.4,0,18.2,20.2,19.2,.7,.59,.66,2724.4,34.3,34.7,34.6,12.96,8.09,248,WSW,22.4,24,23.1,6.1,7.6,6.9,60
SP,"2009-02-03 17:00:00",27.9,30.4,29.2,47.4,61.4,54.1,0,17.4,20.2,18.9,.5,.44,.51,2042.9,33.3,34.3,33.9,11.16,7.56,288,WNW,22.1,23.4,22.8,5.1,7.7,6.5,60
SP,"2009-02-03 18:00:00",26.9,28.5,27.8,57.5,64.7,60.4,0,18.7,20.2,19.4,.3,.26,.3,1256.1,31.7,33.2,32.5,11.16,6.28,241,WSW,22.1,23.2,22.5,4.5,5.7,5.2,60
SP,"2009-02-03 19:00:00",24.9,26.9,25.7,65,73.6,69.7,0,19.5,19.9,19.7,0,.06,.09,261.4,29.8,31.7,30.7,8.64,4.82,207,SSW,21.8,22.5,22,3.1,4.4,3.7,60
SP,"2009-02-03 20:00:00",23,24.8,23.8,73.6,83.3,78.6,0,19.6,20.1,19.8,0,0,.01,12,28.5,29.7,29.1,7.92,3.13,246,WSW,21.1,21.8,21.4,1.8,3.1,2.4,60
SP,"2009-02-03 21:00:00",22,23,22.4,83.2,88.6,86.4,0,19.8,20.3,20,0,0,0,.2,27.6,28.4,28,6.48,2.51,223,SW,20.7,21.3,21,1.2,1.8,1.4,60
SP,"2009-02-03 22:00:00",22,22.5,22.3,86.4,88.1,87.3,0,19.7,20.4,20,0,0,0,.4,26.9,27.6,27.3,7.2,2.75,239,WSW,20.6,21.2,20.9,1.2,1.4,1.3,60
SP,"2009-02-03 23:00:00",21.9,22.3,22.2,83.2,87.6,85.1,0,19.2,19.9,19.5,0,0,.01,-.1,26.4,26.9,26.7,8.64,3.61,239,WSW,20.4,20.9,20.6,1.3,1.8,1.5,60
SP,"2009-02-04 00:00:00",21.5,22.2,21.7,82.5,85.3,84.1,0,18.6,19.3,18.9,0,0,0,-.1,25.9,26.4,26.2,5.76,2.87,213,SSW,19.9,20.5,20.1,1.5,1.8,1.6,60
SP,"2009-02-04 01:00:00",20.9,21.7,21.4,81,83.4,82,0,17.9,18.6,18.2,0,0,.01,-.1,25.5,26,25.7,8.64,4,184,S,19.2,19.9,19.5,1.7,2,1.9,60
SP,"2009-02-04 02:00:00",20.1,20.9,20.5,83,85.6,84.3,0,17.5,18,17.8,0,0,0,.8,25.1,25.5,25.3,7.56,2.69,240,WSW,18.6,19.2,19,1.4,1.7,1.6,60
SP,"2009-02-04 03:00:00",19.7,20.1,19.9,84.8,87.2,86.1,0,17.2,17.7,17.5,0,0,0,1,24.7,25.1,24.9,6.48,2.86,269,W,18.3,18.7,18.5,1.2,1.5,1.4,60
SP,"2009-02-04 04:00:00",19.7,19.9,19.8,83.3,85,84,0,16.8,17.3,17,0,0,0,.6,24.3,24.7,24.5,7.56,2.51,236,SW,18.1,18.4,18.2,1.5,1.6,1.6,60
SP,"2009-02-04 05:00:00",18.7,19.7,19.2,83.2,86.8,85,0,16.4,16.8,16.6,0,0,0,.2,24,24.4,24.2,7.2,2.51,116,ESE,17.4,18.1,17.7,1.2,1.6,1.4,60
SP,"2009-02-04 06:00:00",18,18.8,18.3,86.5,89.6,88.3,0,16.2,16.6,16.3,0,0,0,12,23.6,24,23.8,7.2,2.6,192,SSW,17,17.6,17.2,.9,1.3,1.1,60
SP,"2009-02-04 07:00:00",18.1,19.3,18.5,84.8,89.3,87.6,0,16.2,16.8,16.4,0,.04,.05,111.1,23.5,23.6,23.6,7.56,3.59,231,SW,17.1,17.9,17.4,1,1.5,1.2,60
SP,"2009-02-04 08:00:00",19.4,21.5,20.3,74.4,84.7,80,0,16.4,17.1,16.7,.1,.14,.16,714.2,23.5,24,23.6,11.88,5.14,213,SSW,17.9,18.9,18.3,1.5,2.7,2,60
SP,"2009-02-04 09:00:00",21.6,24.2,23,62.5,75.2,69.5,0,16.5,17.5,17,.5,.38,.41,2017.7,24,26.2,25.1,12.6,5.9,241,WSW,18.8,20.1,19.5,2.6,4.4,3.4,60
SP,"2009-02-04 10:00:00",23.9,26.6,25.1,53.9,63.5,59.1,0,15.9,17.1,16.6,.7,.53,.58,2698.7,26.2,28.6,27.4,12.6,6.99,144,SE,19.5,20.6,20.1,4.3,6,5.1,60
SP,"2009-02-04 11:00:00",25.9,28,27.1,44.5,55.8,49.3,0,14.4,16.6,15.5,.8,.66,.74,3246.8,28.6,31,29.9,14.4,7.87,66,ENE,19.8,20.8,20.2,5.7,7.8,6.9,60
SP,"2009-02-04 12:00:00",27.9,30,28.9,38.3,46.2,41.6,0,13.7,15.5,14.6,1,.76,.84,3598.3,31.1,33.3,32.2,17.28,7.15,111,ESE,19.7,21,20.3,7.6,9.5,8.6,60
SP,"2009-02-04 13:00:00",29.1,31.4,30.3,34.2,40.9,38.2,0,13.6,15.4,14.5,1,.8,.89,3712.5,33.3,35,34.2,15.84,7.39,195,SSW,20,21.4,20.7,9,10.8,9.6,60
SP,"2009-02-04 14:00:00",27.4,31.8,29.4,33.7,58.6,51.3,0,13.4,19.6,18.1,1,.75,.83,3575.4,35,36,35.6,13.68,8.18,261,W,20.4,23.2,22.4,5.5,10.9,7,60
SP,"2009-02-04 15:00:00",27.6,28.8,28.2,53.6,58.1,55.6,0,17.7,19.1,18.4,.8,.67,.74,3234.8,36,36.2,36.1,16.56,9.47,269,W,21.6,22.7,22.1,5.6,6.4,6,60
SP,"2009-02-04 16:00:00",26.3,28.1,27.3,52.2,57.9,55.3,0,16.7,18.5,17.6,.7,.56,.64,2687.3,35.4,36.1,35.8,19.8,10.93,245,WSW,20.6,22,21.4,5.4,6.5,5.9,60
SP,"2009-02-04 17:00:00",26.2,27.9,27.2,50.2,56.3,53.1,0,15.9,17.6,16.8,.5,.42,.49,2002.3,34.1,35.4,34.8,13.68,8.52,287,WNW,20.2,21.5,20.9,5.7,6.8,6.3,60
SP,"2009-02-04 18:00:00",25,26.6,25.7,53.9,57.6,56,0,15.7,16.9,16.3,.3,.26,.33,1229,32,34.1,33.1,16.92,9,260,W,19.6,20.7,20.1,5.2,6,5.6,60
SP,"2009-02-04 19:00:00",23.5,25.7,24.4,54.9,61.7,58.7,0,15.5,16.3,15.7,.1,.08,.13,256.7,29.7,32,30.8,14.76,6.27,186,S,19,20.1,19.3,4.5,5.7,5,60
SP,"2009-02-04 20:00:00",22.6,23.6,23.1,59.4,63.2,61.2,0,15,15.7,15.2,.1,.03,.05,11.2,28.2,29.7,28.9,9.72,5.04,239,WSW,18.4,19,18.6,4.2,4.8,4.5,60
SP,"2009-02-04 21:00:00",21.6,22.6,22.2,63.4,67.3,65.3,0,15.2,15.4,15.3,0,.01,.03,.2,27.1,28.2,27.6,8.28,3.72,244,WSW,18.1,18.5,18.3,3.5,4.1,3.8,60
SP,"2009-02-04 22:00:00",21.4,21.8,21.6,61.2,67.9,65.4,0,13.9,15.4,14.8,0,.01,.03,.2,26.3,27.1,26.7,10.44,3.83,203,SSW,17.4,18.1,17.8,3.5,4.3,3.8,60
SP,"2009-02-04 23:00:00",21.4,22.1,21.7,52.9,61.4,57.7,0,12,13.9,13,.1,.02,.04,.8,25.6,26.3,26,9.72,4.17,209,SSW,16.5,17.4,16.9,4.3,5.5,4.8,60
SP,"2009-02-05 00:00:00",22.2,23.5,23,50.9,53.5,52.1,0,12.1,12.9,12.7,.1,.05,.07,0,25.2,25.6,25.4,13.68,7.45,127,SE,16.7,17.6,17.3,5.5,5.9,5.7,60
SP,"2009-02-05 01:00:00",20.4,22.5,21.4,53.8,57.1,55.7,0,11.6,12.7,12.2,.1,.05,.08,-.1,24.7,25.2,25,19.08,9.76,154,SSE,15.7,17.1,16.4,4.7,5.4,5,60
SP,"2009-02-05 02:00:00",19.3,20.4,19.8,57.1,60.2,58.8,0,11.3,11.7,11.5,.1,.04,.06,.7,24.1,24.7,24.4,15.84,8.15,98,E,15.1,15.7,15.4,4.2,4.7,4.4,60
SP,"2009-02-05 03:00:00",18.4,19.3,18.9,59.8,61.1,60.5,0,10.7,11.4,11.1,.1,.03,.05,.7,23.6,24.1,23.9,12.96,7.8,110,ESE,14.4,15.1,14.8,4,4.2,4.1,60
SP,"2009-02-05 04:00:00",18,18.4,18.2,61,62.4,61.6,0,10.6,10.8,10.7,.1,.02,.04,.5,23.4,23.6,23.5,9.72,5.89,142,SE,14.2,14.5,14.4,3.7,3.9,3.8,30
SP,"2009-02-05 08:00:00",18.7,20.5,19.4,59.1,64.3,62.4,0,11.8,12.4,12,.3,.24,.28,1260.7,22.3,23,22.6,9.36,6.17,134,SE,15.1,16.2,15.5,3.6,4.4,3.9,31
SP,"2009-02-05 09:00:00",20.4,22.7,21.8,51.7,59.8,55.3,0,12.2,12.6,12.4,.5,.38,.43,2014.6,23,25.9,24.5,11.52,6.32,137,SE,16,17.1,16.6,4.3,5.7,5.1,60
SP,"2009-02-05 10:00:00",22.9,27.6,25.3,39.4,52,45.6,0,12.2,13.5,12.6,.7,.54,.6,2715.7,26,29.3,27.6,11.52,5.61,172,S,17.2,18.9,18.1,5.7,8.7,7.2,60
SP,"2009-02-05 11:00:00",27,29.2,28.3,34.6,41.8,37.4,0,11.6,13.8,12.4,.9,.68,.75,3270.8,29.4,32.6,31,11.52,5.75,151,SSE,18.6,19.8,19,8.2,10,9.3,60
SP,"2009-02-05 12:00:00",28.5,30.6,29.7,30.9,37,33.5,0,11,13.1,11.9,1,.78,.88,3634.7,32.6,35.2,34,12.24,7.38,232,SW,18.8,20,19.2,9.5,11.2,10.5,45
SP,"2009-02-05 13:00:00",29.6,31.9,31.2,28.4,33.2,30.4,0,11.1,12.7,11.7,1,.82,.91,3750.7,35.3,37.4,36.4,11.16,6.49,138,SE,18.8,20.1,19.6,10.6,12.3,11.6,60
SP,"2009-02-05 14:00:00",27.4,31.7,28.8,28.7,48.9,44.4,0,10.9,16.5,15.3,1,.76,.86,3613.3,37.5,38.1,37.9,15.84,9.55,189,S,19.2,21.7,20.7,7.1,12,8.1,60
SP,"2009-02-05 15:00:00",27.1,29,27.9,44.1,49.1,46.5,0,14.8,16.2,15.4,.9,.68,.78,3269.2,38.1,38.4,38.3,15.84,9.47,230,SW,19.8,21.2,20.4,6.9,8.1,7.5,57
SP,"2009-02-05 16:00:00",26.3,28.1,27.1,44.9,49.8,47.2,0,13.9,15.8,14.9,.7,.57,.67,2714.8,37.2,38.2,37.8,18.36,10.69,250,WSW,19.2,20.6,19.9,6.8,7.7,7.2,60
SP,"2009-02-05 17:00:00",25.2,27.7,26.2,44.3,52.8,49.2,0,14.1,15.3,14.7,.5,.43,.52,2016.9,35.4,37.1,36.4,16.2,9.95,259,W,19,20.1,19.4,6,7.8,6.7,59
SP,"2009-02-05 18:00:00",24.4,26.4,25.4,45.5,54.1,50.3,0,13.2,15,14.3,.3,.26,.33,1228,32.9,35.4,34.2,15.84,7.93,202,SSW,18.5,19.7,19,5.7,7.3,6.4,60
SP,"2009-02-05 19:00:00",22.4,24.6,23.5,53.5,64.5,59.9,0,14.3,15.8,15.2,.1,.09,.14,258.2,30.2,32.9,31.5,12.96,7.09,180,S,18.4,19,18.7,4,5.8,4.7,58
SP,"2009-02-05 20:00:00",21.3,22.4,21.8,64.5,75.2,69.6,0,15.4,16.7,15.9,0,.02,.04,11.5,28.4,30.2,29.2,12.96,5.78,253,WSW,18.3,18.7,18.5,2.6,4,3.3,60
SP,"2009-02-05 21:00:00",21.1,21.3,21.2,72,77.3,75.3,0,15.9,17,16.7,0,.01,.03,.1,27.3,28.3,27.8,15.84,5.74,236,SW,18.2,18.9,18.6,2.3,2.9,2.6,60
SP,"2009-02-05 22:00:00",20.4,21.2,20.8,71.8,73.6,72.6,0,15.5,16,15.7,0,.02,.03,.1,26.4,27.2,26.8,9,5.57,257,WSW,17.7,18.3,18,2.7,3,2.9,60
SP,"2009-02-05 23:00:00",19.4,20.5,20,68,72.9,70.7,0,13.3,15.5,14.5,0,.02,.03,.2,25.5,26.3,25.9,13.32,5.6,85,E,16.2,17.7,17,2.8,3.3,3,60
SP,"2009-02-06 00:00:00",17.8,19.4,18.6,68,71.9,70.5,0,12.7,13.5,13.1,0,.02,.03,.2,24.6,25.5,25.1,13.68,6.17,250,WSW,15.1,16.2,15.7,2.7,3.2,2.9,60
SP,"2009-02-06 01:00:00",17,17.8,17.3,71.9,75.4,74,0,12.6,12.8,12.7,0,.01,.02,.5,23.9,24.6,24.3,11.52,4.55,215,SW,14.7,15.2,14.9,2.3,2.7,2.4,60
SP,"2009-02-06 02:00:00",16.3,17.1,16.7,74.8,77.5,76.1,0,12.3,12.6,12.5,0,.01,.02,.2,23.4,24,23.7,11.16,4.45,142,SE,14.3,14.8,14.5,2,2.3,2.2,60
SP,"2009-02-06 03:00:00",16.1,16.6,16.4,76.3,77.5,77.1,0,12.1,12.5,12.3,0,.01,.01,.1,22.9,23.4,23.1,8.64,4.46,286,WNW,14.1,14.5,14.3,2,2.1,2.1,60
SP,"2009-02-06 04:00:00",14.5,16.1,15.3,77.4,87.8,82.3,0,11.9,12.6,12.2,0,0,.01,.2,22.1,22.9,22.6,8.28,3.75,232,SW,13.4,14.1,13.7,1,2,1.5,60
SP,"2009-02-06 05:00:00",14.5,14.8,14.7,83.2,87.4,85,0,12,12.5,12.2,0,0,.01,-.1,18.7,22.1,19.7,7.56,4.34,123,ESE,13.3,13.6,13.4,1,1.4,1.3,60
SP,"2009-02-06 06:00:00",14.5,14.8,14.7,82.8,83.8,83.3,0,11.7,12,11.9,0,0,.01,11.8,18.7,19.5,19.1,9.72,4.33,230,SW,13.1,13.4,13.3,1.4,1.4,1.4,60
SP,"2009-02-06 07:00:00",14.7,15.7,15.1,79.3,83.3,81.6,0,11.8,12.2,12,0,.05,.07,175.3,19.6,20.6,20.1,10.08,4.85,213,SSW,13.3,13.9,13.5,1.4,1.8,1.6,60
SP,"2009-02-06 08:00:00",15.7,18.1,16.7,70.8,79.8,75.7,0,12,12.7,12.3,.1,.15,.17,778.8,20.6,21.7,21.1,16.56,6.25,228,SW,13.9,15.3,14.4,1.8,2.8,2.2,60
SP,"2009-02-06 09:00:00",18.2,20.4,19.4,61.9,70.4,66,0,12.2,13.7,12.9,.4,.36,.4,2077.6,21.7,24.2,23,15.84,6.58,186,S,15.1,16.7,15.9,2.9,4.1,3.5,60
SP,"2009-02-06 10:00:00",20.3,22.8,21.5,54.1,65.2,60.4,0,12.8,14.5,13.5,.6,.47,.52,2598.8,24.2,26.1,25.2,14.04,6.52,139,SE,16.3,18.1,17.1,3.7,5.4,4.4,60
SP,"2009-02-06 11:00:00",22.6,24.7,23.6,47.3,59.2,53.3,0,12.6,15.3,13.6,.8,.62,.67,3296.5,26.1,28.2,27.2,12.6,6.38,228,SW,17.3,19.2,18,4.8,6.8,5.7,60
SP,"2009-02-06 12:00:00",24.5,25.9,25.3,42.7,53.2,47,0,12,15.4,13.1,.9,.71,.78,3649.1,28.3,29.8,29.1,12.96,7.66,255,WSW,17.7,19.6,18.4,6,7.7,6.9,60
SP,"2009-02-06 13:00:00",23.7,25.5,24.6,45.3,51.6,48,0,11.8,14.2,12.9,1,.73,.82,3781.4,29.8,30.8,30.3,17.64,10.02,266,W,17.3,18.8,18,6,7.1,6.6,60
SP,"2009-02-06 14:00:00",23.6,25.3,24.4,42.9,48.9,45.4,0,10.9,13,11.8,.9,.71,.81,3688.3,30.8,31.6,31.2,19.8,10.58,270,W,16.7,18.2,17.4,6.5,7.5,7,60
SP,"2009-02-06 15:00:00",23,24.7,23.9,43.3,52.8,48.1,0,11,13.4,12.2,.8,.64,.74,3348.7,31.6,31.7,31.7,21.24,11.41,,,16.9,18,17.4,5.7,7.3,6.5,60
SP,"2009-02-06 16:00:00",22.1,24.4,23.3,51.1,56.1,53.5,0,12.6,14.1,13.3,.6,.49,.57,2544.1,31,31.7,31.4,19.8,11.2,245,WSW,16.9,18.5,17.7,5,6.1,5.6,60
SP,"2009-02-06 17:00:00",21.7,23,22.3,52,57,54.5,0,11.9,13.5,12.7,.5,.37,.45,1941.8,29.8,31,30.4,22.68,10.79,210,SSW,16.6,17.6,17,4.9,5.7,5.3,60
SP,"2009-02-06 18:00:00",20.6,22,21.4,54.3,59,56.5,0,11.7,12.8,12.4,.3,.23,.3,1211.8,28.3,29.8,29,19.08,9.53,233,SW,15.9,16.9,16.5,4.5,5.2,4.9,60
SP,"2009-02-06 19:00:00",18.9,20.7,19.6,57.8,61.7,60.1,0,11.3,12.3,11.6,.1,.08,.14,240.7,26.3,28.2,27.3,15.84,8.72,223,SW,15,16.1,15.4,3.9,4.6,4.2,60
SP,"2009-02-06 20:00:00",18.3,19,18.7,60.7,67.4,63.7,0,11.2,12.2,11.7,.1,.03,.05,12.4,25.2,26.3,25.7,20.52,8.11,243,WSW,14.9,15.1,15,3.2,4,3.7,60
SP,"2009-02-06 21:00:00",17.6,18.3,17.9,67.6,69.2,68.6,0,11.8,12.3,12.1,0,.02,.03,.1,24.4,25.2,24.8,12.24,5.87,222,SW,14.6,15.1,14.9,3,3.2,3.1,60
SP,"2009-02-06 22:00:00",17,17.6,17.3,67.2,68.7,68,0,11,11.7,11.3,0,.01,.03,.5,23.7,24.4,24,9.36,5.09,158,SSE,14,14.6,14.3,3,3.1,3,60
SP,"2009-02-06 23:00:00",16.7,17.2,16.9,66.9,69.3,68.4,0,10.7,11.2,11,0,.01,.03,.1,23.1,23.7,23.4,8.64,5.04,237,WSW,13.7,14.1,13.9,2.9,3.1,3,60
SP,"2009-02-07 00:00:00",15.7,16.8,16.3,67,68.7,67.9,0,9.8,10.7,10.4,0,.01,.02,.6,22.6,23.1,22.8,9.72,4.53,245,WSW,12.8,13.7,13.3,2.8,3.1,3,60
SP,"2009-02-07 01:00:00",14.5,15.7,15.2,67.4,71,68.9,0,9.3,9.8,9.5,0,.01,.02,.2,22,22.5,22.3,8.64,3.8,250,WSW,12,12.8,12.4,2.5,3,2.8,60
SP,"2009-02-07 02:00:00",13.5,14.6,14,70.8,75.3,73.1,0,9,9.5,9.2,0,0,.01,.2,21.5,22,21.8,5.76,2.26,164,SSE,11.4,12.1,11.7,2,2.5,2.3,60
SP,"2009-02-07 03:00:00",12.1,13.5,12.6,75.4,81.2,78.8,0,8.8,9.3,9,0,-.01,0,-.1,21,21.5,21.2,3.6,1.41,140,SE,10.6,11.5,10.9,1.5,2,1.7,60
SP,"2009-02-07 04:00:00",10.9,12.7,11.8,79.2,87.2,82.6,0,8.6,9.3,8.9,0,-.01,-.01,.1,20.6,21,20.8,4.32,1.16,131,SE,9.9,11.1,10.5,.9,1.6,1.3,60
SP,"2009-02-07 05:00:00",10.7,11.8,11.1,85.1,89.8,87.5,0,8.7,9.7,9.1,0,-.01,-.01,0,20.2,20.6,20.4,3.6,1.16,144,SE,9.8,10.8,10.2,.7,1.1,.9,60
SP,"2009-02-07 06:00:00",11.7,14.5,13.3,75.1,87,81,0,9.5,10.4,10.1,0,0,0,6.2,20.2,20.6,20.3,5.04,2.31,127,SE,10.7,12.4,11.8,1,2.1,1.6,60
SP,"2009-02-07 07:00:00",14.4,15.8,15.3,71.5,76,73.5,0,10.1,10.9,10.6,0,.06,.07,190.4,20.5,20.8,20.7,7.2,3.35,157,SSE,12.3,13.3,13,2,2.6,2.3,60
SP,"2009-02-07 08:00:00",15.8,18.6,16.9,63.4,72.7,69.8,0,10.8,12,11.4,.1,.14,.17,739.8,20.7,21.2,20.8,8.64,4.73,102,ESE,13.3,15,14.1,2.5,3.7,2.8,60
SP,"2009-02-07 09:00:00",18.5,20.7,19.8,56.5,64.3,59.7,0,10.8,12.2,11.7,.3,.28,.32,1498,21.2,23.3,22.4,12.96,5.36,162,SSE,14.9,16.1,15.5,3.6,4.8,4.3,60
SP,"2009-02-07 10:00:00",19.3,23.4,21.4,46.1,58.8,51.1,0,9.9,11.6,10.8,.5,.44,.5,2341,23.2,25.3,24.1,15.48,6.69,211,SSW,14.9,16.8,15.8,4.3,6.6,5.6,60
SP,"2009-02-07 11:00:00",22.3,24.6,23.4,40.9,47.5,44.4,0,9.5,11.5,10.6,.8,.63,.7,3337.4,25.3,28.5,27,15.48,7.28,256,WSW,15.8,17.2,16.4,6.3,7.7,7,60
SP,"2009-02-07 12:00:00",23.3,24.9,24.1,39.8,44.9,42.2,0,9.7,11.4,10.5,.9,.71,.78,3683.1,28.5,31,29.9,13.32,7.69,307,NW,16.1,17.2,16.7,7,8,7.5,60
SP,"2009-02-07 13:00:00",24.3,26.7,25.5,34.6,41.8,38.6,0,9.4,11.4,10.4,1,.74,.81,3782.2,31.1,33.2,32.2,11.52,6.3,212,SSW,16.4,17.8,17.1,7.7,9.4,8.4,60
SP,"2009-02-07 14:00:00",24.2,26.8,25.7,33.8,43.2,39.4,0,8.8,12,10.8,.9,.73,.82,3671.7,33.2,34.2,33.9,13.32,8.08,323,NW,16.5,18.1,17.4,7.3,9.6,8.3,60
SP,"2009-02-07 15:00:00",23.6,25.3,24.7,40.9,46,43.5,0,10.4,12.3,11.4,.9,.66,.75,3340.2,34.2,34.4,34.3,15.48,9.39,249,WSW,16.4,17.9,17.3,6.9,7.9,7.4,60
SP,"2009-02-07 16:00:00",23.8,25.6,24.5,43.2,46.9,45.3,0,11.3,12.6,11.8,.7,.55,.64,2791.5,33.7,34.3,34.1,15.48,9.43,267,W,17,18,17.4,6.8,7.6,7,60
SP,"2009-02-07 17:00:00",23.4,25.2,24.3,44.1,51.8,46.5,0,11.4,12.9,12.1,.5,.41,.48,2075.3,32.4,33.7,33.2,15.84,7.72,233,SW,17,18,17.5,5.8,7.4,6.8,60
SP,"2009-02-07 18:00:00",22.9,23.9,23.4,49.1,53.8,51.3,0,12.3,13.3,12.8,.3,.25,.32,1263.8,30.2,32.4,31.3,13.68,8.02,187,S,17.2,17.7,17.5,5.5,6.3,5.9,60
SP,"2009-02-07 19:00:00",20.9,23.1,21.9,51.4,61.2,56.8,0,12.4,13.2,12.9,.1,.07,.11,245.7,27.6,30.2,28.9,12.24,5.66,184,S,16.7,17.3,17,4.2,5.9,4.9,60
SP,"2009-02-07 20:00:00",19.3,20.9,20.1,61.3,67.4,64.8,0,13.1,13.3,13.2,0,.01,.02,10.5,25.9,27.6,26.7,8.28,3.3,209,SSW,16,16.7,16.4,3.3,4.2,3.7,60
SP,"2009-02-07 21:00:00",18.5,19.4,18.9,66.3,69.6,67.7,0,12.5,13.2,12.8,0,0,.01,.3,24.7,25.9,25.2,6.48,2.48,230,SW,15.4,16.1,15.6,3,3.4,3.2,60
SP,"2009-02-07 22:00:00",17.8,18.8,18.4,67.3,70.2,68.7,0,12.2,12.8,12.5,0,0,.01,.5,23.8,24.7,24.2,5.4,2.47,190,S,14.9,15.6,15.3,2.9,3.3,3.1,60
SP,"2009-02-07 23:00:00",16.5,17.8,17.2,65.1,70.6,69.5,0,10.4,12.3,11.5,0,0,0,.5,22.9,23.8,23.4,5.04,1.78,208,SSW,13.7,14.9,14.3,2.7,3.3,2.9,60
SP,"2009-02-08 00:00:00",17,20.9,19.2,37.9,64.5,47.7,0,6,10.4,7.6,.1,.03,.06,.4,22.4,23,22.6,10.44,5.32,128,SE,13.1,13.7,13.4,3.4,7.5,5.8,60
SP,"2009-02-08 01:00:00",19.4,20.6,20.1,38.8,48.1,43.1,0,6.1,8.1,7.1,.1,.06,.08,.1,22,22.4,22.2,14.4,7.93,131,SE,13.3,13.7,13.6,5.7,7.3,6.5,60
SP,"2009-02-08 02:00:00",17.9,19.3,18.7,48.1,53.1,50.4,0,8.1,8.2,8.2,.1,.05,.07,.4,21.7,22,21.9,15.84,9.16,87,E,13.1,13.7,13.4,4.8,5.7,5.3,60
SP,"2009-02-08 03:00:00",16.6,17.9,17.2,53,56.9,55.1,0,8,8.3,8.1,.1,.04,.06,.5,21.3,21.7,21.5,12.24,8.17,85,E,12.4,13.1,12.7,4.2,4.8,4.5,60
SP,"2009-02-08 04:00:00",14.8,16.6,15.7,56.9,69.5,62.6,0,7.9,9.4,8.6,.1,.03,.04,.5,17.1,21.3,20.7,14.4,7.96,104,ESE,11.9,12.7,12.2,2.7,4.2,3.5,60
SP,"2009-02-08 05:00:00",14.8,15.6,15.4,61.1,66.4,62.2,0,8.1,8.6,8.2,.1,.02,.04,.4,14.1,16.6,14.5,14.04,7.06,114,ESE,11.8,12.1,11.9,3,3.6,3.5,60
SP,"2009-02-08 06:00:00",15.2,15.4,15.3,61.9,63.3,62.5,0,8,8.4,8.2,0,.02,.04,10.2,14.9,17.4,16.3,12.96,6.34,137,SE,11.8,12,11.9,3.3,3.5,3.4,60
SP,"2009-02-08 07:00:00",15.3,16.4,15.8,60,63,61.9,0,8.2,8.8,8.5,.1,.08,.12,114.2,17.4,18.6,18.1,14.04,7.01,107,ESE,11.9,12.6,12.2,3.4,3.8,3.5,60
SP,"2009-02-08 08:00:00",16.4,18.3,17.2,53.6,59.6,56.9,0,8.4,9,8.6,.2,.18,.23,734.7,18.6,19.7,19,12.24,8.29,102,ESE,12.5,13.5,13,3.9,4.8,4.3,60
SP,"2009-02-08 09:00:00",18.3,20.7,19.5,47.3,53.9,50.5,0,8.6,9.5,9,.5,.38,.45,2052,19.7,22.2,21,18,8.52,101,E,13.5,14.8,14.1,4.8,6,5.4,60
SP,"2009-02-08 10:00:00",20.6,23.2,21.6,42.2,49.1,46.1,0,8.9,10.4,9.5,.7,.52,.6,2756.3,22.3,24.4,23.4,16.92,9.29,133,SE,14.6,16.3,15.2,5.8,7.3,6.4,60
SP,"2009-02-08 11:00:00",23.2,25.3,24.2,37.2,43.2,40.4,0,9.3,10.8,9.8,.8,.65,.74,3299,24.4,26.4,25.5,15.48,8.55,128,SE,15.9,17.1,16.4,7.2,8.6,7.8,60
SP,"2009-02-08 12:00:00",25,27.5,26.4,32.7,39.5,35.7,0,9.2,11.2,10,1,.74,.84,3647,26.4,28.3,27.4,14.4,8.57,69,ENE,16.6,18,17.2,8.1,10,9.2,60
SP,"2009-02-08 13:00:00",26.9,29.5,28.4,29.9,35.2,32.3,0,9.4,11.3,10.2,1,.79,.9,3767.8,28.3,30,29.2,12.96,8.14,125,SE,17.2,18.8,18,9.5,11.2,10.4,60
SP,"2009-02-08 14:00:00",29.1,31.3,30,27.1,32.5,29.7,0,9.6,11.4,10.3,1,.8,.91,3661,30.1,31.2,30.7,15.12,8.06,157,SSE,18,19.3,18.6,10.5,12.4,11.4,60
SP,"2009-02-08 15:00:00",30.3,32.6,31.4,24.9,28.8,27,0,9.5,11.2,10.1,1,.74,.86,3323,31.2,31.8,31.5,12.24,7.66,106,ESE,18.5,19.6,18.9,11.8,13.4,12.5,60
SP,"2009-02-08 16:00:00",31.9,33.1,32.5,23,28.5,24.3,0,8.7,12.2,9.5,.8,.64,.76,2774.4,31.6,31.8,31.8,11.88,7.4,77,ENE,18.4,20.2,18.9,12.6,14,13.6,60
SP,"2009-02-08 17:00:00",31.9,32.7,32.3,21.6,24.1,22.7,0,7.3,9.3,8.3,.6,.5,.62,2069.2,30.6,31.6,31.2,17.28,7.7,147,SSE,17.8,18.8,18.3,13.6,14.3,14,60
SP,"2009-02-08 18:00:00",31.2,32.6,31.9,17.9,22.9,20.4,0,4,8.6,6.4,.4,.33,.46,1268.8,28.9,30.6,29.8,14.04,7.63,140,SE,16.2,18.4,17.4,14,15,14.5,60
SP,"2009-02-08 19:00:00",29.3,31.2,30.2,18.1,20.2,19.2,0,3.8,4.6,4.1,.2,.16,.29,237.6,26.9,28.9,27.8,14.4,7.66,127,SE,15.7,16.5,16,13.6,14.9,14.2,60
SP,"2009-02-08 20:00:00",27.5,29.4,28.4,20,22.7,21.3,0,3.9,4.6,4.2,.1,.06,.11,9.2,25.5,26.8,26.2,8.28,4.85,70,ENE,15.1,15.7,15.4,12.3,13.7,13,60
SP,"2009-02-08 21:00:00",26.4,27.5,26.9,22.7,24.4,23.5,0,4.1,4.7,4.3,.1,.05,.1,-.1,24.6,25.5,25,10.44,4.54,126,SE,14.8,15.2,15,11.5,12.3,11.9,60
SP,"2009-02-08 22:00:00",26.6,27.4,27,22.8,25.4,24,0,4.2,5.3,4.7,.1,.08,.13,.2,24.1,24.6,24.3,12.6,6.94,139,SE,15,15.3,15.2,11.4,12.2,11.8,60
SP,"2009-02-08 23:00:00",25.5,26.7,26.2,25.6,31.4,27.8,0,5.3,7.3,6.1,.1,.09,.14,.3,23.7,24.1,23.9,16.56,7.92,122,ESE,15.3,15.8,15.5,9.8,11.3,10.7,60
SP,"2009-02-09 00:00:00",23.4,25.5,24.5,31.5,40.9,36.6,0,7.4,9.4,8.7,.1,.07,.11,.4,23.4,23.7,23.6,15.48,7.77,102,ESE,15.7,16.1,16,7.5,9.7,8.5,60
SP,"2009-02-09 01:00:00",21.8,23.4,22.6,41.1,47.3,44.3,0,9.4,10.2,9.8,.1,.06,.09,.4,23,23.4,23.2,13.68,8.23,102,ESE,15.6,15.9,15.8,6.2,7.5,6.8,60
SP,"2009-02-09 02:00:00",20.6,21.8,21.2,47.2,52.4,49.8,0,10.1,10.6,10.3,.1,.05,.08,.1,22.6,23,22.8,15.84,8.33,141,SE,15.3,15.7,15.5,5.3,6.2,5.8,60
SP,"2009-02-09 03:00:00",19.4,20.6,20,52.5,57,54.9,0,10.5,10.7,10.7,.1,.04,.06,.6,22.3,22.6,22.5,11.52,7.93,112,ESE,14.9,15.3,15.1,4.5,5.3,4.9,60
SP,"2009-02-09 04:00:00",18.6,19.5,19.1,57,60.3,58.6,0,10.7,10.8,10.8,.1,.03,.05,.4,21.9,22.3,22.1,12.6,7.1,129,SE,14.6,14.9,14.8,4,4.6,4.3,60
SP,"2009-02-09 05:00:00",18,18.6,18.3,60.2,63.3,62,0,10.7,11,10.9,.1,.02,.04,.5,21.5,21.9,21.8,12.24,5.53,108,ESE,14.3,14.6,14.5,3.6,4.1,3.8,60
SP,"2009-02-09 06:00:00",17.7,18.1,17.9,63.1,64.9,64,0,10.9,11.1,11,0,.02,.03,9.4,21.3,21.6,21.4,9,5.13,139,SE,14.3,14.4,14.4,3.4,3.7,3.5,60
SP,"2009-02-09 07:00:00",17.8,18.9,18.3,61.2,64.6,63.3,0,11,11.3,11.2,.1,.08,.11,101.3,21.2,21.2,21.2,10.44,6.25,111,ESE,14.3,14.9,14.6,3.5,4,3.7,60
SP,"2009-02-09 08:00:00",19.6,21.7,20.6,52.3,59.6,56,0,11.3,11.7,11.5,.2,.23,.28,1030.3,21.3,21.8,21.4,14.04,7.8,62,ENE,15.3,16.2,15.7,4.3,5.5,4.8,43
SP,"2009-02-09 10:00:00",24.5,26.8,25.6,38.5,45.2,41.8,0,11.3,12.1,11.6,.7,.57,.66,2752.7,24.4,27.1,25.7,15.48,8.41,52,NE,17.2,18.2,17.7,7.1,8.7,7.9,59
SP,"2009-02-09 11:00:00",26.3,29.3,27.9,32.2,39.7,36,0,10.7,12,11.4,.9,.71,.81,3300.5,27.1,29.7,28.4,13.32,9.02,88,E,17.8,18.9,18.4,8.4,10.6,9.5,60
SP,"2009-02-09 12:00:00",28.9,31.2,29.9,28.7,33,31,0,10.1,11.8,10.9,1,.8,.92,3660,29.7,32.1,30.9,16.2,8.72,95,E,18.3,19.6,18.8,10.4,12,11.1,60
SP,"2009-02-09 13:00:00",30.8,32.4,31.7,25,29.2,27,0,9.8,11.4,10.3,1.1,.86,1,3782.9,32.1,33.9,33,15.48,9.44,52,NE,18.8,19.5,19,12,13.4,12.6,60
SP,"2009-02-09 14:00:00",32.1,33.9,32.9,21.7,25.8,23.8,0,8.5,10.4,9.5,1.1,.84,.97,3674.9,33.9,35.2,34.6,15.12,8.15,136,SE,18.6,19.4,19,13.2,14.8,13.9,60
SP,"2009-02-09 15:00:00",33.1,34.8,33.8,19.8,22.8,21.3,0,7.9,9.4,8.6,1,.78,.91,3328.7,35.2,35.7,35.5,12.24,7.79,98,E,18.5,19.3,18.8,14.3,15.7,14.9,60
SP,"2009-02-09 16:00:00",33.7,35.1,34.4,19.1,21.8,20.4,0,7.7,9.7,8.4,.9,.67,.8,2773.3,35.4,35.8,35.6,14.04,7.96,126,SE,18.5,19.6,18.9,14.9,16.1,15.5,60
SP,"2009-02-09 17:00:00",33.8,34.4,34.1,19.2,21.2,19.8,0,7.4,9,7.8,.7,.51,.64,2060.8,34.1,35.4,34.8,12.6,7.6,60,ENE,18.3,19.1,18.6,15.1,15.8,15.5,60
SP,"2009-02-09 18:00:00",33,34,33.5,17.9,20.1,19.1,0,5.5,7.9,6.8,.4,.33,.46,1253.6,31.9,34.1,33,12.96,7.49,231,SW,17.3,18.5,18,15.3,15.8,15.5,60
SP,"2009-02-09 19:00:00",31.1,33,31.9,17.7,19.2,18.4,0,4.6,5.5,5,.2,.16,.28,234.8,29.2,31.9,30.5,15.84,7.08,119,ESE,16.5,17.3,16.8,14.6,15.7,15.1,60
SP,"2009-02-09 20:00:00",28.9,31,29.9,19,22.7,20.9,0,4.6,5.6,5.1,.1,.07,.12,8.3,27.4,29.1,28.2,11.52,5.18,126,SE,16.1,16.5,16.3,12.8,14.6,13.6,60
SP,"2009-02-09 21:00:00",27.5,28.9,28.3,22.4,24.1,23.2,0,5.1,5.6,5.3,.1,.06,.11,.3,26.2,27.3,26.7,10.44,4.77,123,ESE,15.5,16.1,15.9,12,12.9,12.4,59
SP,"2009-02-09 22:00:00",26.9,27.5,27.1,24.1,26,25,0,5.1,5.8,5.4,.1,.06,.1,.2,25.3,26.1,25.7,9.36,5.05,115,ESE,15.3,15.6,15.5,11.3,12,11.6,60
SP,"2009-02-09 23:00:00",26.3,26.8,26.6,26.2,30.5,28.4,0,5.8,7.6,6.8,.1,.07,.11,.4,24.8,25.3,25,10.08,5.72,142,SE,15.6,16.2,15.9,10.2,11.2,10.7,60
SP,"2009-02-10 00:00:00",25.7,26.5,26.1,30.5,35.3,32.7,0,7.6,9.2,8.4,.1,.07,.11,.3,24.4,24.7,24.6,12.24,6.59,100,E,16.2,16.6,16.4,9.1,10.2,9.6,60
SP,"2009-02-10 01:00:00",24.2,25.6,24.9,35.4,41.5,38.1,0,9.2,10.3,9.6,.1,.06,.1,.5,24,24.4,24.2,12.24,6.97,116,ESE,16.4,16.6,16.5,7.6,9,8.4,60
SP,"2009-02-10 02:00:00",22.5,24.1,23.3,41.7,51.8,47.4,0,10.3,12.2,11.4,.1,.05,.08,.3,23.6,24,23.8,12.24,7.31,105,ESE,16.5,16.9,16.8,5.7,7.5,6.5,60
SP,"2009-02-10 03:00:00",21.2,22.5,21.8,51.9,58.2,55.6,0,12.1,12.7,12.5,.1,.04,.06,.2,23.3,23.6,23.5,13.68,7.31,81,E,16.5,16.9,16.7,4.6,5.7,5.1,60
SP,"2009-02-10 04:00:00",19.5,21.3,20.4,58,68.9,62.6,0,12.6,13.9,13,.1,.03,.05,.6,22.4,23.3,23,14.4,7.42,154,SSE,16.1,16.8,16.4,3.2,4.7,4,60
SP,"2009-02-10 05:00:00",20.1,21,20.8,57.7,63.4,59.1,0,12.3,13,12.5,.1,.04,.06,.6,17,21.2,17.7,17.64,8.58,89,E,16.1,16.4,16.3,3.9,4.7,4.5,60
SP,"2009-02-10 06:00:00",20.4,20.7,20.6,58.2,60.2,59.1,0,12.1,12.5,12.3,.1,.04,.07,8.7,18.7,20.5,19.9,17.28,9.41,65,ENE,16,16.2,16.1,4.3,4.6,4.4,60
SP,"2009-02-10 07:00:00",20.4,21.1,20.7,56.9,59.8,58.6,0,12.1,12.4,12.3,.1,.1,.16,100.8,20.5,21.1,20.8,14.4,8.34,114,ESE,16,16.4,16.1,4.3,4.8,4.5,60
SP,"2009-02-10 08:00:00",21.1,23,21.9,51.4,57.3,54.9,0,12.2,12.7,12.4,.2,.23,.29,882.1,21.1,21.9,21.3,18,9.08,64,ENE,16.3,17.2,16.7,4.7,5.8,5.2,60
SP,"2009-02-10 09:00:00",23,25.4,24.1,44.4,51.7,48.6,0,12.2,13.1,12.6,.5,.43,.52,2043.1,21.9,23.7,22.8,18,9.95,81,E,17.1,18.3,17.6,5.8,7.3,6.5,60
SP,"2009-02-10 10:00:00",25.3,28.3,27,36.3,45.6,40.5,0,11.7,13.3,12.4,.7,.59,.69,2744.5,23.7,25.7,24.7,19.08,9.23,79,E,18,19.2,18.6,7.1,9.5,8.4,60
SP,"2009-02-10 11:00:00",28.1,30.1,29.1,31.9,37.9,34.9,0,11.4,13.2,12,.9,.73,.85,3312.5,25.7,27.4,26.6,16.92,9.94,77,ENE,18.6,19.8,19.1,9.2,10.9,10,60
SP,"2009-02-10 12:00:00",30.2,32.4,31.1,26.5,33.1,30,0,10.7,12.4,11.5,1,.8,.93,3504.9,27.4,28.8,28.1,15.48,9.52,75,ENE,19.1,19.9,19.4,10.8,13,11.7,60
SP,"2009-02-10 13:00:00",31.8,33.6,32.8,23.1,29.4,26,0,9.6,12.6,10.7,1,.8,.93,3452.9,28.8,30,29.4,15.12,8.48,70,ENE,19,20.6,19.5,12.2,14.3,13.3,60
SP,"2009-02-10 14:00:00",33.2,35.1,34.3,20.4,25.4,22.3,0,8.7,11.3,9.7,1.1,.86,1,3659.3,30.1,31.5,30.9,15.84,8.29,69,ENE,19,20.1,19.5,13.8,15.7,14.9,60
SP,"2009-02-10 15:00:00",34.8,36.4,35.7,17.2,21.5,18.9,0,7.3,10.5,8.4,1,.78,.9,3289.4,31.5,32.2,32,14.4,6.89,92,E,18.8,20.2,19.2,15.4,17.3,16.5,60
SP,"2009-02-10 16:00:00",35.9,37.7,36.7,16.2,20.9,17.5,0,6.8,11.4,8.1,.9,.66,.77,2850.5,32.1,32.4,32.3,10.8,5.44,89,E,18.6,21,19.3,16.5,18.3,17.4,60
SP,"2009-02-10 17:00:00",35.4,36.8,36.2,16.7,20.4,17.9,0,7.2,9.9,8,.6,.46,.57,1964.6,31.5,32.3,32,10.44,5.52,230,SW,18.6,20,19.1,16.1,17.7,17.1,60
SP,"2009-02-10 18:00:00",31.8,36.9,34.1,16.7,32.3,26.3,0,7.2,13.5,11.7,.4,.28,.36,1226.8,30.2,31.4,30.9,10.08,4.95,230,SW,18.7,21.3,20.3,11.4,17.6,13.8,60
SP,"2009-02-10 19:00:00",29.1,32.7,30.2,30.8,42.2,38,0,13.2,15.1,14.3,.1,.07,.12,163.3,28.5,30.2,29.3,6.84,4.1,287,WNW,20.4,20.8,20.5,8.6,12,9.7,60
SP,"2009-02-10 20:00:00",26.8,29.3,27.7,41.2,50.3,47.1,0,14.8,15.9,15.4,.1,0,.02,4.1,27.4,28.4,27.8,4.68,1.58,240,WSW,20,20.6,20.3,6.7,8.8,7.4,60
SP,"2009-02-10 21:00:00",25.8,28.9,27,25.8,51.1,38.1,0,7.3,15.5,11.1,.1,.02,.04,.2,26.5,27.3,26.9,4.68,2.29,135,SE,16.7,20.1,18,6.4,12,9,60
SP,"2009-02-10 22:00:00",29,29.6,29.4,23.7,25.9,24.5,0,6.6,7.6,7.1,.1,.06,.11,.2,25.8,26.6,26.2,9,4.85,80,E,16.7,17.1,16.9,12,12.7,12.5,60
SP,"2009-02-10 23:00:00",29.5,29.8,29.6,23,24.2,23.5,0,6.3,7,6.6,.1,.07,.12,.1,25.5,25.8,25.7,8.64,5.26,71,ENE,16.7,17,16.8,12.6,13,12.8,60
SP,"2009-02-11 00:00:00",28.8,29.6,29.3,22.9,24.6,23.5,0,6.1,6.7,6.3,.1,.07,.11,.1,25.2,25.5,25.4,9.72,5.01,112,ESE,16.4,16.7,16.6,12.3,13,12.7,60
SP,"2009-02-11 01:00:00",28.5,29,28.8,23.8,25,24.4,0,6.3,6.7,6.5,.1,.08,.13,.1,25,25.2,25.1,13.68,6.26,93,E,16.4,16.6,16.5,12.1,12.5,12.3,60
SP,"2009-02-11 02:00:00",27,28.5,27.9,24.9,27.5,26,0,6.4,6.7,6.6,.1,.09,.14,.6,24.6,25,24.8,13.68,7.21,58,ENE,16,16.4,16.2,11,12.1,11.6,60
SP,"2009-02-11 03:00:00",26.4,27,26.7,27.1,28.5,27.9,0,6.5,6.8,6.6,.1,.07,.11,.6,24.1,24.6,24.3,9.72,6.12,105,ESE,15.7,16,15.8,10.6,11.1,10.8,60
SP,"2009-02-11 04:00:00",25.6,26.4,26.1,28.2,29.6,28.7,0,6.4,6.7,6.6,.1,.07,.11,.5,23.7,24.1,23.9,9.36,6.26,69,ENE,15.4,15.8,15.6,10.2,10.7,10.5,60
SP,"2009-02-11 05:00:00",25,25.7,25.3,29.4,30.8,30.1,0,6.5,6.7,6.6,.1,.07,.12,.1,23.4,23.7,23.5,15.84,6.86,94,E,15.2,15.5,15.4,9.7,10.2,10,60
SP,"2009-02-11 06:00:00",24.3,25.1,24.7,30.5,32.2,31.4,0,6.6,6.7,6.6,.1,.08,.12,8,23.1,23.3,23.2,15.12,7.72,107,ESE,15,15.3,15.2,9.3,9.8,9.6,60
SP,"2009-02-11 07:00:00",24.3,25.2,24.6,31.2,32.6,32.1,0,6.6,7.2,6.9,.1,.07,.11,96.5,22.9,23.1,23,9.36,6.41,35,NE,15,15.5,15.2,9.3,9.7,9.4,60
SP,"2009-02-11 08:00:00",25.3,28.6,26.8,26,31.7,29.2,0,7,7.8,7.3,.3,.27,.37,872.9,22.9,23.6,23.1,11.88,7.11,71,ENE,15.5,16.9,16.2,9.6,11.9,10.6,60
SP,"2009-02-11 09:00:00",28.5,30.7,29.7,23.3,26.8,24.8,0,6.9,8.1,7.4,.6,.52,.67,2000.9,23.6,25.7,24.7,18.72,10.13,126,SE,16.6,17.6,17.2,11.7,13.3,12.5,60
SP,"2009-02-11 10:00:00",30.7,32.8,31.7,20.7,24.3,22.6,0,7,8.4,7.8,.8,.66,.81,2710.8,25.8,28.1,27,17.64,9.17,99,E,17.5,18.5,17.9,13,14.7,13.8,60
SP,"2009-02-11 11:00:00",32.9,34.9,33.9,18.7,23,20.4,0,7.3,9.4,8.1,1,.77,.9,3263.5,28.2,30.7,29.5,11.52,7.49,89,E,18.2,19.2,18.6,14.2,16.2,15.3,60
SP,"2009-02-11 12:00:00",34.5,36.8,35.8,16.8,20.3,18.4,0,7,9.4,8,1.1,.84,.95,3620.3,30.8,33.2,32,10.8,6.09,70,ENE,18.5,19.7,19,15.7,17.6,16.7,60
SP,"2009-02-11 13:00:00",36.2,37.9,37.1,14.9,19.2,16.6,0,6.3,9.5,7.6,1.1,.87,.98,3744.7,33.2,35.1,34.2,11.52,5.66,89,E,18.6,19.9,19.2,16.7,19,17.9,60
SP,"2009-02-11 14:00:00",37.4,39.2,38.2,13.8,16.6,15.1,0,5.8,8.9,7.1,1.1,.85,.95,3637.7,35.1,36.5,35.8,9.36,5.11,73,ENE,18.5,20.1,19.2,18.2,20,19,60
SP,"2009-02-11 15:00:00",38.3,39.7,38.9,12.9,15.1,13.9,0,5.6,8.1,6.5,1,.79,.91,3303.6,36.5,37.1,36.8,10.44,5.8,80,E,18.7,19.8,19.1,19.1,20.6,19.9,60
SP,"2009-02-11 16:00:00",37.9,40.1,38.9,12.3,17.3,13.6,0,4.9,9.8,6.2,.9,.64,.74,2755.3,36.9,37.1,37.1,9.36,4.9,258,WSW,18.3,20.5,18.9,18.3,20.8,20,60
SP,"2009-02-11 17:00:00",36.6,38.3,37.3,15.7,18.7,17,0,7,10.1,8.1,.7,.53,.67,2035.7,35.6,36.8,36.3,14.04,7.7,297,WNW,18.8,20.5,19.4,17.1,18.5,17.9,60
SP,"2009-02-11 18:00:00",35.1,36.9,36.1,16.5,19,17.6,0,7,8.3,7.6,.4,.3,.41,1221.1,33.5,35.5,34.5,11.16,5.72,228,SW,18.6,19.3,18.9,16.4,17.8,17.1,60
SP,"2009-02-11 19:00:00",30.4,35.1,32.8,18,25.6,21.6,0,7.1,8.6,7.9,.1,.09,.15,255.2,30.8,33.4,32.1,10.44,3.5,253,WSW,17.7,18.7,18.3,12.6,16.6,14.6,60
SP,"2009-02-11 20:00:00",27.6,30.3,28.5,25.4,30.9,28.8,0,8.3,8.9,8.6,.1,0,.02,6.1,28.8,30.8,29.7,3.6,1.21,196,SSW,17,17.7,17.3,10.4,12.6,11.2,60
SP,"2009-02-11 21:00:00",26.2,27.9,27,30.4,34.1,32.4,0,8.9,9.3,9.1,.1,.01,.03,.3,27.5,28.8,28.1,2.88,1.6,146,SE,16.7,17.3,17,9.4,10.6,10,60
SP,"2009-02-11 22:00:00",24.6,26.7,26,32.8,38.1,34.6,0,8.8,9.6,9.2,.1,.01,.03,.3,26.6,27.5,27,4.32,1.72,216,SW,16.3,17,16.7,8.3,9.8,9.3,60
SP,"2009-02-11 23:00:00",23.7,24.8,24.4,36.7,39.8,38.3,0,8.9,9.8,9.3,.1,0,.02,.6,25.8,26.6,26.2,2.88,1.33,123,ESE,15.9,16.5,16.2,7.8,8.6,8.2,60
SP,"2009-02-12 00:00:00",21.8,23.8,23,39.7,46.4,42.6,0,9.3,9.9,9.6,.1,0,.02,.8,25.1,25.8,25.4,4.32,1.47,77,ENE,15.4,16.1,15.9,6.4,7.8,7.2,60
SP,"2009-02-12 01:00:00",21.7,26.6,24.1,25.4,47.1,34.2,0,5.2,9.9,7.1,.1,.03,.06,0,24.5,25.1,24.8,5.76,3.26,90,E,14.7,15.5,15.1,6.2,11.4,9,60
SP,"2009-02-12 02:00:00",26.7,26.9,26.8,24.5,25.4,24.9,0,4.9,5.3,5.1,.1,.07,.11,0,24.3,24.5,24.4,10.44,5.68,118,ESE,15.1,15.4,15.3,11.4,11.7,11.5,60
SP,"2009-02-12 03:00:00",25.6,26.9,26.1,24.7,27.6,26.3,0,5,5.6,5.3,.1,.05,.09,.3,24,24.4,24.2,8.28,4.69,78,ENE,15,15.3,15.1,10.6,11.6,11,60
SP,"2009-02-12 04:00:00",25.6,26.3,25.8,26.3,27.6,27.3,0,5.4,5.6,5.5,.1,.06,.1,-.1,23.6,24,23.8,9.36,5.25,74,ENE,15,15.2,15.1,10.6,11.1,10.7,59
SP,"2009-02-12 05:00:00",26.4,27.2,27,24.6,26.3,25.1,0,5.2,5.5,5.3,.1,.09,.14,-.1,23.5,23.6,23.6,15.84,7.75,34,NE,15.3,15.5,15.4,11.1,11.7,11.5,60
SP,"2009-02-12 06:00:00",25.5,27.1,26.3,24.7,27.6,26,0,5.2,5.5,5.3,.1,.07,.11,6.8,23.3,23.6,23.5,9.36,5.89,28,NNE,14.9,15.4,15.2,10.5,11.7,11.1,60
SP,"2009-02-12 07:00:00",25.2,27.4,26,25.6,29.8,27.9,0,5.5,6.5,6,.1,.14,.21,120.6,23.2,23.3,23.2,13.32,5.2,76,ENE,15,16,15.3,10.1,11.6,10.6,60
SP,"2009-02-12 08:00:00",27.5,31.1,29,20.9,26.1,23.7,0,5.9,6.6,6.2,.4,.35,.47,1107.5,23.3,24.5,23.6,17.64,8.28,71,ENE,15.9,17.1,16.4,11.5,14,12.6,60
SP,"2009-02-12 09:00:00",30.3,31.4,30.8,20.1,22.6,21.5,0,5.6,6.9,6.3,.4,.41,.55,1302.5,24.5,26.5,25.7,16.92,8.81,125,SE,16.7,17.5,17,13.3,14.4,13.8,60
SP,"2009-02-12 10:00:00",31.2,35,32.6,17.9,22,20.5,0,6.4,8,7,.6,.48,.59,1770.5,26.6,28.6,27.3,11.16,6.61,32,NNE,17.2,18.8,17.8,13.8,16.5,14.8,60
SP,"2009-02-12 11:00:00",35.1,37.9,36.5,13.7,18.3,15.8,0,5.3,7.6,6.4,1,.79,.93,3237.1,28.6,32.5,30.7,14.76,7.43,102,ESE,18.1,19.2,18.5,16.5,19.5,18,60
SP,"2009-02-12 12:00:00",37,39.5,38.1,12.8,15.2,14,0,4.8,6.9,5.9,.9,.72,.85,2845.1,32.6,34.4,33.4,15.84,6.49,276,W,18.2,19.2,18.7,18.5,20.5,19.4,60
SP,"2009-02-12 13:00:00",31.7,39.1,33.3,12.8,37.5,26.7,0,5.2,15.8,11.2,1.2,.92,1.11,3835.3,34.4,36.4,35.6,22.68,12.49,307,NW,18.2,21.9,19.9,10.2,20.3,13.4,60
SP,"2009-02-12 14:00:00",31,33.6,32.5,23.9,29.9,27,0,9.2,12.6,11.1,1,.8,.95,3390.9,36.4,37.5,36.9,15.84,10.05,217,SW,18.7,20.4,19.6,11.8,13.8,12.9,60
SP,"2009-02-12 15:00:00",29.8,33.2,31,25.4,45.4,37.3,0,10,17.4,14.5,.7,.59,.7,2589.1,36.9,37.6,37.3,15.48,8.63,226,SW,19.1,22.3,20.9,8.2,13.5,10.1,60
SP,"2009-02-12 16:00:00",30.5,32.7,31.3,32.8,39.3,35.6,0,13.1,15.5,14.3,.6,.44,.53,1908.4,35.8,36.9,36.4,11.52,6.7,260,W,20.1,21.7,20.9,9.5,11.4,10.5,60
SP,"2009-02-12 17:00:00",31.4,32.6,31.8,27.6,36,30.7,0,10.9,15.6,12.4,.4,.29,.39,1129.4,34.1,35.8,35.1,12.96,6.68,186,S,19.4,21.9,20.1,10.7,12.5,11.7,60
SP,"2009-02-12 18:00:00",28.7,32.1,30.4,26.8,49.8,38.6,0,10.6,17.6,14.3,.2,.2,.29,716.6,32.6,34.1,33.3,12.96,7.67,265,W,19.2,22.2,20.7,7.2,12.8,9.8,60
SP,"2009-02-12 19:00:00",25.1,29.4,26.9,41.1,56.3,51.6,0,14.6,16.8,16,.1,.13,.21,260.4,30.8,32.6,31.8,16.92,9.37,272,W,19.6,21.3,20.4,5.4,8.8,6.5,60
SP,"2009-02-12 20:00:00",23.8,25.1,24.2,56.6,66.4,63,0,15.9,17.3,16.7,.1,.04,.06,3.1,29.2,30.8,29.9,14.04,7.09,235,SW,19.7,20,19.8,3.9,5.4,4.4,60
SP,"2009-02-12 21:00:00",23.8,24.4,24.1,58.2,66.6,61.6,0,15.6,17.2,16.3,.1,.02,.04,.2,28.2,29.2,28.7,8.64,4.7,157,SSE,19.3,19.9,19.5,3.9,5.1,4.6,60
SP,"2009-02-12 22:00:00",23.9,24.3,24.1,58.6,61.8,60.4,0,15.7,16.1,15.9,.1,.03,.05,.4,27.5,28.2,27.9,11.16,5.44,242,WSW,19.3,19.4,19.4,4.5,5,4.7,60
SP,"2009-02-12 23:00:00",23.5,23.9,23.6,62,63.4,62.8,0,16,16.2,16.1,.1,.03,.05,0,27,27.5,27.3,11.88,5.77,264,W,19.2,19.4,19.3,4.2,4.5,4.4,60
SP,"2009-02-13 00:00:00",23.3,23.7,23.5,62,64.3,62.9,0,15.9,16.2,16,.1,.02,.04,0,26.4,27,26.7,9.72,5.08,244,WSW,19.1,19.3,19.2,4.1,4.5,4.3,60
SP,"2009-02-13 01:00:00",23.2,23.3,23.3,64.2,64.9,64.6,0,16.1,16.3,16.2,.1,.02,.04,.2,26.1,26.4,26.2,11.52,4.91,211,SSW,19.1,19.3,19.2,4,4.1,4.1,60
SP,"2009-02-13 02:00:00",22.9,23.3,23.1,63.5,64.9,64.2,0,15.9,16.1,16,.1,.02,.04,-.1,25.8,26.1,25.9,12.6,5.32,169,S,18.9,19.2,19,4,4.2,4.1,60
SP,"2009-02-13 03:00:00",22.3,23,22.6,64.6,69.1,67,0,15.9,16.5,16.2,0,.02,.04,.2,25.5,25.8,25.7,14.4,5.54,126,SE,18.8,19,18.9,3.4,4,3.7,60
SP,"2009-02-13 04:00:00",20.8,22.3,21.5,68.8,78.6,73.6,0,16.3,17,16.6,0,.01,.03,.1,24.9,25.5,25.3,12.96,5.52,121,ESE,18.4,19.1,18.7,2.2,3.4,2.8,60
SP,"2009-02-13 05:00:00",20.9,21,21,74.8,78.1,76.4,0,16.4,16.9,16.7,0,.01,.02,.5,22.3,24.8,22.9,10.8,3.68,70,ENE,18.4,18.7,18.5,2.2,2.6,2.4,60
SP,"2009-02-13 06:00:00",20.7,21.1,20.9,75.8,77.6,76.6,0,16.4,16.9,16.7,0,.01,.02,2.8,22.4,22.8,22.5,10.8,4.47,206,SSW,18.3,18.7,18.5,2.3,2.5,2.4,60
SP,"2009-02-13 07:00:00",20.4,20.9,20.7,75.5,78,76.9,0,16.3,16.7,16.5,0,.07,.09,163,22.8,23.3,23,10.8,5.46,120,ESE,18.1,18.5,18.3,2.2,2.5,2.4,60
SP,"2009-02-13 08:00:00",20.8,22.6,21.3,68.5,76.5,73.9,0,16.2,17,16.4,.1,.17,.19,781.1,23.4,24.2,23.8,12.96,6.36,150,SSE,18.2,19.3,18.5,2.4,3.5,2.7,60
SP,"2009-02-13 09:00:00",22,22.9,22.4,66.1,70.1,68.6,0,15.9,16.7,16.3,.3,.28,.32,1374,24.3,25.7,25.1,16.56,8.6,92,E,18.6,19.2,18.9,3.3,3.8,3.5,60
SP,"2009-02-13 10:00:00",21.9,23.3,22.3,66.8,70.1,68.8,0,15.9,17.2,16.2,.2,.2,.24,866.1,25.2,25.7,25.4,12.6,7.47,130,SE,18.5,19.8,18.8,3.2,3.8,3.4,59
SP,"2009-02-13 11:00:00",23,24.3,23.5,62.1,68.4,64.8,0,16.1,17.3,16.5,.3,.32,.36,1534,25.4,26.4,26,13.68,5.86,91,E,19.1,20.2,19.4,3.6,4.5,4.1,60
SP,"2009-02-13 12:00:00",24.4,26.9,25.4,55.2,63.2,59.6,0,16.3,17.6,17,.8,.63,.68,3243.8,26.5,28.9,27.7,15.12,6.53,161,SSE,19.7,21.2,20.4,4.4,5.9,5,60
SP,"2009-02-13 13:00:00",26.3,27.9,27,50.1,58,53.8,0,16.2,18.5,16.9,1,.76,.83,3827.8,28.9,30.8,30.1,12.96,7.48,126,SE,20.3,22,20.9,5.4,6.9,6.1,60
SP,"2009-02-13 14:00:00",26.2,30.1,27.8,44.2,56,50.4,0,16,17.7,16.5,.9,.68,.75,3345.8,30.2,31.5,30.7,15.84,6.87,117,ESE,20.2,22.2,21,5.7,8.3,6.9,60
SP,"2009-02-13 15:00:00",27.5,29.7,28.7,44.4,50.8,48.2,0,16,17.8,16.7,.8,.61,.68,2904.5,31.2,31.8,31.6,16.56,7.43,111,ESE,20.7,22.2,21.4,6.7,8.2,7.4,60
SP,"2009-02-13 16:00:00",27.6,29.6,28.5,44.8,49.3,46.8,0,15.3,16.9,16,.5,.41,.49,1842.9,30.5,31.4,31.1,13.32,7.77,98,E,20.3,21.6,20.9,7.1,8.1,7.6,52
SP,"2009-02-13 17:00:00",25,27.6,26.3,47.3,55.7,52.1,0,15.2,16,15.7,.2,.21,.28,764.2,28.8,30.4,29.6,13.32,8.23,107,ESE,19.5,20.4,20,5.5,7.3,6.3,60
SP,"2009-02-13 18:00:00",23.7,25.1,24.5,55.7,59.6,57.6,0,15.3,15.9,15.6,.1,.1,.15,356.8,27.6,28.8,28.2,14.04,7.57,138,SE,18.9,19.6,19.3,4.8,5.5,5.2,60
SP,"2009-02-13 19:00:00",21.3,23.6,22.3,59.6,66.2,63.3,0,14.7,15.5,15,.1,.08,.14,139.6,26.6,27.6,27.1,18.72,10.51,131,SE,17.6,18.9,18.2,3.6,4.8,4.1,60
SP,"2009-02-13 20:00:00",20.6,21.2,20.9,66.1,67.9,67.3,0,14.4,14.7,14.6,.1,.04,.05,9.8,25.7,26.5,26.1,17.28,9.73,111,ESE,17.2,17.6,17.4,3.4,3.7,3.5,60
SP,"2009-02-13 21:00:00",20.2,20.6,20.4,67.5,69.3,68.6,0,14.3,14.5,14.4,.1,.03,.05,.4,25.1,25.7,25.4,20.16,9.59,143,SE,17,17.2,17.1,3.2,3.4,3.3,60
SP,"2009-02-13 22:00:00",19.7,20.2,19.9,69,71,70.3,0,14.2,14.5,14.4,.1,.03,.04,.1,24.7,25.1,24.9,14.4,8.27,75,ENE,16.7,17,16.9,2.9,3.2,3,60
SP,"2009-02-13 23:00:00",19.7,19.8,19.7,70.6,71.1,70.9,0,14.2,14.4,14.3,0,.02,.04,-.1,24.4,24.7,24.5,18,8.02,149,SSE,16.7,16.8,16.7,2.9,3,3,60
SP,"2009-02-14 00:00:00",19.3,19.7,19.5,70.8,73.5,71.9,0,14.2,14.5,14.3,0,.02,.03,-.1,24.1,24.4,24.2,16.92,5.82,156,SSE,16.6,16.8,16.7,2.6,3,2.8,60
SP,"2009-02-14 01:00:00",18,19.3,18.7,73.6,85.1,79.2,0,14.5,15.6,15,0,.01,.02,.5,23.8,24.1,24,15.12,6.64,150,SSE,16.6,16.8,16.7,1.4,2.6,2,60
SP,"2009-02-14 02:00:00",17.7,18.2,18,83.9,88.1,86,.2,15.3,15.7,15.6,0,0,.01,.3,23.5,23.8,23.7,12.96,5.36,147,SSE,16.5,16.8,16.7,1.1,1.5,1.3,59
SP,"2009-02-14 03:00:00",17.8,19.3,18.3,78.7,89.7,85.4,.2,15.4,16.2,15.8,0,0,.01,.4,23.3,23.6,23.5,12.96,5.76,183,S,16.8,17.2,17,.9,2.1,1.4,60
SP,"2009-02-14 04:00:00",19.2,21.6,20.5,62.1,78.4,69.7,0,14,15.4,14.7,0,.02,.04,-.2,23.2,23.3,23.2,13.32,6.75,123,ESE,17.1,17.5,17.3,2.1,4.2,3.2,59
SP,"2009-02-14 05:00:00",21.7,23.4,22.6,47.5,61.1,54.1,0,11.5,13.9,12.8,.1,.06,.09,.4,22.9,23.2,23,21.24,11.67,121,ESE,16.8,17.4,17.2,4.3,6.5,5.4,60
SP,"2009-02-14 06:00:00",23.2,23.6,23.4,44.4,47.9,45.9,0,10.7,11.6,11.1,.1,.06,.1,1.7,22.7,22.9,22.8,21.24,8.78,100,E,16.5,16.9,16.7,6.4,7,6.7,60
SP,"2009-02-14 07:00:00",23.5,23.8,23.7,43.5,45.3,44.1,0,10.6,11,10.8,.1,.09,.12,42.1,22.5,22.7,22.6,21.24,11.9,130,SE,16.5,16.7,16.6,6.8,7.2,7.1,60
SP,"2009-02-14 08:00:00",23.3,23.8,23.5,44.2,48,46.5,0,10.8,11.8,11.4,.1,.16,.25,185.8,22.5,22.6,22.5,18.36,9.7,99,E,16.6,17,16.8,6.4,7.1,6.7,60
SP,"2009-02-14 09:00:00",23.5,24.2,23.7,44.9,49.1,47.4,0,11.5,12.3,11.9,.1,.2,.3,394.6,22.6,22.9,22.8,20.16,10.89,69,ENE,17,17.3,17.2,6.3,7,6.6,60
SP,"2009-02-14 10:00:00",23.8,24.1,24,44.9,47.6,46.7,0,11.4,12.1,11.8,.1,.18,.27,281.6,22.9,23,22.9,16.2,9.83,96,E,17.1,17.4,17.2,6.5,7,6.7,60
SP,"2009-02-14 11:00:00",23.9,24.3,24.2,46.9,48.9,47.8,0,12,12.8,12.4,.2,.21,.3,507.8,22.9,23.3,23.1,14.76,9.38,198,SSW,17.3,17.8,17.6,6.4,6.7,6.6,60
SP,"2009-02-14 12:00:00",24.2,24.5,24.4,48.1,50.2,49.2,0,12.7,13.3,13,.2,.21,.29,561.1,23.3,23.6,23.5,15.84,8.6,174,S,17.8,18.1,18,6.2,6.6,6.4,60
SP,"2009-02-14 13:00:00",24.3,25,24.6,48.2,50.6,49.4,0,13.2,13.7,13.4,.1,.18,.25,459.8,23.5,23.6,23.6,12.96,7.38,104,ESE,18,18.5,18.2,6.2,6.7,6.4,60
SP,"2009-02-14 14:00:00",25.1,25.8,25.5,46,48.8,47.5,0,13.3,13.9,13.5,.1,.17,.23,473.5,23.6,23.9,23.8,11.88,5.71,97,E,18.4,18.8,18.6,6.7,7.2,6.9,60
SP,"2009-02-14 15:00:00",25.9,27.6,26.7,41.5,46.4,44.3,0,13.2,14.2,13.6,.2,.21,.26,768.5,23.9,24.6,24.2,9,4.3,165,SSE,18.7,19.6,19.1,7.1,8.3,7.7,60
SP,"2009-02-14 16:00:00",26.5,27.8,27.1,43.2,49.1,45.9,0,13.6,15.1,14.4,.1,.16,.2,567.2,24.6,24.8,24.7,7.56,3.49,253,WSW,19.2,20,19.6,6.8,8.1,7.4,60
SP,"2009-02-14 17:00:00",26.7,27.9,27.2,44.1,50.7,47.8,0,14.2,16.1,15.2,.2,.19,.24,890.7,24.8,25.2,24.9,8.64,4.1,251,WSW,19.5,20.8,20.1,6.6,7.9,7.2,60
SP,"2009-02-14 18:00:00",28.1,29.2,28.7,39.5,46.3,43,0,13.5,16.1,14.9,.3,.19,.23,964,25.2,25.8,25.7,8.64,3.8,214,SW,19.6,21.1,20.4,7.6,9,8.3,60
SP,"2009-02-14 19:00:00",26.5,28.4,27.4,39.2,46.8,43,.2,13.2,14.2,13.8,.1,.06,.09,267.7,24.9,25.7,25.2,5.76,2.43,34,NE,19.2,19.6,19.4,7.2,9,8,60
SP,"2009-02-14 20:00:00",25.4,26.4,25.9,43.8,48.3,46.2,0,12.8,14.6,13.4,.1,.02,.04,9.9,23.9,24.9,24.4,7.2,2.81,233,SW,18.3,19.5,18.7,6.9,7.6,7.2,60
SP,"2009-02-14 21:00:00",24.3,25.8,24.8,46,54.2,51.1,0,13.2,15,14,.1,.01,.03,.3,23.2,23.9,23.5,7.2,2.76,102,ESE,18.2,19.3,18.6,5.7,7.2,6.2,60
SP,"2009-02-14 22:00:00",23,25.3,24.1,52.5,63.6,58,0,14.9,15.7,15.3,0,.01,.02,.2,22.8,23.2,23,5.4,2.49,124,SE,18.7,19.3,19,4.2,6.1,5.1,60
SP,"2009-02-14 23:00:00",21.9,23,22.3,63.3,71.2,67.6,0,15.4,16.6,16,0,0,.01,.1,22.4,22.8,22.6,4.32,2.11,298,WNW,18.5,19,18.7,3.1,4.2,3.6,60
SP,"2009-02-15 00:00:00",20.3,22.2,21.3,69.9,86.4,76.2,0,16.2,18.1,16.9,0,0,0,.1,22.1,22.4,22.2,4.68,1.79,314,NW,18.5,19.1,18.8,1.3,3.3,2.5,60
SP,"2009-02-15 01:00:00",19.4,20.8,20.1,85.6,90.5,87.9,0,17.6,18.4,18.1,0,-.01,0,.1,21.7,22.1,21.9,3.24,1.71,282,WNW,18.4,19.4,18.9,.9,1.4,1.2,59
SP,"2009-02-15 02:00:00",18.4,19.4,18.8,90.2,93.5,92.2,0,17.2,17.9,17.5,0,-.01,-.01,.3,21.4,21.7,21.6,4.68,1.6,248,WSW,17.7,18.6,18.1,.6,.9,.7,60
SP,"2009-02-15 03:00:00",18,18.5,18.3,88.4,93.1,90.2,0,16.2,17.3,16.7,0,-.01,0,.1,21.2,21.4,21.3,4.68,2.28,62,ENE,17,17.8,17.4,.6,1.1,.9,60
SP,"2009-02-15 04:00:00",17.5,18.1,17.8,91.9,97.3,94.7,0,16.3,17.4,17,0,-.01,-.01,0,17,21.2,20,5.4,1.71,35,NE,16.8,17.7,17.4,.2,.7,.5,60
SP,"2009-02-15 05:00:00",17,17.7,17.5,97.2,99.6,98.4,.2,16.8,17.5,17.2,0,-.01,-.01,.4,17,19.2,18,5.76,2.12,,,16.9,17.6,17.3,0,.2,.1,60
SP,"2009-02-15 06:00:00",17.2,17.6,17.4,99.3,100.4,99.7,0,17.2,17.5,17.4,0,-.01,-.01,4.1,19.2,19.9,19.6,5.04,2.11,100,E,17.2,17.6,17.4,0,.1,0,60
SP,"2009-02-15 07:00:00",17.2,18.3,17.6,100.2,101,100.6,0,17.2,18.4,17.6,0,.03,.03,104.2,19.9,20.2,20,4.32,2.14,73,ENE,17.2,18.4,17.6,-.1,0,-.1,60
SP,"2009-02-15 08:00:00",18.3,22.4,19.9,85.2,100.7,96.2,0,18.4,20.2,19.2,.1,.15,.15,853.9,20.2,21.2,20.5,5.4,2.83,312,NW,18.4,21,19.5,-.1,1.5,.4,59
SP,"2009-02-15 09:00:00",22.4,25.1,24.1,71.2,85,77.3,0,19.4,20.9,19.8,.4,.36,.37,1897.6,21.2,23.9,22.6,7.92,3.71,266,W,20.8,22.3,21.5,1.6,3.4,2.6,60
SP,"2009-02-15 10:00:00",25.1,28,26.6,57.9,72.6,66,0,18.2,21.7,19.7,.6,.52,.54,2609.5,24,26.3,25.2,7.92,4.01,11,N,21.6,24,22.3,3.2,5.6,4.3,60
SP,"2009-02-15 11:00:00",27.3,28.8,28.2,54.8,61.6,57.4,0,17.9,20.5,19,.8,.65,.7,3181.9,26.4,28.2,27.4,11.16,5.82,317,NW,21.6,23.4,22.5,5.1,6.2,5.7,59
SP,"2009-02-15 12:00:00",27.5,28.7,28.2,53.9,60.6,57,0,17.8,20,18.8,.9,.72,.78,3536.2,28.2,29.5,28.9,12.24,7.85,271,W,21.5,23.2,22.4,5.2,6.3,5.8,60
SP,"2009-02-15 13:00:00",27.6,28.9,28.2,54,61.2,57.2,0,17.8,19.8,18.9,1,.74,.82,3664.2,29.5,30.6,30.1,12.96,9.13,218,SW,21.6,23.1,22.4,5.1,6.3,5.8,60
SP,"2009-02-15 14:00:00",26.9,28.6,27.7,53,62.1,58.2,0,17.6,20.2,18.7,.9,.72,.79,3547.2,30.6,31.1,30.9,15.12,10.37,321,NW,21.6,23.2,22.2,4.9,6.5,5.6,60
SP,"2009-02-15 15:00:00",27.1,28.7,27.7,56.3,63,60.3,0,18.7,20.1,19.3,.8,.65,.72,3203.4,31.1,31.3,31.2,16.56,10.65,311,NW,22,23.1,22.5,4.8,6,5.2,60
SP,"2009-02-15 16:00:00",27.1,29,27.8,54.5,62.6,58.6,0,17.9,20.4,18.9,.7,.54,.62,2652.2,31,31.3,31.2,16.92,9.36,328,NNW,21.7,23.5,22.3,4.9,6.2,5.5,60
SP,"2009-02-15 17:00:00",26.8,28.1,27.4,57.6,62.1,59.9,0,18,20,18.9,.5,.39,.45,1909.6,30.1,31,30.6,14.4,8,301,WNW,21.5,23,22.2,4.9,5.6,5.2,45
SP,"2009-02-15 18:00:00",25.5,27,26.2,60.9,66.4,63.2,0,18.1,19.3,18.6,.3,.22,.27,1136.8,28.7,30.1,29.4,11.88,6.43,304,NW,21.2,22.2,21.6,4.1,5,4.6,60
SP,"2009-02-15 19:00:00",22.5,25.7,23.8,65.4,79.2,72.3,0,18.2,18.9,18.5,0,.06,.09,227.9,27,28.6,27.8,10.44,6.17,228,SW,20.3,21.5,20.7,2.2,4.2,3.2,60
SP,"2009-02-15 20:00:00",21.1,22.5,21.8,79.5,87.6,83.7,0,18.6,19.1,18.9,0,0,.01,5.8,25.9,27,26.4,12.96,4.37,240,WSW,19.8,20.3,20.1,1.2,2.2,1.7,60
SP,"2009-02-15 21:00:00",20.4,21.3,20.9,87.8,91.7,89.9,0,18.9,19.3,19.2,0,0,0,.6,25.1,25.9,25.5,7.92,3,261,W,19.5,20.1,19.9,.8,1.2,1,60
SP,"2009-02-15 22:00:00",19.1,20.5,19.7,91.4,96.9,93.8,0,18.3,19.1,18.6,0,-.01,-.01,-.3,24.4,25.1,24.8,4.32,1.4,236,SW,18.6,19.7,19.1,.3,.8,.6,60
SP,"2009-02-15 23:00:00",18.9,19.4,19.1,96.4,98.4,97.4,0,18.4,18.9,18.6,0,-.01,-.01,.7,23.9,24.4,24.1,4.32,1.32,242,WSW,18.6,19.1,18.8,.1,.3,.2,60
SP,"2009-02-16 00:00:00",18.5,19.2,18.8,97.6,99.1,98.2,0,18.2,18.9,18.5,0,-.01,-.01,.4,23.5,23.9,23.7,4.32,1.22,8,N,18.3,19,18.7,.1,.2,.2,60
SP,"2009-02-16 01:00:00",18.2,18.9,18.6,98.9,100,99.4,0,18.2,18.8,18.5,0,-.01,-.01,.6,23.1,23.6,23.4,4.32,1.44,247,WSW,18.2,18.9,18.5,0,.1,.1,59
SP,"2009-02-16 02:00:00",17.9,18.5,18.1,99.6,101.3,100.5,0,17.9,18.7,18.2,0,-.01,-.01,.4,22.7,23.2,22.9,4.32,1.44,255,WSW,17.9,18.6,18.2,-.1,0,0,60
SP,"2009-02-16 03:00:00",17.5,18.3,17.8,100.8,102,101.4,0,17.7,18.5,18,0,-.01,-.01,.1,22.3,22.7,22.5,3.24,1.51,232,SW,17.6,18.4,17.9,-.2,-.1,-.1,60
SP,"2009-02-16 04:00:00",17.7,19.1,18.4,101.6,102.6,102,0,18,19.4,18.7,0,-.01,-.01,.1,22.2,22.4,22.3,5.76,2.14,261,W,17.9,19.3,18.6,-.2,-.1,-.2,59
SP,"2009-02-16 05:00:00",19,19.6,19.4,96.6,101.8,99.4,0,19,19.5,19.3,0,-.01,-.01,.1,22.4,22.7,22.6,10.08,3.83,214,SW,19.2,19.5,19.4,-.2,.3,.1,60
SP,"2009-02-16 06:00:00",19.6,19.8,19.7,91.6,96.5,93.9,0,18.3,19,18.7,0,-.01,0,3.5,22.7,22.7,22.7,7.2,3.86,238,WSW,18.9,19.3,19.1,.3,.8,.6,60
SP,"2009-02-16 07:00:00",19.5,20,19.7,89.5,91.7,90.5,0,18,18.3,18.1,0,.05,.05,151.1,22.6,22.7,22.7,9.36,4.45,239,WSW,18.7,19,18.8,.8,1,.9,60
SP,"2009-02-16 08:00:00",20,21,20.5,80.6,89.3,83.7,0,17.3,18.2,17.7,.1,.13,.15,685.9,22.7,23,22.8,9.72,4.8,193,SSW,18.7,19.2,18.9,1,2,1.6,60
SP,"2009-02-16 09:00:00",21,22.8,21.8,73.7,81.5,78.2,0,17.4,18.3,17.9,.2,.23,.25,1178.4,23,24,23.5,12.96,5.46,213,SSW,19,20.1,19.5,1.9,2.9,2.3,60
SP,"2009-02-16 10:00:00",22.4,23.8,22.8,67.6,74.1,71,0,16.8,18.1,17.3,.3,.28,.31,1378.9,24,25,24.5,11.88,6.28,237,WSW,19.3,20.2,19.6,2.8,3.7,3.2,59
SP,"2009-02-16 11:00:00",23.3,26.2,25.1,54,69.7,58.1,0,15.3,17.5,16.3,.8,.6,.65,3082.9,25,28,26.5,13.68,6.97,265,W,19.3,20.5,19.9,3.4,6,5.2,60
SP,"2009-02-16 12:00:00",25.1,26.5,25.9,50.2,57.8,54.9,0,14.9,17.1,16.1,.9,.68,.74,3476.3,28,30.2,29.2,13.32,7.99,298,WNW,19.4,20.8,20.1,5.3,6.5,5.8,60
SP,"2009-02-16 13:00:00",25.3,26.5,25.9,45.6,54.2,50.2,0,13.5,16.3,14.7,.9,.71,.8,3615,30.2,31.6,30.9,18.36,9.5,308,NW,18.7,20.3,19.4,5.9,7.4,6.5,60
SP,"2009-02-16 14:00:00",25.3,27.2,26.1,43.5,56.2,50.1,0,13.2,16.7,14.9,.9,.7,.78,3526.4,31.6,32.5,32.1,16.92,9.17,303,WNW,18.8,20.5,19.6,5.5,7.8,6.6,60
SP,"2009-02-16 15:00:00",24.9,26.2,25.6,51.2,56.1,53.9,0,14.8,16.3,15.6,.8,.63,.7,3231.3,32.5,32.8,32.7,14.76,8.93,255,WSW,19.1,20.3,19.7,5.5,6.3,5.9,60
SP,"2009-02-16 16:00:00",24.6,26.1,25.2,51.3,59.5,55.5,0,14.4,16.8,15.6,.7,.52,.59,2672.6,32.3,32.8,32.6,15.84,8.31,229,SW,18.9,20.4,19.6,5,6.2,5.6,60
SP,"2009-02-16 17:00:00",23.9,25.8,24.8,52,63.5,56.7,0,14.4,16.7,15.6,.5,.39,.45,1964,31.2,32.3,31.8,19.44,8.62,254,WSW,18.8,19.8,19.4,4.3,6.2,5.4,60
SP,"2009-02-16 18:00:00",22.4,24.3,23.1,63.1,70.8,68.1,0,16.3,17.5,16.9,.3,.21,.26,1148.2,29.3,31.1,30.3,15.12,9.32,322,NW,19.1,20,19.5,3.2,4.4,3.6,60
SP,"2009-02-16 19:00:00",20.9,22.6,21.6,71.5,76.4,74.4,0,16.6,17.3,16.9,0,.06,.1,234.5,27.3,29.3,28.3,16.2,8.36,240,WSW,18.5,19.5,18.9,2.4,3.1,2.7,60
SP,"2009-02-16 20:00:00",20,20.9,20.4,76.4,80.5,78.5,0,16.3,16.6,16.5,0,.01,.03,5.6,25.9,27.3,26.6,11.52,6.72,290,WNW,18,18.5,18.2,1.9,2.4,2.2,60
SP,"2009-02-16 21:00:00",19.6,20,19.8,79.8,81.4,80.8,0,16.1,16.6,16.4,0,.01,.02,.3,25.1,25.9,25.5,11.88,6.31,266,W,17.6,18.1,17.9,1.8,2,1.9,60
SP,"2009-02-16 22:00:00",19,19.6,19.3,79.2,81.1,80.1,0,15.3,16.1,15.8,0,.01,.01,.1,24.3,25.1,24.7,12.24,4.69,235,SW,17,17.7,17.3,1.8,2,1.9,60
SP,"2009-02-16 23:00:00",18.8,19.1,18.9,70.3,79.8,76.5,0,13.5,15.5,14.7,0,.01,.02,.5,23.7,24.3,24,12.96,4.7,244,WSW,16,17.1,16.6,1.9,3,2.3,60
SP,"2009-02-17 00:00:00",17.8,18.9,18.4,70.5,72.7,71.6,0,12.8,13.5,13.1,0,.01,.02,.5,23.1,23.7,23.4,10.8,4.42,250,WSW,15.2,16,15.6,2.6,2.9,2.8,60
SP,"2009-02-17 01:00:00",17.1,17.9,17.5,72.7,76.2,74.5,0,12.8,13,12.9,0,.01,.02,.4,22.6,23.2,22.9,8.28,4.57,238,WSW,14.9,15.3,15.1,2.2,2.6,2.4,59
SP,"2009-02-17 02:00:00",16.1,17.2,16.7,75.8,80.1,77.7,0,12.6,12.9,12.8,0,0,.01,.5,22.3,22.7,22.5,8.64,3.8,136,SE,14.3,15,14.7,1.8,2.2,2,60
SP,"2009-02-17 03:00:00",15.8,16.3,16,79.5,81.7,80.7,0,12.5,12.8,12.6,0,0,.01,.1,21.8,22.2,22,8.64,3.46,216,SW,14.1,14.5,14.3,1.6,1.8,1.7,60
SP,"2009-02-17 04:00:00",14.5,15.9,15.3,81.5,90.6,85.5,0,12.6,13.1,12.9,0,0,0,.2,17.5,21.8,21.2,5.76,2.8,182,S,13.7,14.3,14,.8,1.6,1.2,60
SP,"2009-02-17 05:00:00",14.3,14.7,14.4,90.7,92.2,91.4,0,12.9,13.3,13.1,0,-.01,0,.1,16.7,19.3,17.8,6.48,2.65,254,WSW,13.6,13.9,13.7,.6,.8,.7,59
SP,"2009-02-17 06:00:00",14.6,15,14.8,89.1,90.7,89.8,0,13,13.3,13.2,0,0,0,4.6,19.3,20.1,19.8,6.12,3.35,165,SSE,13.8,14.1,14,.8,.9,.9,58
SP,"2009-02-17 07:00:00",14.7,15.7,15,87.3,90.3,89.5,0,13,13.6,13.3,0,.04,.04,110.9,20.1,20.3,20.2,7.2,2.69,209,SSW,13.9,14.6,14.2,.8,1.1,.9,60
SP,"2009-02-17 08:00:00",15.8,19.7,17.5,68.2,87.2,79.4,0,13.6,14.2,13.8,.1,.15,.16,845.7,20.3,21,20.5,10.08,4.4,103,ESE,14.7,16.5,15.5,1.1,3.3,1.9,60
SP,"2009-02-17 09:00:00",19.7,22.2,21.2,58.3,68.8,62.6,0,13.3,14.6,13.7,.4,.35,.38,1897,21,23.3,22.2,11.52,5.35,152,SSE,16.3,17.9,17.1,3.2,4.7,4.1,60
SP,"2009-02-17 10:00:00",21.9,24.2,23.3,51,59.4,55.4,0,13.1,15.5,13.9,.6,.5,.54,2611.9,23.3,25.4,24.4,12.6,5.35,89,E,17.2,19.1,18,4.6,6.1,5.3,60
SP,"2009-02-17 11:00:00",24,26.8,25.3,46.5,55.2,50.6,0,13.5,15.5,14.3,.8,.62,.67,3160,25.5,27.4,26.4,11.16,5.39,170,S,18.3,20,18.9,5.6,7.3,6.4,60
SP,"2009-02-17 12:00:00",25.8,28.2,27,41.9,52.1,46,0,13.4,15.8,14.4,.9,.71,.77,3534.6,27.4,29,28.2,11.88,6.02,135,SE,18.8,20.6,19.6,6.3,8.3,7.4,59
SP,"2009-02-17 13:00:00",27.7,29.8,28.8,38,45.9,41.1,0,13.3,15.9,14.3,1,.77,.84,3678.6,29,30.5,29.8,11.16,6.56,125,SE,19.5,21,20.1,7.8,9.5,8.7,60
SP,"2009-02-17 14:00:00",29.2,31.3,30.3,32.7,42.9,37.2,0,12.9,16.2,14,1,.76,.83,3547.7,30.6,31.7,31.1,14.76,6.04,87,E,19.7,21.5,20.4,8.6,11.1,9.9,60
SP,"2009-02-17 15:00:00",28.3,32.1,30.2,31.5,49.7,40.5,0,12.7,17.2,15.1,.9,.7,.78,3220.8,31.7,31.9,31.8,12.96,7.28,234,SW,20,21.9,20.9,7.1,11.5,9.2,60
SP,"2009-02-17 16:00:00",26.7,28.6,27.7,46.1,52.4,48.6,0,15.2,16.6,15.9,.7,.55,.64,2620.7,31.1,31.8,31.5,14.4,9.35,242,WSW,20,21.1,20.6,6.3,7.7,7.1,60
SP,"2009-02-17 17:00:00",26.1,27.5,26.9,48.5,52.4,50.6,0,15.2,16.6,15.8,.5,.41,.49,1913.3,30.1,31.1,30.6,18,9.14,301,WNW,19.7,20.9,20.3,6.2,7,6.6,60
SP,"2009-02-17 18:00:00",25.7,27.2,26.3,50.2,55.9,52.8,0,15.4,16.8,15.9,.3,.24,.31,1100.3,28.6,30.1,29.4,14.4,8.27,254,WSW,19.7,20.9,20.2,5.6,6.7,6.2,60
SP,"2009-02-17 19:00:00",23.9,25.7,24.8,53.9,60.2,57,0,15.4,15.9,15.7,.1,.07,.11,222.1,26.9,28.6,27.7,10.8,5.41,243,WSW,19.2,19.9,19.5,4.7,5.9,5.3,60
SP,"2009-02-17 20:00:00",22.8,23.9,23.4,60.5,65.5,62.7,0,15.7,16.1,15.9,0,.02,.04,4.6,25.8,26.9,26.3,9,4.21,245,WSW,18.9,19.2,19.1,3.9,4.7,4.3,60
SP,"2009-02-17 21:00:00",22,23.1,22.4,54.8,68.7,65.9,0,13.5,16.1,15.7,0,.01,.02,.2,25,25.8,25.4,9,3.11,247,WSW,17.7,18.9,18.6,3.4,5.4,3.8,60
SP,"2009-02-17 22:00:00",23.3,24.7,24.2,40.7,54.2,44,0,10.4,13.5,11.1,.1,.05,.09,-.3,24.4,25,24.7,12.96,6.82,118,ESE,16.7,17.8,17,5.5,7.8,7.2,60
SP,"2009-02-17 23:00:00",22.6,24.4,23.5,41.9,49.1,45.6,0,10.6,11.4,11.1,.1,.07,.1,.2,23.9,24.4,24.2,16.56,8.86,138,SE,16.5,16.9,16.7,6.1,7.6,6.8,60
SP,"2009-02-18 00:00:00",21.3,22.6,21.9,49.3,53.6,51.4,0,11.3,11.5,11.4,.1,.05,.08,.5,23.5,23.9,23.7,19.08,8.61,126,SE,16,16.5,16.2,5.3,6.1,5.7,60
SP,"2009-02-18 01:00:00",20.1,21.2,20.7,53.5,55.6,54.4,0,10.9,11.5,11.2,.1,.05,.07,.1,23,23.5,23.2,17.64,8.66,103,ESE,15.3,16,15.6,4.8,5.2,5.1,60
SP,"2009-02-18 02:00:00",19.2,20.1,19.7,55.8,60.3,58,0,11,11.4,11.2,.1,.04,.06,.5,22.6,23,22.8,15.84,8.75,151,SSE,15.1,15.3,15.2,4.1,4.8,4.5,59
SP,"2009-02-18 03:00:00",18.5,19.3,18.9,60.1,63.3,61.8,0,11.3,11.5,11.4,.1,.03,.05,.3,22.2,22.6,22.4,16.56,8.03,96,E,14.8,15.2,15,3.7,4.2,3.9,60
SP,"2009-02-18 04:00:00",18,18.5,18.2,63.5,67,65.3,0,11.4,11.8,11.6,.1,.03,.04,.2,21.9,22.2,22.1,12.24,7.3,66,ENE,14.7,14.9,14.8,3.2,3.7,3.4,60
SP,"2009-02-18 05:00:00",17.7,18.1,17.9,66.7,68.5,67.7,0,11.7,11.9,11.8,0,.02,.04,.1,21.6,21.9,21.7,10.44,6.75,115,ESE,14.6,14.8,14.7,3,3.3,3.1,59
SP,"2009-02-18 06:00:00",17.3,17.8,17.5,68.2,71.3,69.6,0,11.8,12.2,11.9,0,.02,.04,4,21.3,21.6,21.5,14.4,7.96,109,ESE,14.5,14.7,14.6,2.7,3.1,2.9,60
SP,"2009-02-18 07:00:00",17.3,17.9,17.5,69.9,71.5,70.8,0,12,12.3,12.1,0,.03,.04,99.1,21.2,21.3,21.3,12.96,8.25,132,SE,14.6,15,14.7,2.7,2.9,2.8,60
SP,"2009-02-18 08:00:00",17.8,19.2,18.4,66.8,70.6,69.3,0,12.3,13,12.7,.2,.17,.21,854.8,21.2,21.6,21.3,13.68,7.62,137,SE,14.9,15.9,15.4,2.8,3.4,3,60
SP,"2009-02-18 09:00:00",19.2,22.2,20.6,57.2,67.4,62.3,0,12.9,13.7,13.1,.4,.35,.39,1933.4,21.6,23.7,22.6,11.52,6.63,90,E,15.9,17.5,16.5,3.3,4.9,4.1,60
SP,"2009-02-18 10:00:00",22.1,24.7,23.2,49.9,58.9,53.9,0,12.9,13.7,13.3,.6,.5,.56,2642,23.7,26.2,25,11.52,6.84,101,E,17,18.4,17.6,4.7,6.3,5.5,60
SP,"2009-02-18 11:00:00",24.6,26.4,25.4,43.7,50.9,47.5,0,12.9,13.9,13.4,.8,.63,.7,3196.7,26.3,28.8,27.6,11.16,6.95,99,E,18.2,19.1,18.5,6.2,7.7,6.8,60
SP,"2009-02-18 12:00:00",26.2,28,27.3,38,44.8,41.4,0,12.2,14.1,13,.9,.73,.8,3585,29.1,31.1,30.1,10.44,6.3,139,SE,18.6,19.5,19,7.5,9.1,8.3,51
SP,"2009-02-18 13:00:00",27.8,30.1,28.9,33.7,41.7,36.7,0,11.8,13.6,12.6,1,.77,.84,3683,31.1,32.8,32,11.52,6.01,86,E,18.8,20,19.3,8.4,10.5,9.6,60
SP,"2009-02-18 14:00:00",29.2,31.6,30.4,28.7,35.1,32,0,10.9,13,11.8,1,.76,.83,3556.4,32.9,34,33.5,10.08,5.48,286,WNW,18.6,19.9,19.4,10.1,12.2,11,60
SP,"2009-02-18 15:00:00",28.9,31.9,30.9,26.8,42.2,30.9,0,9.8,15.1,11.6,.9,.7,.79,3192.2,34,34.4,34.3,15.84,6.5,326,NW,18.5,20.8,19.4,8.6,12.6,11.4,60
SP,"2009-02-18 16:00:00",29.2,30.3,29.8,36.4,42.1,39.8,0,13.3,15.3,14.7,.7,.57,.66,2634,34,34.4,34.2,12.6,7.39,280,W,19.9,21,20.6,8.6,9.9,9.2,60
SP,"2009-02-18 17:00:00",27.9,30.3,29,39,45.8,42.3,0,13.9,15.6,14.9,.5,.43,.52,1931.7,32.7,33.9,33.4,12.96,7.98,277,W,19.9,21.2,20.5,7.6,9.4,8.5,60
SP,"2009-02-18 18:00:00",27.8,29.1,28.4,41.5,46.2,44.3,0,14.4,15.7,15.1,.3,.24,.3,1120.4,30.8,32.6,31.7,10.8,5.79,212,SSW,20,20.8,20.4,7.5,8.7,8,60
SP,"2009-02-18 19:00:00",24.7,27.9,26.4,43.6,57.6,51.4,0,14.4,15.9,15.5,.1,.05,.08,222.5,28.4,30.7,29.6,6.48,3.1,244,WSW,18.8,20.4,20,5.2,8,6.5,60
SP,"2009-02-18 20:00:00",24.5,26.7,26.1,29.5,53.9,32.5,0,7.3,14.7,8.2,.1,.04,.07,3.7,26.6,28.4,27.4,6.84,3.63,122,ESE,15.9,19,16.3,5.7,10.5,9.8,60
SP,"2009-02-18 21:00:00",24.2,26.2,25.2,30.1,34.8,32.3,0,7.3,7.8,7.5,.1,.04,.07,.3,25.5,26.6,26,8.28,3.88,125,SE,15.3,16.1,15.7,8.8,10.2,9.5,60
SP,"2009-02-18 22:00:00",23.4,24.7,24.1,33.3,36.5,34.7,0,7.4,7.8,7.5,.1,.04,.07,.6,24.6,25.5,25,6.48,4.4,137,SE,15.1,15.5,15.3,8.3,9.2,8.8,60
SP,"2009-02-18 23:00:00",23.1,23.8,23.5,34.3,36.5,35.4,0,6.9,7.5,7.3,.1,.05,.09,.4,24,24.6,24.3,11.52,5.6,129,SE,14.8,15.2,15,8.2,8.7,8.5,60
SP,"2009-02-19 00:00:00",22.4,23.5,23,34.7,40.6,37.4,0,7,8.4,7.6,.1,.07,.1,.3,23.5,24,23.7,14.76,7.57,86,E,14.8,15.1,14.9,7.4,8.6,8,60
SP,"2009-02-19 01:00:00",21,22.4,21.7,40.7,47.4,43.8,0,8.4,9.4,8.9,.1,.05,.08,.6,23,23.5,23.3,12.6,6.78,112,ESE,14.9,15.1,15,6.1,7.3,6.7,60
SP,"2009-02-19 02:00:00",19.8,21,20.4,47.6,52.2,50,0,9.4,9.8,9.6,.1,.04,.07,.1,22.6,23,22.8,12.96,7.27,120,ESE,14.6,15,14.8,5.2,6,5.6,59
SP,"2009-02-19 03:00:00",18.5,19.8,19.1,52.3,57.8,54.9,0,9.7,10.1,9.8,.1,.04,.06,.4,22.2,22.6,22.4,11.52,6.89,100,E,14.2,14.6,14.3,4.3,5.2,4.8,60
SP,"2009-02-19 04:00:00",17.6,18.5,18,57.9,62.2,60,0,10,10.3,10.2,.1,.02,.04,.4,21.7,22.2,22,12.96,5.83,127,SE,13.9,14.2,14,3.7,4.3,4,60
SP,"2009-02-19 05:00:00",16.9,17.5,17.4,62.2,65.6,63.6,0,10.2,10.5,10.4,0,.02,.03,.4,21.4,21.7,21.5,9,5.21,95,E,13.6,13.9,13.8,3.3,3.7,3.5,60
SP,"2009-02-19 06:00:00",16.8,17.1,17,65.1,66.5,65.8,0,10.4,10.6,10.5,0,.01,.03,3.5,21,21.3,21.2,7.2,4.75,111,ESE,13.6,13.8,13.7,3.2,3.3,3.3,60
SP,"2009-02-19 07:00:00",16.9,17.8,17.2,64.5,66.3,65.6,0,10.5,11,10.7,0,.02,.03,89.8,20.9,21,20.9,8.64,4.48,104,ESE,13.7,14.3,13.9,3.2,3.5,3.3,60
SP,"2009-02-19 08:00:00",17.8,21.1,19.2,54.6,64.2,60.2,0,10.9,11.7,11.3,.2,.18,.21,845.5,20.9,21.4,21,10.44,5.51,124,SE,14.3,16,15.1,3.5,5.1,4.1,59
SP,"2009-02-19 09:00:00",21,23.7,22.2,48.2,55.1,51.8,0,11.4,12.2,11.8,.5,.37,.42,1926.5,21.5,24.3,22.8,10.08,5.53,106,ESE,15.9,17.3,16.5,5,6.4,5.7,60
SP,"2009-02-19 10:00:00",23.8,25.6,24.8,44.1,48.7,46.1,0,12,12.8,12.4,.7,.52,.58,2617.5,24.4,27.5,26,9,6.01,90,E,17.3,18.2,17.8,6.4,7.4,7,60
SP,"2009-02-19 11:00:00",25.8,28.6,27.3,38.2,46.3,41.1,0,12.5,13.8,12.9,.8,.65,.72,3156.4,27.6,30.7,29.2,11.52,6.1,107,ESE,18.4,19.8,18.9,7.1,9.2,8.4,60
SP,"2009-02-19 12:00:00",28.7,31,29.9,33.4,40.1,36.1,0,12.6,13.9,13.2,.9,.74,.8,3508.2,30.7,33.5,32.2,8.64,5.12,67,ENE,19.5,20.3,19.9,8.9,10.9,10,60
SP,"2009-02-19 13:00:00",30.4,32.6,31.6,29.9,35.6,32.5,0,12.4,14.2,13.1,1,.78,.85,3636.6,33.6,35.8,34.8,9.72,4.84,68,ENE,19.8,20.9,20.3,10.3,12,11.2,60
SP,"2009-02-19 14:00:00",31.7,33.4,32.5,26.9,36,30.5,0,11.6,15.1,12.9,1,.76,.83,3465.5,35.9,37.2,36.6,9.36,4.86,156,SSE,19.9,21.5,20.5,10.5,13.1,12,60
SP,"2009-02-19 15:00:00",31.5,34,32.4,26.3,35.1,31.6,0,11.6,14.7,13.4,.9,.7,.8,3155,37.2,37.5,37.4,13.68,6.38,273,W,20,21.5,20.7,10.6,13.5,11.7,60
SP,"2009-02-19 16:00:00",30.3,32.1,31.2,32.8,37.8,34.6,0,13,15.3,13.7,.8,.59,.7,2606,36.6,37.4,37.1,13.32,8,344,NNW,20,21.4,20.5,10,11.2,10.7,60
SP,"2009-02-19 17:00:00",29.2,30.7,30.1,32.5,36.1,34.2,0,11.4,13.8,12.6,.6,.44,.54,1897.1,34.8,36.6,35.8,15.84,7.98,248,WSW,18.8,20.4,19.7,10.1,10.9,10.4,60
SP,"2009-02-19 18:00:00",28.1,29.8,28.9,32.9,40.5,35.9,0,11.5,13.5,12.3,.3,.26,.34,1090.3,32.3,34.8,33.6,12.6,6.95,231,SW,18.8,19.5,19.1,8.6,10.6,9.8,60
SP,"2009-02-19 19:00:00",25.2,28.2,26.7,40.4,55.5,47,0,13.4,15.7,14.4,.1,.08,.13,228.3,29.6,32.3,30.9,9.72,4.9,241,WSW,19.3,19.6,19.5,5.6,8.7,7.2,60
SP,"2009-02-19 20:00:00",23,25.2,24,55.6,65.4,62.1,0,15.7,16.7,16.3,0,.01,.03,3.4,27.7,29.6,28.6,7.2,3.08,228,SW,19.1,19.7,19.5,3.9,5.6,4.5,60
SP,"2009-02-19 21:00:00",21.8,23.3,22.5,61.6,65.7,64.4,0,14.3,16.2,15.4,0,0,.01,.6,26.3,27.7,27,5.76,1.7,239,WSW,17.7,19.2,18.5,3.8,4.3,4,60
SP,"2009-02-19 22:00:00",21.3,22.2,21.8,53.5,61.3,57.3,0,11.6,14.3,13,0,0,.01,.1,25.2,26.3,25.8,3.6,1.46,158,SSE,16.1,17.7,17,4.3,5.3,4.8,60
SP,"2009-02-19 23:00:00",21,25,22.7,29.4,54.6,41.3,0,5.9,11.6,8.6,.1,.03,.05,0,24.3,25.2,24.8,9.36,3.49,124,SE,14.8,16,15.3,5.1,10,7.5,59
SP,"2009-02-20 00:00:00",24.5,25.4,25,28.7,42.5,32.7,0,5.9,10.9,7.4,.1,.07,.11,.4,24,24.3,24.1,14.4,6.73,137,SE,15,17,15.6,7.5,10.3,9.4,60
SP,"2009-02-20 01:00:00",22.7,24.4,23.5,42.6,50.9,47.7,0,10.9,12.1,11.8,.1,.05,.08,.2,23.7,23.9,23.8,11.16,6.42,144,SE,16.8,17.1,17,5.9,7.5,6.5,60
SP,"2009-02-20 02:00:00",21.7,22.7,22.1,51,54.6,53.3,0,12,12.3,12.2,.1,.04,.06,.1,23.3,23.7,23.5,11.16,6.44,111,ESE,16.5,16.9,16.7,5.2,5.8,5.4,60
SP,"2009-02-20 03:00:00",20.7,21.7,21.2,54.4,57.5,56.1,0,11.9,12.2,12.1,.1,.03,.05,.2,22.9,23.3,23.1,10.08,5.63,54,NE,16,16.5,16.3,4.7,5.2,4.9,60
SP,"2009-02-20 04:00:00",19.2,21,20.1,55.9,66.5,60.8,0,11.8,13.1,12.2,.1,.03,.05,.3,22.2,22.9,22.7,10.08,6.61,143,SE,15.4,16.5,15.9,3.4,4.9,4.2,60
SP,"2009-02-20 05:00:00",19.1,20,19.8,60,64.4,61.2,0,11.9,12.4,12.1,.1,.03,.04,.3,17.7,22.2,19.8,11.52,6,51,NE,15.4,15.9,15.7,3.6,4.2,4.1,60
SP,"2009-02-20 06:00:00",19,19.8,19.4,61.5,65.7,63.3,0,12.1,12.4,12.2,0,.02,.03,3.5,17.7,18.9,18.1,7.92,4.2,95,E,15.4,15.8,15.6,3.5,4,3.8,60
SP,"2009-02-20 07:00:00",19.4,20.2,19.8,60.1,63.7,62,0,12.1,12.5,12.3,.1,.08,.11,110.4,18.9,20.7,20,9.36,5.18,100,E,15.6,16,15.8,3.7,4.3,4,60
SP,"2009-02-20 08:00:00",20.3,23.3,21.5,50,60.9,56.2,0,12.1,12.8,12.4,.2,.19,.23,842.7,20.7,21.7,21.1,9.72,5.15,81,E,16,17.4,16.5,4.2,6.1,5,60
SP,"2009-02-20 09:00:00",23.2,25.5,24.3,44.6,50.7,48,0,11.9,13.4,12.6,.5,.39,.46,1897.4,21.7,24.1,22.9,11.88,6.86,84,E,17,18.5,17.7,6.1,7.3,6.6,60
SP,"2009-02-20 10:00:00",25.5,27.6,26.6,39.4,45.9,43.1,0,12.3,14.3,13,.7,.56,.64,2608.2,24.2,26.3,25.3,16.2,8.56,33,NNE,18.1,19.7,18.7,7.2,8.7,7.8,60
SP,"2009-02-20 11:00:00",27.4,30.8,28.9,34.1,44,37.5,0,12.4,14.3,12.9,.9,.69,.8,3154.3,26.3,27.9,27.1,14.04,9.17,89,E,18.8,20.2,19.5,7.9,10.6,9.4,60
SP,"2009-02-20 12:00:00",30.2,32.9,31.5,29.4,36.6,32.3,0,12.4,14.2,12.9,1,.77,.88,3455.3,28,29.7,28.8,13.68,7.98,81,E,19.7,21.2,20.2,10.1,12.3,11.3,60
SP,"2009-02-20 13:00:00",32.8,35,33.8,26.6,32.1,28.7,0,12.3,14.8,13.1,1,.82,.92,3630.5,29.7,31.4,30.6,11.16,6.28,109,ESE,20.5,21.8,20.9,12,13.8,12.9,60
SP,"2009-02-20 14:00:00",34.6,36,35.3,24.7,29.1,26.1,0,12.1,14.7,13,1,.81,.91,3503.6,31.4,32.6,32.1,10.44,6.26,117,ESE,20.7,22.2,21.3,13,14.6,14.1,60
SP,"2009-02-20 15:00:00",35,36.9,36.1,22.4,26.9,24.4,0,11.7,13.8,12.6,.9,.73,.82,3137.9,32.6,33.1,32.9,11.52,5.58,102,ESE,20.6,21.9,21.2,13.9,15.7,14.9,60
SP,"2009-02-20 16:00:00",36,37.7,36.7,20.4,24.4,22.4,0,10.9,13,11.8,.8,.61,.71,2587.7,32.9,33.2,33.1,9.72,5.67,148,SSE,20.5,21.6,21,14.9,16.8,15.7,60
SP,"2009-02-20 17:00:00",35.9,37.2,36.5,20.2,23.3,21.3,0,9.8,12.3,10.9,.6,.43,.52,1873.4,32,32.9,32.5,11.16,4.69,66,ENE,19.9,21.2,20.5,15.1,16.5,16,60
SP,"2009-02-20 18:00:00",33.4,36.8,35.4,19.8,31.6,25.1,0,9.8,14.3,12.2,.3,.23,.3,1062.8,30.3,32,31.2,8.28,4,243,WSW,20,21.7,20.9,12,16.6,14.5,60
SP,"2009-02-20 19:00:00",29.2,33.4,31.4,31.4,43.3,37.2,0,14.2,15.7,14.9,.1,.06,.1,213.2,28.4,30.3,29.4,7.56,2.77,251,WSW,20.8,21.6,21.2,8.4,12,10.2,60
SP,"2009-02-20 20:00:00",28.5,30.8,29.7,29.8,44.8,35.2,0,11,15.7,12.5,.1,.04,.07,2.5,27.1,28.4,27.7,7.2,3.47,96,E,18.9,20.9,19.5,8,11.6,10.2,60
SP,"2009-02-20 21:00:00",28.7,30.5,29.8,29.6,32.6,30.7,0,10.5,11,10.7,.1,.05,.09,.5,26.2,27.1,26.6,9.72,3.99,109,ESE,18.3,19,18.7,10.4,11.6,11.1,60
SP,"2009-02-20 22:00:00",28.7,29.9,29.3,27.5,32.3,29.9,0,9,10.5,9.8,.1,.05,.1,.4,25.5,26.2,25.8,8.28,4.51,137,SE,17.8,18.3,18.1,10.5,11.9,11.2,60
SP,"2009-02-20 23:00:00",29.2,29.7,29.5,23.7,28,25.6,0,6.6,9.2,7.7,.1,.08,.13,.1,25,25.5,25.3,11.16,6.08,108,ESE,16.7,17.9,17.2,11.7,12.7,12.3,60
SP,"2009-02-21 00:00:00",28.4,29.3,28.9,23.8,25.1,24.4,0,6.4,6.7,6.5,.1,.09,.15,.1,24.6,25,24.8,14.76,7.35,99,E,16.3,16.7,16.5,12,12.6,12.3,60
SP,"2009-02-21 01:00:00",27.7,28.4,28.1,24.5,25.4,25,0,6.1,6.4,6.2,.1,.1,.15,.1,24.2,24.6,24.4,14.4,8.35,131,SE,16,16.3,16.1,11.7,12.2,11.9,60
SP,"2009-02-21 02:00:00",26.8,27.7,27.2,25.5,27.3,26.3,0,6.1,6.5,6.3,.1,.09,.15,.2,23.9,24.2,24.1,15.12,8.15,87,E,15.8,16,15.9,11,11.7,11.3,60
SP,"2009-02-21 03:00:00",26.1,26.8,26.5,27.2,29.4,28.2,0,6.4,6.9,6.6,.1,.09,.14,.5,23.6,23.9,23.7,16.2,8.18,102,ESE,15.7,15.9,15.8,10.3,11,10.7,60
SP,"2009-02-21 04:00:00",25.3,26.1,25.8,29.3,31.3,30.2,0,6.8,7.2,7,.1,.09,.13,.9,23.3,23.6,23.4,14.4,8.27,62,ENE,15.6,15.8,15.7,9.7,10.4,10.1,60
SP,"2009-02-21 05:00:00",24.5,25.4,24.9,31.1,32.8,32,0,7,7.2,7.1,.1,.09,.13,.4,23,23.3,23.1,14.4,8.82,67,ENE,15.2,15.6,15.4,9.2,9.8,9.5,60
SP,"2009-02-21 06:00:00",23.8,24.5,24.1,32.8,34.6,33.7,0,7.1,7.3,7.2,.1,.08,.12,2.8,22.7,23,22.8,12.24,8.17,52,NE,15.1,15.3,15.2,8.7,9.2,9,60
SP,"2009-02-21 07:00:00",23.8,24.3,23.9,34.5,35.3,34.8,0,7.2,7.8,7.5,.1,.15,.24,109.7,22.6,22.7,22.6,14.4,7.73,82,E,15.1,15.5,15.2,8.6,8.8,8.7,60
SP,"2009-02-21 08:00:00",24.2,27.2,25.5,31,35.1,33.3,0,7.7,8.8,8.2,.2,.25,.34,726.1,22.6,23.2,22.8,15.48,7.58,49,NE,15.5,17,16.1,8.7,10.3,9.4,60
SP,"2009-02-21 09:00:00",26.6,31,29.2,27.3,31.9,29.2,0,8.5,10.4,9.5,.5,.44,.54,1741.1,23.3,25.5,24.4,15.84,7.58,72,ENE,16.6,18.7,17.9,10,12.3,11.3,60
SP,"2009-02-21 10:00:00",31.2,32.8,32.1,25.1,27.9,26.2,0,9.9,11.3,10.3,.6,.52,.63,1966.8,25.5,27.8,26.8,12.96,7.69,45,NE,18.7,19.7,19.1,12.3,13.5,13,60
SP,"2009-02-21 11:00:00",32,35.1,33.2,23,27.3,25.2,0,9.9,11.9,10.7,.6,.52,.64,1938.5,27.8,29.6,28.3,12.24,7.37,75,ENE,19,20.6,19.6,12.8,14.9,13.6,60
SP,"2009-02-21 12:00:00",34.6,38.8,36,18.8,24.6,22.2,0,10.4,12,11,.9,.69,.8,2801.2,29.6,32,30.4,11.52,6.44,324,NW,20,21.2,20.5,14.4,17.8,15.6,60
SP,"2009-02-21 13:00:00",36.5,38.5,37.4,18.4,22.1,20.3,0,10,11.8,10.9,.7,.57,.68,2211.4,32.1,32.8,32.4,10.08,5.45,,,20.3,21.2,20.7,15.8,17.8,16.7,60
SP,"2009-02-21 14:00:00",36.8,39,37.4,18.7,22,19.9,0,9.3,12,10.5,.6,.51,.64,1786.6,32.6,33.5,33.1,14.4,6.7,250,WSW,19.9,21.5,20.5,16,17.9,16.9,60
SP,"2009-02-21 15:00:00",36.5,38.1,37.4,18.5,21.2,19.8,0,9.6,11.9,10.5,.8,.63,.81,2265.7,32.3,33.9,32.9,21.6,9.83,279,W,20.1,21.3,20.5,16.1,17.6,16.9,60
SP,"2009-02-21 16:00:00",34.3,36.9,35.6,21.3,26.8,24.2,0,10.5,13.5,12,.9,.71,.88,2712.5,33.6,34.8,34.2,17.64,10.78,300,WNW,20.2,21.6,20.9,13.6,15.8,14.8,60
SP,"2009-02-21 17:00:00",31.6,35,33.3,26,32.6,28.9,0,12.1,13.5,12.8,.6,.47,.63,1733.9,33.4,34.8,34.1,15.48,10.51,254,WSW,20.2,21.2,20.7,11.3,14,12.7,60
SP,"2009-02-21 18:00:00",31,31.8,31.5,31.5,33.5,32.7,0,12.7,13.7,13.1,.3,.25,.35,972.5,31.6,33.3,32.4,12.6,7.21,356,N,20.1,20.7,20.3,10.9,11.5,11.2,60
SP,"2009-02-21 19:00:00",28.3,31.8,29.8,31.8,39.5,36.3,0,12.5,13.6,13.2,.1,.08,.13,218.3,29.4,31.5,30.5,7.2,4.09,239,WSW,19.2,20.5,19.8,8.9,11.3,9.9,60
SP,"2009-02-21 20:00:00",26.6,28.3,27.3,38.7,42.9,41,0,12.7,13.3,12.9,.1,.03,.05,2.6,27.7,29.4,28.5,8.64,3.12,222,SW,18.7,19.3,19,7.9,9,8.4,60
SP,"2009-02-21 21:00:00",24.6,26.5,25.4,43.2,50.6,47.3,0,12.9,13.9,13.4,.1,.01,.03,.2,26.5,27.6,27.1,6.48,2.11,256,WSW,18.2,18.7,18.5,6.2,7.8,6.9,60
SP,"2009-02-21 22:00:00",24,25.2,24.5,49.7,52.5,51.2,0,13.5,14,13.7,.1,.01,.03,.5,25.7,26.4,26,8.64,2.46,241,WSW,18.1,18.7,18.4,5.8,6.5,6.1,60
SP,"2009-02-21 23:00:00",22.7,24.1,23.4,52.6,63.9,58.5,0,13.7,15.5,14.8,.1,.02,.04,.3,25,25.7,25.3,6.48,3.61,149,SSE,18.1,18.7,18.5,4.1,5.8,4.9,60
SP,"2009-02-22 00:00:00",22.4,22.9,22.6,63.8,70.3,67.5,0,15.6,16.8,16.3,0,.01,.03,.2,24.6,25,24.8,7.92,4.12,251,WSW,18.7,19.2,19,3.3,4.1,3.6,59
SP,"2009-02-22 01:00:00",22.1,22.5,22.3,66.6,71.2,69.5,0,15.6,16.8,16.4,0,.01,.02,.1,24.3,24.6,24.5,8.64,3.76,247,WSW,18.4,19.2,18.9,3.1,3.7,3.3,60
SP,"2009-02-22 02:00:00",21.6,22.1,21.9,55.6,66.7,60,0,12.3,15.5,13.7,.1,.02,.04,.4,23.9,24.3,24.1,10.08,4.81,197,SSW,16.6,18.3,17.4,3.7,5,4.5,60
SP,"2009-02-22 03:00:00",20.8,21.6,21.3,52.6,55.8,53.9,0,11.1,12.4,11.6,.1,.03,.05,0,23.5,23.9,23.7,8.28,4.52,280,W,15.7,16.6,16.1,5,5.4,5.2,59
SP,"2009-02-22 04:00:00",18.3,20.8,19.5,54,70.5,62,0,11.1,12.9,12,0,.01,.03,.3,22.6,23.5,23.2,8.28,3.7,217,SW,15.1,16,15.5,2.9,5.1,4,60
SP,"2009-02-22 05:00:00",18.2,19.3,18.8,66.1,70.8,68.2,0,12.4,13.2,12.9,0,.01,.02,.4,18.8,22.6,19.7,6.12,3.28,202,SSW,15.3,16,15.7,2.8,3.4,3.2,60
SP,"2009-02-22 06:00:00",19.2,19.7,19.5,63.8,67.9,66,0,12.6,13.3,12.9,0,.01,.02,1.3,19.6,21.5,20.7,7.56,3.35,198,SSW,15.8,16.1,16,3.3,3.8,3.5,60
SP,"2009-02-22 07:00:00",19,19.9,19.4,67.1,70.7,69.2,0,13.1,14.1,13.6,0,.06,.08,181.4,21.5,22.1,21.8,6.84,2.74,208,SSW,15.9,16.7,16.2,3,3.4,3.1,60
SP,"2009-02-22 08:00:00",19.9,20.8,20.1,69.2,73.5,71.4,0,14.1,15.8,14.8,.1,.14,.16,658.7,22.2,22.7,22.4,11.16,4.82,148,SSE,16.7,18,17.2,2.7,3.2,2.9,60
SP,"2009-02-22 09:00:00",20.7,22.6,21.8,63.5,71.7,67.4,0,14.9,16.3,15.5,.4,.33,.37,1771,22.7,24.5,23.5,12.6,6.3,185,S,17.7,19,18.2,2.9,4.1,3.6,60
SP,"2009-02-22 10:00:00",22.3,24.9,23.4,56.8,67.2,61.9,0,14.9,16.6,15.7,.5,.38,.42,1943.1,24.6,26,25.2,10.44,6.08,245,WSW,18.2,19.8,19,3.6,5.3,4.4,60
SP,"2009-02-22 11:00:00",24.1,27.6,25.8,46.6,61.5,53.8,0,14.5,17.1,15.7,.7,.55,.6,2707.5,25.9,27.7,26.7,12.96,6.08,239,WSW,19,21,19.9,4.7,7.3,6,60
SP,"2009-02-22 12:00:00",26.7,29.6,28.2,36.7,54.5,44.1,0,12.5,17.7,14.7,1,.76,.84,3684.5,27.7,29.6,28.7,16.56,7.22,288,WNW,19.2,21.6,20.2,6.1,9.6,8,60
SP,"2009-02-22 13:00:00",27.8,30.5,29.1,34.3,52.8,42.4,0,12.3,17.8,14.9,1,.78,.87,3671.5,29.6,30.8,30.2,15.84,8.33,268,W,19.4,21.9,20.5,6.5,10.4,8.6,60
SP,"2009-02-22 14:00:00",27.8,29.3,28.5,48.1,55.2,51,0,16.5,18.6,17.3,.9,.74,.82,3551.8,30.8,31.7,31.3,14.4,8.93,222,SW,21.1,22.5,21.6,6.1,7.4,6.8,60
SP,"2009-02-22 15:00:00",27,28.9,27.9,49.3,55,52.4,0,16.4,18.2,17.2,.8,.66,.75,3221.2,31.8,32,32,17.64,9.41,218,SW,20.7,22.3,21.3,6,7.1,6.5,60
SP,"2009-02-22 16:00:00",26.9,28.2,27.6,50.3,54.6,52.2,0,16.3,17.7,16.9,.7,.55,.63,2668.8,31.7,32,31.9,13.32,9.14,220,SW,20.6,21.8,21.1,6.1,6.9,6.5,60
SP,"2009-02-22 17:00:00",27,28.3,27.4,48.4,52.3,50.5,0,15.7,17.3,16.3,.5,.42,.5,1945.4,30.6,31.7,31.2,16.92,8.79,244,WSW,20.3,21.6,20.7,6.4,7.2,6.7,60
SP,"2009-02-22 18:00:00",26.1,27.7,26.6,48.8,53.7,51.3,0,14.9,16.3,15.7,.3,.23,.29,1101.9,29,30.6,29.8,12.24,6.87,276,W,19.5,20.8,20.1,6,7,6.5,60
SP,"2009-02-22 19:00:00",23.3,26.3,24.8,50.4,60.7,55,0,14.7,15.4,15.1,.1,.07,.11,218.8,27.1,28.9,28,13.32,5.01,245,WSW,18.7,19.9,19.2,4.6,6.5,5.6,60
SP,"2009-02-22 20:00:00",21.3,23.3,22.4,60.7,70.3,65.2,0,15.3,15.8,15.6,0,.01,.02,2.5,25.8,27.1,26.4,6.84,3.12,204,SSW,18.1,18.8,18.5,3.2,4.6,3.9,60
SP,"2009-02-22 21:00:00",19.9,21.2,20.6,70.5,77.6,74.1,0,15.6,16,15.8,0,-.01,0,.5,24.9,25.8,25.4,2.88,1.24,220,SW,17.5,18.2,17.9,2.2,3.1,2.7,59
SP,"2009-02-22 22:00:00",19.5,20.1,19.8,76.6,78.6,77.6,0,15.5,16.1,15.8,0,-.01,0,.3,24.2,24.9,24.6,3.6,1.3,236,SW,17.3,17.9,17.6,2.1,2.3,2.2,60
SP,"2009-02-22 23:00:00",19.4,24.8,23.1,41.4,78.2,52.8,0,10.6,15.6,12.5,.1,.05,.07,-.3,23.8,24.2,24,21.24,7.31,92,E,16.7,17.4,17.2,2.1,7.7,5.9,60
SP,"2009-02-23 00:00:00",22,24.2,23.1,46,49.5,48.2,0,10.9,11.9,11.6,.1,.06,.09,-.1,23.4,23.8,23.6,15.84,8.62,159,SSE,16,17.3,16.8,6,6.9,6.3,60
SP,"2009-02-23 01:00:00",19.9,22,20.7,49.6,55.2,52.6,0,10.6,11,10.7,.1,.06,.08,-.1,22.9,23.4,23.2,22.32,10.07,105,ESE,15,16.1,15.4,4.8,5.9,5.3,60
SP,"2009-02-23 02:00:00",18.7,19.9,19.2,55.4,60.7,58.1,0,10.7,11,10.8,.1,.04,.06,.4,22.5,22.9,22.7,11.52,7.87,100,E,14.6,15.1,14.8,4,4.8,4.4,60
SP,"2009-02-23 03:00:00",17.8,18.7,18.2,60.7,63.4,62.1,0,10.6,11,10.8,.1,.03,.05,.5,22.1,22.5,22.3,12.96,6.97,141,SE,14.2,14.7,14.4,3.6,4,3.8,60
SP,"2009-02-23 04:00:00",17.6,17.9,17.7,62.5,63.7,63,0,10.5,10.7,10.6,.1,.03,.05,-.1,21.7,22.1,21.9,12.96,7.43,132,SE,14,14.2,14.1,3.5,3.7,3.6,59
SP,"2009-02-23 05:00:00",17.2,17.6,17.4,63.7,66.2,65,0,10.6,10.9,10.7,.1,.03,.04,.2,21.4,21.7,21.6,12.24,7.84,107,ESE,14,14.1,14,3.2,3.5,3.4,60
SP,"2009-02-23 06:00:00",17.1,17.3,17.2,66.3,67.2,66.6,0,10.9,11,10.9,0,.02,.04,2,21.2,21.4,21.3,12.96,6.44,79,E,14,14.1,14,3.1,3.2,3.2,60
SP,"2009-02-23 07:00:00",17.2,18.3,17.7,64.6,66.6,65.6,0,10.9,11.6,11.1,0,.08,.11,148.9,21.1,21.2,21.1,14.04,6.37,100,E,14,14.8,14.3,3.2,3.5,3.3,60
SP,"2009-02-23 08:00:00",18.3,19.6,18.8,61,64.8,63.5,0,11.4,12.1,11.7,.1,.17,.21,732.9,21.2,21.8,21.4,14.04,7.52,108,ESE,14.7,15.6,15.1,3.5,4.1,3.7,60
SP,"2009-02-23 09:00:00",19.5,22.5,20.9,53.8,61.7,58,0,11.9,13,12.3,.4,.33,.39,1683.9,21.9,23.6,22.7,14.04,8.57,80,E,15.5,17.1,16.3,4,5.4,4.6,60
SP,"2009-02-23 10:00:00",22.6,26,24,45.5,54.2,50.2,0,12.5,13.5,12.9,.7,.52,.6,2640.6,23.7,26.6,25.2,14.4,8.88,103,ESE,17.1,18.7,17.8,5.4,7.3,6.2,59
SP,"2009-02-23 11:00:00",25.5,28.2,26.7,40,46.4,43.8,0,12.9,14,13.3,.7,.59,.67,2825.3,26.7,29.1,27.8,12.96,7.58,30,NNE,18.3,19.7,18.9,7.1,8.8,7.7,60
SP,"2009-02-23 12:00:00",27.2,30.8,29,33.6,42.4,38,0,12.7,14,13.2,.9,.71,.8,3335.6,29.2,31.6,30.3,12.96,7.13,42,NE,18.9,20.4,19.6,8.3,10.8,9.4,60
SP,"2009-02-23 13:00:00",29.9,32.6,31,31.1,36.4,33.8,0,12.6,14.9,13.2,.9,.68,.75,3091.7,31.7,33.1,32.3,10.8,5.57,78,ENE,19.7,21.3,20.2,9.9,11.8,10.8,60
SP,"2009-02-23 14:00:00",31.7,33.1,32.5,29.7,33,31.2,0,12.6,14.1,13.3,.8,.64,.72,2892.1,33.2,34,33.7,10.8,5.3,83,E,20.2,21.2,20.7,11.3,12.4,11.8,60
SP,"2009-02-23 15:00:00",32.9,34.5,33.8,28,32.2,29.2,0,12.9,14.9,13.4,.8,.59,.66,2685.6,33.9,34.8,34.4,8.64,4.51,124,SE,20.7,21.8,21.1,12,13.2,12.7,60
SP,"2009-02-23 16:00:00",31.7,35.5,33.5,26.7,41.4,33.5,0,12.9,17.3,15.1,.6,.5,.58,2201.6,34.2,35,34.7,11.52,5.45,342,NNW,20.9,22.9,21.9,9.3,13.8,11.6,60
SP,"2009-02-23 17:00:00",31.8,33.1,32.4,35.7,41.8,38.2,0,15.3,17.3,16.3,.5,.43,.52,1852.7,33.6,34.3,34,16.2,6.79,302,WNW,21.6,22.8,22.2,9.3,10.9,10.2,60
SP,"2009-02-23 18:00:00",27.9,31.9,30.5,38.7,49.7,43.1,0,15.8,17,16.5,.3,.22,.29,962.8,31.4,33.5,32.6,9,5.8,233,SW,20.8,22.4,21.8,7,9.8,8.7,60
SP,"2009-02-23 19:00:00",24.4,28,25.9,49.7,62.3,55.8,0,15.8,16.8,16.4,.1,.07,.12,200,28.9,31.3,30,10.8,5.57,229,SW,19.7,21,20.2,4.5,7,5.7,60
SP,"2009-02-23 20:00:00",23.8,24.3,24,60.6,63.7,61.7,0,15.8,16.8,16.2,0,.02,.03,1.1,27.2,28.8,27.9,8.64,3.69,265,W,19.2,19.9,19.5,4.3,4.7,4.5,60
SP,"2009-02-23 21:00:00",22.7,23.8,23.2,61.1,69.2,65.7,0,15.8,16.9,16.4,0,.01,.02,.3,26.2,27.2,26.7,8.28,3.13,221,SW,19.2,19.4,19.3,3.4,4.6,3.9,59
SP,"2009-02-23 22:00:00",22,22.8,22.3,69.3,73.2,71.8,0,16.8,17.2,17,0,0,.01,.1,25.5,26.2,25.8,5.76,2.15,222,SW,19.1,19.4,19.3,2.9,3.4,3.1,60
SP,"2009-02-23 23:00:00",21.3,22.1,21.8,70.6,74.2,72.2,0,15.8,17.1,16.5,0,0,.01,-.1,24.8,25.5,25.2,6.12,2.78,236,SW,18.2,19.2,18.8,2.7,3.2,3,60
SP,"2009-02-24 00:00:00",20.2,21.5,20.8,70.2,74.4,71.9,0,15.2,15.9,15.5,0,0,.01,.3,24.2,24.8,24.5,5.04,1.86,235,SW,17.5,18.4,17.8,2.6,3.2,2.9,60
SP,"2009-02-24 01:00:00",19.5,20.5,19.9,73.2,80,76.3,0,15.1,16.4,15.6,0,-.01,0,.6,23.7,24.2,23.9,3.24,1.51,241,WSW,17.2,18,17.5,2,2.8,2.4,60
SP,"2009-02-24 02:00:00",19.7,20.3,20.1,80.4,93.1,87.7,0,16.6,19.1,17.9,0,-.01,0,.3,23.3,23.6,23.5,5.4,1.9,247,WSW,18.1,19.6,18.9,.7,1.9,1.2,59
SP,"2009-02-24 03:00:00",19.7,20.1,19.9,92.8,96.6,94.7,0,18.6,19.3,19,0,-.01,-.01,.3,23,23.3,23.1,4.32,1.76,247,WSW,19,19.6,19.4,.3,.7,.5,60
SP,"2009-02-24 04:00:00",19.3,19.8,19.6,96.4,98.8,97.6,0,18.8,19.3,19.2,0,-.01,-.01,.3,19.3,23,22.5,3.24,1.18,130,SE,19,19.5,19.3,.1,.3,.2,60
SP,"2009-02-24 05:00:00",18.8,19.5,19.3,98.4,99.3,98.9,0,18.6,19.4,19.1,0,-.01,-.01,.2,18.7,19.7,19,3.96,2,260,W,18.7,19.4,19.2,.1,.1,.1,60
SP,"2009-02-24 06:00:00",18.5,19,18.7,98.6,100,99.4,0,18.4,18.9,18.6,0,-.01,-.01,1.3,19.7,21,20.4,3.6,1.37,248,WSW,18.4,18.9,18.6,0,.1,.1,60
SP,"2009-02-24 07:00:00",18.5,20.1,18.9,94.4,100.1,98.9,0,18.4,19.2,18.7,0,.04,.04,160.6,21,21.9,21.4,5.76,2.01,271,W,18.5,19.6,18.8,0,.5,.1,60
SP,"2009-02-24 08:00:00",20.2,21.8,21,84,94.1,88.5,0,18.7,19.2,19,.1,.1,.11,495.1,21.9,23.1,22.5,10.08,5.1,321,NW,19.6,20.2,19.8,.6,1.6,1.2,60
SP,"2009-02-24 09:00:00",21.7,22.3,22,79.2,84.4,81.4,0,18.3,19.2,18.7,.2,.18,.19,860,23.1,24,23.7,11.52,6.07,269,W,19.8,20.3,20,1.6,2.2,2,60
SP,"2009-02-24 10:00:00",21.8,23.1,22.4,73.6,81.9,78.5,0,17.6,19.1,18.4,.3,.29,.32,1524.2,24,25.2,24.5,16.56,7.69,299,WNW,19.7,20.6,20.1,1.9,2.9,2.3,60
SP,"2009-02-24 11:00:00",22.5,23.6,23,69.1,78.2,73.4,0,17,18.8,18,.5,.44,.48,2363.7,25.2,26.7,25.9,15.12,8.95,322,NW,19.5,20.6,20.1,2.4,3.5,2.9,60
SP,"2009-02-24 12:00:00",22.7,24.1,23.4,64.9,73.5,69.6,0,16.4,18.4,17.5,.6,.48,.52,2560.7,26.7,27.5,27.1,16.2,8.51,293,WNW,19.3,20.5,19.9,2.9,4.1,3.4,60
SP,"2009-02-24 13:00:00",22.8,24.2,23.5,65.2,72.5,69.5,0,16.5,18.5,17.6,.7,.52,.57,2824.8,27.6,28.2,28,19.08,10.31,323,NW,19.3,20.8,20,3.1,4.1,3.5,59
SP,"2009-02-24 14:00:00",22.3,24,23.1,64.1,71.5,67.9,0,15.8,17.6,16.8,.5,.4,.45,2079.4,27.8,28.2,28.1,18.72,9.44,242,WSW,18.9,20.2,19.5,3.1,4.1,3.6,60
SP,"2009-02-24 15:00:00",22.2,23.9,22.8,61.5,69.1,66.3,0,15.5,17.1,16.2,.5,.41,.46,2233.3,27.7,28.3,27.9,18.36,9.2,285,WNW,18.6,19.6,19,3.5,4.5,3.8,60
SP,"2009-02-24 16:00:00",22.3,24,23,58.6,65.7,62.1,0,14.4,16.9,15.3,.5,.39,.45,2129.8,28.2,28.6,28.5,12.24,8.5,239,WSW,17.9,19.8,18.6,3.9,4.9,4.4,60
SP,"2009-02-24 17:00:00",21.2,23.1,22.2,58.5,66.8,61.6,0,13.8,15.1,14.5,.3,.23,.28,1238.2,27.2,28.2,27.8,13.68,8.05,262,W,17.3,18.4,17.9,3.6,4.9,4.3,60
SP,"2009-02-24 18:00:00",20.3,21.3,20.8,65.5,70,68.7,0,14.2,15.1,14.8,.1,.06,.1,405.7,25.7,27.1,26.3,12.96,6.65,265,W,17.1,17.7,17.4,3.1,3.7,3.3,60
SP,"2009-02-24 19:00:00",19.7,20.4,20.1,68.8,72,69.7,0,14.1,14.7,14.4,0,.04,.07,154,24.7,25.7,25.2,11.16,5.92,239,WSW,16.7,17.3,17,2.8,3.2,3.1,60
SP,"2009-02-24 20:00:00",18.2,19.7,18.9,71.8,76.9,75,0,14,14.6,14.4,0,0,.01,.8,23.7,24.7,24.2,7.2,3.42,252,WSW,16,16.9,16.4,2.2,2.9,2.4,60
SP,"2009-02-24 21:00:00",16.5,18.2,17.3,76.9,84.2,80.3,0,13.6,14.2,13.9,0,-.01,0,.1,22.9,23.7,23.3,3.6,1.48,292,WNW,15,16.1,15.5,1.4,2.2,1.8,60
SP,"2009-02-24 22:00:00",15.5,16.5,16,84.1,89.3,86.7,0,13.5,14,13.8,0,-.01,-.01,.8,22.3,22.9,22.6,1.08,1.08,58,ENE,14.5,15.1,14.8,.9,1.4,1.2,60
SP,"2009-02-24 23:00:00",15,15.7,15.4,88.2,91.4,89.8,0,13.3,14.1,13.7,0,-.01,-.01,.7,21.8,22.3,22,1.8,1.14,64,ENE,14.1,14.9,14.5,.7,1,.9,60
SP,"2009-02-25 00:00:00",14.7,15.3,15,89.8,93.4,91.7,0,13.3,14,13.6,0,-.01,-.01,-.1,21.4,21.8,21.6,3.6,1.25,262,W,14,14.6,14.3,.5,.8,.7,60
SP,"2009-02-25 01:00:00",14.3,15.5,14.9,91.3,94.3,92.4,0,13.1,14.3,13.7,0,-.01,-.01,.2,21.2,21.4,21.3,2.52,1.24,96,E,13.7,14.9,14.3,.5,.7,.6,60
SP,"2009-02-25 02:00:00",15.5,16.2,15.8,88.2,91.7,89.6,0,13.8,14.4,14.1,0,-.01,-.01,-.1,21.2,21.3,21.3,3.6,1.53,46,NE,14.7,15.3,14.9,.7,1,.9,60
SP,"2009-02-25 03:00:00",15.5,15.9,15.7,88.8,90.1,89.4,0,13.7,14.2,14,0,-.01,0,0,21,21.2,21.1,4.68,2.2,15,NNE,14.6,15,14.8,.8,1,.9,60
SP,"2009-02-25 04:00:00",15,15.6,15.3,89.7,91.5,90.6,0,13.6,14.1,13.8,0,-.01,0,0,20.7,21,20.9,6.48,2.48,84,E,14.3,14.8,14.5,.7,.9,.8,59
SP,"2009-02-25 05:00:00",14.7,15,14.9,91.3,93.3,92.7,0,13.4,13.9,13.7,0,-.01,-.01,.2,20.5,20.7,20.6,3.24,1.95,12,NNE,14,14.4,14.2,.5,.7,.6,60
SP,"2009-02-25 06:00:00",14.9,15.1,15,91.4,92.9,92.1,0,13.5,13.9,13.7,0,-.01,0,3.3,20.3,20.5,20.4,6.12,2.84,41,NE,14.2,14.5,14.4,.6,.7,.6,60
SP,"2009-02-25 07:00:00",14.9,15.4,15.1,90,91.9,91.2,0,13.5,13.8,13.6,0,.04,.04,127.6,20.2,20.3,20.2,7.92,3.83,66,ENE,14.2,14.6,14.3,.7,.8,.7,60
SP,"2009-02-25 08:00:00",15.4,17.9,16.5,81.7,89.9,86.5,0,13.8,15,14.2,.1,.12,.13,701.9,20.2,20.9,20.5,9,4.47,80,E,14.6,16.3,15.3,.8,1.7,1.2,60
SP,"2009-02-25 09:00:00",18.1,20.8,19.5,71.4,81.8,76.5,0,14.8,15.9,15.3,.2,.23,.25,1269.3,21,22.4,21.7,9.36,5.12,355,N,16.4,18.1,17.2,1.7,3,2.3,49
SP,"2009-02-25 10:00:00",20.7,21.6,21.2,66,71.2,68.3,0,14.9,15.5,15.1,.3,.26,.29,1253.8,22.5,23.3,23,13.32,7.12,7,N,17.5,18.1,17.8,3,3.7,3.4,59
SP,"2009-02-25 11:00:00",18.1,21.3,19.1,66.9,99,90.3,1,14.7,18.2,17.4,.1,.12,.13,618.4,22.7,23.3,23,14.4,8.22,295,WNW,17.6,18.6,18.1,.1,3.6,1,60
SP,"2009-02-25 12:00:00",17.1,18.5,17.7,98,101.6,99.8,5,17.1,18.5,17.6,.1,.12,.12,745.6,21.3,23,22.2,14.4,7.88,240,WSW,17.1,18.5,17.6,-.1,.2,0,60
SP,"2009-02-25 13:00:00",17.2,20,18.5,87.4,101.7,97,1.6,16.9,19.1,18,.4,.31,.31,1988.8,22.5,26,24.6,18.72,7.7,308,NW,17.1,19.4,18.2,-.2,1.2,.3,60
SP,"2009-02-25 14:00:00",16.3,18.3,17.2,93.5,99.1,97.4,2.6,16,17.6,16.8,.1,.14,.15,941.6,23,25.9,24.2,18.72,10.09,263,W,16.2,17.8,17,.1,.6,.2,60
SP,"2009-02-25 15:00:00",16.2,17.6,16.8,95.9,99.8,97.6,1,15.6,17.3,16.4,.1,.13,.13,817.9,22.3,23.2,22.6,14.04,6.59,259,W,16,17.4,16.5,0,.3,.2,60
SP,"2009-02-25 16:00:00",17.5,18.4,18.1,79.2,97.6,90.6,.2,14.6,17.5,16.5,.1,.13,.14,760,23.2,24.1,23.7,18,6.97,310,NW,16.2,17.9,17.2,.2,2,.9,60
SP,"2009-02-25 17:00:00",17,19.8,18.3,68.9,91.2,79.2,.2,13.4,15.7,14.6,.2,.14,.17,913.7,22.6,23.2,22.8,19.44,9.92,281,W,16,16.9,16.3,.8,3.1,2,60
SP,"2009-02-25 18:00:00",18.4,19.6,19.1,61.3,71.1,65.6,0,11.3,14.2,12.5,.2,.15,.21,842,22.3,23.1,22.8,19.8,11,308,NW,14.9,16.7,15.6,2.9,4,3.5,60
SP,"2009-02-25 19:00:00",17,18.8,18.1,61.5,76.1,67.9,0,10.7,13.3,12.1,.1,.07,.11,175.1,21.3,22.2,21.8,20.52,10.25,315,NW,14.3,15.9,15,2.2,3.9,3.1,60
SP,"2009-02-25 20:00:00",16.9,17.5,17.3,65.6,71.8,68.1,0,10.6,12.2,11.4,.1,.03,.04,1.2,20.4,21.2,20.8,12.6,8.12,277,W,13.7,14.7,14.3,2.7,3.3,3,60
SP,"2009-02-25 21:00:00",14.4,17.2,15.5,63.6,87.7,79.8,.6,10.2,12.8,11.9,0,.01,.02,.7,19.8,20.4,20.1,13.68,6.27,327,NNW,13.3,14.2,13.7,1,3.5,1.8,60
SP,"2009-02-25 22:00:00",14.4,15.3,14.9,79.3,86.6,82.1,0,11.4,12.2,11.8,0,0,.01,.5,19.3,19.8,19.5,7.56,3.76,249,WSW,13.2,13.6,13.3,1.1,1.8,1.5,60
SP,"2009-02-25 23:00:00",14.2,15.7,15.1,74.3,78.4,76.2,0,10.4,11.5,10.9,0,0,.01,.1,19,19.4,19.2,7.2,3.37,252,WSW,12.4,13.5,13,1.8,2.3,2.1,60
SP,"2009-02-26 00:00:00",12.9,14.1,13.6,78.5,83.2,80,0,10,10.5,10.3,0,-.01,-.01,.1,18.5,19,18.7,1.44,1.09,155,SSE,11.5,12.3,12,1.3,1.8,1.6,60
SP,"2009-02-26 01:00:00",12.6,13.2,13,82.5,87.5,85.7,0,10.1,11.1,10.7,0,-.01,-.01,.1,18.2,18.5,18.3,3.96,1.29,126,SE,11.4,12.1,11.9,1,1.4,1.1,60
SP,"2009-02-26 02:00:00",12.6,13.3,12.9,86.8,89.8,88.6,0,10.7,11.3,11,0,-.01,-.01,.1,18,18.2,18.1,3.24,1.57,101,E,11.7,12.3,12,.8,1,.9,60
SP,"2009-02-26 03:00:00",11.3,12.8,12,89.2,95,91.8,0,10.1,11.1,10.7,0,-.01,-.01,-.1,17.6,18.1,17.9,2.88,1.14,,,10.7,12,11.3,.4,.8,.6,60
SP,"2009-02-26 04:00:00",10.6,11.4,11,94.3,97.8,96.3,0,10.1,10.7,10.5,0,-.01,-.01,.5,17.2,17.6,17.4,1.8,1.12,257,WSW,10.4,11.1,10.8,.2,.4,.3,60
SP,"2009-02-26 05:00:00",9.9,10.7,10.3,97.5,99.8,98.9,0,9.8,10.6,10.2,0,-.01,-.01,0,16.8,17.2,17,1.08,1.08,47,NE,9.9,10.7,10.3,0,.2,.1,60
SP,"2009-02-26 06:00:00",9.9,10.3,10.1,99.9,101.4,100.6,0,9.9,10.5,10.2,0,-.01,-.01,1.8,16.4,16.8,16.6,1.08,1.08,0,N,9.9,10.4,10.2,-.1,0,0,60
SP,"2009-02-26 07:00:00",10.1,11.4,10.8,101.1,102.4,101.5,0,10.3,11.6,11,0,0,0,86.9,16.3,16.4,16.4,4.32,1.64,0,N,10.2,11.5,10.9,-.2,-.1,-.1,60
SP,"2009-02-26 08:00:00",11.5,15.2,13.2,83,100.9,95.3,0,11.6,13.2,12.4,.1,.14,.14,940.3,16.5,17.8,17,5.76,2.94,72,ENE,11.6,13.9,12.8,-.1,1.4,.4,48
SP,"2009-02-26 09:00:00",15.2,20.2,17.9,56.2,82.1,67.8,0,11,12.9,11.8,.4,.3,.32,1814.3,17.8,20.5,19.2,6.48,2.88,103,ESE,13.7,16.2,14.7,1.5,4.7,3.2,60
SP,"2009-02-26 10:00:00",19.1,20.6,19.8,54,62,58,0,10.3,12.7,11.3,.5,.39,.42,2218.1,20.6,22.6,21.6,10.08,3.69,326,NW,14.7,16.4,15.3,3.9,5,4.5,60
SP,"2009-02-26 11:00:00",20.2,22,21.3,40.5,62.1,50.9,0,7.6,13.3,10.6,.7,.54,.59,2998.7,22.7,24.6,23.7,12.6,5.5,301,WNW,14.4,17,15.6,4,7.2,5.7,60
SP,"2009-02-26 12:00:00",21,22.8,21.9,42.5,53.8,48.6,0,8.4,12.7,10.6,.7,.57,.63,3051.7,24.6,25.9,25.3,14.04,7.57,299,WNW,14.8,17.2,15.9,5.2,6.9,6.1,60
SP,"2009-02-26 13:00:00",20.7,22.4,21.4,50.3,57.6,54.5,0,11,12.8,11.8,.4,.38,.43,1946,25,25.8,25.3,11.16,6.27,207,SSW,15.5,17.1,16.2,4.7,5.9,5.1,60
SP,"2009-02-26 14:00:00",20.9,22.3,21.6,49.8,57.4,53.1,0,10.7,12.6,11.6,.4,.35,.39,1745.3,25,25.2,25.1,10.8,5.62,256,WSW,15.6,16.8,16.2,4.7,5.8,5.4,60
SP,"2009-02-26 15:00:00",21.4,23.5,22.3,46.5,55.7,49.8,0,10.4,13.8,11.3,.6,.47,.53,2572.7,25.2,26.7,25.7,11.88,6.59,167,SSE,15.6,18,16.3,5.1,6.6,6,60
SP,"2009-02-26 16:00:00",22.2,23.2,22.7,43.7,52.2,47.9,0,10.1,12.9,11.1,.6,.48,.55,2571.7,26.7,27.1,27,12.96,7.96,226,SW,15.9,17.4,16.4,5.7,7,6.3,60
SP,"2009-02-26 17:00:00",21.1,23.2,22.1,44.7,52.2,48.4,0,9.8,12.3,10.7,.4,.34,.41,1837.4,25.9,26.9,26.5,13.68,7.35,241,WSW,15.5,17.2,16,5.4,6.7,6.1,60
SP,"2009-02-26 18:00:00",19.9,21.5,20.8,51.9,57.2,54.9,0,10.6,12,11.3,.2,.18,.23,1010.4,24.3,25.9,25.1,12.96,7.1,221,SW,15.1,16.2,15.7,4.6,5.5,5,60
SP,"2009-02-26 19:00:00",17.8,19.9,18.9,56,66.3,61.2,0,10.9,11.5,11.2,.1,.05,.09,171.4,22.5,24.2,23.3,11.88,6.04,294,WNW,14.5,15.4,14.9,3.3,4.7,4,60
SP,"2009-02-26 20:00:00",17.1,17.9,17.4,65.4,70,68,0,11.2,11.6,11.4,0,.01,.02,1.3,21.4,22.5,21.9,7.56,3.47,229,SW,14.1,14.6,14.3,2.8,3.4,3.1,60
SP,"2009-02-26 21:00:00",16.6,17.2,17,69.7,72.7,70.8,0,11.5,11.8,11.7,0,.01,.02,.1,20.8,21.4,21.1,9,4.34,128,SE,14.1,14.4,14.3,2.5,2.9,2.7,60
SP,"2009-02-26 22:00:00",16.2,16.8,16.5,71.9,74.1,72.8,0,11.5,11.9,11.6,0,.01,.02,.9,20.2,20.7,20.5,7.56,3.72,138,SE,13.8,14.3,14,2.3,2.6,2.5,60
SP,"2009-02-26 23:00:00",14.7,16.3,15.5,73.8,81.7,77.7,0,11.4,11.7,11.6,0,0,0,.1,19.7,20.2,20,6.12,2.38,133,SE,13.1,13.9,13.5,1.5,2.4,1.9,60
SP,"2009-02-27 00:00:00",13.9,14.7,14.5,81.5,85,83.1,0,11.4,11.8,11.6,0,0,0,.3,19.3,19.7,19.5,6.48,2.75,218,SW,12.7,13.2,13.1,1.2,1.6,1.4,60
SP,"2009-02-27 01:00:00",12.9,13.9,13.4,85.1,88.8,87.3,0,11.1,11.6,11.3,0,-.01,0,.4,18.9,19.3,19.1,5.04,1.94,175,S,12,12.7,12.4,.9,1.2,1,60
SP,"2009-02-27 02:00:00",12.8,14.1,13.1,81.9,89.6,87.8,0,11,11.2,11.1,0,-.01,0,-.1,18.5,18.9,18.7,6.84,2.53,98,E,12,12.6,12.1,.8,1.5,1,59
SP,"2009-02-27 03:00:00",14.1,14.7,14.5,77.6,81.5,78.7,0,10.6,11,10.8,0,0,.01,-.1,18.3,18.5,18.4,7.56,4.16,81,E,12.5,12.8,12.7,1.5,1.9,1.8,60
SP,"2009-02-27 04:00:00",13.7,15.3,14.5,74.5,86.5,79.8,0,10.7,11.5,11.1,0,0,.01,.2,14,18.3,17.4,9.36,3.72,110,ESE,12.5,13.2,12.8,1.1,2.2,1.7,60
SP,"2009-02-27 05:00:00",13.2,14.5,13.8,79.9,86.7,83.7,0,10.9,11.4,11.1,0,0,0,.2,13.9,16.1,15.1,7.56,3.37,154,SSE,12.1,12.9,12.5,1.1,1.7,1.3,60
SP,"2009-02-27 06:00:00",14.4,15,14.8,78.1,80.9,78.9,0,11.1,11.2,11.2,0,.01,.01,1.5,16.1,16.6,16.4,8.28,5.2,126,SE,12.8,13.1,13,1.6,1.9,1.8,60
SP,"2009-02-27 07:00:00",14.4,15.9,14.9,76.6,80.7,79.1,0,11,11.8,11.3,0,.01,.01,75.5,16.6,16.8,16.7,7.2,3.67,132,SE,12.8,13.8,13.1,1.6,2.1,1.8,60
SP,"2009-02-27 08:00:00",15.8,19,17.2,65.7,76.8,72.6,0,11.7,12.6,12.2,.1,.14,.16,766.9,16.8,17.8,17.1,9,4.51,,,13.7,15.6,14.6,2.1,3.5,2.6,60
SP,"2009-02-27 09:00:00",19.1,20.9,20,57.1,66,60.6,0,11.8,12.7,12.2,.4,.33,.37,1816.3,17.8,20.4,19.1,10.08,5.84,72,ENE,15.4,16.2,15.8,3.4,4.7,4.2,60
SP,"2009-02-27 10:00:00",21,23.6,22.1,48.1,57.6,53.9,.2,11.7,13.7,12.4,.6,.47,.52,2535.4,20.4,23,21.7,10.08,5.73,112,ESE,16.1,17.9,16.8,4.7,6.4,5.3,60
SP,"2009-02-27 11:00:00",23.3,25.6,24.5,42.3,54,46.9,0,11.3,14.2,12.4,.8,.59,.64,3081.1,23,25.4,24.3,9.36,4.9,33,NNE,17,18.9,17.7,5.6,7.8,6.8,60
SP,"2009-02-27 12:00:00",25.3,27.6,26.4,35.8,51.7,41.3,0,10.3,15,12.2,.9,.68,.73,3442.5,25.4,27.3,26.4,9.36,4.83,133,SE,17.4,19.5,18.3,6.2,9.4,8.1,60
SP,"2009-02-27 13:00:00",26.6,28.7,27.5,31.9,48.4,37.4,0,9.5,15.6,11.6,.9,.72,.78,3546.4,27.4,28.4,28,11.88,5.11,259,W,17.2,20.4,18.4,7.1,10.3,9.1,60
SP,"2009-02-27 14:00:00",25.5,27.7,26.3,43.6,56.6,51.7,0,13.3,16.7,15.5,.9,.68,.77,3410.2,28.5,28.8,28.6,15.48,10.29,285,WNW,18.9,20.5,20,5.5,7.8,6.4,60
SP,"2009-02-27 15:00:00",26.6,28.4,27.5,41.4,50.7,44.4,0,13.1,16.3,14.3,.8,.63,.71,3050.8,28.8,29.2,29.1,14.76,7.98,284,WNW,19,20.7,19.7,6.7,8.5,7.8,60
SP,"2009-02-27 16:00:00",26.1,27.8,26.8,43.8,50,46.9,0,13.7,15.6,14.5,.7,.52,.6,2492.5,28.6,29.2,29,14.4,8.74,246,WSW,19,20.3,19.6,6.7,7.9,7.2,60
SP,"2009-02-27 17:00:00",25.8,27.2,26.3,43.6,51.8,47.8,0,13.4,15.6,14.4,.5,.37,.45,1769,27.6,28.6,28.1,14.76,8.12,231,SW,18.8,20.1,19.4,6.3,7.8,7,60
SP,"2009-02-27 18:00:00",24.1,26.1,25.1,49.2,58,53.1,0,14.3,15.4,14.9,.2,.19,.25,950.5,25.9,27.5,26.8,13.32,6.98,262,W,18.9,19.8,19.2,5.1,6.7,5.9,60
SP,"2009-02-27 19:00:00",21.5,24.2,22.7,57.7,65.9,63.5,0,14.8,15.9,15.4,.1,.04,.08,153.5,24.2,25.9,25,9.72,4.87,244,WSW,17.8,19.2,18.6,3.7,5.1,4.2,60
SP,"2009-02-27 20:00:00",20.7,21.5,21,65.6,68.9,67.8,0,14.5,15,14.8,0,.02,.03,1.4,23.1,24.2,23.6,9.36,4.65,283,WNW,17.3,17.8,17.5,3.3,3.7,3.4,60
SP,"2009-02-27 21:00:00",19.6,20.7,20.2,67.9,72.3,69.9,0,14.4,14.6,14.5,0,.01,.03,.6,22.3,23.1,22.7,10.08,4.79,219,SW,16.8,17.3,17.1,2.8,3.4,3.1,60
SP,"2009-02-27 22:00:00",18.9,19.7,19.3,72.3,74.5,73.6,0,14.2,14.7,14.5,0,.01,.02,.5,21.8,22.4,22.1,11.16,4.94,150,SSE,16.4,16.9,16.7,2.5,2.8,2.6,57
SP,"2009-02-27 23:00:00",18.1,18.9,18.5,74.1,77.5,75.8,0,14,14.3,14.2,0,0,.02,0,21.3,21.8,21.5,8.64,3.85,155,SSE,15.9,16.4,16.2,2.1,2.5,2.3,58
SP,"2009-02-28 00:00:00",17.2,18.1,17.7,77.6,81.9,79.8,0,14,14.3,14.1,0,0,.01,.4,20.8,21.3,21,7.2,3.3,210,SSW,15.5,16,15.8,1.6,2.1,1.9,60
SP,"2009-02-28 01:00:00",16.2,17.2,16.5,82,86.3,84.6,0,13.8,14.1,13.9,0,0,0,0,20.3,20.8,20.6,6.12,2.7,127,SE,14.9,15.6,15.2,1.2,1.6,1.4,60
SP,"2009-02-28 02:00:00",15.5,16.3,16,83.3,85.4,84.2,0,12.8,13.8,13.4,0,0,0,.7,19.9,20.3,20.2,6.48,2.69,241,WSW,14.1,15,14.6,1.3,1.5,1.4,60
SP,"2009-02-28 03:00:00",14.6,15.8,15.2,78.1,87.3,85,0,12,13.1,12.7,0,-.01,0,-.1,19.5,19.9,19.7,9.72,2.14,34,NE,13.5,14.3,13.9,1.1,1.9,1.3,60
SP,"2009-02-28 04:00:00",16.3,20.6,19.2,55.2,75.3,60.5,0,11.1,11.9,11.4,0,.02,.04,-.4,19.4,19.5,19.5,11.52,4.55,87,E,14,15.7,15.1,2.2,4.9,4.1,60
SP,"2009-02-28 05:00:00",18.1,19.8,19,59.6,65.3,62.4,0,11.3,11.9,11.7,0,.01,.03,0,19.2,19.4,19.3,8.28,3.45,112,ESE,14.6,15.6,15.2,3.4,4.3,3.9,60
SP,"2009-02-28 06:00:00",19.2,20,19.6,59.8,63.6,61.5,0,11.9,12.1,12,.1,.02,.04,1,19.2,19.3,19.2,10.08,5.74,103,ESE,15.4,15.7,15.6,3.7,4.3,4,60
SP,"2009-02-28 07:00:00",19.2,20,19.6,62.6,64.2,63.2,0,12.1,12.8,12.4,.1,.09,.12,160.6,19.2,19.4,19.3,11.88,6.35,114,ESE,15.5,16.1,15.8,3.7,3.9,3.8,60
SP,"2009-02-28 08:00:00",20,22.2,21,55.6,63.6,59.9,0,12.7,13.4,12.9,.1,.16,.2,680.5,19.4,20.4,19.8,10.44,5.72,94,E,16.1,17.2,16.6,3.8,5.1,4.4,60
SP,"2009-02-28 09:00:00",21.7,24.9,23,48.7,57.6,54.2,0,12.8,13.7,13.2,.3,.31,.36,1466.3,20.4,22.1,21,10.44,6.33,193,SSW,16.9,18.4,17.6,4.8,6.6,5.5,60
SP,"2009-02-28 10:00:00",24.9,27.1,26.1,42.6,49.1,45.8,0,13.1,14.4,13.5,.6,.5,.57,2393.4,22.2,24.7,23.5,12.6,6.91,137,SE,18.2,19.3,18.8,6.5,8,7.3,60
SP,"2009-02-28 11:00:00",26.9,30.2,28.7,35.8,43.8,39.2,0,13,14.3,13.4,.8,.64,.72,2945.8,24.8,27.2,26,12.96,7.18,79,E,19,20.3,19.7,7.9,10.1,9.1,60
SP,"2009-02-28 12:00:00",30,32.4,31,31.5,38.9,34.5,0,12.9,14.6,13.5,.9,.72,.81,3280.2,27.2,29.2,28.3,10.44,6.56,94,E,19.8,20.7,20.4,9.4,11.7,10.6,60
SP,"2009-02-28 13:00:00",32.3,34.3,33,28.1,32.3,30.6,0,12.8,14.3,13.4,.9,.69,.79,2986.9,29.3,30.4,29.9,11.16,6.77,116,ESE,20.5,21.5,20.9,11.6,13.2,12.1,60
SP,"2009-02-28 14:00:00",33.4,36.2,34.7,25.3,30.5,28.1,0,13,14.5,13.5,.9,.72,.82,3155.3,30.4,31.7,31.1,12.96,6,92,E,20.9,22.1,21.3,12.3,14.5,13.3,60
SP,"2009-02-28 15:00:00",35,36.8,35.8,24.7,27.9,26.2,0,12.8,14.3,13.4,.8,.6,.71,2526.5,31.6,32.2,31.9,12.24,6.39,129,SE,21.2,22.2,21.6,13.5,14.9,14.2,60
SP,"2009-02-28 16:00:00",35,37.3,36.3,24,27.6,25.9,0,12.9,14.8,13.6,.6,.44,.52,1921.8,31.1,31.5,31.2,7.2,4.45,74,ENE,21.1,22.5,21.8,13.7,15.4,14.5,60
SP,"2009-02-28 17:00:00",32.4,36.9,33.8,24.9,33.1,29.8,0,12.9,14.2,13.6,.2,.24,.35,599.7,28.9,31.2,30,15.12,7.43,106,ESE,20.8,22.1,21.2,11.4,14.9,12.6,60
SP,"2009-02-28 18:00:00",31.2,32.6,32.1,32.5,36.4,33.6,0,13.7,14.6,14.1,.2,.17,.28,512.1,27.8,28.8,28.3,17.28,7.94,59,ENE,20.7,21.2,21,10.2,11.5,11.1,60
SP,"2009-02-28 19:00:00",27.5,31.2,29.4,36.2,58.5,46,0,14.4,18.6,16.4,.1,.08,.11,72.3,26.5,27.8,27.2,12.6,7.63,84,E,20.8,22.1,21.4,5.5,10.3,8,60
SP,"2009-02-28 20:00:00",26.2,27.5,26.7,58.8,63.9,61.6,0,18.6,18.8,18.7,.1,.05,.07,1.1,25.5,26.5,25.9,15.12,8.08,81,E,21.6,22.1,21.8,4.5,5.4,4.9,60
SP,"2009-02-28 21:00:00",25.9,26.2,26.1,61.7,64.9,63.5,0,18.2,18.9,18.6,.1,.04,.06,.2,24.9,25.5,25.1,17.28,7.49,107,ESE,21.3,21.7,21.5,4.3,4.8,4.5,60
SP,"2009-02-28 22:00:00",25.3,26.2,25.8,61.5,65.1,63.1,0,18.1,18.3,18.2,.1,.04,.06,.5,24.4,24.9,24.6,17.64,7.57,89,E,21,21.4,21.2,4.2,4.8,4.6,60
SP,"2009-02-28 23:00:00",25,25.4,25.2,64.7,66.5,65.7,0,18.2,18.4,18.3,.1,.04,.06,1.1,24.1,24.4,24.2,15.48,8.15,103,ESE,20.9,21.1,21,4,4.3,4.1,60
